structure,vacancy_label,coordination_type,number_of_ga_atoms,ga_atom_numbers,fermi_energy_eV,energy_absolute_eV,energy_minus_fermi_eV,ga_s_pdos,ga_p_pdos,ga_d_pdos
vacancy_O1,O1 vacancy,tetrahedral,2,29;25,5.0342847,-16.6907,-21.7249847,0.0,0.0,0.0
vacancy_O1,O1 vacancy,tetrahedral,2,29;25,5.0342847,-16.6736,-21.7078847,0.0,0.0,0.0
vacancy_O1,O1 vacancy,tetrahedral,2,29;25,5.0342847,-16.6565,-21.690784700000002,0.0,0.0,0.0
vacancy_O1,O1 vacancy,tetrahedral,2,29;25,5.0342847,-16.6394,-21.6736847,0.0,0.0,0.0
vacancy_O1,O1 vacancy,tetrahedral,2,29;25,5.0342847,-16.6223,-21.6565847,0.0,0.0,0.0
vacancy_O1,O1 vacancy,tetrahedral,2,29;25,5.0342847,-16.6052,-21.6394847,0.0,0.0,0.0
vacancy_O1,O1 vacancy,tetrahedral,2,29;25,5.0342847,-16.5881,-21.6223847,0.0,0.0,0.0
vacancy_O1,O1 vacancy,tetrahedral,2,29;25,5.0342847,-16.571,-21.605284700000002,0.0,0.0,0.0
vacancy_O1,O1 vacancy,tetrahedral,2,29;25,5.0342847,-16.5539,-21.5881847,0.0,0.0,0.0
vacancy_O1,O1 vacancy,tetrahedral,2,29;25,5.0342847,-16.5368,-21.5710847,0.0,0.0,0.0
vacancy_O1,O1 vacancy,tetrahedral,2,29;25,5.0342847,-16.5197,-21.5539847,0.0,0.0,0.0
vacancy_O1,O1 vacancy,tetrahedral,2,29;25,5.0342847,-16.5026,-21.5368847,0.0,0.0,0.0
vacancy_O1,O1 vacancy,tetrahedral,2,29;25,5.0342847,-16.4855,-21.5197847,0.0,0.0,0.0
vacancy_O1,O1 vacancy,tetrahedral,2,29;25,5.0342847,-16.4684,-21.5026847,0.0,0.0,0.0
vacancy_O1,O1 vacancy,tetrahedral,2,29;25,5.0342847,-16.4514,-21.4856847,0.0,0.0,0.0
vacancy_O1,O1 vacancy,tetrahedral,2,29;25,5.0342847,-16.4343,-21.4685847,0.0,0.0,0.0
vacancy_O1,O1 vacancy,tetrahedral,2,29;25,5.0342847,-16.4172,-21.4514847,0.0,0.0,0.0
vacancy_O1,O1 vacancy,tetrahedral,2,29;25,5.0342847,-16.4001,-21.4343847,0.0,0.0,0.0
vacancy_O1,O1 vacancy,tetrahedral,2,29;25,5.0342847,-16.383,-21.4172847,0.0,0.0,0.0
vacancy_O1,O1 vacancy,tetrahedral,2,29;25,5.0342847,-16.3659,-21.4001847,0.0,0.0,0.0
vacancy_O1,O1 vacancy,tetrahedral,2,29;25,5.0342847,-16.3488,-21.3830847,0.0,0.0,0.0
vacancy_O1,O1 vacancy,tetrahedral,2,29;25,5.0342847,-16.3317,-21.365984700000002,0.0,0.0,0.0
vacancy_O1,O1 vacancy,tetrahedral,2,29;25,5.0342847,-16.3146,-21.3488847,0.0,0.0,0.0
vacancy_O1,O1 vacancy,tetrahedral,2,29;25,5.0342847,-16.2975,-21.3317847,0.0,0.0,0.0
vacancy_O1,O1 vacancy,tetrahedral,2,29;25,5.0342847,-16.2804,-21.3146847,0.0,0.0,0.0
vacancy_O1,O1 vacancy,tetrahedral,2,29;25,5.0342847,-16.2633,-21.2975847,0.0,0.0,0.0
vacancy_O1,O1 vacancy,tetrahedral,2,29;25,5.0342847,-16.2462,-21.280484700000002,0.0,0.0,0.0
vacancy_O1,O1 vacancy,tetrahedral,2,29;25,5.0342847,-16.2291,-21.2633847,0.0,0.0,0.0
vacancy_O1,O1 vacancy,tetrahedral,2,29;25,5.0342847,-16.2121,-21.2463847,0.0,0.0,0.0
vacancy_O1,O1 vacancy,tetrahedral,2,29;25,5.0342847,-16.195,-21.2292847,0.0,0.0,0.0
vacancy_O1,O1 vacancy,tetrahedral,2,29;25,5.0342847,-16.1779,-21.2121847,0.0,0.0,0.0
vacancy_O1,O1 vacancy,tetrahedral,2,29;25,5.0342847,-16.1608,-21.1950847,0.0,0.0,0.0
vacancy_O1,O1 vacancy,tetrahedral,2,29;25,5.0342847,-16.1437,-21.1779847,0.0,0.0,0.0
vacancy_O1,O1 vacancy,tetrahedral,2,29;25,5.0342847,-16.1266,-21.1608847,0.0,0.0,0.0
vacancy_O1,O1 vacancy,tetrahedral,2,29;25,5.0342847,-16.1095,-21.1437847,0.0,0.0,0.0
vacancy_O1,O1 vacancy,tetrahedral,2,29;25,5.0342847,-16.0924,-21.126684700000002,0.0,0.0,0.0
vacancy_O1,O1 vacancy,tetrahedral,2,29;25,5.0342847,-16.0753,-21.1095847,0.0,0.0,0.0
vacancy_O1,O1 vacancy,tetrahedral,2,29;25,5.0342847,-16.0582,-21.0924847,0.0,0.0,0.0
vacancy_O1,O1 vacancy,tetrahedral,2,29;25,5.0342847,-16.0411,-21.0753847,0.0,0.0,0.0
vacancy_O1,O1 vacancy,tetrahedral,2,29;25,5.0342847,-16.024,-21.0582847,0.0,0.0,0.0
vacancy_O1,O1 vacancy,tetrahedral,2,29;25,5.0342847,-16.0069,-21.041184700000002,0.0,0.0,0.0
vacancy_O1,O1 vacancy,tetrahedral,2,29;25,5.0342847,-15.9898,-21.0240847,0.0,0.0,0.0
vacancy_O1,O1 vacancy,tetrahedral,2,29;25,5.0342847,-15.9728,-21.0070847,0.0,0.0,0.0
vacancy_O1,O1 vacancy,tetrahedral,2,29;25,5.0342847,-15.9557,-20.9899847,0.0,0.0,0.0
vacancy_O1,O1 vacancy,tetrahedral,2,29;25,5.0342847,-15.9386,-20.972884699999998,0.0,0.0,0.0
vacancy_O1,O1 vacancy,tetrahedral,2,29;25,5.0342847,-15.9215,-20.9557847,0.0,0.0,0.0
vacancy_O1,O1 vacancy,tetrahedral,2,29;25,5.0342847,-15.9044,-20.9386847,0.0,0.0,0.0
vacancy_O1,O1 vacancy,tetrahedral,2,29;25,5.0342847,-15.8873,-20.9215847,0.0,0.0,0.0
vacancy_O1,O1 vacancy,tetrahedral,2,29;25,5.0342847,-15.8702,-20.9044847,0.0,0.0,0.0
vacancy_O1,O1 vacancy,tetrahedral,2,29;25,5.0342847,-15.8531,-20.8873847,0.0,0.0,0.0
vacancy_O1,O1 vacancy,tetrahedral,2,29;25,5.0342847,-15.836,-20.8702847,0.0,0.0,0.0
vacancy_O1,O1 vacancy,tetrahedral,2,29;25,5.0342847,-15.8189,-20.8531847,0.0,0.0,0.0
vacancy_O1,O1 vacancy,tetrahedral,2,29;25,5.0342847,-15.8018,-20.8360847,0.0,0.0,0.0
vacancy_O1,O1 vacancy,tetrahedral,2,29;25,5.0342847,-15.7847,-20.8189847,0.0,0.0,0.0
vacancy_O1,O1 vacancy,tetrahedral,2,29;25,5.0342847,-15.7676,-20.8018847,0.0,0.0,0.0
vacancy_O1,O1 vacancy,tetrahedral,2,29;25,5.0342847,-15.7505,-20.7847847,0.0,0.0,0.0
vacancy_O1,O1 vacancy,tetrahedral,2,29;25,5.0342847,-15.7335,-20.7677847,0.0,0.0,0.0
vacancy_O1,O1 vacancy,tetrahedral,2,29;25,5.0342847,-15.7164,-20.7506847,0.0,0.0,0.0
vacancy_O1,O1 vacancy,tetrahedral,2,29;25,5.0342847,-15.6993,-20.733584699999998,0.0,0.0,0.0
vacancy_O1,O1 vacancy,tetrahedral,2,29;25,5.0342847,-15.6822,-20.7164847,0.0,0.0,0.0
vacancy_O1,O1 vacancy,tetrahedral,2,29;25,5.0342847,-15.6651,-20.6993847,0.0,0.0,0.0
vacancy_O1,O1 vacancy,tetrahedral,2,29;25,5.0342847,-15.648,-20.6822847,0.0,0.0,0.0
vacancy_O1,O1 vacancy,tetrahedral,2,29;25,5.0342847,-15.6309,-20.6651847,0.0,0.0,0.0
vacancy_O1,O1 vacancy,tetrahedral,2,29;25,5.0342847,-15.6138,-20.6480847,0.0,0.0,0.0
vacancy_O1,O1 vacancy,tetrahedral,2,29;25,5.0342847,-15.5967,-20.6309847,0.0,0.0,0.0
vacancy_O1,O1 vacancy,tetrahedral,2,29;25,5.0342847,-15.5796,-20.6138847,0.0,0.0,0.0
vacancy_O1,O1 vacancy,tetrahedral,2,29;25,5.0342847,-15.5625,-20.5967847,0.0,0.0,0.0
vacancy_O1,O1 vacancy,tetrahedral,2,29;25,5.0342847,-15.5454,-20.5796847,0.0,0.0,0.0
vacancy_O1,O1 vacancy,tetrahedral,2,29;25,5.0342847,-15.5283,-20.5625847,0.0,0.0,0.0
vacancy_O1,O1 vacancy,tetrahedral,2,29;25,5.0342847,-15.5112,-20.5454847,0.0,0.0,0.0
vacancy_O1,O1 vacancy,tetrahedral,2,29;25,5.0342847,-15.4942,-20.5284847,0.0,0.0,0.0
vacancy_O1,O1 vacancy,tetrahedral,2,29;25,5.0342847,-15.4771,-20.5113847,0.0,0.0,0.0
vacancy_O1,O1 vacancy,tetrahedral,2,29;25,5.0342847,-15.46,-20.4942847,0.0,0.0,0.0
vacancy_O1,O1 vacancy,tetrahedral,2,29;25,5.0342847,-15.4429,-20.4771847,0.0,0.0,0.0
vacancy_O1,O1 vacancy,tetrahedral,2,29;25,5.0342847,-15.4258,-20.4600847,0.0,0.0,0.0
vacancy_O1,O1 vacancy,tetrahedral,2,29;25,5.0342847,-15.4087,-20.4429847,0.0,0.0,0.0
vacancy_O1,O1 vacancy,tetrahedral,2,29;25,5.0342847,-15.3916,-20.4258847,0.0,0.0,0.0
vacancy_O1,O1 vacancy,tetrahedral,2,29;25,5.0342847,-15.3745,-20.4087847,0.0,0.0,0.0
vacancy_O1,O1 vacancy,tetrahedral,2,29;25,5.0342847,-15.3574,-20.3916847,0.0,0.0,0.0
vacancy_O1,O1 vacancy,tetrahedral,2,29;25,5.0342847,-15.3403,-20.3745847,0.0,0.0,0.0
vacancy_O1,O1 vacancy,tetrahedral,2,29;25,5.0342847,-15.3232,-20.3574847,0.0,0.0,0.0
vacancy_O1,O1 vacancy,tetrahedral,2,29;25,5.0342847,-15.3061,-20.3403847,0.0,0.0,0.0
vacancy_O1,O1 vacancy,tetrahedral,2,29;25,5.0342847,-15.289,-20.3232847,0.0,0.0,0.0
vacancy_O1,O1 vacancy,tetrahedral,2,29;25,5.0342847,-15.2719,-20.3061847,0.0,0.0,0.0
vacancy_O1,O1 vacancy,tetrahedral,2,29;25,5.0342847,-15.2549,-20.2891847,0.0001,0.0,0.0
vacancy_O1,O1 vacancy,tetrahedral,2,29;25,5.0342847,-15.2378,-20.2720847,0.0001,0.0,0.0
vacancy_O1,O1 vacancy,tetrahedral,2,29;25,5.0342847,-15.2207,-20.2549847,0.0002,0.0,0.0
vacancy_O1,O1 vacancy,tetrahedral,2,29;25,5.0342847,-15.2036,-20.2378847,0.0003,0.0,0.0
vacancy_O1,O1 vacancy,tetrahedral,2,29;25,5.0342847,-15.1865,-20.2207847,0.0004,0.0,0.0
vacancy_O1,O1 vacancy,tetrahedral,2,29;25,5.0342847,-15.1694,-20.2036847,0.0006,0.0,0.0
vacancy_O1,O1 vacancy,tetrahedral,2,29;25,5.0342847,-15.1523,-20.1865847,0.0008,0.0001,0.0
vacancy_O1,O1 vacancy,tetrahedral,2,29;25,5.0342847,-15.1352,-20.169484699999998,0.0011,0.0001,0.00030000000000000003
vacancy_O1,O1 vacancy,tetrahedral,2,29;25,5.0342847,-15.1181,-20.1523847,0.0014,0.00030000000000000003,0.00030000000000000003
vacancy_O1,O1 vacancy,tetrahedral,2,29;25,5.0342847,-15.101,-20.1352847,0.0016,0.00030000000000000003,0.00030000000000000003
vacancy_O1,O1 vacancy,tetrahedral,2,29;25,5.0342847,-15.0839,-20.1181847,0.0018,0.0004,0.00035000000000000005
vacancy_O1,O1 vacancy,tetrahedral,2,29;25,5.0342847,-15.0668,-20.1010847,0.002,0.0004,0.0004
vacancy_O1,O1 vacancy,tetrahedral,2,29;25,5.0342847,-15.0497,-20.0839847,0.0022,0.0004,0.00065
vacancy_O1,O1 vacancy,tetrahedral,2,29;25,5.0342847,-15.0327,-20.0669847,0.0024,0.0005,0.00075
vacancy_O1,O1 vacancy,tetrahedral,2,29;25,5.0342847,-15.0156,-20.0498847,0.0025,0.00055,0.0008500000000000001
vacancy_O1,O1 vacancy,tetrahedral,2,29;25,5.0342847,-14.9985,-20.0327847,0.0027,0.00065,0.00095
vacancy_O1,O1 vacancy,tetrahedral,2,29;25,5.0342847,-14.9814,-20.0156847,0.0029,0.00075,0.0011
vacancy_O1,O1 vacancy,tetrahedral,2,29;25,5.0342847,-14.9643,-19.9985847,0.0031,0.0009,0.00125
vacancy_O1,O1 vacancy,tetrahedral,2,29;25,5.0342847,-14.9472,-19.9814847,0.0035,0.001,0.0015
vacancy_O1,O1 vacancy,tetrahedral,2,29;25,5.0342847,-14.9301,-19.9643847,0.0039,0.00115,0.00175
vacancy_O1,O1 vacancy,tetrahedral,2,29;25,5.0342847,-14.913,-19.9472847,0.0043,0.0013,0.002
vacancy_O1,O1 vacancy,tetrahedral,2,29;25,5.0342847,-14.8959,-19.930184699999998,0.0047,0.00145,0.0024000000000000002
vacancy_O1,O1 vacancy,tetrahedral,2,29;25,5.0342847,-14.8788,-19.9130847,0.0052,0.00165,0.0027
vacancy_O1,O1 vacancy,tetrahedral,2,29;25,5.0342847,-14.8617,-19.8959847,0.0056,0.0019,0.0031
vacancy_O1,O1 vacancy,tetrahedral,2,29;25,5.0342847,-14.8446,-19.8788847,0.006,0.00215,0.00365
vacancy_O1,O1 vacancy,tetrahedral,2,29;25,5.0342847,-14.8275,-19.8617847,0.0064,0.00245,0.00425
vacancy_O1,O1 vacancy,tetrahedral,2,29;25,5.0342847,-14.8104,-19.8446847,0.0069,0.0027999999999999995,0.00485
vacancy_O1,O1 vacancy,tetrahedral,2,29;25,5.0342847,-14.7934,-19.8276847,0.0073,0.00315,0.00565
vacancy_O1,O1 vacancy,tetrahedral,2,29;25,5.0342847,-14.7763,-19.8105847,0.0077,0.0036,0.0063
vacancy_O1,O1 vacancy,tetrahedral,2,29;25,5.0342847,-14.7592,-19.7934847,0.0081,0.00405,0.00715
vacancy_O1,O1 vacancy,tetrahedral,2,29;25,5.0342847,-14.7421,-19.7763847,0.0084,0.0044,0.00795
vacancy_O1,O1 vacancy,tetrahedral,2,29;25,5.0342847,-14.725,-19.7592847,0.0087,0.00485,0.00865
vacancy_O1,O1 vacancy,tetrahedral,2,29;25,5.0342847,-14.7079,-19.7421847,0.0088,0.0050999999999999995,0.0091
vacancy_O1,O1 vacancy,tetrahedral,2,29;25,5.0342847,-14.6908,-19.7250847,0.00875,0.005200000000000001,0.0094
vacancy_O1,O1 vacancy,tetrahedral,2,29;25,5.0342847,-14.6737,-19.7079847,0.0086,0.0053,0.00945
vacancy_O1,O1 vacancy,tetrahedral,2,29;25,5.0342847,-14.6566,-19.690884699999998,0.0084,0.0053,0.00945
vacancy_O1,O1 vacancy,tetrahedral,2,29;25,5.0342847,-14.6395,-19.6737847,0.0081,0.005200000000000001,0.0093
vacancy_O1,O1 vacancy,tetrahedral,2,29;25,5.0342847,-14.6224,-19.6566847,0.0079,0.0051,0.00905
vacancy_O1,O1 vacancy,tetrahedral,2,29;25,5.0342847,-14.6053,-19.6395847,0.0077,0.0049,0.00885
vacancy_O1,O1 vacancy,tetrahedral,2,29;25,5.0342847,-14.5882,-19.6224847,0.0075,0.004750000000000001,0.00855
vacancy_O1,O1 vacancy,tetrahedral,2,29;25,5.0342847,-14.5711,-19.6053847,0.0074,0.00455,0.00825
vacancy_O1,O1 vacancy,tetrahedral,2,29;25,5.0342847,-14.5541,-19.5883847,0.0074,0.004399999999999999,0.0081
vacancy_O1,O1 vacancy,tetrahedral,2,29;25,5.0342847,-14.537,-19.5712847,0.0074,0.004200000000000001,0.0079
vacancy_O1,O1 vacancy,tetrahedral,2,29;25,5.0342847,-14.5199,-19.5541847,0.0075,0.00415,0.0078
vacancy_O1,O1 vacancy,tetrahedral,2,29;25,5.0342847,-14.5028,-19.5370847,0.0076500000000000005,0.0041,0.00765
vacancy_O1,O1 vacancy,tetrahedral,2,29;25,5.0342847,-14.4857,-19.5199847,0.00785,0.0041,0.0077
vacancy_O1,O1 vacancy,tetrahedral,2,29;25,5.0342847,-14.4686,-19.5028847,0.0081,0.004200000000000001,0.007850000000000001
vacancy_O1,O1 vacancy,tetrahedral,2,29;25,5.0342847,-14.4515,-19.4857847,0.00835,0.00435,0.0081
vacancy_O1,O1 vacancy,tetrahedral,2,29;25,5.0342847,-14.4344,-19.4686847,0.0086,0.00455,0.0084
vacancy_O1,O1 vacancy,tetrahedral,2,29;25,5.0342847,-14.4173,-19.451584699999998,0.0087,0.0047,0.008799999999999999
vacancy_O1,O1 vacancy,tetrahedral,2,29;25,5.0342847,-14.4002,-19.4344847,0.0088,0.0049,0.00905
vacancy_O1,O1 vacancy,tetrahedral,2,29;25,5.0342847,-14.3831,-19.4173847,0.0088,0.005049999999999999,0.0094
vacancy_O1,O1 vacancy,tetrahedral,2,29;25,5.0342847,-14.366,-19.4002847,0.0087,0.00515,0.00955
vacancy_O1,O1 vacancy,tetrahedral,2,29;25,5.0342847,-14.3489,-19.3831847,0.0086,0.0050999999999999995,0.00955
vacancy_O1,O1 vacancy,tetrahedral,2,29;25,5.0342847,-14.3318,-19.3660847,0.0085,0.0050999999999999995,0.009550000000000001
vacancy_O1,O1 vacancy,tetrahedral,2,29;25,5.0342847,-14.3148,-19.3490847,0.0084,0.004999999999999999,0.00955
vacancy_O1,O1 vacancy,tetrahedral,2,29;25,5.0342847,-14.2977,-19.3319847,0.0083,0.004999999999999999,0.009600000000000001
vacancy_O1,O1 vacancy,tetrahedral,2,29;25,5.0342847,-14.2806,-19.3148847,0.0083,0.0049499999999999995,0.0097
vacancy_O1,O1 vacancy,tetrahedral,2,29;25,5.0342847,-14.2635,-19.2977847,0.0083,0.004999999999999999,0.00995
vacancy_O1,O1 vacancy,tetrahedral,2,29;25,5.0342847,-14.2464,-19.2806847,0.0084,0.0050999999999999995,0.010499999999999999
vacancy_O1,O1 vacancy,tetrahedral,2,29;25,5.0342847,-14.2293,-19.2635847,0.0085,0.0052,0.01095
vacancy_O1,O1 vacancy,tetrahedral,2,29;25,5.0342847,-14.2122,-19.2464847,0.0086,0.00535,0.0115
vacancy_O1,O1 vacancy,tetrahedral,2,29;25,5.0342847,-14.1951,-19.2293847,0.0087,0.005549999999999999,0.012
vacancy_O1,O1 vacancy,tetrahedral,2,29;25,5.0342847,-14.178,-19.2122847,0.0088,0.0057,0.0125
vacancy_O1,O1 vacancy,tetrahedral,2,29;25,5.0342847,-14.1609,-19.1951847,0.0089,0.0058000000000000005,0.012849999999999999
vacancy_O1,O1 vacancy,tetrahedral,2,29;25,5.0342847,-14.1438,-19.1780847,0.009,0.0058000000000000005,0.0132
vacancy_O1,O1 vacancy,tetrahedral,2,29;25,5.0342847,-14.1267,-19.1609847,0.009049999999999999,0.005849999999999999,0.013399999999999999
vacancy_O1,O1 vacancy,tetrahedral,2,29;25,5.0342847,-14.1096,-19.1438847,0.0091,0.0058,0.01345
vacancy_O1,O1 vacancy,tetrahedral,2,29;25,5.0342847,-14.0925,-19.126784699999998,0.00915,0.0058,0.013649999999999999
vacancy_O1,O1 vacancy,tetrahedral,2,29;25,5.0342847,-14.0755,-19.1097847,0.0092,0.0058,0.0139
vacancy_O1,O1 vacancy,tetrahedral,2,29;25,5.0342847,-14.0584,-19.0926847,0.00925,0.0057,0.01415
vacancy_O1,O1 vacancy,tetrahedral,2,29;25,5.0342847,-14.0413,-19.0755847,0.0093,0.005849999999999999,0.0144
vacancy_O1,O1 vacancy,tetrahedral,2,29;25,5.0342847,-14.0242,-19.0584847,0.0093,0.0059,0.0148
vacancy_O1,O1 vacancy,tetrahedral,2,29;25,5.0342847,-14.0071,-19.0413847,0.0093,0.006,0.015
vacancy_O1,O1 vacancy,tetrahedral,2,29;25,5.0342847,-13.99,-19.0242847,0.00925,0.0060999999999999995,0.015499999999999998
vacancy_O1,O1 vacancy,tetrahedral,2,29;25,5.0342847,-13.9729,-19.0071847,0.0092,0.0060999999999999995,0.01575
vacancy_O1,O1 vacancy,tetrahedral,2,29;25,5.0342847,-13.9558,-18.9900847,0.0092,0.0062,0.01595
vacancy_O1,O1 vacancy,tetrahedral,2,29;25,5.0342847,-13.9387,-18.9729847,0.00915,0.0062,0.016149999999999998
vacancy_O1,O1 vacancy,tetrahedral,2,29;25,5.0342847,-13.9216,-18.9558847,0.0092,0.0062,0.0163
vacancy_O1,O1 vacancy,tetrahedral,2,29;25,5.0342847,-13.9045,-18.9387847,0.0092,0.00625,0.016550000000000002
vacancy_O1,O1 vacancy,tetrahedral,2,29;25,5.0342847,-13.8874,-18.9216847,0.0093,0.0062,0.0167
vacancy_O1,O1 vacancy,tetrahedral,2,29;25,5.0342847,-13.8703,-18.9045847,0.0094,0.0062,0.01695
vacancy_O1,O1 vacancy,tetrahedral,2,29;25,5.0342847,-13.8532,-18.887484699999998,0.00955,0.00625,0.0172
vacancy_O1,O1 vacancy,tetrahedral,2,29;25,5.0342847,-13.8362,-18.8704847,0.00975,0.0063999999999999994,0.01755
vacancy_O1,O1 vacancy,tetrahedral,2,29;25,5.0342847,-13.8191,-18.8533847,0.01,0.006500000000000001,0.0179
vacancy_O1,O1 vacancy,tetrahedral,2,29;25,5.0342847,-13.802,-18.8362847,0.01035,0.006500000000000001,0.0182
vacancy_O1,O1 vacancy,tetrahedral,2,29;25,5.0342847,-13.7849,-18.8191847,0.0108,0.0066,0.018750000000000003
vacancy_O1,O1 vacancy,tetrahedral,2,29;25,5.0342847,-13.7678,-18.802084699999998,0.01145,0.006799999999999999,0.0195
vacancy_O1,O1 vacancy,tetrahedral,2,29;25,5.0342847,-13.7507,-18.7849847,0.01235,0.0072,0.0203
vacancy_O1,O1 vacancy,tetrahedral,2,29;25,5.0342847,-13.7336,-18.7678847,0.0136,0.007549999999999999,0.0214
vacancy_O1,O1 vacancy,tetrahedral,2,29;25,5.0342847,-13.7165,-18.7507847,0.015349999999999999,0.008199999999999999,0.022699999999999998
vacancy_O1,O1 vacancy,tetrahedral,2,29;25,5.0342847,-13.6994,-18.7336847,0.01765,0.00885,0.024349999999999997
vacancy_O1,O1 vacancy,tetrahedral,2,29;25,5.0342847,-13.6823,-18.7165847,0.020749999999999998,0.00975,0.0264
vacancy_O1,O1 vacancy,tetrahedral,2,29;25,5.0342847,-13.6652,-18.6994847,0.0247,0.0109,0.0291
vacancy_O1,O1 vacancy,tetrahedral,2,29;25,5.0342847,-13.6481,-18.6823847,0.02975,0.0124,0.03245
vacancy_O1,O1 vacancy,tetrahedral,2,29;25,5.0342847,-13.631,-18.6652847,0.036000000000000004,0.0143,0.03715
vacancy_O1,O1 vacancy,tetrahedral,2,29;25,5.0342847,-13.6139,-18.648184699999998,0.04375,0.016800000000000002,0.0434
vacancy_O1,O1 vacancy,tetrahedral,2,29;25,5.0342847,-13.5969,-18.6311847,0.05315,0.02,0.05145
vacancy_O1,O1 vacancy,tetrahedral,2,29;25,5.0342847,-13.5798,-18.6140847,0.06434999999999999,0.023849999999999996,0.0619
vacancy_O1,O1 vacancy,tetrahedral,2,29;25,5.0342847,-13.5627,-18.5969847,0.07725,0.0286,0.07435
vacancy_O1,O1 vacancy,tetrahedral,2,29;25,5.0342847,-13.5456,-18.5798847,0.09140000000000001,0.0338,0.0887
vacancy_O1,O1 vacancy,tetrahedral,2,29;25,5.0342847,-13.5285,-18.562784699999998,0.10585,0.0393,0.10389999999999999
vacancy_O1,O1 vacancy,tetrahedral,2,29;25,5.0342847,-13.5114,-18.5456847,0.1195,0.044700000000000004,0.11875
vacancy_O1,O1 vacancy,tetrahedral,2,29;25,5.0342847,-13.4943,-18.5285847,0.13069999999999998,0.0493,0.13169999999999998
vacancy_O1,O1 vacancy,tetrahedral,2,29;25,5.0342847,-13.4772,-18.5114847,0.13824999999999998,0.052700000000000004,0.14129999999999998
vacancy_O1,O1 vacancy,tetrahedral,2,29;25,5.0342847,-13.4601,-18.4943847,0.14115,0.05449999999999999,0.1466
vacancy_O1,O1 vacancy,tetrahedral,2,29;25,5.0342847,-13.443,-18.4772847,0.13924999999999998,0.0548,0.14755
vacancy_O1,O1 vacancy,tetrahedral,2,29;25,5.0342847,-13.4259,-18.4601847,0.13335000000000002,0.0537,0.14485
vacancy_O1,O1 vacancy,tetrahedral,2,29;25,5.0342847,-13.4088,-18.4430847,0.12485,0.05185,0.14015
vacancy_O1,O1 vacancy,tetrahedral,2,29;25,5.0342847,-13.3917,-18.4259847,0.11555,0.05,0.13555
vacancy_O1,O1 vacancy,tetrahedral,2,29;25,5.0342847,-13.3746,-18.408884699999998,0.1073,0.04875,0.13319999999999999
vacancy_O1,O1 vacancy,tetrahedral,2,29;25,5.0342847,-13.3576,-18.3918847,0.10120000000000001,0.048799999999999996,0.13484999999999997
vacancy_O1,O1 vacancy,tetrahedral,2,29;25,5.0342847,-13.3405,-18.3747847,0.09765,0.05045,0.1416
vacancy_O1,O1 vacancy,tetrahedral,2,29;25,5.0342847,-13.3234,-18.3576847,0.09635,0.0538,0.15415
vacancy_O1,O1 vacancy,tetrahedral,2,29;25,5.0342847,-13.3063,-18.3405847,0.0964,0.0588,0.17235
vacancy_O1,O1 vacancy,tetrahedral,2,29;25,5.0342847,-13.2892,-18.323484699999998,0.09659999999999999,0.0654,0.1967
vacancy_O1,O1 vacancy,tetrahedral,2,29;25,5.0342847,-13.2721,-18.3063847,0.09595,0.0736,0.22725
vacancy_O1,O1 vacancy,tetrahedral,2,29;25,5.0342847,-13.255,-18.2892847,0.09390000000000001,0.08325,0.2641
vacancy_O1,O1 vacancy,tetrahedral,2,29;25,5.0342847,-13.2379,-18.2721847,0.09040000000000001,0.0945,0.3077
vacancy_O1,O1 vacancy,tetrahedral,2,29;25,5.0342847,-13.2208,-18.2550847,0.08585000000000001,0.10700000000000001,0.35785
vacancy_O1,O1 vacancy,tetrahedral,2,29;25,5.0342847,-13.2037,-18.2379847,0.0807,0.12025,0.4131
vacancy_O1,O1 vacancy,tetrahedral,2,29;25,5.0342847,-13.1866,-18.2208847,0.0754,0.13365,0.47065
vacancy_O1,O1 vacancy,tetrahedral,2,29;25,5.0342847,-13.1695,-18.2037847,0.07015,0.14579999999999999,0.5262
vacancy_O1,O1 vacancy,tetrahedral,2,29;25,5.0342847,-13.1524,-18.1866847,0.0648,0.1552,0.57435
vacancy_O1,O1 vacancy,tetrahedral,2,29;25,5.0342847,-13.1354,-18.1696847,0.05925,0.16065000000000002,0.6091500000000001
vacancy_O1,O1 vacancy,tetrahedral,2,29;25,5.0342847,-13.1183,-18.1525847,0.05305,0.16110000000000002,0.62495
vacancy_O1,O1 vacancy,tetrahedral,2,29;25,5.0342847,-13.1012,-18.1354847,0.0463,0.15589999999999998,0.6182500000000001
vacancy_O1,O1 vacancy,tetrahedral,2,29;25,5.0342847,-13.0841,-18.1183847,0.03905,0.1452,0.5882499999999999
vacancy_O1,O1 vacancy,tetrahedral,2,29;25,5.0342847,-13.067,-18.1012847,0.0316,0.13005,0.5364
vacancy_O1,O1 vacancy,tetrahedral,2,29;25,5.0342847,-13.0499,-18.084184699999998,0.0245,0.11145,0.4679
vacancy_O1,O1 vacancy,tetrahedral,2,29;25,5.0342847,-13.0328,-18.0670847,0.01815,0.09145,0.38955
vacancy_O1,O1 vacancy,tetrahedral,2,29;25,5.0342847,-13.0157,-18.0499847,0.012799999999999999,0.07155,0.309
vacancy_O1,O1 vacancy,tetrahedral,2,29;25,5.0342847,-12.9986,-18.0328847,0.00855,0.0533,0.2332
vacancy_O1,O1 vacancy,tetrahedral,2,29;25,5.0342847,-12.9815,-18.0157847,0.00545,0.037849999999999995,0.16704999999999998
vacancy_O1,O1 vacancy,tetrahedral,2,29;25,5.0342847,-12.9644,-17.9986847,0.0032500000000000003,0.025550000000000003,0.1137
vacancy_O1,O1 vacancy,tetrahedral,2,29;25,5.0342847,-12.9473,-17.9815847,0.0019,0.0163,0.0733
vacancy_O1,O1 vacancy,tetrahedral,2,29;25,5.0342847,-12.9302,-17.9644847,0.001,0.009899999999999999,0.0448
vacancy_O1,O1 vacancy,tetrahedral,2,29;25,5.0342847,-12.9131,-17.9473847,0.0005,0.00575,0.02595
vacancy_O1,O1 vacancy,tetrahedral,2,29;25,5.0342847,-12.8961,-17.9303847,0.0003,0.0031000000000000003,0.01415
vacancy_O1,O1 vacancy,tetrahedral,2,29;25,5.0342847,-12.879,-17.9132847,0.0001,0.0015999999999999999,0.0072499999999999995
vacancy_O1,O1 vacancy,tetrahedral,2,29;25,5.0342847,-12.8619,-17.8961847,0.0001,0.0006999999999999999,0.00365
vacancy_O1,O1 vacancy,tetrahedral,2,29;25,5.0342847,-12.8448,-17.8790847,0.0,0.0004,0.0015999999999999999
vacancy_O1,O1 vacancy,tetrahedral,2,29;25,5.0342847,-12.8277,-17.8619847,0.0,0.0002,0.00065
vacancy_O1,O1 vacancy,tetrahedral,2,29;25,5.0342847,-12.8106,-17.8448847,0.0,0.0,0.00030000000000000003
vacancy_O1,O1 vacancy,tetrahedral,2,29;25,5.0342847,-12.7935,-17.8277847,0.0,0.0,0.0001
vacancy_O1,O1 vacancy,tetrahedral,2,29;25,5.0342847,-12.7764,-17.8106847,0.0,0.0,0.0
vacancy_O1,O1 vacancy,tetrahedral,2,29;25,5.0342847,-12.7593,-17.7935847,0.0,0.0,0.0
vacancy_O1,O1 vacancy,tetrahedral,2,29;25,5.0342847,-12.7422,-17.7764847,0.0,0.0,0.0
vacancy_O1,O1 vacancy,tetrahedral,2,29;25,5.0342847,-12.7251,-17.7593847,0.0,0.0,0.0
vacancy_O1,O1 vacancy,tetrahedral,2,29;25,5.0342847,-12.708,-17.7422847,0.0,0.0,0.0
vacancy_O1,O1 vacancy,tetrahedral,2,29;25,5.0342847,-12.6909,-17.7251847,0.0,0.0,0.0
vacancy_O1,O1 vacancy,tetrahedral,2,29;25,5.0342847,-12.6738,-17.7080847,0.0,0.0,0.0
vacancy_O1,O1 vacancy,tetrahedral,2,29;25,5.0342847,-12.6568,-17.6910847,0.0,0.0,0.0
vacancy_O1,O1 vacancy,tetrahedral,2,29;25,5.0342847,-12.6397,-17.6739847,0.0,0.0,0.0
vacancy_O1,O1 vacancy,tetrahedral,2,29;25,5.0342847,-12.6226,-17.6568847,0.0,0.0,0.0
vacancy_O1,O1 vacancy,tetrahedral,2,29;25,5.0342847,-12.6055,-17.6397847,0.0,0.0,0.0
vacancy_O1,O1 vacancy,tetrahedral,2,29;25,5.0342847,-12.5884,-17.6226847,0.0,0.0,0.0
vacancy_O1,O1 vacancy,tetrahedral,2,29;25,5.0342847,-12.5713,-17.6055847,0.0,0.0,0.0
vacancy_O1,O1 vacancy,tetrahedral,2,29;25,5.0342847,-12.5542,-17.5884847,0.0,0.0,0.0
vacancy_O1,O1 vacancy,tetrahedral,2,29;25,5.0342847,-12.5371,-17.5713847,0.0,0.0,0.0
vacancy_O1,O1 vacancy,tetrahedral,2,29;25,5.0342847,-12.52,-17.5542847,0.0,0.0,0.0
vacancy_O1,O1 vacancy,tetrahedral,2,29;25,5.0342847,-12.5029,-17.5371847,0.0,0.0,0.0
vacancy_O1,O1 vacancy,tetrahedral,2,29;25,5.0342847,-12.4858,-17.520084699999998,0.0,0.0,0.0
vacancy_O1,O1 vacancy,tetrahedral,2,29;25,5.0342847,-12.4687,-17.5029847,0.0,0.0,0.0
vacancy_O1,O1 vacancy,tetrahedral,2,29;25,5.0342847,-12.4516,-17.4858847,0.0,0.0,0.0
vacancy_O1,O1 vacancy,tetrahedral,2,29;25,5.0342847,-12.4345,-17.4687847,0.0,0.0,0.0
vacancy_O1,O1 vacancy,tetrahedral,2,29;25,5.0342847,-12.4175,-17.4517847,0.0,0.0,0.0
vacancy_O1,O1 vacancy,tetrahedral,2,29;25,5.0342847,-12.4004,-17.4346847,0.0,0.0,0.0
vacancy_O1,O1 vacancy,tetrahedral,2,29;25,5.0342847,-12.3833,-17.4175847,0.0,0.0,0.0
vacancy_O1,O1 vacancy,tetrahedral,2,29;25,5.0342847,-12.3662,-17.4004847,0.0,0.0,0.0
vacancy_O1,O1 vacancy,tetrahedral,2,29;25,5.0342847,-12.3491,-17.3833847,0.0,0.0,0.0
vacancy_O1,O1 vacancy,tetrahedral,2,29;25,5.0342847,-12.332,-17.3662847,0.0,0.0,0.0
vacancy_O1,O1 vacancy,tetrahedral,2,29;25,5.0342847,-12.3149,-17.3491847,0.0,0.0,0.0
vacancy_O1,O1 vacancy,tetrahedral,2,29;25,5.0342847,-12.2978,-17.3320847,0.0,0.0,0.0
vacancy_O1,O1 vacancy,tetrahedral,2,29;25,5.0342847,-12.2807,-17.3149847,0.0,0.0,0.0
vacancy_O1,O1 vacancy,tetrahedral,2,29;25,5.0342847,-12.2636,-17.2978847,0.0,0.0,0.0
vacancy_O1,O1 vacancy,tetrahedral,2,29;25,5.0342847,-12.2465,-17.280784699999998,0.0,0.0,0.0
vacancy_O1,O1 vacancy,tetrahedral,2,29;25,5.0342847,-12.2294,-17.2636847,0.0,0.0,0.0
vacancy_O1,O1 vacancy,tetrahedral,2,29;25,5.0342847,-12.2123,-17.2465847,0.0,0.0,0.0
vacancy_O1,O1 vacancy,tetrahedral,2,29;25,5.0342847,-12.1952,-17.2294847,0.0,0.0,0.0
vacancy_O1,O1 vacancy,tetrahedral,2,29;25,5.0342847,-12.1782,-17.2124847,0.0,0.0,0.0
vacancy_O1,O1 vacancy,tetrahedral,2,29;25,5.0342847,-12.1611,-17.195384699999998,0.0,0.0,0.0
vacancy_O1,O1 vacancy,tetrahedral,2,29;25,5.0342847,-12.144,-17.1782847,0.0,0.0,0.0
vacancy_O1,O1 vacancy,tetrahedral,2,29;25,5.0342847,-12.1269,-17.1611847,0.0,0.0,0.0
vacancy_O1,O1 vacancy,tetrahedral,2,29;25,5.0342847,-12.1098,-17.1440847,0.0,0.0,0.0
vacancy_O1,O1 vacancy,tetrahedral,2,29;25,5.0342847,-12.0927,-17.1269847,0.0,0.0,0.0
vacancy_O1,O1 vacancy,tetrahedral,2,29;25,5.0342847,-12.0756,-17.1098847,0.0,0.0,0.0
vacancy_O1,O1 vacancy,tetrahedral,2,29;25,5.0342847,-12.0585,-17.0927847,0.0,0.0,0.0
vacancy_O1,O1 vacancy,tetrahedral,2,29;25,5.0342847,-12.0414,-17.0756847,0.0,0.0,0.0
vacancy_O1,O1 vacancy,tetrahedral,2,29;25,5.0342847,-12.0243,-17.0585847,0.0,0.0,0.0
vacancy_O1,O1 vacancy,tetrahedral,2,29;25,5.0342847,-12.0072,-17.041484699999998,0.0,0.0,0.0
vacancy_O1,O1 vacancy,tetrahedral,2,29;25,5.0342847,-11.9901,-17.0243847,0.0,0.0,0.0
vacancy_O1,O1 vacancy,tetrahedral,2,29;25,5.0342847,-11.973,-17.0072847,0.0,0.0,0.0
vacancy_O1,O1 vacancy,tetrahedral,2,29;25,5.0342847,-11.9559,-16.9901847,0.0,0.0,0.0
vacancy_O1,O1 vacancy,tetrahedral,2,29;25,5.0342847,-11.9389,-16.9731847,0.0,0.0,0.0
vacancy_O1,O1 vacancy,tetrahedral,2,29;25,5.0342847,-11.9218,-16.956084699999998,0.0,0.0,0.0
vacancy_O1,O1 vacancy,tetrahedral,2,29;25,5.0342847,-11.9047,-16.9389847,0.0,0.0,0.0
vacancy_O1,O1 vacancy,tetrahedral,2,29;25,5.0342847,-11.8876,-16.9218847,0.0,0.0,0.0
vacancy_O1,O1 vacancy,tetrahedral,2,29;25,5.0342847,-11.8705,-16.9047847,0.0,0.0,0.0
vacancy_O1,O1 vacancy,tetrahedral,2,29;25,5.0342847,-11.8534,-16.8876847,0.0,0.0,0.0
vacancy_O1,O1 vacancy,tetrahedral,2,29;25,5.0342847,-11.8363,-16.8705847,0.0,0.0,0.0
vacancy_O1,O1 vacancy,tetrahedral,2,29;25,5.0342847,-11.8192,-16.8534847,0.0,0.0,0.0
vacancy_O1,O1 vacancy,tetrahedral,2,29;25,5.0342847,-11.8021,-16.8363847,0.0,0.0,0.0
vacancy_O1,O1 vacancy,tetrahedral,2,29;25,5.0342847,-11.785,-16.8192847,0.0,0.0,0.0
vacancy_O1,O1 vacancy,tetrahedral,2,29;25,5.0342847,-11.7679,-16.802184699999998,0.0,0.0,0.0
vacancy_O1,O1 vacancy,tetrahedral,2,29;25,5.0342847,-11.7508,-16.7850847,0.0,0.0,0.0
vacancy_O1,O1 vacancy,tetrahedral,2,29;25,5.0342847,-11.7337,-16.7679847,0.0,0.0,0.0
vacancy_O1,O1 vacancy,tetrahedral,2,29;25,5.0342847,-11.7166,-16.7508847,0.0,0.0,0.0
vacancy_O1,O1 vacancy,tetrahedral,2,29;25,5.0342847,-11.6996,-16.7338847,0.0,0.0,0.0
vacancy_O1,O1 vacancy,tetrahedral,2,29;25,5.0342847,-11.6825,-16.716784699999998,0.0,0.0,0.0
vacancy_O1,O1 vacancy,tetrahedral,2,29;25,5.0342847,-11.6654,-16.6996847,0.0,0.0,0.0
vacancy_O1,O1 vacancy,tetrahedral,2,29;25,5.0342847,-11.6483,-16.6825847,0.0,0.0,0.0
vacancy_O1,O1 vacancy,tetrahedral,2,29;25,5.0342847,-11.6312,-16.6654847,0.0,0.0,0.0
vacancy_O1,O1 vacancy,tetrahedral,2,29;25,5.0342847,-11.6141,-16.6483847,0.0,0.0,0.0
vacancy_O1,O1 vacancy,tetrahedral,2,29;25,5.0342847,-11.597,-16.6312847,0.0,0.0,0.0
vacancy_O1,O1 vacancy,tetrahedral,2,29;25,5.0342847,-11.5799,-16.6141847,0.0,0.0,0.0
vacancy_O1,O1 vacancy,tetrahedral,2,29;25,5.0342847,-11.5628,-16.5970847,0.0,0.0,0.0
vacancy_O1,O1 vacancy,tetrahedral,2,29;25,5.0342847,-11.5457,-16.5799847,0.0,0.0,0.0
vacancy_O1,O1 vacancy,tetrahedral,2,29;25,5.0342847,-11.5286,-16.5628847,0.0,0.0,0.0
vacancy_O1,O1 vacancy,tetrahedral,2,29;25,5.0342847,-11.5115,-16.5457847,0.0,0.0,0.0
vacancy_O1,O1 vacancy,tetrahedral,2,29;25,5.0342847,-11.4944,-16.5286847,0.0,0.0,0.0
vacancy_O1,O1 vacancy,tetrahedral,2,29;25,5.0342847,-11.4774,-16.5116847,0.0,0.0,0.0
vacancy_O1,O1 vacancy,tetrahedral,2,29;25,5.0342847,-11.4603,-16.4945847,0.0,0.0,0.0
vacancy_O1,O1 vacancy,tetrahedral,2,29;25,5.0342847,-11.4432,-16.477484699999998,0.0,0.0,0.0
vacancy_O1,O1 vacancy,tetrahedral,2,29;25,5.0342847,-11.4261,-16.4603847,0.0,0.0,0.0
vacancy_O1,O1 vacancy,tetrahedral,2,29;25,5.0342847,-11.409,-16.4432847,0.0,0.0,0.0
vacancy_O1,O1 vacancy,tetrahedral,2,29;25,5.0342847,-11.3919,-16.4261847,0.0,0.0,0.0
vacancy_O1,O1 vacancy,tetrahedral,2,29;25,5.0342847,-11.3748,-16.4090847,0.0,0.0,0.0
vacancy_O1,O1 vacancy,tetrahedral,2,29;25,5.0342847,-11.3577,-16.3919847,0.0,0.0,0.0
vacancy_O1,O1 vacancy,tetrahedral,2,29;25,5.0342847,-11.3406,-16.3748847,0.0,0.0,0.0
vacancy_O1,O1 vacancy,tetrahedral,2,29;25,5.0342847,-11.3235,-16.3577847,0.0,0.0,0.0
vacancy_O1,O1 vacancy,tetrahedral,2,29;25,5.0342847,-11.3064,-16.3406847,0.0,0.0,0.0
vacancy_O1,O1 vacancy,tetrahedral,2,29;25,5.0342847,-11.2893,-16.3235847,0.0,0.0,0.0
vacancy_O1,O1 vacancy,tetrahedral,2,29;25,5.0342847,-11.2722,-16.3064847,0.0,0.0,0.0
vacancy_O1,O1 vacancy,tetrahedral,2,29;25,5.0342847,-11.2551,-16.2893847,0.0,0.0,0.0
vacancy_O1,O1 vacancy,tetrahedral,2,29;25,5.0342847,-11.2381,-16.2723847,0.0,0.0,0.0
vacancy_O1,O1 vacancy,tetrahedral,2,29;25,5.0342847,-11.221,-16.2552847,0.0,0.0,0.0
vacancy_O1,O1 vacancy,tetrahedral,2,29;25,5.0342847,-11.2039,-16.2381847,0.0,0.0,0.0
vacancy_O1,O1 vacancy,tetrahedral,2,29;25,5.0342847,-11.1868,-16.2210847,0.0,0.0,0.0
vacancy_O1,O1 vacancy,tetrahedral,2,29;25,5.0342847,-11.1697,-16.2039847,0.0,0.0,0.0
vacancy_O1,O1 vacancy,tetrahedral,2,29;25,5.0342847,-11.1526,-16.1868847,0.0,0.0,0.0
vacancy_O1,O1 vacancy,tetrahedral,2,29;25,5.0342847,-11.1355,-16.1697847,0.0,0.0,0.0
vacancy_O1,O1 vacancy,tetrahedral,2,29;25,5.0342847,-11.1184,-16.1526847,0.0,0.0,0.0
vacancy_O1,O1 vacancy,tetrahedral,2,29;25,5.0342847,-11.1013,-16.1355847,0.0,0.0,0.0
vacancy_O1,O1 vacancy,tetrahedral,2,29;25,5.0342847,-11.0842,-16.1184847,0.0,0.0,0.0
vacancy_O1,O1 vacancy,tetrahedral,2,29;25,5.0342847,-11.0671,-16.1013847,0.0,0.0,0.0
vacancy_O1,O1 vacancy,tetrahedral,2,29;25,5.0342847,-11.05,-16.0842847,0.0,0.0,0.0
vacancy_O1,O1 vacancy,tetrahedral,2,29;25,5.0342847,-11.0329,-16.0671847,0.0,0.0,0.0
vacancy_O1,O1 vacancy,tetrahedral,2,29;25,5.0342847,-11.0158,-16.0500847,0.0,0.0,0.0
vacancy_O1,O1 vacancy,tetrahedral,2,29;25,5.0342847,-10.9988,-16.0330847,0.0,0.0,0.0
vacancy_O1,O1 vacancy,tetrahedral,2,29;25,5.0342847,-10.9817,-16.0159847,0.0,0.0,0.0
vacancy_O1,O1 vacancy,tetrahedral,2,29;25,5.0342847,-10.9646,-15.998884700000001,0.0,0.0,0.0
vacancy_O1,O1 vacancy,tetrahedral,2,29;25,5.0342847,-10.9475,-15.981784699999999,0.0,0.0,0.0
vacancy_O1,O1 vacancy,tetrahedral,2,29;25,5.0342847,-10.9304,-15.9646847,0.0,0.0,0.0
vacancy_O1,O1 vacancy,tetrahedral,2,29;25,5.0342847,-10.9133,-15.9475847,0.0,0.0,0.0
vacancy_O1,O1 vacancy,tetrahedral,2,29;25,5.0342847,-10.8962,-15.930484700000001,0.0,0.0,0.0
vacancy_O1,O1 vacancy,tetrahedral,2,29;25,5.0342847,-10.8791,-15.913384699999998,0.0,0.0,0.0
vacancy_O1,O1 vacancy,tetrahedral,2,29;25,5.0342847,-10.862,-15.896284699999999,0.0,0.0,0.0
vacancy_O1,O1 vacancy,tetrahedral,2,29;25,5.0342847,-10.8449,-15.8791847,0.0,0.0,0.0
vacancy_O1,O1 vacancy,tetrahedral,2,29;25,5.0342847,-10.8278,-15.8620847,0.0,0.0,0.0
vacancy_O1,O1 vacancy,tetrahedral,2,29;25,5.0342847,-10.8107,-15.844984700000001,0.0,0.0,0.0
vacancy_O1,O1 vacancy,tetrahedral,2,29;25,5.0342847,-10.7936,-15.827884699999998,0.0,0.0,0.0
vacancy_O1,O1 vacancy,tetrahedral,2,29;25,5.0342847,-10.7765,-15.8107847,0.0,0.0,0.0
vacancy_O1,O1 vacancy,tetrahedral,2,29;25,5.0342847,-10.7595,-15.7937847,0.0,0.0,0.0
vacancy_O1,O1 vacancy,tetrahedral,2,29;25,5.0342847,-10.7424,-15.7766847,0.0,0.0,0.0
vacancy_O1,O1 vacancy,tetrahedral,2,29;25,5.0342847,-10.7253,-15.759584700000001,0.0,0.0,0.0
vacancy_O1,O1 vacancy,tetrahedral,2,29;25,5.0342847,-10.7082,-15.742484699999999,0.0,0.0,0.0
vacancy_O1,O1 vacancy,tetrahedral,2,29;25,5.0342847,-10.6911,-15.7253847,0.0,0.0,0.0
vacancy_O1,O1 vacancy,tetrahedral,2,29;25,5.0342847,-10.674,-15.7082847,0.0,0.0,0.0
vacancy_O1,O1 vacancy,tetrahedral,2,29;25,5.0342847,-10.6569,-15.6911847,0.0,0.0,0.0
vacancy_O1,O1 vacancy,tetrahedral,2,29;25,5.0342847,-10.6398,-15.674084699999998,0.0,0.0,0.0
vacancy_O1,O1 vacancy,tetrahedral,2,29;25,5.0342847,-10.6227,-15.656984699999999,0.0,0.0,0.0
vacancy_O1,O1 vacancy,tetrahedral,2,29;25,5.0342847,-10.6056,-15.6398847,0.0,0.0,0.0
vacancy_O1,O1 vacancy,tetrahedral,2,29;25,5.0342847,-10.5885,-15.6227847,0.0,0.0,0.0
vacancy_O1,O1 vacancy,tetrahedral,2,29;25,5.0342847,-10.5714,-15.605684700000001,0.0,0.0,0.0
vacancy_O1,O1 vacancy,tetrahedral,2,29;25,5.0342847,-10.5543,-15.588584699999998,0.0,0.0,0.0
vacancy_O1,O1 vacancy,tetrahedral,2,29;25,5.0342847,-10.5372,-15.5714847,0.0,0.0,0.0
vacancy_O1,O1 vacancy,tetrahedral,2,29;25,5.0342847,-10.5202,-15.5544847,0.0,0.0,0.0
vacancy_O1,O1 vacancy,tetrahedral,2,29;25,5.0342847,-10.5031,-15.5373847,0.0,0.0,0.0
vacancy_O1,O1 vacancy,tetrahedral,2,29;25,5.0342847,-10.486,-15.520284700000001,0.0,0.0,0.0
vacancy_O1,O1 vacancy,tetrahedral,2,29;25,5.0342847,-10.4689,-15.503184699999998,0.0,0.0,0.0
vacancy_O1,O1 vacancy,tetrahedral,2,29;25,5.0342847,-10.4518,-15.4860847,0.0,0.0,0.0
vacancy_O1,O1 vacancy,tetrahedral,2,29;25,5.0342847,-10.4347,-15.4689847,0.0,0.0,0.0
vacancy_O1,O1 vacancy,tetrahedral,2,29;25,5.0342847,-10.4176,-15.4518847,0.0,0.0,0.0
vacancy_O1,O1 vacancy,tetrahedral,2,29;25,5.0342847,-10.4005,-15.434784699999998,0.0,0.0,0.0
vacancy_O1,O1 vacancy,tetrahedral,2,29;25,5.0342847,-10.3834,-15.417684699999999,0.0,0.0,0.0
vacancy_O1,O1 vacancy,tetrahedral,2,29;25,5.0342847,-10.3663,-15.4005847,0.0,0.0,0.0
vacancy_O1,O1 vacancy,tetrahedral,2,29;25,5.0342847,-10.3492,-15.3834847,0.0,0.0,0.0
vacancy_O1,O1 vacancy,tetrahedral,2,29;25,5.0342847,-10.3321,-15.366384700000001,0.0,0.0,0.0
vacancy_O1,O1 vacancy,tetrahedral,2,29;25,5.0342847,-10.315,-15.349284699999998,0.0,0.0,0.0
vacancy_O1,O1 vacancy,tetrahedral,2,29;25,5.0342847,-10.2979,-15.332184699999999,0.0,0.0,0.0
vacancy_O1,O1 vacancy,tetrahedral,2,29;25,5.0342847,-10.2809,-15.3151847,0.0,0.0,0.0
vacancy_O1,O1 vacancy,tetrahedral,2,29;25,5.0342847,-10.2638,-15.2980847,0.0,0.0,0.0
vacancy_O1,O1 vacancy,tetrahedral,2,29;25,5.0342847,-10.2467,-15.280984700000001,0.0,0.0,0.0
vacancy_O1,O1 vacancy,tetrahedral,2,29;25,5.0342847,-10.2296,-15.263884699999998,0.0,0.0,0.0
vacancy_O1,O1 vacancy,tetrahedral,2,29;25,5.0342847,-10.2125,-15.2467847,0.0,0.0,0.0
vacancy_O1,O1 vacancy,tetrahedral,2,29;25,5.0342847,-10.1954,-15.2296847,0.0,0.0,0.0
vacancy_O1,O1 vacancy,tetrahedral,2,29;25,5.0342847,-10.1783,-15.2125847,0.0,0.0,0.0
vacancy_O1,O1 vacancy,tetrahedral,2,29;25,5.0342847,-10.1612,-15.195484699999998,0.0,0.0,0.0
vacancy_O1,O1 vacancy,tetrahedral,2,29;25,5.0342847,-10.1441,-15.178384699999999,0.0,0.0,0.0
vacancy_O1,O1 vacancy,tetrahedral,2,29;25,5.0342847,-10.127,-15.1612847,0.0,0.0,0.0
vacancy_O1,O1 vacancy,tetrahedral,2,29;25,5.0342847,-10.1099,-15.1441847,0.0,0.0,0.0
vacancy_O1,O1 vacancy,tetrahedral,2,29;25,5.0342847,-10.0928,-15.127084700000001,0.0,0.0,0.0
vacancy_O1,O1 vacancy,tetrahedral,2,29;25,5.0342847,-10.0757,-15.109984699999998,0.0,0.0,0.0
vacancy_O1,O1 vacancy,tetrahedral,2,29;25,5.0342847,-10.0586,-15.092884699999999,0.0,0.0,0.0
vacancy_O1,O1 vacancy,tetrahedral,2,29;25,5.0342847,-10.0416,-15.0758847,0.0,0.0,0.0
vacancy_O1,O1 vacancy,tetrahedral,2,29;25,5.0342847,-10.0245,-15.0587847,0.0,0.0,0.0
vacancy_O1,O1 vacancy,tetrahedral,2,29;25,5.0342847,-10.0074,-15.041684700000001,0.0,0.0,0.0
vacancy_O1,O1 vacancy,tetrahedral,2,29;25,5.0342847,-9.9903,-15.024584699999998,0.0,0.0,0.0
vacancy_O1,O1 vacancy,tetrahedral,2,29;25,5.0342847,-9.9732,-15.0074847,0.0,0.0,0.0
vacancy_O1,O1 vacancy,tetrahedral,2,29;25,5.0342847,-9.9561,-14.9903847,0.0,0.0,0.0
vacancy_O1,O1 vacancy,tetrahedral,2,29;25,5.0342847,-9.939,-14.9732847,0.0,0.0,0.0
vacancy_O1,O1 vacancy,tetrahedral,2,29;25,5.0342847,-9.9219,-14.956184700000001,0.0,0.0,0.0
vacancy_O1,O1 vacancy,tetrahedral,2,29;25,5.0342847,-9.9048,-14.939084699999999,0.0,0.0,0.0
vacancy_O1,O1 vacancy,tetrahedral,2,29;25,5.0342847,-9.8877,-14.9219847,0.0,0.0,0.0
vacancy_O1,O1 vacancy,tetrahedral,2,29;25,5.0342847,-9.8706,-14.9048847,0.0,0.0,0.0
vacancy_O1,O1 vacancy,tetrahedral,2,29;25,5.0342847,-9.8535,-14.887784700000001,0.0,0.0,0.0
vacancy_O1,O1 vacancy,tetrahedral,2,29;25,5.0342847,-9.8364,-14.870684699999998,0.0,0.0,0.0
vacancy_O1,O1 vacancy,tetrahedral,2,29;25,5.0342847,-9.8193,-14.853584699999999,0.0,0.0,0.0
vacancy_O1,O1 vacancy,tetrahedral,2,29;25,5.0342847,-9.8023,-14.8365847,0.0,0.0,0.0
vacancy_O1,O1 vacancy,tetrahedral,2,29;25,5.0342847,-9.7852,-14.8194847,0.0,0.0,0.0
vacancy_O1,O1 vacancy,tetrahedral,2,29;25,5.0342847,-9.7681,-14.802384700000001,0.0,0.0,0.0
vacancy_O1,O1 vacancy,tetrahedral,2,29;25,5.0342847,-9.751,-14.785284699999998,0.0,0.0,0.0
vacancy_O1,O1 vacancy,tetrahedral,2,29;25,5.0342847,-9.7339,-14.768184699999999,0.0,0.0,0.0
vacancy_O1,O1 vacancy,tetrahedral,2,29;25,5.0342847,-9.7168,-14.7510847,0.0,0.0,0.0
vacancy_O1,O1 vacancy,tetrahedral,2,29;25,5.0342847,-9.6997,-14.7339847,0.0,0.0,0.0
vacancy_O1,O1 vacancy,tetrahedral,2,29;25,5.0342847,-9.6826,-14.716884700000001,0.0,0.0,0.0
vacancy_O1,O1 vacancy,tetrahedral,2,29;25,5.0342847,-9.6655,-14.699784699999999,0.0,0.0,0.0
vacancy_O1,O1 vacancy,tetrahedral,2,29;25,5.0342847,-9.6484,-14.6826847,0.0,0.0,0.0
vacancy_O1,O1 vacancy,tetrahedral,2,29;25,5.0342847,-9.6313,-14.6655847,0.0,0.0,0.0
vacancy_O1,O1 vacancy,tetrahedral,2,29;25,5.0342847,-9.6142,-14.648484700000001,0.0,0.0,0.0
vacancy_O1,O1 vacancy,tetrahedral,2,29;25,5.0342847,-9.5971,-14.631384699999998,0.0,0.0,0.0
vacancy_O1,O1 vacancy,tetrahedral,2,29;25,5.0342847,-9.5801,-14.614384699999999,0.0,0.0,0.0
vacancy_O1,O1 vacancy,tetrahedral,2,29;25,5.0342847,-9.563,-14.5972847,0.0,0.0,0.0
vacancy_O1,O1 vacancy,tetrahedral,2,29;25,5.0342847,-9.5459,-14.5801847,0.0,0.0,0.0
vacancy_O1,O1 vacancy,tetrahedral,2,29;25,5.0342847,-9.5288,-14.563084700000001,0.0,0.0,0.0
vacancy_O1,O1 vacancy,tetrahedral,2,29;25,5.0342847,-9.5117,-14.545984699999998,0.0,0.0,5e-05
vacancy_O1,O1 vacancy,tetrahedral,2,29;25,5.0342847,-9.4946,-14.528884699999999,0.0,0.0,0.0002
vacancy_O1,O1 vacancy,tetrahedral,2,29;25,5.0342847,-9.4775,-14.5117847,0.0,0.0,0.00035
vacancy_O1,O1 vacancy,tetrahedral,2,29;25,5.0342847,-9.4604,-14.4946847,0.0,0.0,0.0007999999999999999
vacancy_O1,O1 vacancy,tetrahedral,2,29;25,5.0342847,-9.4433,-14.477584700000001,0.0,0.0,0.0016
vacancy_O1,O1 vacancy,tetrahedral,2,29;25,5.0342847,-9.4262,-14.460484699999999,0.0,0.0,0.00275
vacancy_O1,O1 vacancy,tetrahedral,2,29;25,5.0342847,-9.4091,-14.4433847,0.0,0.0,0.00455
vacancy_O1,O1 vacancy,tetrahedral,2,29;25,5.0342847,-9.392,-14.4262847,0.0001,0.0,0.0072499999999999995
vacancy_O1,O1 vacancy,tetrahedral,2,29;25,5.0342847,-9.3749,-14.4091847,0.0001,0.0,0.011049999999999999
vacancy_O1,O1 vacancy,tetrahedral,2,29;25,5.0342847,-9.3578,-14.392084699999998,0.0002,5e-05,0.0162
vacancy_O1,O1 vacancy,tetrahedral,2,29;25,5.0342847,-9.3408,-14.375084699999999,0.0002,0.00015000000000000001,0.022850000000000002
vacancy_O1,O1 vacancy,tetrahedral,2,29;25,5.0342847,-9.3237,-14.3579847,0.0003,0.00015000000000000001,0.031
vacancy_O1,O1 vacancy,tetrahedral,2,29;25,5.0342847,-9.3066,-14.3408847,0.0004,0.0002,0.0405
vacancy_O1,O1 vacancy,tetrahedral,2,29;25,5.0342847,-9.2895,-14.323784700000001,0.0006,0.00030000000000000003,0.05145
vacancy_O1,O1 vacancy,tetrahedral,2,29;25,5.0342847,-9.2724,-14.306684699999998,0.0007,0.00045,0.06355
vacancy_O1,O1 vacancy,tetrahedral,2,29;25,5.0342847,-9.2553,-14.289584699999999,0.0008,0.0005,0.07730000000000001
vacancy_O1,O1 vacancy,tetrahedral,2,29;25,5.0342847,-9.2382,-14.2724847,0.0009,0.0005,0.0935
vacancy_O1,O1 vacancy,tetrahedral,2,29;25,5.0342847,-9.2211,-14.2553847,0.001,0.0005,0.11415
vacancy_O1,O1 vacancy,tetrahedral,2,29;25,5.0342847,-9.204,-14.238284700000001,0.0011,0.0005,0.1432
vacancy_O1,O1 vacancy,tetrahedral,2,29;25,5.0342847,-9.1869,-14.221184699999998,0.0011,0.0006000000000000001,0.1872
vacancy_O1,O1 vacancy,tetrahedral,2,29;25,5.0342847,-9.1698,-14.2040847,0.0012,0.0006000000000000001,0.2558
vacancy_O1,O1 vacancy,tetrahedral,2,29;25,5.0342847,-9.1527,-14.1869847,0.0013,0.0007,0.36255000000000004
vacancy_O1,O1 vacancy,tetrahedral,2,29;25,5.0342847,-9.1356,-14.1698847,0.0014,0.00075,0.5257
vacancy_O1,O1 vacancy,tetrahedral,2,29;25,5.0342847,-9.1185,-14.152784699999998,0.0015,0.0009,0.76715
vacancy_O1,O1 vacancy,tetrahedral,2,29;25,5.0342847,-9.1015,-14.135784699999999,0.0018,0.0010500000000000002,1.11215
vacancy_O1,O1 vacancy,tetrahedral,2,29;25,5.0342847,-9.0844,-14.1186847,0.0022,0.0012,1.5869499999999999
vacancy_O1,O1 vacancy,tetrahedral,2,29;25,5.0342847,-9.0673,-14.1015847,0.0026,0.0015500000000000002,2.21625
vacancy_O1,O1 vacancy,tetrahedral,2,29;25,5.0342847,-9.0502,-14.0844847,0.0032,0.0018999999999999998,3.0202999999999998
vacancy_O1,O1 vacancy,tetrahedral,2,29;25,5.0342847,-9.0331,-14.067384699999998,0.0039,0.0024000000000000002,4.0127500000000005
vacancy_O1,O1 vacancy,tetrahedral,2,29;25,5.0342847,-9.016,-14.050284699999999,0.0046,0.0029500000000000004,5.19935
vacancy_O1,O1 vacancy,tetrahedral,2,29;25,5.0342847,-8.9989,-14.0331847,0.005350000000000001,0.0037,6.5776
vacancy_O1,O1 vacancy,tetrahedral,2,29;25,5.0342847,-8.9818,-14.0160847,0.00605,0.0044,8.13735
vacancy_O1,O1 vacancy,tetrahedral,2,29;25,5.0342847,-8.9647,-13.998984700000001,0.0067,0.0053,9.860700000000001
vacancy_O1,O1 vacancy,tetrahedral,2,29;25,5.0342847,-8.9476,-13.981884699999998,0.0073,0.00605,11.720849999999999
vacancy_O1,O1 vacancy,tetrahedral,2,29;25,5.0342847,-8.9305,-13.9647847,0.0078,0.00685,13.6809
vacancy_O1,O1 vacancy,tetrahedral,2,29;25,5.0342847,-8.9134,-13.9476847,0.0082,0.0075,15.691200000000002
vacancy_O1,O1 vacancy,tetrahedral,2,29;25,5.0342847,-8.8963,-13.9305847,0.0086,0.0079,17.688000000000002
vacancy_O1,O1 vacancy,tetrahedral,2,29;25,5.0342847,-8.8792,-13.913484700000001,0.009,0.0081,19.5945
vacancy_O1,O1 vacancy,tetrahedral,2,29;25,5.0342847,-8.8622,-13.896484699999998,0.0094,0.00815,21.32415
vacancy_O1,O1 vacancy,tetrahedral,2,29;25,5.0342847,-8.8451,-13.8793847,0.0099,0.00795,22.78715
vacancy_O1,O1 vacancy,tetrahedral,2,29;25,5.0342847,-8.828,-13.8622847,0.0105,0.0076500000000000005,23.900100000000002
vacancy_O1,O1 vacancy,tetrahedral,2,29;25,5.0342847,-8.8109,-13.8451847,0.0111,0.0072,24.597
vacancy_O1,O1 vacancy,tetrahedral,2,29;25,5.0342847,-8.7938,-13.828084699999998,0.0119,0.006749999999999999,24.842
vacancy_O1,O1 vacancy,tetrahedral,2,29;25,5.0342847,-8.7767,-13.810984699999999,0.0128,0.00635,24.63715
vacancy_O1,O1 vacancy,tetrahedral,2,29;25,5.0342847,-8.7596,-13.7938847,0.0137,0.006,24.024949999999997
vacancy_O1,O1 vacancy,tetrahedral,2,29;25,5.0342847,-8.7425,-13.7767847,0.0145,0.0059,23.0818
vacancy_O1,O1 vacancy,tetrahedral,2,29;25,5.0342847,-8.7254,-13.759684700000001,0.0153,0.0056500000000000005,21.9023
vacancy_O1,O1 vacancy,tetrahedral,2,29;25,5.0342847,-8.7083,-13.742584699999998,0.0158,0.0057,20.5803
vacancy_O1,O1 vacancy,tetrahedral,2,29;25,5.0342847,-8.6912,-13.725484699999999,0.016,0.0056500000000000005,19.191249999999997
vacancy_O1,O1 vacancy,tetrahedral,2,29;25,5.0342847,-8.6741,-13.7083847,0.0159,0.0058,17.78315
vacancy_O1,O1 vacancy,tetrahedral,2,29;25,5.0342847,-8.657,-13.6912847,0.0155,0.0059,16.378149999999998
vacancy_O1,O1 vacancy,tetrahedral,2,29;25,5.0342847,-8.6399,-13.674184700000001,0.0149,0.006,14.980200000000002
vacancy_O1,O1 vacancy,tetrahedral,2,29;25,5.0342847,-8.6229,-13.657184699999998,0.0142,0.0060999999999999995,13.5899
vacancy_O1,O1 vacancy,tetrahedral,2,29;25,5.0342847,-8.6058,-13.6400847,0.01355,0.0063,12.212900000000001
vacancy_O1,O1 vacancy,tetrahedral,2,29;25,5.0342847,-8.5887,-13.6229847,0.013,0.006449999999999999,10.86535
vacancy_O1,O1 vacancy,tetrahedral,2,29;25,5.0342847,-8.5716,-13.6058847,0.01265,0.0066,9.57165
vacancy_O1,O1 vacancy,tetrahedral,2,29;25,5.0342847,-8.5545,-13.588784700000001,0.01255,0.0068000000000000005,8.3585
vacancy_O1,O1 vacancy,tetrahedral,2,29;25,5.0342847,-8.5374,-13.571684699999999,0.0126,0.006999999999999999,7.24925
vacancy_O1,O1 vacancy,tetrahedral,2,29;25,5.0342847,-8.5203,-13.5545847,0.0129,0.0072499999999999995,6.259449999999999
vacancy_O1,O1 vacancy,tetrahedral,2,29;25,5.0342847,-8.5032,-13.5374847,0.0133,0.00745,5.396100000000001
vacancy_O1,O1 vacancy,tetrahedral,2,29;25,5.0342847,-8.4861,-13.520384700000001,0.0137,0.0078,4.6587
vacancy_O1,O1 vacancy,tetrahedral,2,29;25,5.0342847,-8.469,-13.503284699999998,0.0141,0.008,4.04055
vacancy_O1,O1 vacancy,tetrahedral,2,29;25,5.0342847,-8.4519,-13.486184699999999,0.0145,0.008150000000000001,3.53155
vacancy_O1,O1 vacancy,tetrahedral,2,29;25,5.0342847,-8.4348,-13.4690847,0.0148,0.008400000000000001,3.1189999999999998
vacancy_O1,O1 vacancy,tetrahedral,2,29;25,5.0342847,-8.4177,-13.4519847,0.0151,0.0086,2.78865
vacancy_O1,O1 vacancy,tetrahedral,2,29;25,5.0342847,-8.4006,-13.434884700000001,0.0153,0.0088,2.52545
vacancy_O1,O1 vacancy,tetrahedral,2,29;25,5.0342847,-8.3836,-13.417884699999998,0.01545,0.00895,2.31445
vacancy_O1,O1 vacancy,tetrahedral,2,29;25,5.0342847,-8.3665,-13.400784699999999,0.01555,0.009000000000000001,2.1418999999999997
vacancy_O1,O1 vacancy,tetrahedral,2,29;25,5.0342847,-8.3494,-13.3836847,0.0155,0.00915,1.9956999999999998
vacancy_O1,O1 vacancy,tetrahedral,2,29;25,5.0342847,-8.3323,-13.3665847,0.0154,0.00915,1.8672
vacancy_O1,O1 vacancy,tetrahedral,2,29;25,5.0342847,-8.3152,-13.349484700000001,0.0153,0.0092,1.7505000000000002
vacancy_O1,O1 vacancy,tetrahedral,2,29;25,5.0342847,-8.2981,-13.332384699999999,0.015,0.0092,1.64195
vacancy_O1,O1 vacancy,tetrahedral,2,29;25,5.0342847,-8.281,-13.3152847,0.0147,0.0092,1.54095
vacancy_O1,O1 vacancy,tetrahedral,2,29;25,5.0342847,-8.2639,-13.2981847,0.0143,0.00915,1.4473
vacancy_O1,O1 vacancy,tetrahedral,2,29;25,5.0342847,-8.2468,-13.281084700000001,0.0139,0.00905,1.36195
vacancy_O1,O1 vacancy,tetrahedral,2,29;25,5.0342847,-8.2297,-13.263984699999998,0.0135,0.0091,1.28585
vacancy_O1,O1 vacancy,tetrahedral,2,29;25,5.0342847,-8.2126,-13.246884699999999,0.013049999999999999,0.00915,1.21955
vacancy_O1,O1 vacancy,tetrahedral,2,29;25,5.0342847,-8.1955,-13.2297847,0.0127,0.0093,1.1637499999999998
vacancy_O1,O1 vacancy,tetrahedral,2,29;25,5.0342847,-8.1784,-13.2126847,0.0123,0.0095,1.11875
vacancy_O1,O1 vacancy,tetrahedral,2,29;25,5.0342847,-8.1613,-13.195584700000001,0.012,0.0097,1.0847
vacancy_O1,O1 vacancy,tetrahedral,2,29;25,5.0342847,-8.1443,-13.178584699999998,0.01175,0.009899999999999999,1.0615999999999999
vacancy_O1,O1 vacancy,tetrahedral,2,29;25,5.0342847,-8.1272,-13.161484699999999,0.0115,0.01025,1.04895
vacancy_O1,O1 vacancy,tetrahedral,2,29;25,5.0342847,-8.1101,-13.1443847,0.01125,0.010599999999999998,1.0457
vacancy_O1,O1 vacancy,tetrahedral,2,29;25,5.0342847,-8.093,-13.1272847,0.011,0.01095,1.05075
vacancy_O1,O1 vacancy,tetrahedral,2,29;25,5.0342847,-8.0759,-13.110184700000001,0.0109,0.01135,1.06285
vacancy_O1,O1 vacancy,tetrahedral,2,29;25,5.0342847,-8.0588,-13.093084699999999,0.0109,0.01165,1.08095
vacancy_O1,O1 vacancy,tetrahedral,2,29;25,5.0342847,-8.0417,-13.0759847,0.0111,0.01215,1.1051
vacancy_O1,O1 vacancy,tetrahedral,2,29;25,5.0342847,-8.0246,-13.0588847,0.01145,0.01275,1.13525
vacancy_O1,O1 vacancy,tetrahedral,2,29;25,5.0342847,-8.0075,-13.041784700000001,0.01205,0.013399999999999999,1.1716
vacancy_O1,O1 vacancy,tetrahedral,2,29;25,5.0342847,-7.9904,-13.0246847,0.0128,0.0142,1.21345
vacancy_O1,O1 vacancy,tetrahedral,2,29;25,5.0342847,-7.9733,-13.007584699999999,0.0137,0.015050000000000001,1.258
vacancy_O1,O1 vacancy,tetrahedral,2,29;25,5.0342847,-7.9562,-12.9904847,0.0146,0.016,1.3004
vacancy_O1,O1 vacancy,tetrahedral,2,29;25,5.0342847,-7.9391,-12.9733847,0.0153,0.01685,1.3332000000000002
vacancy_O1,O1 vacancy,tetrahedral,2,29;25,5.0342847,-7.922,-12.9562847,0.0156,0.01745,1.3482500000000002
vacancy_O1,O1 vacancy,tetrahedral,2,29;25,5.0342847,-7.905,-12.9392847,0.0156,0.0178,1.33795
vacancy_O1,O1 vacancy,tetrahedral,2,29;25,5.0342847,-7.8879,-12.922184699999999,0.015,0.01775,1.2974999999999999
vacancy_O1,O1 vacancy,tetrahedral,2,29;25,5.0342847,-7.8708,-12.9050847,0.014,0.0173,1.2260499999999999
vacancy_O1,O1 vacancy,tetrahedral,2,29;25,5.0342847,-7.8537,-12.8879847,0.01255,0.0164,1.1267
vacancy_O1,O1 vacancy,tetrahedral,2,29;25,5.0342847,-7.8366,-12.8708847,0.0109,0.01515,1.00615
vacancy_O1,O1 vacancy,tetrahedral,2,29;25,5.0342847,-7.8195,-12.853784699999999,0.0091,0.013600000000000001,0.8729
vacancy_O1,O1 vacancy,tetrahedral,2,29;25,5.0342847,-7.8024,-12.8366847,0.0074,0.011950000000000002,0.73565
vacancy_O1,O1 vacancy,tetrahedral,2,29;25,5.0342847,-7.7853,-12.8195847,0.00575,0.0101,0.6024
vacancy_O1,O1 vacancy,tetrahedral,2,29;25,5.0342847,-7.7682,-12.8024847,0.00435,0.0083,0.4791
vacancy_O1,O1 vacancy,tetrahedral,2,29;25,5.0342847,-7.7511,-12.7853847,0.0032,0.006699999999999999,0.36960000000000004
vacancy_O1,O1 vacancy,tetrahedral,2,29;25,5.0342847,-7.734,-12.768284699999999,0.0022500000000000003,0.00515,0.27625
vacancy_O1,O1 vacancy,tetrahedral,2,29;25,5.0342847,-7.7169,-12.7511847,0.0015,0.0039,0.19980000000000003
vacancy_O1,O1 vacancy,tetrahedral,2,29;25,5.0342847,-7.6998,-12.7340847,0.001,0.0027500000000000003,0.13935
vacancy_O1,O1 vacancy,tetrahedral,2,29;25,5.0342847,-7.6828,-12.717084700000001,0.0006,0.00185,0.0937
vacancy_O1,O1 vacancy,tetrahedral,2,29;25,5.0342847,-7.6657,-12.6999847,0.0004,0.0012000000000000001,0.06055000000000001
vacancy_O1,O1 vacancy,tetrahedral,2,29;25,5.0342847,-7.6486,-12.682884699999999,0.0002,0.0008,0.0376
vacancy_O1,O1 vacancy,tetrahedral,2,29;25,5.0342847,-7.6315,-12.6657847,0.0001,0.00045,0.0223
vacancy_O1,O1 vacancy,tetrahedral,2,29;25,5.0342847,-7.6144,-12.6486847,0.0001,0.0002,0.012649999999999998
vacancy_O1,O1 vacancy,tetrahedral,2,29;25,5.0342847,-7.5973,-12.6315847,0.0,0.0001,0.0068000000000000005
vacancy_O1,O1 vacancy,tetrahedral,2,29;25,5.0342847,-7.5802,-12.614484699999998,0.0,0.0001,0.00355
vacancy_O1,O1 vacancy,tetrahedral,2,29;25,5.0342847,-7.5631,-12.5973847,0.0,0.0,0.0018
vacancy_O1,O1 vacancy,tetrahedral,2,29;25,5.0342847,-7.546,-12.5802847,0.0,0.0,0.0008
vacancy_O1,O1 vacancy,tetrahedral,2,29;25,5.0342847,-7.5289,-12.5631847,0.0,0.0,0.0004
vacancy_O1,O1 vacancy,tetrahedral,2,29;25,5.0342847,-7.5118,-12.5460847,0.0,0.0,0.0001
vacancy_O1,O1 vacancy,tetrahedral,2,29;25,5.0342847,-7.4947,-12.528984699999999,0.0,0.0,0.0
vacancy_O1,O1 vacancy,tetrahedral,2,29;25,5.0342847,-7.4776,-12.5118847,0.0,0.0,0.0
vacancy_O1,O1 vacancy,tetrahedral,2,29;25,5.0342847,-7.4605,-12.4947847,0.0,0.0,0.0
vacancy_O1,O1 vacancy,tetrahedral,2,29;25,5.0342847,-7.4435,-12.4777847,0.0,0.0,0.0
vacancy_O1,O1 vacancy,tetrahedral,2,29;25,5.0342847,-7.4264,-12.4606847,0.0,0.0,0.0
vacancy_O1,O1 vacancy,tetrahedral,2,29;25,5.0342847,-7.4093,-12.443584699999999,0.0,0.0,0.0
vacancy_O1,O1 vacancy,tetrahedral,2,29;25,5.0342847,-7.3922,-12.4264847,0.0,0.0,0.0
vacancy_O1,O1 vacancy,tetrahedral,2,29;25,5.0342847,-7.3751,-12.4093847,0.0,0.0,0.0
vacancy_O1,O1 vacancy,tetrahedral,2,29;25,5.0342847,-7.358,-12.3922847,0.0,0.0,0.0
vacancy_O1,O1 vacancy,tetrahedral,2,29;25,5.0342847,-7.3409,-12.3751847,0.0,0.0,0.0
vacancy_O1,O1 vacancy,tetrahedral,2,29;25,5.0342847,-7.3238,-12.3580847,0.0,0.0,0.0
vacancy_O1,O1 vacancy,tetrahedral,2,29;25,5.0342847,-7.3067,-12.3409847,0.0,0.0,0.0
vacancy_O1,O1 vacancy,tetrahedral,2,29;25,5.0342847,-7.2896,-12.3238847,0.0,0.0,0.0
vacancy_O1,O1 vacancy,tetrahedral,2,29;25,5.0342847,-7.2725,-12.3067847,0.0,0.0,0.0
vacancy_O1,O1 vacancy,tetrahedral,2,29;25,5.0342847,-7.2554,-12.289684699999999,0.0,0.0,0.0
vacancy_O1,O1 vacancy,tetrahedral,2,29;25,5.0342847,-7.2383,-12.2725847,0.0,0.0,0.0
vacancy_O1,O1 vacancy,tetrahedral,2,29;25,5.0342847,-7.2212,-12.2554847,0.0,0.0,0.0
vacancy_O1,O1 vacancy,tetrahedral,2,29;25,5.0342847,-7.2042,-12.2384847,0.0,0.0,0.0
vacancy_O1,O1 vacancy,tetrahedral,2,29;25,5.0342847,-7.1871,-12.2213847,0.0,0.0,0.0
vacancy_O1,O1 vacancy,tetrahedral,2,29;25,5.0342847,-7.17,-12.204284699999999,0.0,0.0,0.0
vacancy_O1,O1 vacancy,tetrahedral,2,29;25,5.0342847,-7.1529,-12.1871847,0.0,0.0,0.0
vacancy_O1,O1 vacancy,tetrahedral,2,29;25,5.0342847,-7.1358,-12.1700847,0.0,0.0,0.0
vacancy_O1,O1 vacancy,tetrahedral,2,29;25,5.0342847,-7.1187,-12.1529847,0.0,0.0,0.0
vacancy_O1,O1 vacancy,tetrahedral,2,29;25,5.0342847,-7.1016,-12.1358847,0.0,0.0,0.0
vacancy_O1,O1 vacancy,tetrahedral,2,29;25,5.0342847,-7.0845,-12.118784699999999,0.0,0.0,0.0
vacancy_O1,O1 vacancy,tetrahedral,2,29;25,5.0342847,-7.0674,-12.1016847,0.0,0.0,0.0
vacancy_O1,O1 vacancy,tetrahedral,2,29;25,5.0342847,-7.0503,-12.0845847,0.0,0.0,0.0
vacancy_O1,O1 vacancy,tetrahedral,2,29;25,5.0342847,-7.0332,-12.0674847,0.0,0.0,0.0
vacancy_O1,O1 vacancy,tetrahedral,2,29;25,5.0342847,-7.0161,-12.050384699999999,0.0,0.0,0.0
vacancy_O1,O1 vacancy,tetrahedral,2,29;25,5.0342847,-6.999,-12.0332847,0.0,0.0,0.0
vacancy_O1,O1 vacancy,tetrahedral,2,29;25,5.0342847,-6.9819,-12.0161847,0.0,0.0,0.0
vacancy_O1,O1 vacancy,tetrahedral,2,29;25,5.0342847,-6.9649,-11.9991847,0.0,0.0,0.0
vacancy_O1,O1 vacancy,tetrahedral,2,29;25,5.0342847,-6.9478,-11.9820847,0.0,0.0,0.0
vacancy_O1,O1 vacancy,tetrahedral,2,29;25,5.0342847,-6.9307,-11.964984699999999,0.0,0.0,0.0
vacancy_O1,O1 vacancy,tetrahedral,2,29;25,5.0342847,-6.9136,-11.9478847,0.0,0.0,0.0
vacancy_O1,O1 vacancy,tetrahedral,2,29;25,5.0342847,-6.8965,-11.9307847,0.0,0.0,0.0
vacancy_O1,O1 vacancy,tetrahedral,2,29;25,5.0342847,-6.8794,-11.913684700000001,0.0,0.0,0.0
vacancy_O1,O1 vacancy,tetrahedral,2,29;25,5.0342847,-6.8623,-11.8965847,0.0,0.0,0.0
vacancy_O1,O1 vacancy,tetrahedral,2,29;25,5.0342847,-6.8452,-11.879484699999999,0.0,0.0,0.0
vacancy_O1,O1 vacancy,tetrahedral,2,29;25,5.0342847,-6.8281,-11.8623847,0.0,0.0,0.0
vacancy_O1,O1 vacancy,tetrahedral,2,29;25,5.0342847,-6.811,-11.8452847,0.0,0.0,0.0
vacancy_O1,O1 vacancy,tetrahedral,2,29;25,5.0342847,-6.7939,-11.8281847,0.0,0.0,0.0
vacancy_O1,O1 vacancy,tetrahedral,2,29;25,5.0342847,-6.7768,-11.811084699999999,0.0,0.0,0.0
vacancy_O1,O1 vacancy,tetrahedral,2,29;25,5.0342847,-6.7597,-11.7939847,0.0,0.0,0.0
vacancy_O1,O1 vacancy,tetrahedral,2,29;25,5.0342847,-6.7426,-11.7768847,0.0,0.0,0.0
vacancy_O1,O1 vacancy,tetrahedral,2,29;25,5.0342847,-6.7256,-11.7598847,0.0,0.0,0.0
vacancy_O1,O1 vacancy,tetrahedral,2,29;25,5.0342847,-6.7085,-11.7427847,0.0,0.0,0.0
vacancy_O1,O1 vacancy,tetrahedral,2,29;25,5.0342847,-6.6914,-11.725684699999999,0.0,0.0,0.0
vacancy_O1,O1 vacancy,tetrahedral,2,29;25,5.0342847,-6.6743,-11.7085847,0.0,0.0,0.0
vacancy_O1,O1 vacancy,tetrahedral,2,29;25,5.0342847,-6.6572,-11.6914847,0.0,0.0,0.0
vacancy_O1,O1 vacancy,tetrahedral,2,29;25,5.0342847,-6.6401,-11.674384700000001,0.0,0.0,0.0
vacancy_O1,O1 vacancy,tetrahedral,2,29;25,5.0342847,-6.623,-11.6572847,0.0,0.0,0.0
vacancy_O1,O1 vacancy,tetrahedral,2,29;25,5.0342847,-6.6059,-11.640184699999999,0.0,0.0,0.0
vacancy_O1,O1 vacancy,tetrahedral,2,29;25,5.0342847,-6.5888,-11.6230847,0.0,0.0,0.0
vacancy_O1,O1 vacancy,tetrahedral,2,29;25,5.0342847,-6.5717,-11.6059847,0.0,0.0,0.0
vacancy_O1,O1 vacancy,tetrahedral,2,29;25,5.0342847,-6.5546,-11.5888847,0.0,0.0,0.0
vacancy_O1,O1 vacancy,tetrahedral,2,29;25,5.0342847,-6.5375,-11.571784699999998,0.0,0.0,0.0
vacancy_O1,O1 vacancy,tetrahedral,2,29;25,5.0342847,-6.5204,-11.5546847,0.0,0.0,0.0
vacancy_O1,O1 vacancy,tetrahedral,2,29;25,5.0342847,-6.5033,-11.5375847,0.0,0.0,0.0
vacancy_O1,O1 vacancy,tetrahedral,2,29;25,5.0342847,-6.4863,-11.5205847,0.0,0.0,0.0
vacancy_O1,O1 vacancy,tetrahedral,2,29;25,5.0342847,-6.4692,-11.5034847,0.0,0.0,0.0
vacancy_O1,O1 vacancy,tetrahedral,2,29;25,5.0342847,-6.4521,-11.486384699999999,0.0,0.0,0.0
vacancy_O1,O1 vacancy,tetrahedral,2,29;25,5.0342847,-6.435,-11.4692847,0.0,0.0,0.0
vacancy_O1,O1 vacancy,tetrahedral,2,29;25,5.0342847,-6.4179,-11.4521847,0.0,0.0,0.0
vacancy_O1,O1 vacancy,tetrahedral,2,29;25,5.0342847,-6.4008,-11.4350847,0.0,0.0,0.0
vacancy_O1,O1 vacancy,tetrahedral,2,29;25,5.0342847,-6.3837,-11.4179847,0.0,0.0,0.0
vacancy_O1,O1 vacancy,tetrahedral,2,29;25,5.0342847,-6.3666,-11.400884699999999,0.0,0.0,0.0
vacancy_O1,O1 vacancy,tetrahedral,2,29;25,5.0342847,-6.3495,-11.3837847,0.0,0.0,0.0
vacancy_O1,O1 vacancy,tetrahedral,2,29;25,5.0342847,-6.3324,-11.3666847,0.0,0.0,0.0
vacancy_O1,O1 vacancy,tetrahedral,2,29;25,5.0342847,-6.3153,-11.3495847,0.0,0.0,0.0
vacancy_O1,O1 vacancy,tetrahedral,2,29;25,5.0342847,-6.2982,-11.332484699999998,0.0,0.0,0.0
vacancy_O1,O1 vacancy,tetrahedral,2,29;25,5.0342847,-6.2811,-11.3153847,0.0,0.0,0.0
vacancy_O1,O1 vacancy,tetrahedral,2,29;25,5.0342847,-6.264,-11.2982847,0.0,0.0,0.0
vacancy_O1,O1 vacancy,tetrahedral,2,29;25,5.0342847,-6.247,-11.2812847,0.0,0.0,0.0
vacancy_O1,O1 vacancy,tetrahedral,2,29;25,5.0342847,-6.2299,-11.2641847,0.0,0.0,0.0
vacancy_O1,O1 vacancy,tetrahedral,2,29;25,5.0342847,-6.2128,-11.247084699999998,0.0,0.0,0.0
vacancy_O1,O1 vacancy,tetrahedral,2,29;25,5.0342847,-6.1957,-11.2299847,0.0,0.0,0.0
vacancy_O1,O1 vacancy,tetrahedral,2,29;25,5.0342847,-6.1786,-11.2128847,0.0,0.0,0.0
vacancy_O1,O1 vacancy,tetrahedral,2,29;25,5.0342847,-6.1615,-11.1957847,0.0,0.0,0.0
vacancy_O1,O1 vacancy,tetrahedral,2,29;25,5.0342847,-6.1444,-11.1786847,0.0,0.0,0.0
vacancy_O1,O1 vacancy,tetrahedral,2,29;25,5.0342847,-6.1273,-11.161584699999999,0.0,0.0,0.0
vacancy_O1,O1 vacancy,tetrahedral,2,29;25,5.0342847,-6.1102,-11.1444847,0.0,0.0,0.0
vacancy_O1,O1 vacancy,tetrahedral,2,29;25,5.0342847,-6.0931,-11.1273847,0.0,0.0,0.0
vacancy_O1,O1 vacancy,tetrahedral,2,29;25,5.0342847,-6.076,-11.1102847,0.0,0.0,0.0
vacancy_O1,O1 vacancy,tetrahedral,2,29;25,5.0342847,-6.0589,-11.0931847,0.0,0.0,0.0
vacancy_O1,O1 vacancy,tetrahedral,2,29;25,5.0342847,-6.0418,-11.0760847,0.0,0.0,0.0
vacancy_O1,O1 vacancy,tetrahedral,2,29;25,5.0342847,-6.0248,-11.0590847,0.0,0.0,0.0
vacancy_O1,O1 vacancy,tetrahedral,2,29;25,5.0342847,-6.0077,-11.0419847,0.0,0.0,0.0
vacancy_O1,O1 vacancy,tetrahedral,2,29;25,5.0342847,-5.9906,-11.0248847,0.0,0.0,0.0
vacancy_O1,O1 vacancy,tetrahedral,2,29;25,5.0342847,-5.9735,-11.007784699999998,0.0,0.0,0.0
vacancy_O1,O1 vacancy,tetrahedral,2,29;25,5.0342847,-5.9564,-10.9906847,0.0,0.0,0.0
vacancy_O1,O1 vacancy,tetrahedral,2,29;25,5.0342847,-5.9393,-10.9735847,0.0,0.0,0.0
vacancy_O1,O1 vacancy,tetrahedral,2,29;25,5.0342847,-5.9222,-10.9564847,0.0,0.0,0.0
vacancy_O1,O1 vacancy,tetrahedral,2,29;25,5.0342847,-5.9051,-10.9393847,0.0,0.0,0.0
vacancy_O1,O1 vacancy,tetrahedral,2,29;25,5.0342847,-5.888,-10.922284699999999,0.0,0.0,0.0
vacancy_O1,O1 vacancy,tetrahedral,2,29;25,5.0342847,-5.8709,-10.9051847,0.0,0.0,0.0
vacancy_O1,O1 vacancy,tetrahedral,2,29;25,5.0342847,-5.8538,-10.8880847,0.0,0.0,0.0
vacancy_O1,O1 vacancy,tetrahedral,2,29;25,5.0342847,-5.8367,-10.870984700000001,0.0,0.0,0.0
vacancy_O1,O1 vacancy,tetrahedral,2,29;25,5.0342847,-5.8196,-10.8538847,0.0,0.0,0.0
vacancy_O1,O1 vacancy,tetrahedral,2,29;25,5.0342847,-5.8025,-10.836784699999999,0.0,0.0,0.0
vacancy_O1,O1 vacancy,tetrahedral,2,29;25,5.0342847,-5.7855,-10.8197847,0.0,0.0,0.0
vacancy_O1,O1 vacancy,tetrahedral,2,29;25,5.0342847,-5.7684,-10.8026847,0.0,0.0,0.0
vacancy_O1,O1 vacancy,tetrahedral,2,29;25,5.0342847,-5.7513,-10.7855847,0.0,0.0,0.0
vacancy_O1,O1 vacancy,tetrahedral,2,29;25,5.0342847,-5.7342,-10.7684847,0.0,0.0,0.0
vacancy_O1,O1 vacancy,tetrahedral,2,29;25,5.0342847,-5.7171,-10.7513847,0.0,0.0,0.0
vacancy_O1,O1 vacancy,tetrahedral,2,29;25,5.0342847,-5.7,-10.7342847,0.0,0.0,0.0
vacancy_O1,O1 vacancy,tetrahedral,2,29;25,5.0342847,-5.6829,-10.7171847,0.0,0.0,0.0
vacancy_O1,O1 vacancy,tetrahedral,2,29;25,5.0342847,-5.6658,-10.7000847,0.0,0.0,0.0
vacancy_O1,O1 vacancy,tetrahedral,2,29;25,5.0342847,-5.6487,-10.682984699999999,0.0,0.0,0.0
vacancy_O1,O1 vacancy,tetrahedral,2,29;25,5.0342847,-5.6316,-10.6658847,0.0,0.0,0.0
vacancy_O1,O1 vacancy,tetrahedral,2,29;25,5.0342847,-5.6145,-10.6487847,0.0,0.0,0.0
vacancy_O1,O1 vacancy,tetrahedral,2,29;25,5.0342847,-5.5974,-10.631684700000001,0.0,0.0,0.0
vacancy_O1,O1 vacancy,tetrahedral,2,29;25,5.0342847,-5.5803,-10.6145847,0.0,0.0,0.0
vacancy_O1,O1 vacancy,tetrahedral,2,29;25,5.0342847,-5.5632,-10.597484699999999,0.0,0.0,0.0
vacancy_O1,O1 vacancy,tetrahedral,2,29;25,5.0342847,-5.5462,-10.5804847,0.0,0.0,0.0
vacancy_O1,O1 vacancy,tetrahedral,2,29;25,5.0342847,-5.5291,-10.5633847,0.0,0.0,0.0
vacancy_O1,O1 vacancy,tetrahedral,2,29;25,5.0342847,-5.512,-10.5462847,0.0,0.0,0.0
vacancy_O1,O1 vacancy,tetrahedral,2,29;25,5.0342847,-5.4949,-10.5291847,0.0,0.0,0.0
vacancy_O1,O1 vacancy,tetrahedral,2,29;25,5.0342847,-5.4778,-10.512084699999999,0.0,0.0,0.0
vacancy_O1,O1 vacancy,tetrahedral,2,29;25,5.0342847,-5.4607,-10.4949847,0.0,0.0,0.0
vacancy_O1,O1 vacancy,tetrahedral,2,29;25,5.0342847,-5.4436,-10.4778847,0.0,0.0,0.0
vacancy_O1,O1 vacancy,tetrahedral,2,29;25,5.0342847,-5.4265,-10.4607847,0.0,0.0,0.0
vacancy_O1,O1 vacancy,tetrahedral,2,29;25,5.0342847,-5.4094,-10.443684699999999,0.0,0.0,0.0
vacancy_O1,O1 vacancy,tetrahedral,2,29;25,5.0342847,-5.3923,-10.4265847,0.0,0.0,0.0
vacancy_O1,O1 vacancy,tetrahedral,2,29;25,5.0342847,-5.3752,-10.4094847,0.0,0.0,0.0
vacancy_O1,O1 vacancy,tetrahedral,2,29;25,5.0342847,-5.3581,-10.392384700000001,0.0,0.0,0.0
vacancy_O1,O1 vacancy,tetrahedral,2,29;25,5.0342847,-5.341,-10.3752847,0.0,0.0,0.0
vacancy_O1,O1 vacancy,tetrahedral,2,29;25,5.0342847,-5.3239,-10.358184699999999,0.0,0.0,0.0
vacancy_O1,O1 vacancy,tetrahedral,2,29;25,5.0342847,-5.3069,-10.3411847,0.0,0.0,0.0
vacancy_O1,O1 vacancy,tetrahedral,2,29;25,5.0342847,-5.2898,-10.3240847,0.0,0.0,0.0
vacancy_O1,O1 vacancy,tetrahedral,2,29;25,5.0342847,-5.2727,-10.306984700000001,0.0,0.0,0.0
vacancy_O1,O1 vacancy,tetrahedral,2,29;25,5.0342847,-5.2556,-10.2898847,0.0,0.0,0.0
vacancy_O1,O1 vacancy,tetrahedral,2,29;25,5.0342847,-5.2385,-10.272784699999999,0.0,0.0,0.0
vacancy_O1,O1 vacancy,tetrahedral,2,29;25,5.0342847,-5.2214,-10.2556847,0.0,0.0,0.0
vacancy_O1,O1 vacancy,tetrahedral,2,29;25,5.0342847,-5.2043,-10.2385847,0.0,0.0,0.0
vacancy_O1,O1 vacancy,tetrahedral,2,29;25,5.0342847,-5.1872,-10.2214847,0.0,0.0,0.0
vacancy_O1,O1 vacancy,tetrahedral,2,29;25,5.0342847,-5.1701,-10.204384699999999,0.0,0.0,0.0
vacancy_O1,O1 vacancy,tetrahedral,2,29;25,5.0342847,-5.153,-10.1872847,0.0,0.0,0.0
vacancy_O1,O1 vacancy,tetrahedral,2,29;25,5.0342847,-5.1359,-10.1701847,0.0,0.0,0.0
vacancy_O1,O1 vacancy,tetrahedral,2,29;25,5.0342847,-5.1188,-10.1530847,0.0,0.0,0.0
vacancy_O1,O1 vacancy,tetrahedral,2,29;25,5.0342847,-5.1017,-10.1359847,0.0,0.0,0.0
vacancy_O1,O1 vacancy,tetrahedral,2,29;25,5.0342847,-5.0846,-10.118884699999999,0.0,0.0,0.0
vacancy_O1,O1 vacancy,tetrahedral,2,29;25,5.0342847,-5.0676,-10.1018847,0.0,0.0,0.0
vacancy_O1,O1 vacancy,tetrahedral,2,29;25,5.0342847,-5.0505,-10.0847847,0.0,0.0,0.0
vacancy_O1,O1 vacancy,tetrahedral,2,29;25,5.0342847,-5.0334,-10.067684700000001,0.0,0.0,0.0
vacancy_O1,O1 vacancy,tetrahedral,2,29;25,5.0342847,-5.0163,-10.0505847,0.0,0.0,0.0
vacancy_O1,O1 vacancy,tetrahedral,2,29;25,5.0342847,-4.9992,-10.033484699999999,0.0,0.0,0.0
vacancy_O1,O1 vacancy,tetrahedral,2,29;25,5.0342847,-4.9821,-10.0163847,0.0,0.0,0.0
vacancy_O1,O1 vacancy,tetrahedral,2,29;25,5.0342847,-4.965,-9.9992847,0.0,0.0,0.0
vacancy_O1,O1 vacancy,tetrahedral,2,29;25,5.0342847,-4.9479,-9.9821847,0.0,0.0,0.0
vacancy_O1,O1 vacancy,tetrahedral,2,29;25,5.0342847,-4.9308,-9.965084699999998,0.0,0.0,0.0
vacancy_O1,O1 vacancy,tetrahedral,2,29;25,5.0342847,-4.9137,-9.9479847,0.0,0.0,0.0
vacancy_O1,O1 vacancy,tetrahedral,2,29;25,5.0342847,-4.8966,-9.9308847,0.0,0.0,0.0
vacancy_O1,O1 vacancy,tetrahedral,2,29;25,5.0342847,-4.8795,-9.9137847,0.0,0.0,0.0
vacancy_O1,O1 vacancy,tetrahedral,2,29;25,5.0342847,-4.8624,-9.8966847,0.0,0.0,0.0
vacancy_O1,O1 vacancy,tetrahedral,2,29;25,5.0342847,-4.8453,-9.879584699999999,0.0,0.0,0.0
vacancy_O1,O1 vacancy,tetrahedral,2,29;25,5.0342847,-4.8283,-9.8625847,0.0,0.0,0.0
vacancy_O1,O1 vacancy,tetrahedral,2,29;25,5.0342847,-4.8112,-9.8454847,0.0,0.0,0.0
vacancy_O1,O1 vacancy,tetrahedral,2,29;25,5.0342847,-4.7941,-9.8283847,0.0,0.0,0.0
vacancy_O1,O1 vacancy,tetrahedral,2,29;25,5.0342847,-4.777,-9.8112847,0.0,0.0,0.0
vacancy_O1,O1 vacancy,tetrahedral,2,29;25,5.0342847,-4.7599,-9.794184699999999,0.0,0.0,0.0
vacancy_O1,O1 vacancy,tetrahedral,2,29;25,5.0342847,-4.7428,-9.7770847,0.0,0.0,0.0
vacancy_O1,O1 vacancy,tetrahedral,2,29;25,5.0342847,-4.7257,-9.7599847,0.0,0.0,0.0
vacancy_O1,O1 vacancy,tetrahedral,2,29;25,5.0342847,-4.7086,-9.7428847,0.0,0.0,0.0
vacancy_O1,O1 vacancy,tetrahedral,2,29;25,5.0342847,-4.6915,-9.725784699999998,0.0,0.0,0.0
vacancy_O1,O1 vacancy,tetrahedral,2,29;25,5.0342847,-4.6744,-9.7086847,0.0,0.0,0.0
vacancy_O1,O1 vacancy,tetrahedral,2,29;25,5.0342847,-4.6573,-9.6915847,0.0,0.0,0.0
vacancy_O1,O1 vacancy,tetrahedral,2,29;25,5.0342847,-4.6402,-9.6744847,0.0,0.0,0.0
vacancy_O1,O1 vacancy,tetrahedral,2,29;25,5.0342847,-4.6231,-9.6573847,0.0,0.0,0.0
vacancy_O1,O1 vacancy,tetrahedral,2,29;25,5.0342847,-4.606,-9.640284699999999,0.0,0.0,0.0
vacancy_O1,O1 vacancy,tetrahedral,2,29;25,5.0342847,-4.589,-9.6232847,0.0,0.0,0.0
vacancy_O1,O1 vacancy,tetrahedral,2,29;25,5.0342847,-4.5719,-9.6061847,0.0,0.0,0.0
vacancy_O1,O1 vacancy,tetrahedral,2,29;25,5.0342847,-4.5548,-9.5890847,0.0,0.0,0.0
vacancy_O1,O1 vacancy,tetrahedral,2,29;25,5.0342847,-4.5377,-9.5719847,0.0,0.0,0.0
vacancy_O1,O1 vacancy,tetrahedral,2,29;25,5.0342847,-4.5206,-9.554884699999999,0.0,0.0,0.0
vacancy_O1,O1 vacancy,tetrahedral,2,29;25,5.0342847,-4.5035,-9.5377847,0.0,0.0,0.0
vacancy_O1,O1 vacancy,tetrahedral,2,29;25,5.0342847,-4.4864,-9.5206847,0.0,0.0,0.0
vacancy_O1,O1 vacancy,tetrahedral,2,29;25,5.0342847,-4.4693,-9.5035847,0.0,0.0,0.0
vacancy_O1,O1 vacancy,tetrahedral,2,29;25,5.0342847,-4.4522,-9.4864847,0.0,0.0,0.0
vacancy_O1,O1 vacancy,tetrahedral,2,29;25,5.0342847,-4.4351,-9.469384699999999,0.0,0.0,0.0
vacancy_O1,O1 vacancy,tetrahedral,2,29;25,5.0342847,-4.418,-9.4522847,0.0,0.0,0.0
vacancy_O1,O1 vacancy,tetrahedral,2,29;25,5.0342847,-4.4009,-9.4351847,0.0,0.0,0.0
vacancy_O1,O1 vacancy,tetrahedral,2,29;25,5.0342847,-4.3838,-9.4180847,0.0,0.0,0.0
vacancy_O1,O1 vacancy,tetrahedral,2,29;25,5.0342847,-4.3667,-9.400984699999999,0.0,0.0,0.0
vacancy_O1,O1 vacancy,tetrahedral,2,29;25,5.0342847,-4.3497,-9.3839847,0.0,0.0,0.0
vacancy_O1,O1 vacancy,tetrahedral,2,29;25,5.0342847,-4.3326,-9.3668847,0.0,0.0,0.0
vacancy_O1,O1 vacancy,tetrahedral,2,29;25,5.0342847,-4.3155,-9.3497847,0.0,0.0,0.0
vacancy_O1,O1 vacancy,tetrahedral,2,29;25,5.0342847,-4.2984,-9.3326847,0.0,0.0,0.0
vacancy_O1,O1 vacancy,tetrahedral,2,29;25,5.0342847,-4.2813,-9.315584699999999,0.0,0.0,0.0
vacancy_O1,O1 vacancy,tetrahedral,2,29;25,5.0342847,-4.2642,-9.2984847,0.0,0.0,0.0
vacancy_O1,O1 vacancy,tetrahedral,2,29;25,5.0342847,-4.2471,-9.2813847,0.0,0.0,0.0
vacancy_O1,O1 vacancy,tetrahedral,2,29;25,5.0342847,-4.23,-9.264284700000001,0.0,0.0,0.0
vacancy_O1,O1 vacancy,tetrahedral,2,29;25,5.0342847,-4.2129,-9.2471847,0.0,0.0,0.0
vacancy_O1,O1 vacancy,tetrahedral,2,29;25,5.0342847,-4.1958,-9.230084699999999,0.0,0.0,0.0
vacancy_O1,O1 vacancy,tetrahedral,2,29;25,5.0342847,-4.1787,-9.2129847,0.0,0.0,0.0
vacancy_O1,O1 vacancy,tetrahedral,2,29;25,5.0342847,-4.1616,-9.1958847,0.0,0.0,0.0
vacancy_O1,O1 vacancy,tetrahedral,2,29;25,5.0342847,-4.1445,-9.1787847,0.0,0.0,0.0
vacancy_O1,O1 vacancy,tetrahedral,2,29;25,5.0342847,-4.1275,-9.1617847,0.0,0.0,0.0
vacancy_O1,O1 vacancy,tetrahedral,2,29;25,5.0342847,-4.1104,-9.144684699999999,0.0,0.0,0.0
vacancy_O1,O1 vacancy,tetrahedral,2,29;25,5.0342847,-4.0933,-9.1275847,0.0,0.0,0.0
vacancy_O1,O1 vacancy,tetrahedral,2,29;25,5.0342847,-4.0762,-9.1104847,0.0,0.0,0.0
vacancy_O1,O1 vacancy,tetrahedral,2,29;25,5.0342847,-4.0591,-9.0933847,0.0,0.0,0.0
vacancy_O1,O1 vacancy,tetrahedral,2,29;25,5.0342847,-4.042,-9.076284699999999,0.0,0.0,0.0
vacancy_O1,O1 vacancy,tetrahedral,2,29;25,5.0342847,-4.0249,-9.0591847,0.0,0.0,0.0
vacancy_O1,O1 vacancy,tetrahedral,2,29;25,5.0342847,-4.0078,-9.0420847,0.0,0.0,0.0
vacancy_O1,O1 vacancy,tetrahedral,2,29;25,5.0342847,-3.9907,-9.0249847,0.0,0.0,0.0
vacancy_O1,O1 vacancy,tetrahedral,2,29;25,5.0342847,-3.9736,-9.0078847,0.0,0.0,0.0
vacancy_O1,O1 vacancy,tetrahedral,2,29;25,5.0342847,-3.9565,-8.990784699999999,0.0,0.0,0.0
vacancy_O1,O1 vacancy,tetrahedral,2,29;25,5.0342847,-3.9394,-8.9736847,0.0,0.0,0.0
vacancy_O1,O1 vacancy,tetrahedral,2,29;25,5.0342847,-3.9223,-8.9565847,0.0,0.0,0.0
vacancy_O1,O1 vacancy,tetrahedral,2,29;25,5.0342847,-3.9052,-8.9394847,0.0,0.0,0.0
vacancy_O1,O1 vacancy,tetrahedral,2,29;25,5.0342847,-3.8882,-8.9224847,0.0,0.0,0.0
vacancy_O1,O1 vacancy,tetrahedral,2,29;25,5.0342847,-3.8711,-8.905384699999999,0.0,0.0,0.0
vacancy_O1,O1 vacancy,tetrahedral,2,29;25,5.0342847,-3.854,-8.8882847,0.0,0.0,0.0
vacancy_O1,O1 vacancy,tetrahedral,2,29;25,5.0342847,-3.8369,-8.8711847,0.0,0.0,0.0
vacancy_O1,O1 vacancy,tetrahedral,2,29;25,5.0342847,-3.8198,-8.8540847,0.0,0.0,0.0
vacancy_O1,O1 vacancy,tetrahedral,2,29;25,5.0342847,-3.8027,-8.8369847,0.0,0.0,0.0
vacancy_O1,O1 vacancy,tetrahedral,2,29;25,5.0342847,-3.7856,-8.8198847,0.0,0.0,0.0
vacancy_O1,O1 vacancy,tetrahedral,2,29;25,5.0342847,-3.7685,-8.8027847,0.0,0.0,0.0
vacancy_O1,O1 vacancy,tetrahedral,2,29;25,5.0342847,-3.7514,-8.7856847,0.0,0.0,0.0
vacancy_O1,O1 vacancy,tetrahedral,2,29;25,5.0342847,-3.7343,-8.7685847,0.0,0.0,0.0
vacancy_O1,O1 vacancy,tetrahedral,2,29;25,5.0342847,-3.7172,-8.751484699999999,0.0,0.0,0.0
vacancy_O1,O1 vacancy,tetrahedral,2,29;25,5.0342847,-3.7001,-8.7343847,0.0,0.0,0.0
vacancy_O1,O1 vacancy,tetrahedral,2,29;25,5.0342847,-3.683,-8.7172847,0.0,0.0,0.0
vacancy_O1,O1 vacancy,tetrahedral,2,29;25,5.0342847,-3.6659,-8.7001847,0.0,0.0,0.0
vacancy_O1,O1 vacancy,tetrahedral,2,29;25,5.0342847,-3.6489,-8.6831847,0.0,0.0,0.0
vacancy_O1,O1 vacancy,tetrahedral,2,29;25,5.0342847,-3.6318,-8.666084699999999,0.0,0.0,0.0
vacancy_O1,O1 vacancy,tetrahedral,2,29;25,5.0342847,-3.6147,-8.6489847,0.0,0.0,0.0
vacancy_O1,O1 vacancy,tetrahedral,2,29;25,5.0342847,-3.5976,-8.6318847,0.0,0.0,0.0
vacancy_O1,O1 vacancy,tetrahedral,2,29;25,5.0342847,-3.5805,-8.6147847,0.0,0.0,0.0
vacancy_O1,O1 vacancy,tetrahedral,2,29;25,5.0342847,-3.5634,-8.5976847,0.0,0.0,0.0
vacancy_O1,O1 vacancy,tetrahedral,2,29;25,5.0342847,-3.5463,-8.5805847,0.0,0.0,0.0
vacancy_O1,O1 vacancy,tetrahedral,2,29;25,5.0342847,-3.5292,-8.5634847,0.0,0.0,0.0
vacancy_O1,O1 vacancy,tetrahedral,2,29;25,5.0342847,-3.5121,-8.5463847,0.0,0.0,0.0
vacancy_O1,O1 vacancy,tetrahedral,2,29;25,5.0342847,-3.495,-8.5292847,0.0,0.0,0.0
vacancy_O1,O1 vacancy,tetrahedral,2,29;25,5.0342847,-3.4779,-8.512184699999999,0.0,0.0,0.0
vacancy_O1,O1 vacancy,tetrahedral,2,29;25,5.0342847,-3.4608,-8.4950847,0.0,0.0,0.0
vacancy_O1,O1 vacancy,tetrahedral,2,29;25,5.0342847,-3.4437,-8.4779847,0.0,0.0,0.0
vacancy_O1,O1 vacancy,tetrahedral,2,29;25,5.0342847,-3.4266,-8.4608847,0.0,0.0,0.0
vacancy_O1,O1 vacancy,tetrahedral,2,29;25,5.0342847,-3.4096,-8.4438847,0.0,0.0,0.0
vacancy_O1,O1 vacancy,tetrahedral,2,29;25,5.0342847,-3.3925,-8.426784699999999,0.0001,0.0,0.0
vacancy_O1,O1 vacancy,tetrahedral,2,29;25,5.0342847,-3.3754,-8.4096847,0.0002,0.0,0.0
vacancy_O1,O1 vacancy,tetrahedral,2,29;25,5.0342847,-3.3583,-8.3925847,0.0003,0.0001,0.0
vacancy_O1,O1 vacancy,tetrahedral,2,29;25,5.0342847,-3.3412,-8.3754847,0.0006,0.0002,5e-05
vacancy_O1,O1 vacancy,tetrahedral,2,29;25,5.0342847,-3.3241,-8.3583847,0.001,0.00030000000000000003,0.0001
vacancy_O1,O1 vacancy,tetrahedral,2,29;25,5.0342847,-3.307,-8.3412847,0.0018,0.0004,0.0001
vacancy_O1,O1 vacancy,tetrahedral,2,29;25,5.0342847,-3.2899,-8.3241847,0.0029,0.0007,0.0002
vacancy_O1,O1 vacancy,tetrahedral,2,29;25,5.0342847,-3.2728,-8.3070847,0.0044,0.001,0.00030000000000000003
vacancy_O1,O1 vacancy,tetrahedral,2,29;25,5.0342847,-3.2557,-8.2899847,0.0066,0.0014000000000000002,0.0004
vacancy_O1,O1 vacancy,tetrahedral,2,29;25,5.0342847,-3.2386,-8.272884699999999,0.0093,0.00185,0.0005499999999999999
vacancy_O1,O1 vacancy,tetrahedral,2,29;25,5.0342847,-3.2215,-8.2557847,0.01255,0.00245,0.00065
vacancy_O1,O1 vacancy,tetrahedral,2,29;25,5.0342847,-3.2044,-8.2386847,0.0162,0.003,0.00085
vacancy_O1,O1 vacancy,tetrahedral,2,29;25,5.0342847,-3.1873,-8.2215847,0.02005,0.0035499999999999998,0.001
vacancy_O1,O1 vacancy,tetrahedral,2,29;25,5.0342847,-3.1703,-8.2045847,0.023850000000000003,0.0042,0.0011
vacancy_O1,O1 vacancy,tetrahedral,2,29;25,5.0342847,-3.1532,-8.187484699999999,0.02725,0.0047,0.0013
vacancy_O1,O1 vacancy,tetrahedral,2,29;25,5.0342847,-3.1361,-8.1703847,0.0302,0.00515,0.0013
vacancy_O1,O1 vacancy,tetrahedral,2,29;25,5.0342847,-3.119,-8.1532847,0.032549999999999996,0.00545,0.0015
vacancy_O1,O1 vacancy,tetrahedral,2,29;25,5.0342847,-3.1019,-8.1361847,0.0345,0.0058,0.0018
vacancy_O1,O1 vacancy,tetrahedral,2,29;25,5.0342847,-3.0848,-8.1190847,0.03615,0.006,0.002
vacancy_O1,O1 vacancy,tetrahedral,2,29;25,5.0342847,-3.0677,-8.1019847,0.03785,0.006199999999999999,0.0023
vacancy_O1,O1 vacancy,tetrahedral,2,29;25,5.0342847,-3.0506,-8.0848847,0.0397,0.0065,0.00255
vacancy_O1,O1 vacancy,tetrahedral,2,29;25,5.0342847,-3.0335,-8.0677847,0.041800000000000004,0.0068,0.003
vacancy_O1,O1 vacancy,tetrahedral,2,29;25,5.0342847,-3.0164,-8.0506847,0.0442,0.0072,0.00335
vacancy_O1,O1 vacancy,tetrahedral,2,29;25,5.0342847,-2.9993,-8.033584699999999,0.04685,0.0075,0.0038
vacancy_O1,O1 vacancy,tetrahedral,2,29;25,5.0342847,-2.9822,-8.0164847,0.04965,0.00795,0.0042
vacancy_O1,O1 vacancy,tetrahedral,2,29;25,5.0342847,-2.9651,-7.9993847,0.05255,0.0083,0.00465
vacancy_O1,O1 vacancy,tetrahedral,2,29;25,5.0342847,-2.948,-7.982284699999999,0.0556,0.00855,0.005050000000000001
vacancy_O1,O1 vacancy,tetrahedral,2,29;25,5.0342847,-2.931,-7.9652847,0.05885,0.0089,0.00545
vacancy_O1,O1 vacancy,tetrahedral,2,29;25,5.0342847,-2.9139,-7.9481847,0.06245,0.009250000000000001,0.00575
vacancy_O1,O1 vacancy,tetrahedral,2,29;25,5.0342847,-2.8968,-7.9310846999999995,0.0664,0.0095,0.006
vacancy_O1,O1 vacancy,tetrahedral,2,29;25,5.0342847,-2.8797,-7.9139847,0.07085,0.009850000000000001,0.0063999999999999994
vacancy_O1,O1 vacancy,tetrahedral,2,29;25,5.0342847,-2.8626,-7.896884699999999,0.076,0.010199999999999999,0.0066
vacancy_O1,O1 vacancy,tetrahedral,2,29;25,5.0342847,-2.8455,-7.8797847,0.0819,0.010450000000000001,0.006699999999999999
vacancy_O1,O1 vacancy,tetrahedral,2,29;25,5.0342847,-2.8284,-7.862684699999999,0.089,0.010700000000000001,0.006950000000000001
vacancy_O1,O1 vacancy,tetrahedral,2,29;25,5.0342847,-2.8113,-7.8455847,0.09755,0.01105,0.007150000000000001
vacancy_O1,O1 vacancy,tetrahedral,2,29;25,5.0342847,-2.7942,-7.8284847,0.1079,0.01125,0.007350000000000001
vacancy_O1,O1 vacancy,tetrahedral,2,29;25,5.0342847,-2.7771,-7.8113847,0.12040000000000001,0.0116,0.0075
vacancy_O1,O1 vacancy,tetrahedral,2,29;25,5.0342847,-2.76,-7.7942846999999995,0.13540000000000002,0.0118,0.0078
vacancy_O1,O1 vacancy,tetrahedral,2,29;25,5.0342847,-2.7429,-7.777184699999999,0.15300000000000002,0.0121,0.00795
vacancy_O1,O1 vacancy,tetrahedral,2,29;25,5.0342847,-2.7258,-7.7600847,0.173,0.012249999999999999,0.008199999999999999
vacancy_O1,O1 vacancy,tetrahedral,2,29;25,5.0342847,-2.7087,-7.742984699999999,0.1948,0.0124,0.00845
vacancy_O1,O1 vacancy,tetrahedral,2,29;25,5.0342847,-2.6917,-7.7259847,0.21745,0.01245,0.008650000000000001
vacancy_O1,O1 vacancy,tetrahedral,2,29;25,5.0342847,-2.6746,-7.7088847,0.23955,0.0125,0.00895
vacancy_O1,O1 vacancy,tetrahedral,2,29;25,5.0342847,-2.6575,-7.6917846999999995,0.2596,0.0125,0.0092
vacancy_O1,O1 vacancy,tetrahedral,2,29;25,5.0342847,-2.6404,-7.6746847,0.2761,0.0125,0.0093
vacancy_O1,O1 vacancy,tetrahedral,2,29;25,5.0342847,-2.6233,-7.657584699999999,0.28815,0.0125,0.00945
vacancy_O1,O1 vacancy,tetrahedral,2,29;25,5.0342847,-2.6062,-7.6404847,0.2954,0.0125,0.0096
vacancy_O1,O1 vacancy,tetrahedral,2,29;25,5.0342847,-2.5891,-7.6233847,0.2982,0.01255,0.0096
vacancy_O1,O1 vacancy,tetrahedral,2,29;25,5.0342847,-2.572,-7.6062847,0.2976,0.01285,0.00985
vacancy_O1,O1 vacancy,tetrahedral,2,29;25,5.0342847,-2.5549,-7.5891847,0.2949,0.01315,0.0101
vacancy_O1,O1 vacancy,tetrahedral,2,29;25,5.0342847,-2.5378,-7.5720847,0.2913,0.01375,0.01055
vacancy_O1,O1 vacancy,tetrahedral,2,29;25,5.0342847,-2.5207,-7.5549847,0.2877,0.01445,0.011099999999999999
vacancy_O1,O1 vacancy,tetrahedral,2,29;25,5.0342847,-2.5036,-7.537884699999999,0.2845,0.015300000000000001,0.01165
vacancy_O1,O1 vacancy,tetrahedral,2,29;25,5.0342847,-2.4865,-7.5207847,0.2815,0.016350000000000003,0.012299999999999998
vacancy_O1,O1 vacancy,tetrahedral,2,29;25,5.0342847,-2.4694,-7.503684699999999,0.27845,0.0175,0.0132
vacancy_O1,O1 vacancy,tetrahedral,2,29;25,5.0342847,-2.4524,-7.4866847,0.27475,0.01865,0.0141
vacancy_O1,O1 vacancy,tetrahedral,2,29;25,5.0342847,-2.4353,-7.4695846999999995,0.27015,0.02005,0.01505
vacancy_O1,O1 vacancy,tetrahedral,2,29;25,5.0342847,-2.4182,-7.452484699999999,0.26455,0.0216,0.0161
vacancy_O1,O1 vacancy,tetrahedral,2,29;25,5.0342847,-2.4011,-7.4353847,0.25815,0.023100000000000002,0.01725
vacancy_O1,O1 vacancy,tetrahedral,2,29;25,5.0342847,-2.384,-7.418284699999999,0.2515,0.02475,0.0184
vacancy_O1,O1 vacancy,tetrahedral,2,29;25,5.0342847,-2.3669,-7.4011847,0.245,0.02645,0.0194
vacancy_O1,O1 vacancy,tetrahedral,2,29;25,5.0342847,-2.3498,-7.3840847,0.23904999999999998,0.027999999999999997,0.0204
vacancy_O1,O1 vacancy,tetrahedral,2,29;25,5.0342847,-2.3327,-7.3669847,0.23385,0.029400000000000003,0.02135
vacancy_O1,O1 vacancy,tetrahedral,2,29;25,5.0342847,-2.3156,-7.3498847,0.22925,0.030600000000000002,0.022
vacancy_O1,O1 vacancy,tetrahedral,2,29;25,5.0342847,-2.2985,-7.3327846999999995,0.2249,0.03155,0.0225
vacancy_O1,O1 vacancy,tetrahedral,2,29;25,5.0342847,-2.2814,-7.3156847,0.22045,0.0322,0.02305
vacancy_O1,O1 vacancy,tetrahedral,2,29;25,5.0342847,-2.2643,-7.298584699999999,0.21555000000000002,0.0325,0.02315
vacancy_O1,O1 vacancy,tetrahedral,2,29;25,5.0342847,-2.2472,-7.2814847,0.20995,0.0327,0.0232
vacancy_O1,O1 vacancy,tetrahedral,2,29;25,5.0342847,-2.2302,-7.2644847,0.20350000000000001,0.032600000000000004,0.0232
vacancy_O1,O1 vacancy,tetrahedral,2,29;25,5.0342847,-2.2131,-7.2473847,0.1964,0.0325,0.02305
vacancy_O1,O1 vacancy,tetrahedral,2,29;25,5.0342847,-2.196,-7.2302847,0.1888,0.032350000000000004,0.0229
vacancy_O1,O1 vacancy,tetrahedral,2,29;25,5.0342847,-2.1789,-7.213184699999999,0.1808,0.03215,0.022650000000000003
vacancy_O1,O1 vacancy,tetrahedral,2,29;25,5.0342847,-2.1618,-7.1960847,0.17275000000000001,0.03195,0.0224
vacancy_O1,O1 vacancy,tetrahedral,2,29;25,5.0342847,-2.1447,-7.178984699999999,0.16465000000000002,0.03165,0.0221
vacancy_O1,O1 vacancy,tetrahedral,2,29;25,5.0342847,-2.1276,-7.1618847,0.15665,0.03135,0.021900000000000003
vacancy_O1,O1 vacancy,tetrahedral,2,29;25,5.0342847,-2.1105,-7.1447847,0.14875,0.03085,0.021699999999999997
vacancy_O1,O1 vacancy,tetrahedral,2,29;25,5.0342847,-2.0934,-7.1276847,0.1413,0.030399999999999996,0.02145
vacancy_O1,O1 vacancy,tetrahedral,2,29;25,5.0342847,-2.0763,-7.1105846999999995,0.13440000000000002,0.03005,0.021400000000000002
vacancy_O1,O1 vacancy,tetrahedral,2,29;25,5.0342847,-2.0592,-7.093484699999999,0.1285,0.02965,0.02145
vacancy_O1,O1 vacancy,tetrahedral,2,29;25,5.0342847,-2.0421,-7.0763847,0.124,0.02955,0.0217
vacancy_O1,O1 vacancy,tetrahedral,2,29;25,5.0342847,-2.025,-7.059284699999999,0.12125,0.0295,0.021849999999999998
vacancy_O1,O1 vacancy,tetrahedral,2,29;25,5.0342847,-2.0079,-7.0421847,0.12055,0.02965,0.0222
vacancy_O1,O1 vacancy,tetrahedral,2,29;25,5.0342847,-1.9909,-7.0251847,0.122,0.030000000000000002,0.02255
vacancy_O1,O1 vacancy,tetrahedral,2,29;25,5.0342847,-1.9738,-7.0080846999999995,0.1254,0.03045,0.02285
vacancy_O1,O1 vacancy,tetrahedral,2,29;25,5.0342847,-1.9567,-6.9909847,0.1303,0.031149999999999997,0.023200000000000002
vacancy_O1,O1 vacancy,tetrahedral,2,29;25,5.0342847,-1.9396,-6.973884699999999,0.1361,0.0319,0.0235
vacancy_O1,O1 vacancy,tetrahedral,2,29;25,5.0342847,-1.9225,-6.9567847,0.142,0.0328,0.024050000000000002
vacancy_O1,O1 vacancy,tetrahedral,2,29;25,5.0342847,-1.9054,-6.9396847,0.14725,0.03395,0.024300000000000002
vacancy_O1,O1 vacancy,tetrahedral,2,29;25,5.0342847,-1.8883,-6.9225847,0.15134999999999998,0.03515,0.0247
vacancy_O1,O1 vacancy,tetrahedral,2,29;25,5.0342847,-1.8712,-6.9054847,0.15410000000000001,0.0364,0.025050000000000003
vacancy_O1,O1 vacancy,tetrahedral,2,29;25,5.0342847,-1.8541,-6.8883847,0.15565,0.0377,0.025349999999999998
vacancy_O1,O1 vacancy,tetrahedral,2,29;25,5.0342847,-1.837,-6.8712846999999995,0.15660000000000002,0.03885,0.02555
vacancy_O1,O1 vacancy,tetrahedral,2,29;25,5.0342847,-1.8199,-6.854184699999999,0.15765,0.03985,0.02565
vacancy_O1,O1 vacancy,tetrahedral,2,29;25,5.0342847,-1.8028,-6.8370847,0.1596,0.040600000000000004,0.025599999999999998
vacancy_O1,O1 vacancy,tetrahedral,2,29;25,5.0342847,-1.7857,-6.8199847,0.1629,0.040850000000000004,0.02545
vacancy_O1,O1 vacancy,tetrahedral,2,29;25,5.0342847,-1.7686,-6.8028847,0.1678,0.0407,0.024900000000000002
vacancy_O1,O1 vacancy,tetrahedral,2,29;25,5.0342847,-1.7516,-6.7858846999999995,0.17409999999999998,0.0401,0.02445
vacancy_O1,O1 vacancy,tetrahedral,2,29;25,5.0342847,-1.7345,-6.768784699999999,0.1812,0.039,0.0238
vacancy_O1,O1 vacancy,tetrahedral,2,29;25,5.0342847,-1.7174,-6.7516847,0.18855,0.037599999999999995,0.022949999999999998
vacancy_O1,O1 vacancy,tetrahedral,2,29;25,5.0342847,-1.7003,-6.734584699999999,0.19585,0.036,0.02205
vacancy_O1,O1 vacancy,tetrahedral,2,29;25,5.0342847,-1.6832,-6.7174847,0.20315,0.03425,0.02105
vacancy_O1,O1 vacancy,tetrahedral,2,29;25,5.0342847,-1.6661,-6.7003847,0.21089999999999998,0.03265,0.0201
vacancy_O1,O1 vacancy,tetrahedral,2,29;25,5.0342847,-1.649,-6.6832847,0.21989999999999998,0.0314,0.01935
vacancy_O1,O1 vacancy,tetrahedral,2,29;25,5.0342847,-1.6319,-6.6661847,0.23115000000000002,0.03075,0.01865
vacancy_O1,O1 vacancy,tetrahedral,2,29;25,5.0342847,-1.6148,-6.6490846999999995,0.2457,0.0308,0.0182
vacancy_O1,O1 vacancy,tetrahedral,2,29;25,5.0342847,-1.5977,-6.631984699999999,0.26415,0.0315,0.018099999999999998
vacancy_O1,O1 vacancy,tetrahedral,2,29;25,5.0342847,-1.5806,-6.614884699999999,0.28659999999999997,0.03315,0.0182
vacancy_O1,O1 vacancy,tetrahedral,2,29;25,5.0342847,-1.5635,-6.5977847,0.31245,0.035250000000000004,0.01865
vacancy_O1,O1 vacancy,tetrahedral,2,29;25,5.0342847,-1.5464,-6.5806847,0.33999999999999997,0.03805,0.0193
vacancy_O1,O1 vacancy,tetrahedral,2,29;25,5.0342847,-1.5293,-6.5635847,0.36660000000000004,0.0409,0.0201
vacancy_O1,O1 vacancy,tetrahedral,2,29;25,5.0342847,-1.5123,-6.5465846999999995,0.389,0.0437,0.0209
vacancy_O1,O1 vacancy,tetrahedral,2,29;25,5.0342847,-1.4952,-6.529484699999999,0.4038,0.0459,0.02155
vacancy_O1,O1 vacancy,tetrahedral,2,29;25,5.0342847,-1.4781,-6.5123847,0.4082,0.047200000000000006,0.02205
vacancy_O1,O1 vacancy,tetrahedral,2,29;25,5.0342847,-1.461,-6.4952847,0.40095000000000003,0.0476,0.02215
vacancy_O1,O1 vacancy,tetrahedral,2,29;25,5.0342847,-1.4439,-6.4781847,0.38234999999999997,0.0469,0.021900000000000003
vacancy_O1,O1 vacancy,tetrahedral,2,29;25,5.0342847,-1.4268,-6.4610847,0.3546,0.0455,0.0215
vacancy_O1,O1 vacancy,tetrahedral,2,29;25,5.0342847,-1.4097,-6.4439847,0.32095,0.0434,0.0208
vacancy_O1,O1 vacancy,tetrahedral,2,29;25,5.0342847,-1.3926,-6.4268847,0.2853,0.04115,0.0201
vacancy_O1,O1 vacancy,tetrahedral,2,29;25,5.0342847,-1.3755,-6.4097846999999994,0.251,0.039150000000000004,0.0193
vacancy_O1,O1 vacancy,tetrahedral,2,29;25,5.0342847,-1.3584,-6.3926847,0.2207,0.03765,0.0186
vacancy_O1,O1 vacancy,tetrahedral,2,29;25,5.0342847,-1.3413,-6.375584699999999,0.19569999999999999,0.03695,0.018250000000000002
vacancy_O1,O1 vacancy,tetrahedral,2,29;25,5.0342847,-1.3242,-6.3584847,0.1763,0.03685,0.0178
vacancy_O1,O1 vacancy,tetrahedral,2,29;25,5.0342847,-1.3071,-6.3413847,0.16205,0.0374,0.01765
vacancy_O1,O1 vacancy,tetrahedral,2,29;25,5.0342847,-1.29,-6.3242847,0.1518,0.03835,0.01765
vacancy_O1,O1 vacancy,tetrahedral,2,29;25,5.0342847,-1.273,-6.307284699999999,0.14429999999999998,0.0395,0.017750000000000002
vacancy_O1,O1 vacancy,tetrahedral,2,29;25,5.0342847,-1.2559,-6.290184699999999,0.13835,0.0407,0.0178
vacancy_O1,O1 vacancy,tetrahedral,2,29;25,5.0342847,-1.2388,-6.2730847,0.13274999999999998,0.0416,0.0177
vacancy_O1,O1 vacancy,tetrahedral,2,29;25,5.0342847,-1.2217,-6.2559847,0.12675,0.0421,0.0177
vacancy_O1,O1 vacancy,tetrahedral,2,29;25,5.0342847,-1.2046,-6.2388847,0.12,0.042300000000000004,0.0175
vacancy_O1,O1 vacancy,tetrahedral,2,29;25,5.0342847,-1.1875,-6.2217847,0.11255000000000001,0.04235,0.0173
vacancy_O1,O1 vacancy,tetrahedral,2,29;25,5.0342847,-1.1704,-6.2046847,0.1047,0.04235,0.017
vacancy_O1,O1 vacancy,tetrahedral,2,29;25,5.0342847,-1.1533,-6.1875846999999995,0.09705,0.0427,0.01695
vacancy_O1,O1 vacancy,tetrahedral,2,29;25,5.0342847,-1.1362,-6.170484699999999,0.09035,0.0433,0.017050000000000003
vacancy_O1,O1 vacancy,tetrahedral,2,29;25,5.0342847,-1.1191,-6.1533847,0.08515,0.04435,0.017349999999999997
vacancy_O1,O1 vacancy,tetrahedral,2,29;25,5.0342847,-1.102,-6.1362847,0.08195,0.0457,0.018000000000000002
vacancy_O1,O1 vacancy,tetrahedral,2,29;25,5.0342847,-1.0849,-6.1191847,0.08095,0.04744999999999999,0.01895
vacancy_O1,O1 vacancy,tetrahedral,2,29;25,5.0342847,-1.0678,-6.1020847,0.08215,0.04935,0.0201
vacancy_O1,O1 vacancy,tetrahedral,2,29;25,5.0342847,-1.0507,-6.0849847,0.0853,0.051250000000000004,0.0213
vacancy_O1,O1 vacancy,tetrahedral,2,29;25,5.0342847,-1.0337,-6.0679847,0.08985,0.05295,0.02265
vacancy_O1,O1 vacancy,tetrahedral,2,29;25,5.0342847,-1.0166,-6.050884699999999,0.09515,0.0545,0.02385
vacancy_O1,O1 vacancy,tetrahedral,2,29;25,5.0342847,-0.9995,-6.0337847,0.10035,0.0557,0.02485
vacancy_O1,O1 vacancy,tetrahedral,2,29;25,5.0342847,-0.9824,-6.0166847,0.1047,0.05655,0.02565
vacancy_O1,O1 vacancy,tetrahedral,2,29;25,5.0342847,-0.9653,-5.9995847,0.10765,0.057050000000000003,0.02615
vacancy_O1,O1 vacancy,tetrahedral,2,29;25,5.0342847,-0.9482,-5.9824847,0.10894999999999999,0.05735,0.0264
vacancy_O1,O1 vacancy,tetrahedral,2,29;25,5.0342847,-0.9311,-5.9653846999999995,0.1086,0.057249999999999995,0.0262
vacancy_O1,O1 vacancy,tetrahedral,2,29;25,5.0342847,-0.914,-5.948284699999999,0.10700000000000001,0.0571,0.0259
vacancy_O1,O1 vacancy,tetrahedral,2,29;25,5.0342847,-0.8969,-5.931184699999999,0.1047,0.05675000000000001,0.025349999999999998
vacancy_O1,O1 vacancy,tetrahedral,2,29;25,5.0342847,-0.8798,-5.9140847,0.10214999999999999,0.0564,0.024600000000000004
vacancy_O1,O1 vacancy,tetrahedral,2,29;25,5.0342847,-0.8627,-5.8969847,0.0999,0.0562,0.02385
vacancy_O1,O1 vacancy,tetrahedral,2,29;25,5.0342847,-0.8456,-5.8798847,0.09805,0.05595,0.023149999999999997
vacancy_O1,O1 vacancy,tetrahedral,2,29;25,5.0342847,-0.8285,-5.8627847,0.09684999999999999,0.05595,0.022400000000000003
vacancy_O1,O1 vacancy,tetrahedral,2,29;25,5.0342847,-0.8114,-5.8456847,0.09605,0.05605,0.02175
vacancy_O1,O1 vacancy,tetrahedral,2,29;25,5.0342847,-0.7944,-5.8286847,0.0955,0.0563,0.0212
vacancy_O1,O1 vacancy,tetrahedral,2,29;25,5.0342847,-0.7773,-5.8115847,0.095,0.0568,0.0208
vacancy_O1,O1 vacancy,tetrahedral,2,29;25,5.0342847,-0.7602,-5.7944847,0.09440000000000001,0.057350000000000005,0.0206
vacancy_O1,O1 vacancy,tetrahedral,2,29;25,5.0342847,-0.7431,-5.7773847,0.0937,0.05795,0.02035
vacancy_O1,O1 vacancy,tetrahedral,2,29;25,5.0342847,-0.726,-5.7602847,0.09295,0.05855,0.0203
vacancy_O1,O1 vacancy,tetrahedral,2,29;25,5.0342847,-0.7089,-5.7431847,0.09215000000000001,0.0591,0.020450000000000003
vacancy_O1,O1 vacancy,tetrahedral,2,29;25,5.0342847,-0.6918,-5.7260846999999995,0.0915,0.0594,0.02065
vacancy_O1,O1 vacancy,tetrahedral,2,29;25,5.0342847,-0.6747,-5.708984699999999,0.09115000000000001,0.059699999999999996,0.0208
vacancy_O1,O1 vacancy,tetrahedral,2,29;25,5.0342847,-0.6576,-5.691884699999999,0.09115,0.0597,0.021000000000000005
vacancy_O1,O1 vacancy,tetrahedral,2,29;25,5.0342847,-0.6405,-5.6747847,0.09140000000000001,0.0595,0.021150000000000002
vacancy_O1,O1 vacancy,tetrahedral,2,29;25,5.0342847,-0.6234,-5.6576847,0.09190000000000001,0.059300000000000005,0.0213
vacancy_O1,O1 vacancy,tetrahedral,2,29;25,5.0342847,-0.6063,-5.6405847,0.0927,0.0591,0.0213
vacancy_O1,O1 vacancy,tetrahedral,2,29;25,5.0342847,-0.5892,-5.6234847,0.0936,0.058800000000000005,0.0213
vacancy_O1,O1 vacancy,tetrahedral,2,29;25,5.0342847,-0.5722,-5.606484699999999,0.09475,0.0586,0.021450000000000004
vacancy_O1,O1 vacancy,tetrahedral,2,29;25,5.0342847,-0.5551,-5.5893847,0.096,0.05865,0.02145
vacancy_O1,O1 vacancy,tetrahedral,2,29;25,5.0342847,-0.538,-5.5722847,0.09755,0.0589,0.021650000000000003
vacancy_O1,O1 vacancy,tetrahedral,2,29;25,5.0342847,-0.5209,-5.5551847,0.09915,0.05955,0.021900000000000003
vacancy_O1,O1 vacancy,tetrahedral,2,29;25,5.0342847,-0.5038,-5.5380847,0.10085,0.0605,0.02215
vacancy_O1,O1 vacancy,tetrahedral,2,29;25,5.0342847,-0.4867,-5.5209847,0.10250000000000001,0.061900000000000004,0.02255
vacancy_O1,O1 vacancy,tetrahedral,2,29;25,5.0342847,-0.4696,-5.5038846999999995,0.10385,0.06345,0.0229
vacancy_O1,O1 vacancy,tetrahedral,2,29;25,5.0342847,-0.4525,-5.486784699999999,0.10485,0.06525,0.0233
vacancy_O1,O1 vacancy,tetrahedral,2,29;25,5.0342847,-0.4354,-5.4696847,0.1053,0.06675,0.0235
vacancy_O1,O1 vacancy,tetrahedral,2,29;25,5.0342847,-0.4183,-5.4525847,0.1054,0.06815,0.023649999999999997
vacancy_O1,O1 vacancy,tetrahedral,2,29;25,5.0342847,-0.4012,-5.4354847,0.1052,0.0692,0.02385
vacancy_O1,O1 vacancy,tetrahedral,2,29;25,5.0342847,-0.3841,-5.4183847,0.10495,0.06999999999999999,0.023899999999999998
vacancy_O1,O1 vacancy,tetrahedral,2,29;25,5.0342847,-0.367,-5.4012847,0.10500000000000001,0.07050000000000001,0.0241
vacancy_O1,O1 vacancy,tetrahedral,2,29;25,5.0342847,-0.3499,-5.3841847,0.1056,0.07095,0.02425
vacancy_O1,O1 vacancy,tetrahedral,2,29;25,5.0342847,-0.3329,-5.367184699999999,0.1068,0.07145,0.02465
vacancy_O1,O1 vacancy,tetrahedral,2,29;25,5.0342847,-0.3158,-5.3500847,0.10880000000000001,0.07225000000000001,0.025099999999999997
vacancy_O1,O1 vacancy,tetrahedral,2,29;25,5.0342847,-0.2987,-5.3329847,0.11135,0.0733,0.025750000000000002
vacancy_O1,O1 vacancy,tetrahedral,2,29;25,5.0342847,-0.2816,-5.3158847,0.1142,0.07475,0.02645
vacancy_O1,O1 vacancy,tetrahedral,2,29;25,5.0342847,-0.2645,-5.2987847,0.1169,0.07645,0.027250000000000003
vacancy_O1,O1 vacancy,tetrahedral,2,29;25,5.0342847,-0.2474,-5.2816847,0.1191,0.07834999999999999,0.0282
vacancy_O1,O1 vacancy,tetrahedral,2,29;25,5.0342847,-0.2303,-5.2645846999999995,0.12040000000000001,0.08035,0.02895
vacancy_O1,O1 vacancy,tetrahedral,2,29;25,5.0342847,-0.2132,-5.247484699999999,0.12040000000000001,0.08225,0.02955
vacancy_O1,O1 vacancy,tetrahedral,2,29;25,5.0342847,-0.1961,-5.2303847,0.119,0.08395,0.030199999999999998
vacancy_O1,O1 vacancy,tetrahedral,2,29;25,5.0342847,-0.179,-5.2132847,0.11635,0.0852,0.03055
vacancy_O1,O1 vacancy,tetrahedral,2,29;25,5.0342847,-0.1619,-5.1961847,0.11255,0.08585000000000001,0.0308
vacancy_O1,O1 vacancy,tetrahedral,2,29;25,5.0342847,-0.1448,-5.1790847,0.1081,0.0859,0.030950000000000002
vacancy_O1,O1 vacancy,tetrahedral,2,29;25,5.0342847,-0.1277,-5.1619847,0.10325000000000001,0.08545,0.030850000000000002
vacancy_O1,O1 vacancy,tetrahedral,2,29;25,5.0342847,-0.1106,-5.1448846999999995,0.0986,0.08449999999999999,0.030650000000000004
vacancy_O1,O1 vacancy,tetrahedral,2,29;25,5.0342847,-0.0936,-5.1278847,0.09415,0.0833,0.0303
vacancy_O1,O1 vacancy,tetrahedral,2,29;25,5.0342847,-0.0765,-5.1107847,0.09029999999999999,0.08195000000000001,0.029949999999999997
vacancy_O1,O1 vacancy,tetrahedral,2,29;25,5.0342847,-0.0594,-5.0936847,0.08695,0.08095000000000001,0.0296
vacancy_O1,O1 vacancy,tetrahedral,2,29;25,5.0342847,-0.0423,-5.0765847,0.08395,0.0801,0.0293
vacancy_O1,O1 vacancy,tetrahedral,2,29;25,5.0342847,-0.0252,-5.0594847,0.0813,0.0799,0.029
vacancy_O1,O1 vacancy,tetrahedral,2,29;25,5.0342847,-0.0081,-5.0423846999999995,0.07880000000000001,0.0802,0.02885
vacancy_O1,O1 vacancy,tetrahedral,2,29;25,5.0342847,0.009,-5.025284699999999,0.07644999999999999,0.08099999999999999,0.0288
vacancy_O1,O1 vacancy,tetrahedral,2,29;25,5.0342847,0.0261,-5.0081847,0.0741,0.0822,0.028899999999999995
vacancy_O1,O1 vacancy,tetrahedral,2,29;25,5.0342847,0.0432,-4.9910847,0.07185,0.08365,0.028949999999999997
vacancy_O1,O1 vacancy,tetrahedral,2,29;25,5.0342847,0.0603,-4.9739847,0.06975,0.08535000000000001,0.02935
vacancy_O1,O1 vacancy,tetrahedral,2,29;25,5.0342847,0.0774,-4.9568847,0.06795000000000001,0.08695,0.02975
vacancy_O1,O1 vacancy,tetrahedral,2,29;25,5.0342847,0.0945,-4.9397847,0.06675,0.08860000000000001,0.030149999999999996
vacancy_O1,O1 vacancy,tetrahedral,2,29;25,5.0342847,0.1116,-4.9226847,0.06620000000000001,0.09035000000000001,0.0307
vacancy_O1,O1 vacancy,tetrahedral,2,29;25,5.0342847,0.1287,-4.9055846999999995,0.0665,0.09230000000000001,0.031450000000000006
vacancy_O1,O1 vacancy,tetrahedral,2,29;25,5.0342847,0.1457,-4.8885847,0.0676,0.09445,0.0323
vacancy_O1,O1 vacancy,tetrahedral,2,29;25,5.0342847,0.1628,-4.8714847,0.06939999999999999,0.09709999999999999,0.033350000000000005
vacancy_O1,O1 vacancy,tetrahedral,2,29;25,5.0342847,0.1799,-4.8543847,0.0717,0.09989999999999999,0.034350000000000006
vacancy_O1,O1 vacancy,tetrahedral,2,29;25,5.0342847,0.197,-4.8372847,0.0741,0.1029,0.03565
vacancy_O1,O1 vacancy,tetrahedral,2,29;25,5.0342847,0.2141,-4.8201846999999995,0.0763,0.1059,0.03695
vacancy_O1,O1 vacancy,tetrahedral,2,29;25,5.0342847,0.2312,-4.803084699999999,0.07805000000000001,0.10869999999999999,0.038099999999999995
vacancy_O1,O1 vacancy,tetrahedral,2,29;25,5.0342847,0.2483,-4.785984699999999,0.07915,0.1107,0.039099999999999996
vacancy_O1,O1 vacancy,tetrahedral,2,29;25,5.0342847,0.2654,-4.7688847,0.0795,0.1121,0.03985
vacancy_O1,O1 vacancy,tetrahedral,2,29;25,5.0342847,0.2825,-4.7517847,0.0791,0.11255000000000001,0.0402
vacancy_O1,O1 vacancy,tetrahedral,2,29;25,5.0342847,0.2996,-4.7346847,0.0781,0.11235,0.040400000000000005
vacancy_O1,O1 vacancy,tetrahedral,2,29;25,5.0342847,0.3167,-4.7175847,0.07655,0.11135,0.040249999999999994
vacancy_O1,O1 vacancy,tetrahedral,2,29;25,5.0342847,0.3338,-4.7004847,0.07465,0.10995,0.03989999999999999
vacancy_O1,O1 vacancy,tetrahedral,2,29;25,5.0342847,0.3509,-4.6833846999999995,0.07255,0.10835,0.0396
vacancy_O1,O1 vacancy,tetrahedral,2,29;25,5.0342847,0.368,-4.666284699999999,0.07050000000000001,0.1068,0.03915
vacancy_O1,O1 vacancy,tetrahedral,2,29;25,5.0342847,0.385,-4.6492847,0.0687,0.10555,0.038599999999999995
vacancy_O1,O1 vacancy,tetrahedral,2,29;25,5.0342847,0.4021,-4.6321847,0.06735,0.1047,0.038349999999999995
vacancy_O1,O1 vacancy,tetrahedral,2,29;25,5.0342847,0.4192,-4.6150847,0.06659999999999999,0.10435,0.03825
vacancy_O1,O1 vacancy,tetrahedral,2,29;25,5.0342847,0.4363,-4.5979847,0.06634999999999999,0.1046,0.038250000000000006
vacancy_O1,O1 vacancy,tetrahedral,2,29;25,5.0342847,0.4534,-4.5808846999999995,0.06670000000000001,0.1054,0.038349999999999995
vacancy_O1,O1 vacancy,tetrahedral,2,29;25,5.0342847,0.4705,-4.563784699999999,0.0674,0.1066,0.03855
vacancy_O1,O1 vacancy,tetrahedral,2,29;25,5.0342847,0.4876,-4.5466847,0.0683,0.1083,0.03885
vacancy_O1,O1 vacancy,tetrahedral,2,29;25,5.0342847,0.5047,-4.5295847,0.06925,0.11030000000000001,0.03905
vacancy_O1,O1 vacancy,tetrahedral,2,29;25,5.0342847,0.5218,-4.5124847,0.07005,0.11255,0.0393
vacancy_O1,O1 vacancy,tetrahedral,2,29;25,5.0342847,0.5389,-4.4953847,0.0707,0.1148,0.03955
vacancy_O1,O1 vacancy,tetrahedral,2,29;25,5.0342847,0.556,-4.4782847,0.0711,0.11714999999999999,0.0397
vacancy_O1,O1 vacancy,tetrahedral,2,29;25,5.0342847,0.5731,-4.4611847,0.07125000000000001,0.11925,0.03985
vacancy_O1,O1 vacancy,tetrahedral,2,29;25,5.0342847,0.5902,-4.444084699999999,0.0712,0.12104999999999999,0.03985
vacancy_O1,O1 vacancy,tetrahedral,2,29;25,5.0342847,0.6073,-4.4269847,0.0708,0.12225,0.03975
vacancy_O1,O1 vacancy,tetrahedral,2,29;25,5.0342847,0.6243,-4.4099847,0.07005,0.123,0.039599999999999996
vacancy_O1,O1 vacancy,tetrahedral,2,29;25,5.0342847,0.6414,-4.3928847,0.069,0.1231,0.03924999999999999
vacancy_O1,O1 vacancy,tetrahedral,2,29;25,5.0342847,0.6585,-4.3757847,0.0676,0.12275,0.03900000000000001
vacancy_O1,O1 vacancy,tetrahedral,2,29;25,5.0342847,0.6756,-4.3586846999999995,0.06595000000000001,0.12190000000000001,0.0386
vacancy_O1,O1 vacancy,tetrahedral,2,29;25,5.0342847,0.6927,-4.341584699999999,0.06409999999999999,0.1205,0.038400000000000004
vacancy_O1,O1 vacancy,tetrahedral,2,29;25,5.0342847,0.7098,-4.324484699999999,0.0622,0.1187,0.0382
vacancy_O1,O1 vacancy,tetrahedral,2,29;25,5.0342847,0.7269,-4.3073847,0.060300000000000006,0.11654999999999999,0.03805
vacancy_O1,O1 vacancy,tetrahedral,2,29;25,5.0342847,0.744,-4.2902847,0.05845,0.1142,0.038
vacancy_O1,O1 vacancy,tetrahedral,2,29;25,5.0342847,0.7611,-4.2731847,0.056749999999999995,0.11165,0.03795
vacancy_O1,O1 vacancy,tetrahedral,2,29;25,5.0342847,0.7782,-4.2560847,0.0552,0.10915,0.03805
vacancy_O1,O1 vacancy,tetrahedral,2,29;25,5.0342847,0.7953,-4.2389847,0.05375,0.10695,0.03815
vacancy_O1,O1 vacancy,tetrahedral,2,29;25,5.0342847,0.8124,-4.2218846999999995,0.05245,0.1052,0.03835
vacancy_O1,O1 vacancy,tetrahedral,2,29;25,5.0342847,0.8295,-4.204784699999999,0.051199999999999996,0.10395,0.03845
vacancy_O1,O1 vacancy,tetrahedral,2,29;25,5.0342847,0.8466,-4.1876847,0.05005,0.10325000000000001,0.03874999999999999
vacancy_O1,O1 vacancy,tetrahedral,2,29;25,5.0342847,0.8636,-4.1706847,0.04895,0.10289999999999999,0.039
vacancy_O1,O1 vacancy,tetrahedral,2,29;25,5.0342847,0.8807,-4.1535847,0.0479,0.10285,0.0393
vacancy_O1,O1 vacancy,tetrahedral,2,29;25,5.0342847,0.8978,-4.1364847,0.04695,0.1028,0.0395
vacancy_O1,O1 vacancy,tetrahedral,2,29;25,5.0342847,0.9149,-4.1193846999999995,0.04605,0.10255,0.039850000000000003
vacancy_O1,O1 vacancy,tetrahedral,2,29;25,5.0342847,0.932,-4.102284699999999,0.0453,0.10214999999999999,0.04015
vacancy_O1,O1 vacancy,tetrahedral,2,29;25,5.0342847,0.9491,-4.085184699999999,0.0448,0.1017,0.04045
vacancy_O1,O1 vacancy,tetrahedral,2,29;25,5.0342847,0.9662,-4.0680847,0.0445,0.10114999999999999,0.04065
vacancy_O1,O1 vacancy,tetrahedral,2,29;25,5.0342847,0.9833,-4.0509847,0.04445,0.10055,0.040999999999999995
vacancy_O1,O1 vacancy,tetrahedral,2,29;25,5.0342847,1.0004,-4.0338847,0.04455,0.10045,0.0414
vacancy_O1,O1 vacancy,tetrahedral,2,29;25,5.0342847,1.0175,-4.0167847,0.044899999999999995,0.1007,0.0417
vacancy_O1,O1 vacancy,tetrahedral,2,29;25,5.0342847,1.0346,-3.9996846999999995,0.0453,0.1016,0.04214999999999999
vacancy_O1,O1 vacancy,tetrahedral,2,29;25,5.0342847,1.0517,-3.9825846999999994,0.04575,0.10295,0.0427
vacancy_O1,O1 vacancy,tetrahedral,2,29;25,5.0342847,1.0688,-3.9654846999999998,0.0462,0.1046,0.0431
vacancy_O1,O1 vacancy,tetrahedral,2,29;25,5.0342847,1.0859,-3.9483846999999996,0.0465,0.1065,0.043300000000000005
vacancy_O1,O1 vacancy,tetrahedral,2,29;25,5.0342847,1.1029,-3.9313846999999997,0.0466,0.10825,0.04345
vacancy_O1,O1 vacancy,tetrahedral,2,29;25,5.0342847,1.12,-3.9142846999999996,0.04645,0.1097,0.04325
vacancy_O1,O1 vacancy,tetrahedral,2,29;25,5.0342847,1.1371,-3.8971846999999995,0.046,0.11065,0.042800000000000005
vacancy_O1,O1 vacancy,tetrahedral,2,29;25,5.0342847,1.1542,-3.8800847,0.0453,0.11115,0.042050000000000004
vacancy_O1,O1 vacancy,tetrahedral,2,29;25,5.0342847,1.1713,-3.8629846999999997,0.04445,0.1113,0.041249999999999995
vacancy_O1,O1 vacancy,tetrahedral,2,29;25,5.0342847,1.1884,-3.8458847,0.0435,0.11120000000000001,0.0403
vacancy_O1,O1 vacancy,tetrahedral,2,29;25,5.0342847,1.2055,-3.8287847,0.0424,0.111,0.0393
vacancy_O1,O1 vacancy,tetrahedral,2,29;25,5.0342847,1.2226,-3.8116847,0.04145,0.11065,0.038400000000000004
vacancy_O1,O1 vacancy,tetrahedral,2,29;25,5.0342847,1.2397,-3.7945846999999997,0.04055,0.1105,0.0376
vacancy_O1,O1 vacancy,tetrahedral,2,29;25,5.0342847,1.2568,-3.7774846999999996,0.03975,0.11030000000000001,0.03705
vacancy_O1,O1 vacancy,tetrahedral,2,29;25,5.0342847,1.2739,-3.7603846999999995,0.039099999999999996,0.11019999999999999,0.036500000000000005
vacancy_O1,O1 vacancy,tetrahedral,2,29;25,5.0342847,1.291,-3.7432847,0.03855,0.11025,0.03635000000000001
vacancy_O1,O1 vacancy,tetrahedral,2,29;25,5.0342847,1.3081,-3.7261846999999997,0.03805,0.11049999999999999,0.036250000000000004
vacancy_O1,O1 vacancy,tetrahedral,2,29;25,5.0342847,1.3251,-3.7091847,0.0377,0.11095,0.036250000000000004
vacancy_O1,O1 vacancy,tetrahedral,2,29;25,5.0342847,1.3422,-3.6920846999999997,0.0373,0.1117,0.0366
vacancy_O1,O1 vacancy,tetrahedral,2,29;25,5.0342847,1.3593,-3.6749846999999995,0.03705,0.11275,0.03685
vacancy_O1,O1 vacancy,tetrahedral,2,29;25,5.0342847,1.3764,-3.6578846999999994,0.0369,0.11425,0.03725
vacancy_O1,O1 vacancy,tetrahedral,2,29;25,5.0342847,1.3935,-3.6407846999999998,0.0368,0.1162,0.03795
vacancy_O1,O1 vacancy,tetrahedral,2,29;25,5.0342847,1.4106,-3.6236846999999996,0.03685,0.1187,0.0388
vacancy_O1,O1 vacancy,tetrahedral,2,29;25,5.0342847,1.4277,-3.6065847,0.037000000000000005,0.1217,0.039900000000000005
vacancy_O1,O1 vacancy,tetrahedral,2,29;25,5.0342847,1.4448,-3.5894847,0.0372,0.1254,0.0412
vacancy_O1,O1 vacancy,tetrahedral,2,29;25,5.0342847,1.4619,-3.5723846999999997,0.03745,0.12985,0.0429
vacancy_O1,O1 vacancy,tetrahedral,2,29;25,5.0342847,1.479,-3.5552846999999996,0.0377,0.1348,0.044399999999999995
vacancy_O1,O1 vacancy,tetrahedral,2,29;25,5.0342847,1.4961,-3.5381846999999995,0.03795,0.1401,0.04630000000000001
vacancy_O1,O1 vacancy,tetrahedral,2,29;25,5.0342847,1.5132,-3.5210846999999994,0.0381,0.14555,0.048
vacancy_O1,O1 vacancy,tetrahedral,2,29;25,5.0342847,1.5303,-3.5039846999999997,0.0381,0.15075,0.04965
vacancy_O1,O1 vacancy,tetrahedral,2,29;25,5.0342847,1.5474,-3.4868846999999996,0.038,0.15525,0.0509
vacancy_O1,O1 vacancy,tetrahedral,2,29;25,5.0342847,1.5644,-3.4698846999999997,0.0378,0.15889999999999999,0.052000000000000005
vacancy_O1,O1 vacancy,tetrahedral,2,29;25,5.0342847,1.5815,-3.4527846999999996,0.03755,0.1614,0.052750000000000005
vacancy_O1,O1 vacancy,tetrahedral,2,29;25,5.0342847,1.5986,-3.4356846999999995,0.0373,0.16294999999999998,0.0534
vacancy_O1,O1 vacancy,tetrahedral,2,29;25,5.0342847,1.6157,-3.4185847,0.03715,0.16385,0.053849999999999995
vacancy_O1,O1 vacancy,tetrahedral,2,29;25,5.0342847,1.6328,-3.4014846999999997,0.03705,0.16449999999999998,0.0545
vacancy_O1,O1 vacancy,tetrahedral,2,29;25,5.0342847,1.6499,-3.3843847,0.0372,0.16555,0.055400000000000005
vacancy_O1,O1 vacancy,tetrahedral,2,29;25,5.0342847,1.667,-3.3672847,0.0375,0.16774999999999998,0.0567
vacancy_O1,O1 vacancy,tetrahedral,2,29;25,5.0342847,1.6841,-3.3501847,0.0379,0.17149999999999999,0.0586
vacancy_O1,O1 vacancy,tetrahedral,2,29;25,5.0342847,1.7012,-3.3330846999999997,0.038400000000000004,0.17715,0.061149999999999996
vacancy_O1,O1 vacancy,tetrahedral,2,29;25,5.0342847,1.7183,-3.3159846999999996,0.0389,0.1846,0.06415000000000001
vacancy_O1,O1 vacancy,tetrahedral,2,29;25,5.0342847,1.7354,-3.2988846999999994,0.039150000000000004,0.19369999999999998,0.06770000000000001
vacancy_O1,O1 vacancy,tetrahedral,2,29;25,5.0342847,1.7525,-3.2817846999999998,0.0393,0.20379999999999998,0.07145
vacancy_O1,O1 vacancy,tetrahedral,2,29;25,5.0342847,1.7696,-3.2646846999999997,0.03905,0.21425,0.0751
vacancy_O1,O1 vacancy,tetrahedral,2,29;25,5.0342847,1.7867,-3.2475847,0.03855,0.22415000000000002,0.07855000000000001
vacancy_O1,O1 vacancy,tetrahedral,2,29;25,5.0342847,1.8037,-3.2305846999999996,0.03765,0.2328,0.08145
vacancy_O1,O1 vacancy,tetrahedral,2,29;25,5.0342847,1.8208,-3.2134846999999995,0.03655,0.23965,0.0834
vacancy_O1,O1 vacancy,tetrahedral,2,29;25,5.0342847,1.8379,-3.1963846999999994,0.0353,0.2439,0.08465
vacancy_O1,O1 vacancy,tetrahedral,2,29;25,5.0342847,1.855,-3.1792846999999997,0.0339,0.24545,0.08485000000000001
vacancy_O1,O1 vacancy,tetrahedral,2,29;25,5.0342847,1.8721,-3.1621846999999996,0.0325,0.2439,0.08405
vacancy_O1,O1 vacancy,tetrahedral,2,29;25,5.0342847,1.8892,-3.1450847,0.0313,0.23965,0.08245
vacancy_O1,O1 vacancy,tetrahedral,2,29;25,5.0342847,1.9063,-3.1279847,0.030199999999999998,0.23259999999999997,0.07995000000000001
vacancy_O1,O1 vacancy,tetrahedral,2,29;25,5.0342847,1.9234,-3.1108846999999997,0.02935,0.2232,0.07665
vacancy_O1,O1 vacancy,tetrahedral,2,29;25,5.0342847,1.9405,-3.0937846999999996,0.0286,0.21205000000000002,0.07275
vacancy_O1,O1 vacancy,tetrahedral,2,29;25,5.0342847,1.9576,-3.0766846999999995,0.028,0.1996,0.06865
vacancy_O1,O1 vacancy,tetrahedral,2,29;25,5.0342847,1.9747,-3.0595847,0.0275,0.18655,0.0643
vacancy_O1,O1 vacancy,tetrahedral,2,29;25,5.0342847,1.9918,-3.0424846999999997,0.02705,0.17309999999999998,0.06
vacancy_O1,O1 vacancy,tetrahedral,2,29;25,5.0342847,2.0089,-3.0253846999999996,0.02665,0.1598,0.0556
vacancy_O1,O1 vacancy,tetrahedral,2,29;25,5.0342847,2.026,-3.0082847,0.026250000000000002,0.14689999999999998,0.0516
vacancy_O1,O1 vacancy,tetrahedral,2,29;25,5.0342847,2.043,-2.9912846999999996,0.0259,0.1348,0.04795
vacancy_O1,O1 vacancy,tetrahedral,2,29;25,5.0342847,2.0601,-2.9741847,0.02555,0.1235,0.044750000000000005
vacancy_O1,O1 vacancy,tetrahedral,2,29;25,5.0342847,2.0772,-2.9570847,0.02525,0.11345000000000001,0.0421
vacancy_O1,O1 vacancy,tetrahedral,2,29;25,5.0342847,2.0943,-2.9399846999999997,0.025,0.10485,0.040150000000000005
vacancy_O1,O1 vacancy,tetrahedral,2,29;25,5.0342847,2.1114,-2.9228846999999996,0.024849999999999997,0.09790000000000001,0.03875000000000001
vacancy_O1,O1 vacancy,tetrahedral,2,29;25,5.0342847,2.1285,-2.9057847,0.0249,0.0927,0.03815
vacancy_O1,O1 vacancy,tetrahedral,2,29;25,5.0342847,2.1456,-2.8886846999999998,0.025,0.08925,0.0382
vacancy_O1,O1 vacancy,tetrahedral,2,29;25,5.0342847,2.1627,-2.8715846999999997,0.02535,0.0874,0.03885
vacancy_O1,O1 vacancy,tetrahedral,2,29;25,5.0342847,2.1798,-2.8544846999999995,0.025849999999999998,0.08704999999999999,0.039900000000000005
vacancy_O1,O1 vacancy,tetrahedral,2,29;25,5.0342847,2.1969,-2.8373847,0.0264,0.0879,0.04135
vacancy_O1,O1 vacancy,tetrahedral,2,29;25,5.0342847,2.214,-2.8202846999999998,0.027200000000000002,0.0897,0.0432
vacancy_O1,O1 vacancy,tetrahedral,2,29;25,5.0342847,2.2311,-2.8031846999999996,0.02795,0.092,0.0452
vacancy_O1,O1 vacancy,tetrahedral,2,29;25,5.0342847,2.2482,-2.7860846999999995,0.028749999999999998,0.0946,0.04725
vacancy_O1,O1 vacancy,tetrahedral,2,29;25,5.0342847,2.2653,-2.7689847,0.0294,0.09735,0.04925
vacancy_O1,O1 vacancy,tetrahedral,2,29;25,5.0342847,2.2823,-2.7519846999999995,0.0299,0.09995,0.051250000000000004
vacancy_O1,O1 vacancy,tetrahedral,2,29;25,5.0342847,2.2994,-2.7348847,0.0301,0.10239999999999999,0.0533
vacancy_O1,O1 vacancy,tetrahedral,2,29;25,5.0342847,2.3165,-2.7177846999999997,0.03005,0.1046,0.055
vacancy_O1,O1 vacancy,tetrahedral,2,29;25,5.0342847,2.3336,-2.7006846999999996,0.029650000000000003,0.10655,0.0565
vacancy_O1,O1 vacancy,tetrahedral,2,29;25,5.0342847,2.3507,-2.6835847,0.029150000000000002,0.10815,0.05775
vacancy_O1,O1 vacancy,tetrahedral,2,29;25,5.0342847,2.3678,-2.6664847,0.0284,0.10965,0.0587
vacancy_O1,O1 vacancy,tetrahedral,2,29;25,5.0342847,2.3849,-2.6493846999999997,0.027749999999999997,0.11085,0.059500000000000004
vacancy_O1,O1 vacancy,tetrahedral,2,29;25,5.0342847,2.402,-2.6322846999999996,0.02715,0.11195,0.05995
vacancy_O1,O1 vacancy,tetrahedral,2,29;25,5.0342847,2.4191,-2.6151847,0.0267,0.1129,0.06
vacancy_O1,O1 vacancy,tetrahedral,2,29;25,5.0342847,2.4362,-2.5980847,0.0264,0.11365,0.05990000000000001
vacancy_O1,O1 vacancy,tetrahedral,2,29;25,5.0342847,2.4533,-2.5809846999999997,0.026299999999999997,0.11425,0.05965
vacancy_O1,O1 vacancy,tetrahedral,2,29;25,5.0342847,2.4704,-2.5638846999999996,0.02635,0.11455,0.0591
vacancy_O1,O1 vacancy,tetrahedral,2,29;25,5.0342847,2.4875,-2.5467847,0.0264,0.11455,0.05835
vacancy_O1,O1 vacancy,tetrahedral,2,29;25,5.0342847,2.5046,-2.5296847,0.0264,0.1142,0.05740000000000001
vacancy_O1,O1 vacancy,tetrahedral,2,29;25,5.0342847,2.5216,-2.5126847,0.0263,0.11334999999999999,0.05635
vacancy_O1,O1 vacancy,tetrahedral,2,29;25,5.0342847,2.5387,-2.4955846999999998,0.02615,0.112,0.05515
vacancy_O1,O1 vacancy,tetrahedral,2,29;25,5.0342847,2.5558,-2.4784846999999997,0.0259,0.1104,0.0541
vacancy_O1,O1 vacancy,tetrahedral,2,29;25,5.0342847,2.5729,-2.4613846999999995,0.02565,0.1084,0.05325
vacancy_O1,O1 vacancy,tetrahedral,2,29;25,5.0342847,2.59,-2.4442847,0.025500000000000002,0.10619999999999999,0.05265
vacancy_O1,O1 vacancy,tetrahedral,2,29;25,5.0342847,2.6071,-2.4271846999999998,0.025349999999999998,0.10369999999999999,0.0523
vacancy_O1,O1 vacancy,tetrahedral,2,29;25,5.0342847,2.6242,-2.4100846999999996,0.02545,0.10135,0.0524
vacancy_O1,O1 vacancy,tetrahedral,2,29;25,5.0342847,2.6413,-2.3929846999999995,0.0256,0.09894999999999998,0.0529
vacancy_O1,O1 vacancy,tetrahedral,2,29;25,5.0342847,2.6584,-2.3758847,0.0259,0.0968,0.05425
vacancy_O1,O1 vacancy,tetrahedral,2,29;25,5.0342847,2.6755,-2.3587846999999997,0.0262,0.09485,0.0558
vacancy_O1,O1 vacancy,tetrahedral,2,29;25,5.0342847,2.6926,-2.3416846999999996,0.02645,0.09309999999999999,0.05805
vacancy_O1,O1 vacancy,tetrahedral,2,29;25,5.0342847,2.7097,-2.3245846999999995,0.0266,0.0917,0.0606
vacancy_O1,O1 vacancy,tetrahedral,2,29;25,5.0342847,2.7268,-2.3074847,0.026549999999999997,0.0904,0.0633
vacancy_O1,O1 vacancy,tetrahedral,2,29;25,5.0342847,2.7439,-2.2903846999999997,0.026250000000000002,0.0891,0.0659
vacancy_O1,O1 vacancy,tetrahedral,2,29;25,5.0342847,2.7609,-2.2733847,0.025750000000000002,0.08775000000000001,0.06825
vacancy_O1,O1 vacancy,tetrahedral,2,29;25,5.0342847,2.778,-2.2562846999999997,0.025,0.08629999999999999,0.0702
vacancy_O1,O1 vacancy,tetrahedral,2,29;25,5.0342847,2.7951,-2.2391846999999996,0.0242,0.0845,0.0716
vacancy_O1,O1 vacancy,tetrahedral,2,29;25,5.0342847,2.8122,-2.2220847,0.0232,0.08245,0.07220000000000001
vacancy_O1,O1 vacancy,tetrahedral,2,29;25,5.0342847,2.8293,-2.2049847,0.0223,0.08,0.07235
vacancy_O1,O1 vacancy,tetrahedral,2,29;25,5.0342847,2.8464,-2.1878846999999997,0.021449999999999997,0.07744999999999999,0.07189999999999999
vacancy_O1,O1 vacancy,tetrahedral,2,29;25,5.0342847,2.8635,-2.1707846999999996,0.02065,0.0748,0.07100000000000001
vacancy_O1,O1 vacancy,tetrahedral,2,29;25,5.0342847,2.8806,-2.1536847,0.02005,0.07225000000000001,0.0701
vacancy_O1,O1 vacancy,tetrahedral,2,29;25,5.0342847,2.8977,-2.1365847,0.0196,0.0699,0.0691
vacancy_O1,O1 vacancy,tetrahedral,2,29;25,5.0342847,2.9148,-2.1194846999999997,0.01925,0.0679,0.0683
vacancy_O1,O1 vacancy,tetrahedral,2,29;25,5.0342847,2.9319,-2.1023846999999996,0.019,0.06645000000000001,0.0677
vacancy_O1,O1 vacancy,tetrahedral,2,29;25,5.0342847,2.949,-2.0852847,0.01885,0.0654,0.0673
vacancy_O1,O1 vacancy,tetrahedral,2,29;25,5.0342847,2.9661,-2.0681846999999998,0.018750000000000003,0.06455,0.0673
vacancy_O1,O1 vacancy,tetrahedral,2,29;25,5.0342847,2.9831,-2.0511847,0.01865,0.06395,0.06755
vacancy_O1,O1 vacancy,tetrahedral,2,29;25,5.0342847,3.0002,-2.0340846999999997,0.0185,0.06330000000000001,0.068
vacancy_O1,O1 vacancy,tetrahedral,2,29;25,5.0342847,3.0173,-2.0169846999999996,0.018349999999999998,0.06265,0.06845
vacancy_O1,O1 vacancy,tetrahedral,2,29;25,5.0342847,3.0344,-1.9998846999999995,0.01815,0.06165,0.06895
vacancy_O1,O1 vacancy,tetrahedral,2,29;25,5.0342847,3.0515,-1.9827846999999998,0.017849999999999998,0.06035,0.06940000000000002
vacancy_O1,O1 vacancy,tetrahedral,2,29;25,5.0342847,3.0686,-1.9656846999999997,0.01745,0.058899999999999994,0.06995
vacancy_O1,O1 vacancy,tetrahedral,2,29;25,5.0342847,3.0857,-1.9485846999999996,0.01695,0.057300000000000004,0.07045
vacancy_O1,O1 vacancy,tetrahedral,2,29;25,5.0342847,3.1028,-1.9314847,0.0164,0.0557,0.0711
vacancy_O1,O1 vacancy,tetrahedral,2,29;25,5.0342847,3.1199,-1.9143846999999998,0.0159,0.054150000000000004,0.0718
vacancy_O1,O1 vacancy,tetrahedral,2,29;25,5.0342847,3.137,-1.8972846999999997,0.0154,0.052849999999999994,0.0727
vacancy_O1,O1 vacancy,tetrahedral,2,29;25,5.0342847,3.1541,-1.8801846999999996,0.015,0.05155,0.07375000000000001
vacancy_O1,O1 vacancy,tetrahedral,2,29;25,5.0342847,3.1712,-1.8630847,0.01475,0.05035,0.07465
vacancy_O1,O1 vacancy,tetrahedral,2,29;25,5.0342847,3.1883,-1.8459846999999998,0.01465,0.04905,0.0753
vacancy_O1,O1 vacancy,tetrahedral,2,29;25,5.0342847,3.2054,-1.8288846999999997,0.01455,0.047650000000000005,0.07555
vacancy_O1,O1 vacancy,tetrahedral,2,29;25,5.0342847,3.2224,-1.8118846999999998,0.01465,0.046,0.0751
vacancy_O1,O1 vacancy,tetrahedral,2,29;25,5.0342847,3.2395,-1.7947846999999997,0.01465,0.04415,0.07415
vacancy_O1,O1 vacancy,tetrahedral,2,29;25,5.0342847,3.2566,-1.7776846999999996,0.0147,0.04185,0.07225000000000001
vacancy_O1,O1 vacancy,tetrahedral,2,29;25,5.0342847,3.2737,-1.7605847,0.0147,0.039349999999999996,0.06955
vacancy_O1,O1 vacancy,tetrahedral,2,29;25,5.0342847,3.2908,-1.7434846999999998,0.0146,0.03685,0.06615
vacancy_O1,O1 vacancy,tetrahedral,2,29;25,5.0342847,3.3079,-1.7263846999999997,0.0144,0.034350000000000006,0.062150000000000004
vacancy_O1,O1 vacancy,tetrahedral,2,29;25,5.0342847,3.325,-1.7092846999999995,0.014,0.0319,0.05739999999999999
vacancy_O1,O1 vacancy,tetrahedral,2,29;25,5.0342847,3.3421,-1.6921846999999999,0.0136,0.0296,0.052450000000000004
vacancy_O1,O1 vacancy,tetrahedral,2,29;25,5.0342847,3.3592,-1.6750846999999998,0.013,0.027549999999999998,0.047450000000000006
vacancy_O1,O1 vacancy,tetrahedral,2,29;25,5.0342847,3.3763,-1.6579846999999996,0.01235,0.02555,0.04235
vacancy_O1,O1 vacancy,tetrahedral,2,29;25,5.0342847,3.3934,-1.6408846999999995,0.0116,0.02375,0.03755
vacancy_O1,O1 vacancy,tetrahedral,2,29;25,5.0342847,3.4105,-1.6237846999999999,0.0108,0.022150000000000003,0.033350000000000005
vacancy_O1,O1 vacancy,tetrahedral,2,29;25,5.0342847,3.4276,-1.6066846999999997,0.01,0.02055,0.0296
vacancy_O1,O1 vacancy,tetrahedral,2,29;25,5.0342847,3.4447,-1.5895846999999996,0.0092,0.01915,0.02635
vacancy_O1,O1 vacancy,tetrahedral,2,29;25,5.0342847,3.4617,-1.5725846999999997,0.0086,0.017750000000000002,0.023649999999999997
vacancy_O1,O1 vacancy,tetrahedral,2,29;25,5.0342847,3.4788,-1.5554846999999996,0.00805,0.01675,0.021449999999999997
vacancy_O1,O1 vacancy,tetrahedral,2,29;25,5.0342847,3.4959,-1.5383847,0.0077,0.016,0.019799999999999998
vacancy_O1,O1 vacancy,tetrahedral,2,29;25,5.0342847,3.513,-1.5212846999999998,0.0075,0.015649999999999997,0.0187
vacancy_O1,O1 vacancy,tetrahedral,2,29;25,5.0342847,3.5301,-1.5041846999999997,0.0076,0.015649999999999997,0.018
vacancy_O1,O1 vacancy,tetrahedral,2,29;25,5.0342847,3.5472,-1.4870846999999996,0.00785,0.01625,0.0182
vacancy_O1,O1 vacancy,tetrahedral,2,29;25,5.0342847,3.5643,-1.4699847,0.0083,0.017349999999999997,0.01905
vacancy_O1,O1 vacancy,tetrahedral,2,29;25,5.0342847,3.5814,-1.4528846999999998,0.0089,0.0189,0.020649999999999998
vacancy_O1,O1 vacancy,tetrahedral,2,29;25,5.0342847,3.5985,-1.4357846999999997,0.0097,0.0208,0.022949999999999998
vacancy_O1,O1 vacancy,tetrahedral,2,29;25,5.0342847,3.6156,-1.4186846999999996,0.01055,0.022949999999999998,0.026049999999999997
vacancy_O1,O1 vacancy,tetrahedral,2,29;25,5.0342847,3.6327,-1.4015847,0.0114,0.0249,0.0296
vacancy_O1,O1 vacancy,tetrahedral,2,29;25,5.0342847,3.6498,-1.3844846999999998,0.0122,0.0267,0.033549999999999996
vacancy_O1,O1 vacancy,tetrahedral,2,29;25,5.0342847,3.6669,-1.3673846999999997,0.01285,0.0279,0.03755
vacancy_O1,O1 vacancy,tetrahedral,2,29;25,5.0342847,3.684,-1.3502846999999996,0.01325,0.02845,0.04095
vacancy_O1,O1 vacancy,tetrahedral,2,29;25,5.0342847,3.701,-1.3332846999999997,0.01325,0.027950000000000003,0.04365000000000001
vacancy_O1,O1 vacancy,tetrahedral,2,29;25,5.0342847,3.7181,-1.3161846999999995,0.01285,0.02665,0.045149999999999996
vacancy_O1,O1 vacancy,tetrahedral,2,29;25,5.0342847,3.7352,-1.2990846999999999,0.0121,0.024399999999999998,0.0451
vacancy_O1,O1 vacancy,tetrahedral,2,29;25,5.0342847,3.7523,-1.2819846999999998,0.0109,0.0215,0.0437
vacancy_O1,O1 vacancy,tetrahedral,2,29;25,5.0342847,3.7694,-1.2648846999999996,0.0095,0.018250000000000002,0.040600000000000004
vacancy_O1,O1 vacancy,tetrahedral,2,29;25,5.0342847,3.7865,-1.2477846999999995,0.00795,0.0147,0.036500000000000005
vacancy_O1,O1 vacancy,tetrahedral,2,29;25,5.0342847,3.8036,-1.2306846999999999,0.0064,0.01145,0.03155
vacancy_O1,O1 vacancy,tetrahedral,2,29;25,5.0342847,3.8207,-1.2135846999999997,0.0049,0.0086,0.026099999999999998
vacancy_O1,O1 vacancy,tetrahedral,2,29;25,5.0342847,3.8378,-1.1964846999999996,0.0037,0.0062,0.020800000000000003
vacancy_O1,O1 vacancy,tetrahedral,2,29;25,5.0342847,3.8549,-1.1793846999999995,0.0026,0.004200000000000001,0.016
vacancy_O1,O1 vacancy,tetrahedral,2,29;25,5.0342847,3.872,-1.1622846999999998,0.0018,0.00285,0.01175
vacancy_O1,O1 vacancy,tetrahedral,2,29;25,5.0342847,3.8891,-1.1451846999999997,0.0013,0.0019,0.00825
vacancy_O1,O1 vacancy,tetrahedral,2,29;25,5.0342847,3.9062,-1.1280846999999996,0.0009,0.00135,0.00545
vacancy_O1,O1 vacancy,tetrahedral,2,29;25,5.0342847,3.9233,-1.1109847,0.0008,0.0011,0.00355
vacancy_O1,O1 vacancy,tetrahedral,2,29;25,5.0342847,3.9403,-1.0939846999999996,0.001,0.00115,0.0023
vacancy_O1,O1 vacancy,tetrahedral,2,29;25,5.0342847,3.9574,-1.0768847,0.00135,0.00155,0.0015500000000000002
vacancy_O1,O1 vacancy,tetrahedral,2,29;25,5.0342847,3.9745,-1.0597846999999998,0.002,0.0021999999999999997,0.00125
vacancy_O1,O1 vacancy,tetrahedral,2,29;25,5.0342847,3.9916,-1.0426846999999997,0.003,0.00335,0.0013
vacancy_O1,O1 vacancy,tetrahedral,2,29;25,5.0342847,4.0087,-1.0255846999999996,0.0044,0.0048000000000000004,0.0014000000000000002
vacancy_O1,O1 vacancy,tetrahedral,2,29;25,5.0342847,4.0258,-1.0084846999999995,0.0062,0.0069,0.00175
vacancy_O1,O1 vacancy,tetrahedral,2,29;25,5.0342847,4.0429,-0.9913846999999993,0.0086,0.009600000000000001,0.00235
vacancy_O1,O1 vacancy,tetrahedral,2,29;25,5.0342847,4.06,-0.9742847000000001,0.0117,0.0132,0.0032
vacancy_O1,O1 vacancy,tetrahedral,2,29;25,5.0342847,4.0771,-0.9571847,0.0158,0.01815,0.00415
vacancy_O1,O1 vacancy,tetrahedral,2,29;25,5.0342847,4.0942,-0.9400846999999999,0.0214,0.0249,0.005600000000000001
vacancy_O1,O1 vacancy,tetrahedral,2,29;25,5.0342847,4.1113,-0.9229846999999998,0.029,0.03415,0.0076
vacancy_O1,O1 vacancy,tetrahedral,2,29;25,5.0342847,4.1284,-0.9058846999999997,0.03925,0.04675,0.01035
vacancy_O1,O1 vacancy,tetrahedral,2,29;25,5.0342847,4.1455,-0.8887846999999995,0.05265,0.06325,0.01375
vacancy_O1,O1 vacancy,tetrahedral,2,29;25,5.0342847,4.1626,-0.8716846999999994,0.06935,0.08410000000000001,0.018049999999999997
vacancy_O1,O1 vacancy,tetrahedral,2,29;25,5.0342847,4.1796,-0.8546847,0.08915000000000001,0.10905000000000001,0.02325
vacancy_O1,O1 vacancy,tetrahedral,2,29;25,5.0342847,4.1967,-0.8375846999999998,0.1113,0.1371,0.028900000000000002
vacancy_O1,O1 vacancy,tetrahedral,2,29;25,5.0342847,4.2138,-0.8204846999999997,0.13455,0.16685,0.0349
vacancy_O1,O1 vacancy,tetrahedral,2,29;25,5.0342847,4.2309,-0.8033846999999996,0.1572,0.19624999999999998,0.040749999999999995
vacancy_O1,O1 vacancy,tetrahedral,2,29;25,5.0342847,4.248,-0.7862846999999995,0.17745,0.22294999999999998,0.04595
vacancy_O1,O1 vacancy,tetrahedral,2,29;25,5.0342847,4.2651,-0.7691846999999994,0.19340000000000002,0.24464999999999998,0.05
vacancy_O1,O1 vacancy,tetrahedral,2,29;25,5.0342847,4.2822,-0.7520847000000002,0.20375,0.25965,0.0527
vacancy_O1,O1 vacancy,tetrahedral,2,29;25,5.0342847,4.2993,-0.7349847,0.20765,0.26680000000000004,0.053649999999999996
vacancy_O1,O1 vacancy,tetrahedral,2,29;25,5.0342847,4.3164,-0.7178846999999999,0.2052,0.26635,0.05305
vacancy_O1,O1 vacancy,tetrahedral,2,29;25,5.0342847,4.3335,-0.7007846999999998,0.19755,0.2599,0.05115
vacancy_O1,O1 vacancy,tetrahedral,2,29;25,5.0342847,4.3506,-0.6836846999999997,0.18675,0.25,0.0484
vacancy_O1,O1 vacancy,tetrahedral,2,29;25,5.0342847,4.3677,-0.6665846999999996,0.17545,0.24054999999999999,0.04555
vacancy_O1,O1 vacancy,tetrahedral,2,29;25,5.0342847,4.3848,-0.6494846999999995,0.1663,0.23515,0.043399999999999994
vacancy_O1,O1 vacancy,tetrahedral,2,29;25,5.0342847,4.4019,-0.6323846999999994,0.16149999999999998,0.2368,0.04235
vacancy_O1,O1 vacancy,tetrahedral,2,29;25,5.0342847,4.4189,-0.6153846999999999,0.16199999999999998,0.2464,0.04275
vacancy_O1,O1 vacancy,tetrahedral,2,29;25,5.0342847,4.436,-0.5982846999999998,0.1674,0.26325,0.044399999999999995
vacancy_O1,O1 vacancy,tetrahedral,2,29;25,5.0342847,4.4531,-0.5811846999999997,0.17609999999999998,0.28435,0.04705
vacancy_O1,O1 vacancy,tetrahedral,2,29;25,5.0342847,4.4702,-0.5640846999999996,0.1854,0.30584999999999996,0.0498
vacancy_O1,O1 vacancy,tetrahedral,2,29;25,5.0342847,4.4873,-0.5469846999999994,0.1928,0.3236,0.05205
vacancy_O1,O1 vacancy,tetrahedral,2,29;25,5.0342847,4.5044,-0.5298846999999993,0.19619999999999999,0.33425000000000005,0.0532
vacancy_O1,O1 vacancy,tetrahedral,2,29;25,5.0342847,4.5215,-0.5127847000000001,0.1943,0.33605,0.05305
vacancy_O1,O1 vacancy,tetrahedral,2,29;25,5.0342847,4.5386,-0.4956847,0.1871,0.3287,0.0514
vacancy_O1,O1 vacancy,tetrahedral,2,29;25,5.0342847,4.5557,-0.47858469999999986,0.17525000000000002,0.31275,0.0484
vacancy_O1,O1 vacancy,tetrahedral,2,29;25,5.0342847,4.5728,-0.46148469999999975,0.15975,0.28990000000000005,0.044399999999999995
vacancy_O1,O1 vacancy,tetrahedral,2,29;25,5.0342847,4.5899,-0.44438469999999963,0.14175,0.26170000000000004,0.0398
vacancy_O1,O1 vacancy,tetrahedral,2,29;25,5.0342847,4.607,-0.4272846999999995,0.12254999999999999,0.22985,0.034699999999999995
vacancy_O1,O1 vacancy,tetrahedral,2,29;25,5.0342847,4.6241,-0.4101846999999994,0.10295,0.19590000000000002,0.0292
vacancy_O1,O1 vacancy,tetrahedral,2,29;25,5.0342847,4.6412,-0.3930846999999993,0.0838,0.1617,0.02395
vacancy_O1,O1 vacancy,tetrahedral,2,29;25,5.0342847,4.6582,-0.3760846999999998,0.0659,0.12840000000000001,0.0189
vacancy_O1,O1 vacancy,tetrahedral,2,29;25,5.0342847,4.6753,-0.3589846999999997,0.0498,0.098,0.0144
vacancy_O1,O1 vacancy,tetrahedral,2,29;25,5.0342847,4.6924,-0.3418846999999996,0.0361,0.0716,0.01045
vacancy_O1,O1 vacancy,tetrahedral,2,29;25,5.0342847,4.7095,-0.3247846999999995,0.025,0.049850000000000005,0.007299999999999999
vacancy_O1,O1 vacancy,tetrahedral,2,29;25,5.0342847,4.7266,-0.30768469999999937,0.0165,0.033,0.0048000000000000004
vacancy_O1,O1 vacancy,tetrahedral,2,29;25,5.0342847,4.7437,-0.29058470000000014,0.0104,0.02085,0.003
vacancy_O1,O1 vacancy,tetrahedral,2,29;25,5.0342847,4.7608,-0.2734847,0.0062,0.0125,0.0018
vacancy_O1,O1 vacancy,tetrahedral,2,29;25,5.0342847,4.7779,-0.2563846999999999,0.0035,0.006999999999999999,0.001
vacancy_O1,O1 vacancy,tetrahedral,2,29;25,5.0342847,4.795,-0.2392846999999998,0.0019,0.00375,0.0005
vacancy_O1,O1 vacancy,tetrahedral,2,29;25,5.0342847,4.8121,-0.22218469999999968,0.0009,0.0019500000000000001,0.0002
vacancy_O1,O1 vacancy,tetrahedral,2,29;25,5.0342847,4.8292,-0.20508469999999956,0.0005,0.0009,0.00015000000000000001
vacancy_O1,O1 vacancy,tetrahedral,2,29;25,5.0342847,4.8463,-0.18798469999999945,0.0002,0.0004,0.0
vacancy_O1,O1 vacancy,tetrahedral,2,29;25,5.0342847,4.8634,-0.17088469999999933,0.0001,0.0002,0.0
vacancy_O1,O1 vacancy,tetrahedral,2,29;25,5.0342847,4.8804,-0.15388469999999987,0.0,5e-05,0.0
vacancy_O1,O1 vacancy,tetrahedral,2,29;25,5.0342847,4.8975,-0.13678469999999976,0.0,0.0,0.0
vacancy_O1,O1 vacancy,tetrahedral,2,29;25,5.0342847,4.9146,-0.11968469999999964,0.0,0.0,0.0
vacancy_O1,O1 vacancy,tetrahedral,2,29;25,5.0342847,4.9317,-0.10258469999999953,0.0,0.0,0.0
vacancy_O1,O1 vacancy,tetrahedral,2,29;25,5.0342847,4.9488,-0.08548469999999941,0.0,0.0,0.0
vacancy_O1,O1 vacancy,tetrahedral,2,29;25,5.0342847,4.9659,-0.0683846999999993,0.0,0.0,0.0
vacancy_O1,O1 vacancy,tetrahedral,2,29;25,5.0342847,4.983,-0.05128470000000007,0.0,0.0,0.0
vacancy_O1,O1 vacancy,tetrahedral,2,29;25,5.0342847,5.0001,-0.03418469999999996,0.0,0.0,0.0
vacancy_O1,O1 vacancy,tetrahedral,2,29;25,5.0342847,5.0172,-0.01708469999999984,0.0,0.0,0.0
vacancy_O1,O1 vacancy,tetrahedral,2,29;25,5.0342847,5.0343,1.5300000000273428e-05,0.0,0.0,0.0
vacancy_O1,O1 vacancy,tetrahedral,2,29;25,5.0342847,5.0514,0.01711530000000039,0.0,0.0,0.0
vacancy_O1,O1 vacancy,tetrahedral,2,29;25,5.0342847,5.0685,0.034215300000000504,0.0,0.0,0.0
vacancy_O1,O1 vacancy,tetrahedral,2,29;25,5.0342847,5.0856,0.05131530000000062,0.0,0.0,0.0
vacancy_O1,O1 vacancy,tetrahedral,2,29;25,5.0342847,5.1027,0.06841529999999985,0.0,0.0,0.0
vacancy_O1,O1 vacancy,tetrahedral,2,29;25,5.0342847,5.1197,0.0854153000000002,0.0,0.0,0.0
vacancy_O1,O1 vacancy,tetrahedral,2,29;25,5.0342847,5.1368,0.10251530000000031,0.0,0.0,0.0
vacancy_O1,O1 vacancy,tetrahedral,2,29;25,5.0342847,5.1539,0.11961530000000042,0.0,0.0,0.0
vacancy_O1,O1 vacancy,tetrahedral,2,29;25,5.0342847,5.171,0.13671530000000054,0.0,0.0,0.0
vacancy_O1,O1 vacancy,tetrahedral,2,29;25,5.0342847,5.1881,0.15381530000000065,0.0,0.0,0.0
vacancy_O1,O1 vacancy,tetrahedral,2,29;25,5.0342847,5.2052,0.17091529999999988,0.0,0.0,0.0
vacancy_O1,O1 vacancy,tetrahedral,2,29;25,5.0342847,5.2223,0.1880153,0.0,0.0,0.0
vacancy_O1,O1 vacancy,tetrahedral,2,29;25,5.0342847,5.2394,0.2051153000000001,0.0,0.0,0.0
vacancy_O1,O1 vacancy,tetrahedral,2,29;25,5.0342847,5.2565,0.22221530000000023,0.0,0.0,0.0
vacancy_O1,O1 vacancy,tetrahedral,2,29;25,5.0342847,5.2736,0.23931530000000034,0.0,0.0,0.0
vacancy_O1,O1 vacancy,tetrahedral,2,29;25,5.0342847,5.2907,0.25641530000000046,0.0,0.0,0.0
vacancy_O1,O1 vacancy,tetrahedral,2,29;25,5.0342847,5.3078,0.27351530000000057,0.0,0.0,0.0
vacancy_O1,O1 vacancy,tetrahedral,2,29;25,5.0342847,5.3249,0.2906153000000007,0.0,0.0,0.0
vacancy_O1,O1 vacancy,tetrahedral,2,29;25,5.0342847,5.342,0.3077152999999999,0.0,0.0,0.0
vacancy_O1,O1 vacancy,tetrahedral,2,29;25,5.0342847,5.359,0.32471530000000026,0.0,0.0,0.0
vacancy_O1,O1 vacancy,tetrahedral,2,29;25,5.0342847,5.3761,0.3418153000000004,0.0,0.0,0.0
vacancy_O1,O1 vacancy,tetrahedral,2,29;25,5.0342847,5.3932,0.3589153000000005,0.0,0.0,0.0
vacancy_O1,O1 vacancy,tetrahedral,2,29;25,5.0342847,5.4103,0.3760153000000006,0.0,0.0,0.0
vacancy_O1,O1 vacancy,tetrahedral,2,29;25,5.0342847,5.4274,0.39311529999999983,0.0,0.0,0.0
vacancy_O1,O1 vacancy,tetrahedral,2,29;25,5.0342847,5.4445,0.41021529999999995,0.0,0.0,0.0
vacancy_O1,O1 vacancy,tetrahedral,2,29;25,5.0342847,5.4616,0.42731530000000006,0.0,0.0,0.0
vacancy_O1,O1 vacancy,tetrahedral,2,29;25,5.0342847,5.4787,0.4444153000000002,0.0,0.0,0.0
vacancy_O1,O1 vacancy,tetrahedral,2,29;25,5.0342847,5.4958,0.4615153000000003,0.0,0.0,0.0
vacancy_O1,O1 vacancy,tetrahedral,2,29;25,5.0342847,5.5129,0.4786153000000004,0.0,0.0,0.0
vacancy_O1,O1 vacancy,tetrahedral,2,29;25,5.0342847,5.53,0.4957153000000005,0.0,0.0,0.0
vacancy_O1,O1 vacancy,tetrahedral,2,29;25,5.0342847,5.5471,0.5128153000000006,0.0,0.0,0.0
vacancy_O1,O1 vacancy,tetrahedral,2,29;25,5.0342847,5.5642,0.5299152999999999,0.0,0.0,0.0
vacancy_O1,O1 vacancy,tetrahedral,2,29;25,5.0342847,5.5813,0.5470153,0.0,0.0,0.0
vacancy_O1,O1 vacancy,tetrahedral,2,29;25,5.0342847,5.5983,0.5640153000000003,0.0,0.0,0.0
vacancy_O1,O1 vacancy,tetrahedral,2,29;25,5.0342847,5.6154,0.5811153000000004,0.0,0.0,0.0
vacancy_O1,O1 vacancy,tetrahedral,2,29;25,5.0342847,5.6325,0.5982153000000006,0.0,0.0,0.0
vacancy_O1,O1 vacancy,tetrahedral,2,29;25,5.0342847,5.6496,0.6153153000000007,0.0,0.0,0.0
vacancy_O1,O1 vacancy,tetrahedral,2,29;25,5.0342847,5.6667,0.6324152999999999,0.0,0.0,0.0
vacancy_O1,O1 vacancy,tetrahedral,2,29;25,5.0342847,5.6838,0.6495153,0.0,0.0,0.0
vacancy_O1,O1 vacancy,tetrahedral,2,29;25,5.0342847,5.7009,0.6666153000000001,0.0,0.0,0.0
vacancy_O1,O1 vacancy,tetrahedral,2,29;25,5.0342847,5.718,0.6837153000000002,0.0,0.0,0.0
vacancy_O1,O1 vacancy,tetrahedral,2,29;25,5.0342847,5.7351,0.7008153000000004,0.0,0.0,0.0
vacancy_O1,O1 vacancy,tetrahedral,2,29;25,5.0342847,5.7522,0.7179153000000005,0.0,0.0,0.0
vacancy_O1,O1 vacancy,tetrahedral,2,29;25,5.0342847,5.7693,0.7350153000000006,0.0,0.0,0.0
vacancy_O1,O1 vacancy,tetrahedral,2,29;25,5.0342847,5.7864,0.7521153000000007,0.0,0.0,0.0
vacancy_O1,O1 vacancy,tetrahedral,2,29;25,5.0342847,5.8035,0.7692152999999999,0.0,0.0,0.0
vacancy_O1,O1 vacancy,tetrahedral,2,29;25,5.0342847,5.8206,0.7863153,0.0,0.0,0.0
vacancy_O1,O1 vacancy,tetrahedral,2,29;25,5.0342847,5.8376,0.8033153000000004,0.0,0.0,0.0
vacancy_O1,O1 vacancy,tetrahedral,2,29;25,5.0342847,5.8547,0.8204153000000005,0.0,0.0,0.0
vacancy_O1,O1 vacancy,tetrahedral,2,29;25,5.0342847,5.8718,0.8375153000000006,0.0,0.0,0.0
vacancy_O1,O1 vacancy,tetrahedral,2,29;25,5.0342847,5.8889,0.8546152999999999,0.0,0.0,0.0
vacancy_O1,O1 vacancy,tetrahedral,2,29;25,5.0342847,5.906,0.8717153,0.0,0.0,0.0
vacancy_O1,O1 vacancy,tetrahedral,2,29;25,5.0342847,5.9231,0.8888153000000001,0.0,0.0,0.0
vacancy_O1,O1 vacancy,tetrahedral,2,29;25,5.0342847,5.9402,0.9059153000000002,0.0,0.0,0.0
vacancy_O1,O1 vacancy,tetrahedral,2,29;25,5.0342847,5.9573,0.9230153000000003,0.0,0.0,0.0
vacancy_O1,O1 vacancy,tetrahedral,2,29;25,5.0342847,5.9744,0.9401153000000004,0.0,0.0,0.0
vacancy_O1,O1 vacancy,tetrahedral,2,29;25,5.0342847,5.9915,0.9572153000000005,0.0,0.0,0.0
vacancy_O1,O1 vacancy,tetrahedral,2,29;25,5.0342847,6.0086,0.9743153000000007,0.0,0.0,0.0
vacancy_O1,O1 vacancy,tetrahedral,2,29;25,5.0342847,6.0257,0.9914152999999999,0.0,0.0,0.0
vacancy_O1,O1 vacancy,tetrahedral,2,29;25,5.0342847,6.0428,1.0085153,0.0,0.0,0.0
vacancy_O1,O1 vacancy,tetrahedral,2,29;25,5.0342847,6.0599,1.0256153000000001,0.0,0.0,0.0
vacancy_O1,O1 vacancy,tetrahedral,2,29;25,5.0342847,6.0769,1.0426153000000005,0.0,0.0,0.0
vacancy_O1,O1 vacancy,tetrahedral,2,29;25,5.0342847,6.094,1.0597153000000006,0.0,0.0,0.0
vacancy_O1,O1 vacancy,tetrahedral,2,29;25,5.0342847,6.1111,1.0768153000000007,0.0,0.0,0.0
vacancy_O1,O1 vacancy,tetrahedral,2,29;25,5.0342847,6.1282,1.0939153,0.0,0.0001,0.0
vacancy_O1,O1 vacancy,tetrahedral,2,29;25,5.0342847,6.1453,1.1110153,0.0,0.0002,0.0
vacancy_O1,O1 vacancy,tetrahedral,2,29;25,5.0342847,6.1624,1.1281153000000002,0.0001,0.00030000000000000003,0.0
vacancy_O1,O1 vacancy,tetrahedral,2,29;25,5.0342847,6.1795,1.1452153000000003,0.0001,0.0005,0.0
vacancy_O1,O1 vacancy,tetrahedral,2,29;25,5.0342847,6.1966,1.1623153000000004,0.0002,0.0007999999999999999,0.0001
vacancy_O1,O1 vacancy,tetrahedral,2,29;25,5.0342847,6.2137,1.1794153000000005,0.0003,0.0012000000000000001,0.0001
vacancy_O1,O1 vacancy,tetrahedral,2,29;25,5.0342847,6.2308,1.1965153000000006,0.0004,0.0015,0.0001
vacancy_O1,O1 vacancy,tetrahedral,2,29;25,5.0342847,6.2479,1.2136152999999998,0.0005,0.002,0.0002
vacancy_O1,O1 vacancy,tetrahedral,2,29;25,5.0342847,6.265,1.2307153,0.0006,0.0023,0.0002
vacancy_O1,O1 vacancy,tetrahedral,2,29;25,5.0342847,6.2821,1.2478153,0.0006,0.0027,0.0002
vacancy_O1,O1 vacancy,tetrahedral,2,29;25,5.0342847,6.2992,1.2649153000000002,0.0007,0.00285,0.0002
vacancy_O1,O1 vacancy,tetrahedral,2,29;25,5.0342847,6.3162,1.2819153000000005,0.0007,0.0029,0.0002
vacancy_O1,O1 vacancy,tetrahedral,2,29;25,5.0342847,6.3333,1.2990153000000007,0.0007,0.0028000000000000004,0.0002
vacancy_O1,O1 vacancy,tetrahedral,2,29;25,5.0342847,6.3504,1.3161152999999999,0.0006,0.00255,0.0002
vacancy_O1,O1 vacancy,tetrahedral,2,29;25,5.0342847,6.3675,1.3332153,0.0006,0.0021999999999999997,0.0002
vacancy_O1,O1 vacancy,tetrahedral,2,29;25,5.0342847,6.3846,1.3503153,0.0005,0.00205,0.00015000000000000001
vacancy_O1,O1 vacancy,tetrahedral,2,29;25,5.0342847,6.4017,1.3674153000000002,0.0005,0.0018,0.0001
vacancy_O1,O1 vacancy,tetrahedral,2,29;25,5.0342847,6.4188,1.3845153000000003,0.0006,0.0017499999999999998,0.00015000000000000001
vacancy_O1,O1 vacancy,tetrahedral,2,29;25,5.0342847,6.4359,1.4016153000000005,0.0007,0.002,0.00015000000000000001
vacancy_O1,O1 vacancy,tetrahedral,2,29;25,5.0342847,6.453,1.4187153000000006,0.0008,0.0023,0.00025
vacancy_O1,O1 vacancy,tetrahedral,2,29;25,5.0342847,6.4701,1.4358153000000007,0.001,0.0028,0.00030000000000000003
vacancy_O1,O1 vacancy,tetrahedral,2,29;25,5.0342847,6.4872,1.4529153,0.0012,0.0034000000000000002,0.00030000000000000003
vacancy_O1,O1 vacancy,tetrahedral,2,29;25,5.0342847,6.5043,1.4700153,0.00145,0.0041,0.00039999999999999996
vacancy_O1,O1 vacancy,tetrahedral,2,29;25,5.0342847,6.5214,1.4871153000000001,0.0017499999999999998,0.005,0.00045
vacancy_O1,O1 vacancy,tetrahedral,2,29;25,5.0342847,6.5385,1.5042153000000003,0.00195,0.00595,0.0006000000000000001
vacancy_O1,O1 vacancy,tetrahedral,2,29;25,5.0342847,6.5555,1.5212153000000006,0.0021999999999999997,0.00685,0.00065
vacancy_O1,O1 vacancy,tetrahedral,2,29;25,5.0342847,6.5726,1.5383153000000007,0.00245,0.0078,0.00075
vacancy_O1,O1 vacancy,tetrahedral,2,29;25,5.0342847,6.5897,1.5554153,0.00265,0.00875,0.0007999999999999999
vacancy_O1,O1 vacancy,tetrahedral,2,29;25,5.0342847,6.6068,1.5725153,0.0029,0.00955,0.00085
vacancy_O1,O1 vacancy,tetrahedral,2,29;25,5.0342847,6.6239,1.5896153000000002,0.0030499999999999998,0.01025,0.00095
vacancy_O1,O1 vacancy,tetrahedral,2,29;25,5.0342847,6.641,1.6067153000000003,0.0032,0.0109,0.001
vacancy_O1,O1 vacancy,tetrahedral,2,29;25,5.0342847,6.6581,1.6238153000000004,0.00335,0.01125,0.0011
vacancy_O1,O1 vacancy,tetrahedral,2,29;25,5.0342847,6.6752,1.6409153000000005,0.00345,0.011300000000000001,0.0011
vacancy_O1,O1 vacancy,tetrahedral,2,29;25,5.0342847,6.6923,1.6580153000000006,0.00355,0.01125,0.00115
vacancy_O1,O1 vacancy,tetrahedral,2,29;25,5.0342847,6.7094,1.6751152999999999,0.00355,0.0109,0.0012500000000000002
vacancy_O1,O1 vacancy,tetrahedral,2,29;25,5.0342847,6.7265,1.6922153,0.0035,0.010450000000000001,0.0012000000000000001
vacancy_O1,O1 vacancy,tetrahedral,2,29;25,5.0342847,6.7436,1.7093153,0.0035,0.009899999999999999,0.00115
vacancy_O1,O1 vacancy,tetrahedral,2,29;25,5.0342847,6.7607,1.7264153000000002,0.0034999999999999996,0.00935,0.0012000000000000001
vacancy_O1,O1 vacancy,tetrahedral,2,29;25,5.0342847,6.7777,1.7434153000000006,0.0035,0.0089,0.00115
vacancy_O1,O1 vacancy,tetrahedral,2,29;25,5.0342847,6.7948,1.7605153000000007,0.00365,0.00855,0.0010500000000000002
vacancy_O1,O1 vacancy,tetrahedral,2,29;25,5.0342847,6.8119,1.7776153,0.00385,0.0085,0.00115
vacancy_O1,O1 vacancy,tetrahedral,2,29;25,5.0342847,6.829,1.7947153,0.00415,0.008799999999999999,0.00125
vacancy_O1,O1 vacancy,tetrahedral,2,29;25,5.0342847,6.8461,1.8118153000000001,0.0045000000000000005,0.00925,0.00145
vacancy_O1,O1 vacancy,tetrahedral,2,29;25,5.0342847,6.8632,1.8289153000000002,0.00485,0.01,0.0015
vacancy_O1,O1 vacancy,tetrahedral,2,29;25,5.0342847,6.8803,1.8460153000000004,0.00515,0.01075,0.0017
vacancy_O1,O1 vacancy,tetrahedral,2,29;25,5.0342847,6.8974,1.8631153000000005,0.00545,0.01155,0.0017499999999999998
vacancy_O1,O1 vacancy,tetrahedral,2,29;25,5.0342847,6.9145,1.8802153000000006,0.005600000000000001,0.012150000000000001,0.0017
vacancy_O1,O1 vacancy,tetrahedral,2,29;25,5.0342847,6.9316,1.8973153000000007,0.00555,0.012400000000000001,0.00175
vacancy_O1,O1 vacancy,tetrahedral,2,29;25,5.0342847,6.9487,1.9144153,0.00545,0.0125,0.00175
vacancy_O1,O1 vacancy,tetrahedral,2,29;25,5.0342847,6.9658,1.9315153,0.0052499999999999995,0.012199999999999999,0.00175
vacancy_O1,O1 vacancy,tetrahedral,2,29;25,5.0342847,6.9829,1.9486153000000002,0.0051,0.011699999999999999,0.00165
vacancy_O1,O1 vacancy,tetrahedral,2,29;25,5.0342847,7.0,1.9657153000000003,0.0049,0.011099999999999999,0.00155
vacancy_O1,O1 vacancy,tetrahedral,2,29;25,5.0342847,7.017,1.9827153000000006,0.0048000000000000004,0.010499999999999999,0.00155
vacancy_O1,O1 vacancy,tetrahedral,2,29;25,5.0342847,7.0341,1.9998152999999999,0.00485,0.009899999999999999,0.00165
vacancy_O1,O1 vacancy,tetrahedral,2,29;25,5.0342847,7.0512,2.0169153,0.0049,0.00945,0.0015999999999999999
vacancy_O1,O1 vacancy,tetrahedral,2,29;25,5.0342847,7.0683,2.0340153,0.00515,0.009000000000000001,0.0016
vacancy_O1,O1 vacancy,tetrahedral,2,29;25,5.0342847,7.0854,2.0511153,0.0057,0.008749999999999999,0.00165
vacancy_O1,O1 vacancy,tetrahedral,2,29;25,5.0342847,7.1025,2.0682153000000003,0.00675,0.008749999999999999,0.00165
vacancy_O1,O1 vacancy,tetrahedral,2,29;25,5.0342847,7.1196,2.0853153000000004,0.0087,0.00885,0.00165
vacancy_O1,O1 vacancy,tetrahedral,2,29;25,5.0342847,7.1367,2.1024153000000005,0.01225,0.009500000000000001,0.00165
vacancy_O1,O1 vacancy,tetrahedral,2,29;25,5.0342847,7.1538,2.1195153000000007,0.01845,0.011,0.00185
vacancy_O1,O1 vacancy,tetrahedral,2,29;25,5.0342847,7.1709,2.1366153,0.028450000000000003,0.0137,0.0019500000000000001
vacancy_O1,O1 vacancy,tetrahedral,2,29;25,5.0342847,7.188,2.1537153,0.0436,0.01795,0.0024500000000000004
vacancy_O1,O1 vacancy,tetrahedral,2,29;25,5.0342847,7.2051,2.1708153,0.0653,0.024399999999999998,0.0031999999999999997
vacancy_O1,O1 vacancy,tetrahedral,2,29;25,5.0342847,7.2222,2.1879153000000002,0.09409999999999999,0.03315,0.004
vacancy_O1,O1 vacancy,tetrahedral,2,29;25,5.0342847,7.2393,2.2050153000000003,0.12975,0.0441,0.00505
vacancy_O1,O1 vacancy,tetrahedral,2,29;25,5.0342847,7.2563,2.2220153000000007,0.1706,0.0567,0.00625
vacancy_O1,O1 vacancy,tetrahedral,2,29;25,5.0342847,7.2734,2.2391153,0.2136,0.0701,0.007599999999999999
vacancy_O1,O1 vacancy,tetrahedral,2,29;25,5.0342847,7.2905,2.2562153,0.25455,0.08299999999999999,0.008900000000000002
vacancy_O1,O1 vacancy,tetrahedral,2,29;25,5.0342847,7.3076,2.2733153,0.2888,0.0941,0.01005
vacancy_O1,O1 vacancy,tetrahedral,2,29;25,5.0342847,7.3247,2.2904153000000003,0.31225,0.10215,0.01085
vacancy_O1,O1 vacancy,tetrahedral,2,29;25,5.0342847,7.3418,2.3075153000000004,0.3225,0.1067,0.01145
vacancy_O1,O1 vacancy,tetrahedral,2,29;25,5.0342847,7.3589,2.3246153000000005,0.3192,0.10765,0.01165
vacancy_O1,O1 vacancy,tetrahedral,2,29;25,5.0342847,7.376,2.3417153000000006,0.30445,0.1058,0.0116
vacancy_O1,O1 vacancy,tetrahedral,2,29;25,5.0342847,7.3931,2.3588153,0.2823,0.1022,0.0115
vacancy_O1,O1 vacancy,tetrahedral,2,29;25,5.0342847,7.4102,2.3759153,0.25739999999999996,0.09815,0.011450000000000002
vacancy_O1,O1 vacancy,tetrahedral,2,29;25,5.0342847,7.4273,2.3930153,0.2343,0.09490000000000001,0.011450000000000002
vacancy_O1,O1 vacancy,tetrahedral,2,29;25,5.0342847,7.4444,2.4101153,0.21615,0.09305,0.011649999999999999
vacancy_O1,O1 vacancy,tetrahedral,2,29;25,5.0342847,7.4615,2.4272153000000003,0.2046,0.09295,0.01195
vacancy_O1,O1 vacancy,tetrahedral,2,29;25,5.0342847,7.4786,2.4443153000000004,0.19945000000000002,0.0943,0.01245
vacancy_O1,O1 vacancy,tetrahedral,2,29;25,5.0342847,7.4956,2.4613153,0.19935,0.0968,0.01305
vacancy_O1,O1 vacancy,tetrahedral,2,29;25,5.0342847,7.5127,2.4784153,0.20235,0.09960000000000001,0.0137
vacancy_O1,O1 vacancy,tetrahedral,2,29;25,5.0342847,7.5298,2.4955153,0.20625,0.10255,0.014499999999999999
vacancy_O1,O1 vacancy,tetrahedral,2,29;25,5.0342847,7.5469,2.5126153,0.20900000000000002,0.10485,0.01525
vacancy_O1,O1 vacancy,tetrahedral,2,29;25,5.0342847,7.564,2.5297153000000003,0.2089,0.10615,0.01585
vacancy_O1,O1 vacancy,tetrahedral,2,29;25,5.0342847,7.5811,2.5468153000000004,0.2048,0.10585,0.01635
vacancy_O1,O1 vacancy,tetrahedral,2,29;25,5.0342847,7.5982,2.5639153000000006,0.19615,0.10375,0.01665
vacancy_O1,O1 vacancy,tetrahedral,2,29;25,5.0342847,7.6153,2.5810153000000007,0.18309999999999998,0.09955,0.016600000000000004
vacancy_O1,O1 vacancy,tetrahedral,2,29;25,5.0342847,7.6324,2.5981153,0.16695,0.09365,0.01625
vacancy_O1,O1 vacancy,tetrahedral,2,29;25,5.0342847,7.6495,2.6152153,0.1497,0.08655,0.015600000000000001
vacancy_O1,O1 vacancy,tetrahedral,2,29;25,5.0342847,7.6666,2.6323153,0.13385,0.0791,0.01485
vacancy_O1,O1 vacancy,tetrahedral,2,29;25,5.0342847,7.6837,2.6494153000000003,0.12225,0.0725,0.0141
vacancy_O1,O1 vacancy,tetrahedral,2,29;25,5.0342847,7.7008,2.6665153000000004,0.11705,0.0677,0.01365
vacancy_O1,O1 vacancy,tetrahedral,2,29;25,5.0342847,7.7179,2.6836153000000005,0.11954999999999999,0.06545000000000001,0.01335
vacancy_O1,O1 vacancy,tetrahedral,2,29;25,5.0342847,7.7349,2.7006153,0.12975,0.066,0.013550000000000001
vacancy_O1,O1 vacancy,tetrahedral,2,29;25,5.0342847,7.752,2.7177153,0.14645,0.06925,0.01395
vacancy_O1,O1 vacancy,tetrahedral,2,29;25,5.0342847,7.7691,2.7348153,0.16725,0.07425,0.01455
vacancy_O1,O1 vacancy,tetrahedral,2,29;25,5.0342847,7.7862,2.7519153000000003,0.18895,0.0802,0.0153
vacancy_O1,O1 vacancy,tetrahedral,2,29;25,5.0342847,7.8033,2.7690153000000004,0.2082,0.08585000000000001,0.0158
vacancy_O1,O1 vacancy,tetrahedral,2,29;25,5.0342847,7.8204,2.7861153000000005,0.22205,0.0901,0.016149999999999998
vacancy_O1,O1 vacancy,tetrahedral,2,29;25,5.0342847,7.8375,2.8032153000000006,0.22845,0.09215000000000001,0.016099999999999996
vacancy_O1,O1 vacancy,tetrahedral,2,29;25,5.0342847,7.8546,2.8203153,0.22655,0.09154999999999999,0.01575
vacancy_O1,O1 vacancy,tetrahedral,2,29;25,5.0342847,7.8717,2.8374153,0.21675,0.08845,0.0152
vacancy_O1,O1 vacancy,tetrahedral,2,29;25,5.0342847,7.8888,2.8545153,0.2009,0.08335000000000001,0.014599999999999998
vacancy_O1,O1 vacancy,tetrahedral,2,29;25,5.0342847,7.9059,2.8716153,0.18125,0.07715,0.014199999999999999
vacancy_O1,O1 vacancy,tetrahedral,2,29;25,5.0342847,7.923,2.8887153000000003,0.16065000000000002,0.071,0.014249999999999999
vacancy_O1,O1 vacancy,tetrahedral,2,29;25,5.0342847,7.9401,2.9058153000000004,0.14185,0.0661,0.0147
vacancy_O1,O1 vacancy,tetrahedral,2,29;25,5.0342847,7.9572,2.9229153000000005,0.1268,0.06325,0.01615
vacancy_O1,O1 vacancy,tetrahedral,2,29;25,5.0342847,7.9742,2.9399153,0.11665,0.06295,0.018349999999999998
vacancy_O1,O1 vacancy,tetrahedral,2,29;25,5.0342847,7.9913,2.9570153,0.11165,0.06525,0.02105
vacancy_O1,O1 vacancy,tetrahedral,2,29;25,5.0342847,8.0084,2.9741153000000002,0.11105000000000001,0.0699,0.02415
vacancy_O1,O1 vacancy,tetrahedral,2,29;25,5.0342847,8.0255,2.9912152999999995,0.1136,0.0757,0.0274
vacancy_O1,O1 vacancy,tetrahedral,2,29;25,5.0342847,8.0426,3.0083153000000005,0.1178,0.08224999999999999,0.030350000000000002
vacancy_O1,O1 vacancy,tetrahedral,2,29;25,5.0342847,8.0597,3.0254152999999997,0.1221,0.08835,0.03305
vacancy_O1,O1 vacancy,tetrahedral,2,29;25,5.0342847,8.0768,3.0425153000000007,0.1255,0.09345,0.03485
vacancy_O1,O1 vacancy,tetrahedral,2,29;25,5.0342847,8.0939,3.0596153,0.12735,0.09705,0.0359
vacancy_O1,O1 vacancy,tetrahedral,2,29;25,5.0342847,8.111,3.076715300000001,0.12724999999999997,0.09875,0.0361
vacancy_O1,O1 vacancy,tetrahedral,2,29;25,5.0342847,8.1281,3.0938153,0.12525,0.09855,0.0356
vacancy_O1,O1 vacancy,tetrahedral,2,29;25,5.0342847,8.1452,3.110915300000001,0.12145,0.0965,0.03435
vacancy_O1,O1 vacancy,tetrahedral,2,29;25,5.0342847,8.1623,3.1280153000000004,0.11595,0.0928,0.03265
vacancy_O1,O1 vacancy,tetrahedral,2,29;25,5.0342847,8.1794,3.1451152999999996,0.1091,0.08785000000000001,0.03055
vacancy_O1,O1 vacancy,tetrahedral,2,29;25,5.0342847,8.1965,3.1622153000000006,0.10139999999999999,0.0819,0.028199999999999996
vacancy_O1,O1 vacancy,tetrahedral,2,29;25,5.0342847,8.2135,3.1792153,0.0933,0.0758,0.02595
vacancy_O1,O1 vacancy,tetrahedral,2,29;25,5.0342847,8.2306,3.196315300000001,0.08535000000000001,0.0695,0.02375
vacancy_O1,O1 vacancy,tetrahedral,2,29;25,5.0342847,8.2477,3.2134153000000003,0.07815,0.0638,0.02165
vacancy_O1,O1 vacancy,tetrahedral,2,29;25,5.0342847,8.2648,3.2305152999999995,0.07225000000000001,0.0587,0.01985
vacancy_O1,O1 vacancy,tetrahedral,2,29;25,5.0342847,8.2819,3.2476153000000005,0.0681,0.054650000000000004,0.018349999999999998
vacancy_O1,O1 vacancy,tetrahedral,2,29;25,5.0342847,8.299,3.2647152999999998,0.06659999999999999,0.051699999999999996,0.01715
vacancy_O1,O1 vacancy,tetrahedral,2,29;25,5.0342847,8.3161,3.2818153000000008,0.0688,0.05035,0.016300000000000002
vacancy_O1,O1 vacancy,tetrahedral,2,29;25,5.0342847,8.3332,3.2989153,0.07594999999999999,0.05085,0.01575
vacancy_O1,O1 vacancy,tetrahedral,2,29;25,5.0342847,8.3503,3.316015300000001,0.08965000000000001,0.053649999999999996,0.015649999999999997
vacancy_O1,O1 vacancy,tetrahedral,2,29;25,5.0342847,8.3674,3.3331153000000002,0.1112,0.0593,0.0161
vacancy_O1,O1 vacancy,tetrahedral,2,29;25,5.0342847,8.3845,3.3502152999999995,0.14155,0.06815,0.017
vacancy_O1,O1 vacancy,tetrahedral,2,29;25,5.0342847,8.4016,3.3673153000000005,0.18059999999999998,0.0801,0.01845
vacancy_O1,O1 vacancy,tetrahedral,2,29;25,5.0342847,8.4187,3.3844152999999997,0.22699999999999998,0.0948,0.02055
vacancy_O1,O1 vacancy,tetrahedral,2,29;25,5.0342847,8.4357,3.401415300000001,0.2778,0.11145,0.0229
vacancy_O1,O1 vacancy,tetrahedral,2,29;25,5.0342847,8.4528,3.4185153,0.32885,0.12865,0.02535
vacancy_O1,O1 vacancy,tetrahedral,2,29;25,5.0342847,8.4699,3.435615300000001,0.37485,0.14465,0.0276
vacancy_O1,O1 vacancy,tetrahedral,2,29;25,5.0342847,8.487,3.4527153000000004,0.4105,0.15794999999999998,0.029249999999999998
vacancy_O1,O1 vacancy,tetrahedral,2,29;25,5.0342847,8.5041,3.4698152999999996,0.4313,0.1667,0.0303
vacancy_O1,O1 vacancy,tetrahedral,2,29;25,5.0342847,8.5212,3.4869153000000006,0.43465,0.17004999999999998,0.03045
vacancy_O1,O1 vacancy,tetrahedral,2,29;25,5.0342847,8.5383,3.5040153,0.42035,0.1679,0.0296
vacancy_O1,O1 vacancy,tetrahedral,2,29;25,5.0342847,8.5554,3.521115300000001,0.3907,0.16060000000000002,0.028
vacancy_O1,O1 vacancy,tetrahedral,2,29;25,5.0342847,8.5725,3.5382153,0.35005,0.14975,0.02575
vacancy_O1,O1 vacancy,tetrahedral,2,29;25,5.0342847,8.5896,3.555315300000001,0.3038,0.13679999999999998,0.02335
vacancy_O1,O1 vacancy,tetrahedral,2,29;25,5.0342847,8.6067,3.5724153000000003,0.25715,0.12365000000000001,0.02085
vacancy_O1,O1 vacancy,tetrahedral,2,29;25,5.0342847,8.6238,3.5895152999999995,0.21434999999999998,0.1116,0.01865
vacancy_O1,O1 vacancy,tetrahedral,2,29;25,5.0342847,8.6409,3.6066153000000005,0.17785,0.10139999999999999,0.016800000000000002
vacancy_O1,O1 vacancy,tetrahedral,2,29;25,5.0342847,8.658,3.6237152999999998,0.14845,0.0932,0.015300000000000001
vacancy_O1,O1 vacancy,tetrahedral,2,29;25,5.0342847,8.675,3.640715300000001,0.1256,0.08660000000000001,0.014100000000000001
vacancy_O1,O1 vacancy,tetrahedral,2,29;25,5.0342847,8.6921,3.6578153,0.10775000000000001,0.081,0.013049999999999999
vacancy_O1,O1 vacancy,tetrahedral,2,29;25,5.0342847,8.7092,3.6749152999999994,0.09345,0.0755,0.012
vacancy_O1,O1 vacancy,tetrahedral,2,29;25,5.0342847,8.7263,3.6920153000000004,0.08115,0.06985,0.010950000000000001
vacancy_O1,O1 vacancy,tetrahedral,2,29;25,5.0342847,8.7434,3.7091152999999997,0.07020000000000001,0.0637,0.009850000000000001
vacancy_O1,O1 vacancy,tetrahedral,2,29;25,5.0342847,8.7605,3.7262153000000007,0.06015,0.057300000000000004,0.008650000000000001
vacancy_O1,O1 vacancy,tetrahedral,2,29;25,5.0342847,8.7776,3.7433153,0.05155,0.0511,0.00765
vacancy_O1,O1 vacancy,tetrahedral,2,29;25,5.0342847,8.7947,3.760415300000001,0.04485,0.0456,0.0069
vacancy_O1,O1 vacancy,tetrahedral,2,29;25,5.0342847,8.8118,3.7775153,0.041249999999999995,0.041499999999999995,0.0063
vacancy_O1,O1 vacancy,tetrahedral,2,29;25,5.0342847,8.8289,3.794615300000001,0.04195,0.0395,0.00645
vacancy_O1,O1 vacancy,tetrahedral,2,29;25,5.0342847,8.846,3.8117153000000004,0.048299999999999996,0.03995,0.00695
vacancy_O1,O1 vacancy,tetrahedral,2,29;25,5.0342847,8.8631,3.8288152999999996,0.061649999999999996,0.043050000000000005,0.007949999999999999
vacancy_O1,O1 vacancy,tetrahedral,2,29;25,5.0342847,8.8802,3.8459153000000006,0.08295,0.049,0.0098
vacancy_O1,O1 vacancy,tetrahedral,2,29;25,5.0342847,8.8973,3.8630153,0.1122,0.0576,0.012199999999999999
vacancy_O1,O1 vacancy,tetrahedral,2,29;25,5.0342847,8.9143,3.880015300000001,0.1482,0.06795000000000001,0.015050000000000001
vacancy_O1,O1 vacancy,tetrahedral,2,29;25,5.0342847,8.9314,3.8971153000000003,0.18825,0.0795,0.018049999999999997
vacancy_O1,O1 vacancy,tetrahedral,2,29;25,5.0342847,8.9485,3.9142152999999995,0.22785,0.09069999999999999,0.02085
vacancy_O1,O1 vacancy,tetrahedral,2,29;25,5.0342847,8.9656,3.9313153000000005,0.2621,0.1003,0.02345
vacancy_O1,O1 vacancy,tetrahedral,2,29;25,5.0342847,8.9827,3.9484152999999997,0.28574999999999995,0.10675,0.02515
vacancy_O1,O1 vacancy,tetrahedral,2,29;25,5.0342847,8.9998,3.9655153000000007,0.29505,0.10930000000000001,0.026049999999999997
vacancy_O1,O1 vacancy,tetrahedral,2,29;25,5.0342847,9.0169,3.9826153,0.28859999999999997,0.10754999999999999,0.02585
vacancy_O1,O1 vacancy,tetrahedral,2,29;25,5.0342847,9.034,3.999715300000001,0.2675,0.10170000000000001,0.02465
vacancy_O1,O1 vacancy,tetrahedral,2,29;25,5.0342847,9.0511,4.0168153,0.23515,0.0928,0.02275
vacancy_O1,O1 vacancy,tetrahedral,2,29;25,5.0342847,9.0682,4.033915299999999,0.19655,0.08205,0.02035
vacancy_O1,O1 vacancy,tetrahedral,2,29;25,5.0342847,9.0853,4.0510153,0.15675,0.07085000000000001,0.017799999999999996
vacancy_O1,O1 vacancy,tetrahedral,2,29;25,5.0342847,9.1024,4.0681153,0.12004999999999999,0.0601,0.0155
vacancy_O1,O1 vacancy,tetrahedral,2,29;25,5.0342847,9.1195,4.085215300000001,0.08915000000000001,0.050850000000000006,0.0133
vacancy_O1,O1 vacancy,tetrahedral,2,29;25,5.0342847,9.1366,4.1023153,0.06525,0.0432,0.01175
vacancy_O1,O1 vacancy,tetrahedral,2,29;25,5.0342847,9.1536,4.119315300000001,0.04825,0.037349999999999994,0.01035
vacancy_O1,O1 vacancy,tetrahedral,2,29;25,5.0342847,9.1707,4.1364153,0.0369,0.0332,0.00955
vacancy_O1,O1 vacancy,tetrahedral,2,29;25,5.0342847,9.1878,4.1535153,0.0299,0.03075,0.009000000000000001
vacancy_O1,O1 vacancy,tetrahedral,2,29;25,5.0342847,9.2049,4.170615300000001,0.025849999999999998,0.0294,0.008899999999999998
vacancy_O1,O1 vacancy,tetrahedral,2,29;25,5.0342847,9.222,4.1877153,0.0237,0.0292,0.0091
vacancy_O1,O1 vacancy,tetrahedral,2,29;25,5.0342847,9.2391,4.204815300000001,0.022699999999999998,0.03015,0.0095
vacancy_O1,O1 vacancy,tetrahedral,2,29;25,5.0342847,9.2562,4.2219153,0.0224,0.0317,0.01005
vacancy_O1,O1 vacancy,tetrahedral,2,29;25,5.0342847,9.2733,4.239015300000001,0.022449999999999998,0.03415,0.0108
vacancy_O1,O1 vacancy,tetrahedral,2,29;25,5.0342847,9.2904,4.2561153,0.022699999999999998,0.03685,0.0116
vacancy_O1,O1 vacancy,tetrahedral,2,29;25,5.0342847,9.3075,4.2732152999999995,0.02305,0.0398,0.012450000000000001
vacancy_O1,O1 vacancy,tetrahedral,2,29;25,5.0342847,9.3246,4.2903153000000005,0.02355,0.0426,0.01325
vacancy_O1,O1 vacancy,tetrahedral,2,29;25,5.0342847,9.3417,4.3074153,0.0241,0.045399999999999996,0.01385
vacancy_O1,O1 vacancy,tetrahedral,2,29;25,5.0342847,9.3588,4.324515300000001,0.024800000000000003,0.048049999999999995,0.01445
vacancy_O1,O1 vacancy,tetrahedral,2,29;25,5.0342847,9.3759,4.3416153,0.0257,0.05075,0.01475
vacancy_O1,O1 vacancy,tetrahedral,2,29;25,5.0342847,9.3929,4.358615299999999,0.02675,0.05349999999999999,0.0149
vacancy_O1,O1 vacancy,tetrahedral,2,29;25,5.0342847,9.41,4.3757153,0.0279,0.05664999999999999,0.015099999999999999
vacancy_O1,O1 vacancy,tetrahedral,2,29;25,5.0342847,9.4271,4.3928153,0.0291,0.06025,0.015199999999999998
vacancy_O1,O1 vacancy,tetrahedral,2,29;25,5.0342847,9.4442,4.409915300000001,0.030199999999999998,0.064,0.015199999999999998
vacancy_O1,O1 vacancy,tetrahedral,2,29;25,5.0342847,9.4613,4.4270153,0.0308,0.06785000000000001,0.015300000000000001
vacancy_O1,O1 vacancy,tetrahedral,2,29;25,5.0342847,9.4784,4.444115300000001,0.03085,0.07145,0.0154
vacancy_O1,O1 vacancy,tetrahedral,2,29;25,5.0342847,9.4955,4.4612153,0.03025,0.0746,0.0155
vacancy_O1,O1 vacancy,tetrahedral,2,29;25,5.0342847,9.5126,4.478315300000001,0.02905,0.0771,0.015649999999999997
vacancy_O1,O1 vacancy,tetrahedral,2,29;25,5.0342847,9.5297,4.4954153,0.0275,0.07895,0.015850000000000003
vacancy_O1,O1 vacancy,tetrahedral,2,29;25,5.0342847,9.5468,4.5125153,0.02565,0.0801,0.01625
vacancy_O1,O1 vacancy,tetrahedral,2,29;25,5.0342847,9.5639,4.529615300000001,0.023850000000000003,0.08099999999999999,0.016550000000000002
vacancy_O1,O1 vacancy,tetrahedral,2,29;25,5.0342847,9.581,4.5467153,0.022150000000000003,0.0817,0.017050000000000003
vacancy_O1,O1 vacancy,tetrahedral,2,29;25,5.0342847,9.5981,4.563815300000001,0.020749999999999998,0.08225,0.017549999999999996
vacancy_O1,O1 vacancy,tetrahedral,2,29;25,5.0342847,9.6152,4.5809153,0.0196,0.08274999999999999,0.01795
vacancy_O1,O1 vacancy,tetrahedral,2,29;25,5.0342847,9.6322,4.5979152999999995,0.0187,0.08315,0.0182
vacancy_O1,O1 vacancy,tetrahedral,2,29;25,5.0342847,9.6493,4.6150153000000005,0.018000000000000002,0.0832,0.0184
vacancy_O1,O1 vacancy,tetrahedral,2,29;25,5.0342847,9.6664,4.6321153,0.0174,0.08295,0.01845
vacancy_O1,O1 vacancy,tetrahedral,2,29;25,5.0342847,9.6835,4.649215300000001,0.01695,0.082,0.0184
vacancy_O1,O1 vacancy,tetrahedral,2,29;25,5.0342847,9.7006,4.6663153,0.016649999999999998,0.0804,0.01815
vacancy_O1,O1 vacancy,tetrahedral,2,29;25,5.0342847,9.7177,4.683415300000001,0.0165,0.07819999999999999,0.0178
vacancy_O1,O1 vacancy,tetrahedral,2,29;25,5.0342847,9.7348,4.7005153,0.016649999999999998,0.07575000000000001,0.017349999999999997
vacancy_O1,O1 vacancy,tetrahedral,2,29;25,5.0342847,9.7519,4.717615299999999,0.017099999999999997,0.07325000000000001,0.017
vacancy_O1,O1 vacancy,tetrahedral,2,29;25,5.0342847,9.769,4.7347153,0.017849999999999998,0.07119999999999999,0.01645
vacancy_O1,O1 vacancy,tetrahedral,2,29;25,5.0342847,9.7861,4.7518153,0.019,0.06989999999999999,0.0162
vacancy_O1,O1 vacancy,tetrahedral,2,29;25,5.0342847,9.8032,4.768915300000001,0.0205,0.06945,0.01595
vacancy_O1,O1 vacancy,tetrahedral,2,29;25,5.0342847,9.8203,4.7860153,0.022350000000000002,0.06995,0.01595
vacancy_O1,O1 vacancy,tetrahedral,2,29;25,5.0342847,9.8374,4.803115300000001,0.0242,0.0713,0.016
vacancy_O1,O1 vacancy,tetrahedral,2,29;25,5.0342847,9.8545,4.8202153,0.026099999999999998,0.0732,0.016149999999999998
vacancy_O1,O1 vacancy,tetrahedral,2,29;25,5.0342847,9.8715,4.8372152999999996,0.02775,0.07535,0.0165
vacancy_O1,O1 vacancy,tetrahedral,2,29;25,5.0342847,9.8886,4.8543153000000006,0.028999999999999998,0.0779,0.0167
vacancy_O1,O1 vacancy,tetrahedral,2,29;25,5.0342847,9.9057,4.8714153,0.02965,0.08024999999999999,0.0169
vacancy_O1,O1 vacancy,tetrahedral,2,29;25,5.0342847,9.9228,4.888515300000001,0.02975,0.08255,0.0171
vacancy_O1,O1 vacancy,tetrahedral,2,29;25,5.0342847,9.9399,4.9056153,0.02915,0.08485000000000001,0.0171
vacancy_O1,O1 vacancy,tetrahedral,2,29;25,5.0342847,9.957,4.922715300000001,0.02815,0.08705,0.01725
vacancy_O1,O1 vacancy,tetrahedral,2,29;25,5.0342847,9.9741,4.9398153,0.0267,0.0893,0.0172
vacancy_O1,O1 vacancy,tetrahedral,2,29;25,5.0342847,9.9912,4.9569152999999995,0.0252,0.09159999999999999,0.017349999999999997
vacancy_O1,O1 vacancy,tetrahedral,2,29;25,5.0342847,10.0083,4.9740153000000005,0.0237,0.09415000000000001,0.0175
vacancy_O1,O1 vacancy,tetrahedral,2,29;25,5.0342847,10.0254,4.9911153,0.02255,0.09695000000000001,0.017599999999999998
vacancy_O1,O1 vacancy,tetrahedral,2,29;25,5.0342847,10.0425,5.008215300000001,0.02185,0.09985,0.017849999999999998
vacancy_O1,O1 vacancy,tetrahedral,2,29;25,5.0342847,10.0596,5.0253153,0.021699999999999997,0.1029,0.01805
vacancy_O1,O1 vacancy,tetrahedral,2,29;25,5.0342847,10.0767,5.042415300000001,0.0221,0.10575000000000001,0.018099999999999998
vacancy_O1,O1 vacancy,tetrahedral,2,29;25,5.0342847,10.0938,5.0595153,0.0231,0.10815,0.018349999999999998
vacancy_O1,O1 vacancy,tetrahedral,2,29;25,5.0342847,10.1108,5.0765153,0.02445,0.10965,0.0184
vacancy_O1,O1 vacancy,tetrahedral,2,29;25,5.0342847,10.1279,5.093615300000001,0.02595,0.10969999999999999,0.01845
vacancy_O1,O1 vacancy,tetrahedral,2,29;25,5.0342847,10.145,5.1107153,0.02725,0.10844999999999999,0.0183
vacancy_O1,O1 vacancy,tetrahedral,2,29;25,5.0342847,10.1621,5.127815300000001,0.028200000000000003,0.1057,0.01795
vacancy_O1,O1 vacancy,tetrahedral,2,29;25,5.0342847,10.1792,5.1449153,0.02855,0.10185,0.017599999999999998
vacancy_O1,O1 vacancy,tetrahedral,2,29;25,5.0342847,10.1963,5.162015300000001,0.0283,0.09745,0.01715
vacancy_O1,O1 vacancy,tetrahedral,2,29;25,5.0342847,10.2134,5.1791153,0.027450000000000002,0.0933,0.0169
vacancy_O1,O1 vacancy,tetrahedral,2,29;25,5.0342847,10.2305,5.1962152999999995,0.0262,0.08975,0.0166
vacancy_O1,O1 vacancy,tetrahedral,2,29;25,5.0342847,10.2476,5.2133153000000005,0.02475,0.08725,0.0166
vacancy_O1,O1 vacancy,tetrahedral,2,29;25,5.0342847,10.2647,5.2304153,0.0234,0.08610000000000001,0.016649999999999998
vacancy_O1,O1 vacancy,tetrahedral,2,29;25,5.0342847,10.2818,5.247515300000001,0.02225,0.08610000000000001,0.01695
vacancy_O1,O1 vacancy,tetrahedral,2,29;25,5.0342847,10.2989,5.2646153,0.02155,0.087,0.0172
vacancy_O1,O1 vacancy,tetrahedral,2,29;25,5.0342847,10.316,5.281715300000001,0.02135,0.08860000000000001,0.0177
vacancy_O1,O1 vacancy,tetrahedral,2,29;25,5.0342847,10.333,5.2987153000000005,0.0217,0.0907,0.0182
vacancy_O1,O1 vacancy,tetrahedral,2,29;25,5.0342847,10.3501,5.3158153,0.0225,0.093,0.0188
vacancy_O1,O1 vacancy,tetrahedral,2,29;25,5.0342847,10.3672,5.332915300000001,0.02385,0.09559999999999999,0.0195
vacancy_O1,O1 vacancy,tetrahedral,2,29;25,5.0342847,10.3843,5.3500153,0.02545,0.09845000000000001,0.020249999999999997
vacancy_O1,O1 vacancy,tetrahedral,2,29;25,5.0342847,10.4014,5.367115300000001,0.027299999999999998,0.10165,0.021150000000000002
vacancy_O1,O1 vacancy,tetrahedral,2,29;25,5.0342847,10.4185,5.3842153,0.02915,0.10515000000000001,0.0221
vacancy_O1,O1 vacancy,tetrahedral,2,29;25,5.0342847,10.4356,5.401315300000001,0.0308,0.10905,0.023149999999999997
vacancy_O1,O1 vacancy,tetrahedral,2,29;25,5.0342847,10.4527,5.4184153,0.03215,0.11305000000000001,0.024149999999999998
vacancy_O1,O1 vacancy,tetrahedral,2,29;25,5.0342847,10.4698,5.4355153,0.033,0.11695,0.025099999999999997
vacancy_O1,O1 vacancy,tetrahedral,2,29;25,5.0342847,10.4869,5.452615300000001,0.0333,0.12054999999999999,0.0259
vacancy_O1,O1 vacancy,tetrahedral,2,29;25,5.0342847,10.504,5.4697153,0.033,0.12329999999999999,0.026600000000000002
vacancy_O1,O1 vacancy,tetrahedral,2,29;25,5.0342847,10.5211,5.486815300000001,0.03225,0.12495,0.027
vacancy_O1,O1 vacancy,tetrahedral,2,29;25,5.0342847,10.5382,5.5039153,0.0311,0.12519999999999998,0.0271
vacancy_O1,O1 vacancy,tetrahedral,2,29;25,5.0342847,10.5553,5.521015300000001,0.0297,0.12435,0.027049999999999998
vacancy_O1,O1 vacancy,tetrahedral,2,29;25,5.0342847,10.5723,5.5380153000000005,0.028249999999999997,0.12265000000000001,0.02695
vacancy_O1,O1 vacancy,tetrahedral,2,29;25,5.0342847,10.5894,5.5551153,0.02685,0.12040000000000001,0.02665
vacancy_O1,O1 vacancy,tetrahedral,2,29;25,5.0342847,10.6065,5.572215300000001,0.025599999999999998,0.11825,0.026449999999999998
vacancy_O1,O1 vacancy,tetrahedral,2,29;25,5.0342847,10.6236,5.5893153,0.024550000000000002,0.11665,0.0264
vacancy_O1,O1 vacancy,tetrahedral,2,29;25,5.0342847,10.6407,5.606415300000001,0.0237,0.11624999999999999,0.0266
vacancy_O1,O1 vacancy,tetrahedral,2,29;25,5.0342847,10.6578,5.6235153,0.0231,0.11679999999999999,0.02695
vacancy_O1,O1 vacancy,tetrahedral,2,29;25,5.0342847,10.6749,5.640615299999999,0.022600000000000002,0.11850000000000001,0.0274
vacancy_O1,O1 vacancy,tetrahedral,2,29;25,5.0342847,10.692,5.6577153000000004,0.0223,0.12100000000000001,0.02805
vacancy_O1,O1 vacancy,tetrahedral,2,29;25,5.0342847,10.7091,5.6748153,0.0221,0.12405,0.02875
vacancy_O1,O1 vacancy,tetrahedral,2,29;25,5.0342847,10.7262,5.691915300000001,0.02205,0.1274,0.0297
vacancy_O1,O1 vacancy,tetrahedral,2,29;25,5.0342847,10.7433,5.7090153,0.0222,0.1308,0.030699999999999998
vacancy_O1,O1 vacancy,tetrahedral,2,29;25,5.0342847,10.7604,5.726115300000001,0.02255,0.13435,0.03175
vacancy_O1,O1 vacancy,tetrahedral,2,29;25,5.0342847,10.7775,5.7432153,0.023100000000000002,0.1381,0.03325
vacancy_O1,O1 vacancy,tetrahedral,2,29;25,5.0342847,10.7946,5.760315300000001,0.0238,0.14235,0.035
vacancy_O1,O1 vacancy,tetrahedral,2,29;25,5.0342847,10.8116,5.777315300000001,0.024550000000000002,0.14739999999999998,0.0373
vacancy_O1,O1 vacancy,tetrahedral,2,29;25,5.0342847,10.8287,5.7944153,0.0253,0.15335000000000001,0.04000000000000001
vacancy_O1,O1 vacancy,tetrahedral,2,29;25,5.0342847,10.8458,5.811515300000001,0.02595,0.16015000000000001,0.043
vacancy_O1,O1 vacancy,tetrahedral,2,29;25,5.0342847,10.8629,5.8286153,0.0265,0.16785,0.0465
vacancy_O1,O1 vacancy,tetrahedral,2,29;25,5.0342847,10.88,5.845715300000001,0.026799999999999997,0.17605,0.05
vacancy_O1,O1 vacancy,tetrahedral,2,29;25,5.0342847,10.8971,5.8628153,0.027,0.18465,0.0536
vacancy_O1,O1 vacancy,tetrahedral,2,29;25,5.0342847,10.9142,5.8799152999999995,0.027049999999999998,0.19365000000000002,0.0571
vacancy_O1,O1 vacancy,tetrahedral,2,29;25,5.0342847,10.9313,5.8970153000000005,0.027049999999999998,0.20279999999999998,0.060399999999999995
vacancy_O1,O1 vacancy,tetrahedral,2,29;25,5.0342847,10.9484,5.9141153,0.0271,0.21250000000000002,0.06375
vacancy_O1,O1 vacancy,tetrahedral,2,29;25,5.0342847,10.9655,5.931215300000001,0.02725,0.2228,0.06709999999999999
vacancy_O1,O1 vacancy,tetrahedral,2,29;25,5.0342847,10.9826,5.9483153,0.02765,0.2341,0.07055
vacancy_O1,O1 vacancy,tetrahedral,2,29;25,5.0342847,10.9997,5.965415300000001,0.02835,0.2464,0.0741
vacancy_O1,O1 vacancy,tetrahedral,2,29;25,5.0342847,11.0168,5.9825153,0.029400000000000003,0.25975000000000004,0.0779
vacancy_O1,O1 vacancy,tetrahedral,2,29;25,5.0342847,11.0339,5.999615299999999,0.0309,0.27355,0.08174999999999999
vacancy_O1,O1 vacancy,tetrahedral,2,29;25,5.0342847,11.0509,6.016615300000001,0.03265,0.28715,0.08549999999999999
vacancy_O1,O1 vacancy,tetrahedral,2,29;25,5.0342847,11.068,6.0337153,0.03465,0.2996,0.08895
vacancy_O1,O1 vacancy,tetrahedral,2,29;25,5.0342847,11.0851,6.050815300000001,0.036599999999999994,0.30974999999999997,0.09154999999999999
vacancy_O1,O1 vacancy,tetrahedral,2,29;25,5.0342847,11.1022,6.0679153,0.038400000000000004,0.3165,0.0933
vacancy_O1,O1 vacancy,tetrahedral,2,29;25,5.0342847,11.1193,6.085015300000001,0.0398,0.31904999999999994,0.0939
vacancy_O1,O1 vacancy,tetrahedral,2,29;25,5.0342847,11.1364,6.1021153,0.0407,0.31729999999999997,0.09305
vacancy_O1,O1 vacancy,tetrahedral,2,29;25,5.0342847,11.1535,6.1192153,0.0412,0.3117,0.091
vacancy_O1,O1 vacancy,tetrahedral,2,29;25,5.0342847,11.1706,6.136315300000001,0.0413,0.30285,0.08829999999999999
vacancy_O1,O1 vacancy,tetrahedral,2,29;25,5.0342847,11.1877,6.1534153,0.04115,0.29215,0.08499999999999999
vacancy_O1,O1 vacancy,tetrahedral,2,29;25,5.0342847,11.2048,6.170515300000001,0.040900000000000006,0.281,0.08155
vacancy_O1,O1 vacancy,tetrahedral,2,29;25,5.0342847,11.2219,6.1876153,0.04065,0.27080000000000004,0.07819999999999999
vacancy_O1,O1 vacancy,tetrahedral,2,29;25,5.0342847,11.239,6.204715300000001,0.04055,0.26234999999999997,0.07565
vacancy_O1,O1 vacancy,tetrahedral,2,29;25,5.0342847,11.2561,6.2218153,0.04055,0.2566,0.0739
vacancy_O1,O1 vacancy,tetrahedral,2,29;25,5.0342847,11.2732,6.2389152999999995,0.0406,0.25360000000000005,0.07305
vacancy_O1,O1 vacancy,tetrahedral,2,29;25,5.0342847,11.2902,6.255915300000001,0.040749999999999995,0.25349999999999995,0.0731
vacancy_O1,O1 vacancy,tetrahedral,2,29;25,5.0342847,11.3073,6.2730153,0.04075,0.25605,0.07400000000000001
vacancy_O1,O1 vacancy,tetrahedral,2,29;25,5.0342847,11.3244,6.290115300000001,0.0407,0.26044999999999996,0.0755
vacancy_O1,O1 vacancy,tetrahedral,2,29;25,5.0342847,11.3415,6.3072153,0.040499999999999994,0.2663,0.07750000000000001
vacancy_O1,O1 vacancy,tetrahedral,2,29;25,5.0342847,11.3586,6.324315299999999,0.04025,0.27290000000000003,0.07965
vacancy_O1,O1 vacancy,tetrahedral,2,29;25,5.0342847,11.3757,6.3414153,0.039900000000000005,0.27949999999999997,0.0814
vacancy_O1,O1 vacancy,tetrahedral,2,29;25,5.0342847,11.3928,6.3585153,0.039599999999999996,0.28574999999999995,0.0829
vacancy_O1,O1 vacancy,tetrahedral,2,29;25,5.0342847,11.4099,6.375615300000001,0.039349999999999996,0.2913,0.08405000000000001
vacancy_O1,O1 vacancy,tetrahedral,2,29;25,5.0342847,11.427,6.3927153,0.039,0.29625,0.08485
vacancy_O1,O1 vacancy,tetrahedral,2,29;25,5.0342847,11.4441,6.409815300000001,0.038599999999999995,0.30084999999999995,0.0852
vacancy_O1,O1 vacancy,tetrahedral,2,29;25,5.0342847,11.4612,6.4269153,0.03795,0.30495000000000005,0.08564999999999999
vacancy_O1,O1 vacancy,tetrahedral,2,29;25,5.0342847,11.4783,6.444015300000001,0.03705,0.30855,0.08595
vacancy_O1,O1 vacancy,tetrahedral,2,29;25,5.0342847,11.4954,6.4611153,0.03585,0.3114,0.0861
vacancy_O1,O1 vacancy,tetrahedral,2,29;25,5.0342847,11.5125,6.4782153,0.0343,0.31284999999999996,0.08604999999999999
vacancy_O1,O1 vacancy,tetrahedral,2,29;25,5.0342847,11.5295,6.495215300000001,0.0325,0.31215,0.08555000000000001
vacancy_O1,O1 vacancy,tetrahedral,2,29;25,5.0342847,11.5466,6.5123153,0.0307,0.30895,0.08435000000000001
vacancy_O1,O1 vacancy,tetrahedral,2,29;25,5.0342847,11.5637,6.529415300000001,0.02905,0.3028,0.0822
vacancy_O1,O1 vacancy,tetrahedral,2,29;25,5.0342847,11.5808,6.5465153,0.02765,0.29385000000000006,0.0793
vacancy_O1,O1 vacancy,tetrahedral,2,29;25,5.0342847,11.5979,6.5636152999999995,0.02655,0.2826,0.0758
vacancy_O1,O1 vacancy,tetrahedral,2,29;25,5.0342847,11.615,6.5807153000000005,0.02595,0.2697,0.07175000000000001
vacancy_O1,O1 vacancy,tetrahedral,2,29;25,5.0342847,11.6321,6.5978153,0.0257,0.25605,0.0678
vacancy_O1,O1 vacancy,tetrahedral,2,29;25,5.0342847,11.6492,6.614915300000001,0.025599999999999998,0.24235,0.06375
vacancy_O1,O1 vacancy,tetrahedral,2,29;25,5.0342847,11.6663,6.6320153,0.02565,0.22915,0.05985
vacancy_O1,O1 vacancy,tetrahedral,2,29;25,5.0342847,11.6834,6.649115300000001,0.02565,0.21655000000000002,0.0565
vacancy_O1,O1 vacancy,tetrahedral,2,29;25,5.0342847,11.7005,6.6662153,0.025599999999999998,0.20490000000000003,0.05315
vacancy_O1,O1 vacancy,tetrahedral,2,29;25,5.0342847,11.7176,6.683315299999999,0.02555,0.19394999999999998,0.05015
vacancy_O1,O1 vacancy,tetrahedral,2,29;25,5.0342847,11.7347,6.7004153,0.02545,0.18395,0.04705
vacancy_O1,O1 vacancy,tetrahedral,2,29;25,5.0342847,11.7518,6.7175153,0.02555,0.1748,0.044149999999999995
vacancy_O1,O1 vacancy,tetrahedral,2,29;25,5.0342847,11.7688,6.734515300000001,0.02595,0.16655,0.0413
vacancy_O1,O1 vacancy,tetrahedral,2,29;25,5.0342847,11.7859,6.7516153,0.02655,0.1594,0.03855
vacancy_O1,O1 vacancy,tetrahedral,2,29;25,5.0342847,11.803,6.768715300000001,0.02745,0.153,0.03605
vacancy_O1,O1 vacancy,tetrahedral,2,29;25,5.0342847,11.8201,6.7858153,0.02845,0.1472,0.0337
vacancy_O1,O1 vacancy,tetrahedral,2,29;25,5.0342847,11.8372,6.8029152999999996,0.02955,0.14184999999999998,0.0315
vacancy_O1,O1 vacancy,tetrahedral,2,29;25,5.0342847,11.8543,6.820015300000001,0.03045,0.13665,0.0296
vacancy_O1,O1 vacancy,tetrahedral,2,29;25,5.0342847,11.8714,6.8371153,0.03125,0.1317,0.027999999999999997
vacancy_O1,O1 vacancy,tetrahedral,2,29;25,5.0342847,11.8885,6.854215300000001,0.03185,0.12714999999999999,0.0268
vacancy_O1,O1 vacancy,tetrahedral,2,29;25,5.0342847,11.9056,6.8713153,0.0325,0.12355000000000001,0.0259
vacancy_O1,O1 vacancy,tetrahedral,2,29;25,5.0342847,11.9227,6.888415300000001,0.03325,0.1212,0.0253
vacancy_O1,O1 vacancy,tetrahedral,2,29;25,5.0342847,11.9398,6.9055153,0.034350000000000006,0.12065,0.02525
vacancy_O1,O1 vacancy,tetrahedral,2,29;25,5.0342847,11.9569,6.9226152999999995,0.035750000000000004,0.12215000000000001,0.025300000000000003
vacancy_O1,O1 vacancy,tetrahedral,2,29;25,5.0342847,11.974,6.9397153000000005,0.03745,0.1256,0.02595
vacancy_O1,O1 vacancy,tetrahedral,2,29;25,5.0342847,11.9911,6.9568153,0.03945,0.13095,0.026799999999999997
vacancy_O1,O1 vacancy,tetrahedral,2,29;25,5.0342847,12.0081,6.973815300000001,0.04135,0.13755,0.027899999999999998
vacancy_O1,O1 vacancy,tetrahedral,2,29;25,5.0342847,12.0252,6.9909153,0.043050000000000005,0.14495,0.029249999999999998
vacancy_O1,O1 vacancy,tetrahedral,2,29;25,5.0342847,12.0423,7.008015299999999,0.04455,0.1526,0.030699999999999998
vacancy_O1,O1 vacancy,tetrahedral,2,29;25,5.0342847,12.0594,7.0251153,0.0456,0.1598,0.032100000000000004
vacancy_O1,O1 vacancy,tetrahedral,2,29;25,5.0342847,12.0765,7.0422153,0.04625,0.16635,0.03345
vacancy_O1,O1 vacancy,tetrahedral,2,29;25,5.0342847,12.0936,7.059315300000001,0.04665,0.17225,0.0347
vacancy_O1,O1 vacancy,tetrahedral,2,29;25,5.0342847,12.1107,7.0764153,0.046799999999999994,0.17735,0.03555
vacancy_O1,O1 vacancy,tetrahedral,2,29;25,5.0342847,12.1278,7.093515300000001,0.0469,0.1819,0.036199999999999996
vacancy_O1,O1 vacancy,tetrahedral,2,29;25,5.0342847,12.1449,7.1106153,0.04705,0.18630000000000002,0.036699999999999997
vacancy_O1,O1 vacancy,tetrahedral,2,29;25,5.0342847,12.162,7.127715300000001,0.0472,0.19065,0.0371
vacancy_O1,O1 vacancy,tetrahedral,2,29;25,5.0342847,12.1791,7.1448153,0.0475,0.19515,0.037349999999999994
vacancy_O1,O1 vacancy,tetrahedral,2,29;25,5.0342847,12.1962,7.1619152999999995,0.048,0.20015,0.03775
vacancy_O1,O1 vacancy,tetrahedral,2,29;25,5.0342847,12.2133,7.1790153000000005,0.04865,0.20555,0.03835
vacancy_O1,O1 vacancy,tetrahedral,2,29;25,5.0342847,12.2303,7.1960153,0.049600000000000005,0.21150000000000002,0.03915
vacancy_O1,O1 vacancy,tetrahedral,2,29;25,5.0342847,12.2474,7.213115300000001,0.050699999999999995,0.21785000000000002,0.039999999999999994
vacancy_O1,O1 vacancy,tetrahedral,2,29;25,5.0342847,12.2645,7.2302153,0.05205,0.2243,0.04125
vacancy_O1,O1 vacancy,tetrahedral,2,29;25,5.0342847,12.2816,7.2473152999999995,0.05345,0.23064999999999997,0.0427
vacancy_O1,O1 vacancy,tetrahedral,2,29;25,5.0342847,12.2987,7.2644153000000005,0.054849999999999996,0.23654999999999998,0.04415
vacancy_O1,O1 vacancy,tetrahedral,2,29;25,5.0342847,12.3158,7.2815153,0.05615,0.24170000000000003,0.045700000000000005
vacancy_O1,O1 vacancy,tetrahedral,2,29;25,5.0342847,12.3329,7.298615300000001,0.0572,0.24609999999999999,0.0474
vacancy_O1,O1 vacancy,tetrahedral,2,29;25,5.0342847,12.35,7.3157153,0.058050000000000004,0.24974999999999997,0.049
vacancy_O1,O1 vacancy,tetrahedral,2,29;25,5.0342847,12.3671,7.332815300000001,0.05865,0.25295,0.05065
vacancy_O1,O1 vacancy,tetrahedral,2,29;25,5.0342847,12.3842,7.3499153,0.05915,0.256,0.0524
vacancy_O1,O1 vacancy,tetrahedral,2,29;25,5.0342847,12.4013,7.367015300000001,0.059649999999999995,0.2593,0.054099999999999995
vacancy_O1,O1 vacancy,tetrahedral,2,29;25,5.0342847,12.4184,7.3841153,0.060149999999999995,0.2632,0.05585
vacancy_O1,O1 vacancy,tetrahedral,2,29;25,5.0342847,12.4355,7.4012153,0.0608,0.268,0.057550000000000004
vacancy_O1,O1 vacancy,tetrahedral,2,29;25,5.0342847,12.4526,7.418315300000001,0.0616,0.27355,0.059199999999999996
vacancy_O1,O1 vacancy,tetrahedral,2,29;25,5.0342847,12.4696,7.4353153,0.06245,0.27985,0.06075
vacancy_O1,O1 vacancy,tetrahedral,2,29;25,5.0342847,12.4867,7.452415300000001,0.06335,0.28645,0.062150000000000004
vacancy_O1,O1 vacancy,tetrahedral,2,29;25,5.0342847,12.5038,7.4695153,0.06409999999999999,0.29269999999999996,0.06325
vacancy_O1,O1 vacancy,tetrahedral,2,29;25,5.0342847,12.5209,7.4866152999999995,0.0646,0.29800000000000004,0.06409999999999999
vacancy_O1,O1 vacancy,tetrahedral,2,29;25,5.0342847,12.538,7.5037153000000005,0.06470000000000001,0.3013,0.06455
vacancy_O1,O1 vacancy,tetrahedral,2,29;25,5.0342847,12.5551,7.5208153,0.06445000000000001,0.30175,0.0644
vacancy_O1,O1 vacancy,tetrahedral,2,29;25,5.0342847,12.5722,7.537915300000001,0.06369999999999999,0.2987,0.06355
vacancy_O1,O1 vacancy,tetrahedral,2,29;25,5.0342847,12.5893,7.5550153,0.0628,0.29200000000000004,0.062
vacancy_O1,O1 vacancy,tetrahedral,2,29;25,5.0342847,12.6064,7.572115300000001,0.0618,0.28174999999999994,0.0596
vacancy_O1,O1 vacancy,tetrahedral,2,29;25,5.0342847,12.6235,7.5892153,0.0611,0.26895,0.05669999999999999
vacancy_O1,O1 vacancy,tetrahedral,2,29;25,5.0342847,12.6406,7.6063152999999994,0.060899999999999996,0.2549,0.05360000000000001
vacancy_O1,O1 vacancy,tetrahedral,2,29;25,5.0342847,12.6577,7.6234153000000004,0.0615,0.241,0.05025
vacancy_O1,O1 vacancy,tetrahedral,2,29;25,5.0342847,12.6748,7.6405153,0.06305,0.22885,0.04745
vacancy_O1,O1 vacancy,tetrahedral,2,29;25,5.0342847,12.6919,7.657615300000001,0.0657,0.21975,0.045
vacancy_O1,O1 vacancy,tetrahedral,2,29;25,5.0342847,12.7089,7.6746153,0.06935,0.21465,0.04335
vacancy_O1,O1 vacancy,tetrahedral,2,29;25,5.0342847,12.726,7.691715300000001,0.0741,0.2138,0.0426
vacancy_O1,O1 vacancy,tetrahedral,2,29;25,5.0342847,12.7431,7.7088153,0.0797,0.21715,0.04245
vacancy_O1,O1 vacancy,tetrahedral,2,29;25,5.0342847,12.7602,7.7259153,0.08605,0.22415000000000002,0.043149999999999994
vacancy_O1,O1 vacancy,tetrahedral,2,29;25,5.0342847,12.7773,7.743015300000001,0.09290000000000001,0.23425,0.0442
vacancy_O1,O1 vacancy,tetrahedral,2,29;25,5.0342847,12.7944,7.7601153,0.1001,0.24675,0.045450000000000004
vacancy_O1,O1 vacancy,tetrahedral,2,29;25,5.0342847,12.8115,7.777215300000001,0.10715,0.2609,0.0468
vacancy_O1,O1 vacancy,tetrahedral,2,29;25,5.0342847,12.8286,7.7943153,0.1139,0.27570000000000006,0.04815
vacancy_O1,O1 vacancy,tetrahedral,2,29;25,5.0342847,12.8457,7.811415300000001,0.12005,0.29059999999999997,0.0493
vacancy_O1,O1 vacancy,tetrahedral,2,29;25,5.0342847,12.8628,7.8285153,0.1251,0.30474999999999997,0.05015
vacancy_O1,O1 vacancy,tetrahedral,2,29;25,5.0342847,12.8799,7.8456152999999995,0.12885000000000002,0.31725000000000003,0.05085
vacancy_O1,O1 vacancy,tetrahedral,2,29;25,5.0342847,12.897,7.8627153000000005,0.13090000000000002,0.32730000000000004,0.0511
vacancy_O1,O1 vacancy,tetrahedral,2,29;25,5.0342847,12.9141,7.8798153,0.13119999999999998,0.3344,0.05105
vacancy_O1,O1 vacancy,tetrahedral,2,29;25,5.0342847,12.9312,7.896915300000001,0.12975,0.33795,0.05059999999999999
vacancy_O1,O1 vacancy,tetrahedral,2,29;25,5.0342847,12.9482,7.9139153,0.12655,0.33815,0.04975
vacancy_O1,O1 vacancy,tetrahedral,2,29;25,5.0342847,12.9653,7.931015299999999,0.12204999999999999,0.33535000000000004,0.04865
vacancy_O1,O1 vacancy,tetrahedral,2,29;25,5.0342847,12.9824,7.9481153,0.11674999999999999,0.33055,0.0472
vacancy_O1,O1 vacancy,tetrahedral,2,29;25,5.0342847,12.9995,7.9652153,0.11125,0.32465,0.04595
vacancy_O1,O1 vacancy,tetrahedral,2,29;25,5.0342847,13.0166,7.982315300000001,0.1062,0.31905,0.0446
vacancy_O1,O1 vacancy,tetrahedral,2,29;25,5.0342847,13.0337,7.9994153,0.10205,0.3148,0.0435
vacancy_O1,O1 vacancy,tetrahedral,2,29;25,5.0342847,13.0508,8.016515300000002,0.09920000000000001,0.3129,0.042749999999999996
vacancy_O1,O1 vacancy,tetrahedral,2,29;25,5.0342847,13.0679,8.033615300000001,0.09775,0.31365,0.04235
vacancy_O1,O1 vacancy,tetrahedral,2,29;25,5.0342847,13.085,8.0507153,0.09764999999999999,0.31720000000000004,0.042249999999999996
vacancy_O1,O1 vacancy,tetrahedral,2,29;25,5.0342847,13.1021,8.0678153,0.09845000000000001,0.3228,0.04235
vacancy_O1,O1 vacancy,tetrahedral,2,29;25,5.0342847,13.1192,8.084915299999999,0.0997,0.32945,0.04255
vacancy_O1,O1 vacancy,tetrahedral,2,29;25,5.0342847,13.1363,8.102015300000001,0.10085,0.3355,0.0427
vacancy_O1,O1 vacancy,tetrahedral,2,29;25,5.0342847,13.1534,8.1191153,0.1013,0.3393,0.042800000000000005
vacancy_O1,O1 vacancy,tetrahedral,2,29;25,5.0342847,13.1705,8.1362153,0.10075,0.3395,0.042499999999999996
vacancy_O1,O1 vacancy,tetrahedral,2,29;25,5.0342847,13.1875,8.1532153,0.09905,0.33540000000000003,0.0422
vacancy_O1,O1 vacancy,tetrahedral,2,29;25,5.0342847,13.2046,8.170315299999999,0.09645000000000001,0.32704999999999995,0.04145
vacancy_O1,O1 vacancy,tetrahedral,2,29;25,5.0342847,13.2217,8.187415300000001,0.09325,0.3154,0.0406
vacancy_O1,O1 vacancy,tetrahedral,2,29;25,5.0342847,13.2388,8.2045153,0.08995,0.30190000000000006,0.0398
vacancy_O1,O1 vacancy,tetrahedral,2,29;25,5.0342847,13.2559,8.2216153,0.08705,0.2883,0.03900000000000001
vacancy_O1,O1 vacancy,tetrahedral,2,29;25,5.0342847,13.273,8.238715299999999,0.08495,0.2761,0.0383
vacancy_O1,O1 vacancy,tetrahedral,2,29;25,5.0342847,13.2901,8.255815300000002,0.0838,0.26659999999999995,0.038
vacancy_O1,O1 vacancy,tetrahedral,2,29;25,5.0342847,13.3072,8.272915300000001,0.08365,0.26065000000000005,0.038000000000000006
vacancy_O1,O1 vacancy,tetrahedral,2,29;25,5.0342847,13.3243,8.2900153,0.08455,0.2584,0.038349999999999995
vacancy_O1,O1 vacancy,tetrahedral,2,29;25,5.0342847,13.3414,8.3071153,0.0863,0.2596,0.0388
vacancy_O1,O1 vacancy,tetrahedral,2,29;25,5.0342847,13.3585,8.324215299999999,0.0887,0.26395,0.03949999999999999
vacancy_O1,O1 vacancy,tetrahedral,2,29;25,5.0342847,13.3756,8.341315300000002,0.09175,0.27045,0.04025
vacancy_O1,O1 vacancy,tetrahedral,2,29;25,5.0342847,13.3927,8.3584153,0.0952,0.27845,0.04095
vacancy_O1,O1 vacancy,tetrahedral,2,29;25,5.0342847,13.4098,8.3755153,0.09875,0.2864,0.04145
vacancy_O1,O1 vacancy,tetrahedral,2,29;25,5.0342847,13.4268,8.3925153,0.1021,0.29325,0.041800000000000004
vacancy_O1,O1 vacancy,tetrahedral,2,29;25,5.0342847,13.4439,8.409615299999999,0.10485,0.29779999999999995,0.0416
vacancy_O1,O1 vacancy,tetrahedral,2,29;25,5.0342847,13.461,8.426715300000001,0.1066,0.2988,0.04105
vacancy_O1,O1 vacancy,tetrahedral,2,29;25,5.0342847,13.4781,8.4438153,0.10715,0.29595000000000005,0.0402
vacancy_O1,O1 vacancy,tetrahedral,2,29;25,5.0342847,13.4952,8.4609153,0.10655,0.2891,0.0391
vacancy_O1,O1 vacancy,tetrahedral,2,29;25,5.0342847,13.5123,8.4780153,0.10519999999999999,0.27915,0.0378
vacancy_O1,O1 vacancy,tetrahedral,2,29;25,5.0342847,13.5294,8.495115300000002,0.1037,0.2671,0.036449999999999996
vacancy_O1,O1 vacancy,tetrahedral,2,29;25,5.0342847,13.5465,8.512215300000001,0.10250000000000001,0.25465,0.0354
vacancy_O1,O1 vacancy,tetrahedral,2,29;25,5.0342847,13.5636,8.5293153,0.10239999999999999,0.24314999999999998,0.0347
vacancy_O1,O1 vacancy,tetrahedral,2,29;25,5.0342847,13.5807,8.5464153,0.1036,0.23375,0.0343
vacancy_O1,O1 vacancy,tetrahedral,2,29;25,5.0342847,13.5978,8.563515299999999,0.1063,0.22705,0.03425
vacancy_O1,O1 vacancy,tetrahedral,2,29;25,5.0342847,13.6149,8.580615300000002,0.11025,0.22310000000000002,0.0345
vacancy_O1,O1 vacancy,tetrahedral,2,29;25,5.0342847,13.632,8.5977153,0.11510000000000001,0.22155,0.035
vacancy_O1,O1 vacancy,tetrahedral,2,29;25,5.0342847,13.6491,8.6148153,0.1202,0.2214,0.0356
vacancy_O1,O1 vacancy,tetrahedral,2,29;25,5.0342847,13.6661,8.6318153,0.12490000000000001,0.2218,0.036199999999999996
vacancy_O1,O1 vacancy,tetrahedral,2,29;25,5.0342847,13.6832,8.648915299999999,0.12875,0.22175,0.036750000000000005
vacancy_O1,O1 vacancy,tetrahedral,2,29;25,5.0342847,13.7003,8.666015300000002,0.13124999999999998,0.22050000000000003,0.036950000000000004
vacancy_O1,O1 vacancy,tetrahedral,2,29;25,5.0342847,13.7174,8.6831153,0.13215,0.2176,0.03695
vacancy_O1,O1 vacancy,tetrahedral,2,29;25,5.0342847,13.7345,8.7002153,0.13155,0.2131,0.03655
vacancy_O1,O1 vacancy,tetrahedral,2,29;25,5.0342847,13.7516,8.7173153,0.12965,0.20750000000000002,0.036000000000000004
vacancy_O1,O1 vacancy,tetrahedral,2,29;25,5.0342847,13.7687,8.734415300000002,0.127,0.2015,0.03515
vacancy_O1,O1 vacancy,tetrahedral,2,29;25,5.0342847,13.7858,8.751515300000001,0.12409999999999999,0.19574999999999998,0.0344
vacancy_O1,O1 vacancy,tetrahedral,2,29;25,5.0342847,13.8029,8.7686153,0.12135,0.19095,0.03375
vacancy_O1,O1 vacancy,tetrahedral,2,29;25,5.0342847,13.82,8.7857153,0.11904999999999999,0.18735000000000002,0.0332
vacancy_O1,O1 vacancy,tetrahedral,2,29;25,5.0342847,13.8371,8.802815299999999,0.1172,0.18485000000000001,0.032850000000000004
vacancy_O1,O1 vacancy,tetrahedral,2,29;25,5.0342847,13.8542,8.819915300000002,0.11574999999999999,0.1832,0.0327
vacancy_O1,O1 vacancy,tetrahedral,2,29;25,5.0342847,13.8713,8.837015300000001,0.1143,0.1821,0.032799999999999996
vacancy_O1,O1 vacancy,tetrahedral,2,29;25,5.0342847,13.8883,8.8540153,0.11274999999999999,0.18114999999999998,0.0332
vacancy_O1,O1 vacancy,tetrahedral,2,29;25,5.0342847,13.9054,8.8711153,0.11075,0.18,0.03385
vacancy_O1,O1 vacancy,tetrahedral,2,29;25,5.0342847,13.9225,8.888215299999999,0.10835,0.17875,0.034699999999999995
vacancy_O1,O1 vacancy,tetrahedral,2,29;25,5.0342847,13.9396,8.905315300000002,0.1056,0.17755,0.0359
vacancy_O1,O1 vacancy,tetrahedral,2,29;25,5.0342847,13.9567,8.9224153,0.1027,0.1764,0.0373
vacancy_O1,O1 vacancy,tetrahedral,2,29;25,5.0342847,13.9738,8.9395153,0.09995,0.17545,0.0388
vacancy_O1,O1 vacancy,tetrahedral,2,29;25,5.0342847,13.9909,8.9566153,0.0974,0.17495,0.04035
vacancy_O1,O1 vacancy,tetrahedral,2,29;25,5.0342847,14.008,8.973715299999999,0.09525,0.1751,0.0418
vacancy_O1,O1 vacancy,tetrahedral,2,29;25,5.0342847,14.0251,8.990815300000001,0.0935,0.1759,0.04325
vacancy_O1,O1 vacancy,tetrahedral,2,29;25,5.0342847,14.0422,9.0079153,0.092,0.1775,0.044700000000000004
vacancy_O1,O1 vacancy,tetrahedral,2,29;25,5.0342847,14.0593,9.0250153,0.09054999999999999,0.17985,0.046
vacancy_O1,O1 vacancy,tetrahedral,2,29;25,5.0342847,14.0764,9.042115299999999,0.0889,0.18259999999999998,0.04725
vacancy_O1,O1 vacancy,tetrahedral,2,29;25,5.0342847,14.0935,9.059215300000002,0.08695,0.1857,0.04835
vacancy_O1,O1 vacancy,tetrahedral,2,29;25,5.0342847,14.1106,9.076315300000001,0.08465,0.18855,0.04935
vacancy_O1,O1 vacancy,tetrahedral,2,29;25,5.0342847,14.1276,9.0933153,0.08199999999999999,0.191,0.0499
vacancy_O1,O1 vacancy,tetrahedral,2,29;25,5.0342847,14.1447,9.1104153,0.07915,0.19279999999999997,0.05009999999999999
vacancy_O1,O1 vacancy,tetrahedral,2,29;25,5.0342847,14.1618,9.127515299999999,0.0763,0.1943,0.04975
vacancy_O1,O1 vacancy,tetrahedral,2,29;25,5.0342847,14.1789,9.144615300000002,0.0738,0.1955,0.04915
vacancy_O1,O1 vacancy,tetrahedral,2,29;25,5.0342847,14.196,9.161715300000001,0.07175000000000001,0.19725,0.04845000000000001
vacancy_O1,O1 vacancy,tetrahedral,2,29;25,5.0342847,14.2131,9.1788153,0.07025,0.19955,0.0478
vacancy_O1,O1 vacancy,tetrahedral,2,29;25,5.0342847,14.2302,9.1959153,0.0693,0.20289999999999997,0.0475
vacancy_O1,O1 vacancy,tetrahedral,2,29;25,5.0342847,14.2473,9.213015299999999,0.069,0.20695000000000002,0.0475
vacancy_O1,O1 vacancy,tetrahedral,2,29;25,5.0342847,14.2644,9.230115300000001,0.0691,0.2114,0.04785
vacancy_O1,O1 vacancy,tetrahedral,2,29;25,5.0342847,14.2815,9.2472153,0.0695,0.21544999999999997,0.04845
vacancy_O1,O1 vacancy,tetrahedral,2,29;25,5.0342847,14.2986,9.2643153,0.07005,0.21845,0.04895
vacancy_O1,O1 vacancy,tetrahedral,2,29;25,5.0342847,14.3157,9.281415299999999,0.07039999999999999,0.21985,0.0492
vacancy_O1,O1 vacancy,tetrahedral,2,29;25,5.0342847,14.3328,9.298515300000002,0.07039999999999999,0.21915,0.04905
vacancy_O1,O1 vacancy,tetrahedral,2,29;25,5.0342847,14.3499,9.315615300000001,0.07,0.216,0.04825
vacancy_O1,O1 vacancy,tetrahedral,2,29;25,5.0342847,14.3669,9.3326153,0.06895000000000001,0.21055,0.046799999999999994
vacancy_O1,O1 vacancy,tetrahedral,2,29;25,5.0342847,14.384,9.3497153,0.0674,0.20285,0.0449
vacancy_O1,O1 vacancy,tetrahedral,2,29;25,5.0342847,14.4011,9.366815299999999,0.0653,0.1933,0.04255
vacancy_O1,O1 vacancy,tetrahedral,2,29;25,5.0342847,14.4182,9.383915300000002,0.06275,0.18235,0.04
vacancy_O1,O1 vacancy,tetrahedral,2,29;25,5.0342847,14.4353,9.401015300000001,0.05985,0.17045,0.03735
vacancy_O1,O1 vacancy,tetrahedral,2,29;25,5.0342847,14.4524,9.4181153,0.0569,0.15844999999999998,0.034850000000000006
vacancy_O1,O1 vacancy,tetrahedral,2,29;25,5.0342847,14.4695,9.4352153,0.05405,0.14700000000000002,0.0325
vacancy_O1,O1 vacancy,tetrahedral,2,29;25,5.0342847,14.4866,9.452315299999999,0.051449999999999996,0.13675,0.030549999999999994
vacancy_O1,O1 vacancy,tetrahedral,2,29;25,5.0342847,14.5037,9.469415300000001,0.04945,0.1282,0.02905
vacancy_O1,O1 vacancy,tetrahedral,2,29;25,5.0342847,14.5208,9.4865153,0.0482,0.12165000000000001,0.02785
vacancy_O1,O1 vacancy,tetrahedral,2,29;25,5.0342847,14.5379,9.5036153,0.047700000000000006,0.11695,0.027
vacancy_O1,O1 vacancy,tetrahedral,2,29;25,5.0342847,14.555,9.520715299999999,0.048100000000000004,0.11395,0.02665
vacancy_O1,O1 vacancy,tetrahedral,2,29;25,5.0342847,14.5721,9.537815300000002,0.049199999999999994,0.11225000000000002,0.0267
vacancy_O1,O1 vacancy,tetrahedral,2,29;25,5.0342847,14.5892,9.554915300000001,0.050949999999999995,0.11134999999999999,0.02695
vacancy_O1,O1 vacancy,tetrahedral,2,29;25,5.0342847,14.6062,9.5719153,0.053,0.11069999999999999,0.027549999999999998
vacancy_O1,O1 vacancy,tetrahedral,2,29;25,5.0342847,14.6233,9.5890153,0.055099999999999996,0.11025,0.02855
vacancy_O1,O1 vacancy,tetrahedral,2,29;25,5.0342847,14.6404,9.606115299999999,0.056999999999999995,0.10965,0.02965
vacancy_O1,O1 vacancy,tetrahedral,2,29;25,5.0342847,14.6575,9.623215300000002,0.0586,0.10905,0.031049999999999998
vacancy_O1,O1 vacancy,tetrahedral,2,29;25,5.0342847,14.6746,9.640315300000001,0.05975,0.1086,0.03270000000000001
vacancy_O1,O1 vacancy,tetrahedral,2,29;25,5.0342847,14.6917,9.6574153,0.060649999999999996,0.10835,0.0344
vacancy_O1,O1 vacancy,tetrahedral,2,29;25,5.0342847,14.7088,9.6745153,0.06145,0.1086,0.0364
vacancy_O1,O1 vacancy,tetrahedral,2,29;25,5.0342847,14.7259,9.691615299999999,0.0624,0.1094,0.038450000000000005
vacancy_O1,O1 vacancy,tetrahedral,2,29;25,5.0342847,14.743,9.708715300000001,0.06365000000000001,0.11075000000000002,0.04055
vacancy_O1,O1 vacancy,tetrahedral,2,29;25,5.0342847,14.7601,9.7258153,0.0653,0.11249999999999999,0.042499999999999996
vacancy_O1,O1 vacancy,tetrahedral,2,29;25,5.0342847,14.7772,9.7429153,0.06745,0.11449999999999999,0.0442
vacancy_O1,O1 vacancy,tetrahedral,2,29;25,5.0342847,14.7943,9.7600153,0.0698,0.1165,0.0456
vacancy_O1,O1 vacancy,tetrahedral,2,29;25,5.0342847,14.8114,9.777115300000002,0.07239999999999999,0.1187,0.046799999999999994
vacancy_O1,O1 vacancy,tetrahedral,2,29;25,5.0342847,14.8285,9.794215300000001,0.07505,0.12065,0.04765
vacancy_O1,O1 vacancy,tetrahedral,2,29;25,5.0342847,14.8455,9.8112153,0.07765,0.12265000000000001,0.04825
vacancy_O1,O1 vacancy,tetrahedral,2,29;25,5.0342847,14.8626,9.8283153,0.08,0.12459999999999999,0.0486
vacancy_O1,O1 vacancy,tetrahedral,2,29;25,5.0342847,14.8797,9.845415299999999,0.08205,0.12635000000000002,0.04865
vacancy_O1,O1 vacancy,tetrahedral,2,29;25,5.0342847,14.8968,9.862515300000002,0.08365,0.12795,0.04865
vacancy_O1,O1 vacancy,tetrahedral,2,29;25,5.0342847,14.9139,9.879615300000001,0.0848,0.12940000000000002,0.04835
vacancy_O1,O1 vacancy,tetrahedral,2,29;25,5.0342847,14.931,9.8967153,0.08545,0.13075,0.047799999999999995
vacancy_O1,O1 vacancy,tetrahedral,2,29;25,5.0342847,14.9481,9.9138153,0.0859,0.13185,0.0473
vacancy_O1,O1 vacancy,tetrahedral,2,29;25,5.0342847,14.9652,9.930915299999999,0.08615,0.13265,0.04655
vacancy_O1,O1 vacancy,tetrahedral,2,29;25,5.0342847,14.9823,9.948015300000002,0.08625,0.1335,0.04585
vacancy_O1,O1 vacancy,tetrahedral,2,29;25,5.0342847,14.9994,9.9651153,0.08615,0.13429999999999997,0.045200000000000004
vacancy_O1,O1 vacancy,tetrahedral,2,29;25,5.0342847,15.0165,9.9822153,0.08574999999999999,0.1352,0.0445
vacancy_O1,O1 vacancy,tetrahedral,2,29;25,5.0342847,15.0336,9.9993153,0.08485000000000001,0.1361,0.04385
vacancy_O1,O1 vacancy,tetrahedral,2,29;25,5.0342847,15.0507,10.016415300000002,0.08335000000000001,0.13715,0.04325
vacancy_O1,O1 vacancy,tetrahedral,2,29;25,5.0342847,15.0678,10.033515300000001,0.08125,0.13805,0.042749999999999996
vacancy_O1,O1 vacancy,tetrahedral,2,29;25,5.0342847,15.0848,10.0505153,0.0786,0.1388,0.0422
vacancy_O1,O1 vacancy,tetrahedral,2,29;25,5.0342847,15.1019,10.0676153,0.0756,0.13945000000000002,0.04185
vacancy_O1,O1 vacancy,tetrahedral,2,29;25,5.0342847,15.119,10.0847153,0.07255,0.13974999999999999,0.041499999999999995
vacancy_O1,O1 vacancy,tetrahedral,2,29;25,5.0342847,15.1361,10.101815300000002,0.06964999999999999,0.1398,0.04125
vacancy_O1,O1 vacancy,tetrahedral,2,29;25,5.0342847,15.1532,10.118915300000001,0.0672,0.1395,0.0411
vacancy_O1,O1 vacancy,tetrahedral,2,29;25,5.0342847,15.1703,10.1360153,0.06505,0.13865,0.04115
vacancy_O1,O1 vacancy,tetrahedral,2,29;25,5.0342847,15.1874,10.1531153,0.0633,0.13715,0.04095
vacancy_O1,O1 vacancy,tetrahedral,2,29;25,5.0342847,15.2045,10.170215299999999,0.061799999999999994,0.13515,0.04085
vacancy_O1,O1 vacancy,tetrahedral,2,29;25,5.0342847,15.2216,10.187315300000002,0.060399999999999995,0.1325,0.040600000000000004
vacancy_O1,O1 vacancy,tetrahedral,2,29;25,5.0342847,15.2387,10.2044153,0.05895,0.12940000000000002,0.0402
vacancy_O1,O1 vacancy,tetrahedral,2,29;25,5.0342847,15.2558,10.2215153,0.0574,0.12595,0.039599999999999996
vacancy_O1,O1 vacancy,tetrahedral,2,29;25,5.0342847,15.2729,10.2386153,0.0556,0.122,0.03895
vacancy_O1,O1 vacancy,tetrahedral,2,29;25,5.0342847,15.29,10.255715299999999,0.05355,0.118,0.03805
vacancy_O1,O1 vacancy,tetrahedral,2,29;25,5.0342847,15.3071,10.272815300000001,0.051250000000000004,0.11375,0.03705
vacancy_O1,O1 vacancy,tetrahedral,2,29;25,5.0342847,15.3241,10.2898153,0.0487,0.10925,0.035949999999999996
vacancy_O1,O1 vacancy,tetrahedral,2,29;25,5.0342847,15.3412,10.3069153,0.0461,0.10455,0.0347
vacancy_O1,O1 vacancy,tetrahedral,2,29;25,5.0342847,15.3583,10.3240153,0.04345,0.0996,0.0334
vacancy_O1,O1 vacancy,tetrahedral,2,29;25,5.0342847,15.3754,10.341115300000002,0.04085,0.0945,0.03194999999999999
vacancy_O1,O1 vacancy,tetrahedral,2,29;25,5.0342847,15.3925,10.358215300000001,0.03845,0.08910000000000001,0.030500000000000003
vacancy_O1,O1 vacancy,tetrahedral,2,29;25,5.0342847,15.4096,10.3753153,0.036199999999999996,0.0837,0.02885
vacancy_O1,O1 vacancy,tetrahedral,2,29;25,5.0342847,15.4267,10.3924153,0.0342,0.07830000000000001,0.027299999999999998
vacancy_O1,O1 vacancy,tetrahedral,2,29;25,5.0342847,15.4438,10.409515299999999,0.03245,0.0731,0.02585
vacancy_O1,O1 vacancy,tetrahedral,2,29;25,5.0342847,15.4609,10.426615300000002,0.03095,0.06825,0.0245
vacancy_O1,O1 vacancy,tetrahedral,2,29;25,5.0342847,15.478,10.443715300000001,0.0296,0.0639,0.023399999999999997
vacancy_O1,O1 vacancy,tetrahedral,2,29;25,5.0342847,15.4951,10.4608153,0.02835,0.060149999999999995,0.022350000000000002
vacancy_O1,O1 vacancy,tetrahedral,2,29;25,5.0342847,15.5122,10.4779153,0.02715,0.056999999999999995,0.02135
vacancy_O1,O1 vacancy,tetrahedral,2,29;25,5.0342847,15.5293,10.495015299999999,0.02595,0.05425000000000001,0.0206
vacancy_O1,O1 vacancy,tetrahedral,2,29;25,5.0342847,15.5464,10.512115300000001,0.0246,0.0519,0.019950000000000002
vacancy_O1,O1 vacancy,tetrahedral,2,29;25,5.0342847,15.5634,10.5291153,0.0232,0.049999999999999996,0.0191
vacancy_O1,O1 vacancy,tetrahedral,2,29;25,5.0342847,15.5805,10.5462153,0.02175,0.0484,0.0187
vacancy_O1,O1 vacancy,tetrahedral,2,29;25,5.0342847,15.5976,10.5633153,0.0203,0.04715,0.0183
vacancy_O1,O1 vacancy,tetrahedral,2,29;25,5.0342847,15.6147,10.580415299999999,0.01895,0.0463,0.018
vacancy_O1,O1 vacancy,tetrahedral,2,29;25,5.0342847,15.6318,10.597515300000001,0.01775,0.04575,0.01795
vacancy_O1,O1 vacancy,tetrahedral,2,29;25,5.0342847,15.6489,10.6146153,0.0166,0.04545,0.018000000000000002
vacancy_O1,O1 vacancy,tetrahedral,2,29;25,5.0342847,15.666,10.6317153,0.015649999999999997,0.0452,0.018099999999999998
vacancy_O1,O1 vacancy,tetrahedral,2,29;25,5.0342847,15.6831,10.648815299999999,0.01465,0.044700000000000004,0.018099999999999998
vacancy_O1,O1 vacancy,tetrahedral,2,29;25,5.0342847,15.7002,10.665915300000002,0.013649999999999999,0.04379999999999999,0.01795
vacancy_O1,O1 vacancy,tetrahedral,2,29;25,5.0342847,15.7173,10.683015300000001,0.0126,0.04225,0.0176
vacancy_O1,O1 vacancy,tetrahedral,2,29;25,5.0342847,15.7344,10.7001153,0.01145,0.04,0.0169
vacancy_O1,O1 vacancy,tetrahedral,2,29;25,5.0342847,15.7515,10.7172153,0.0103,0.03715,0.0157
vacancy_O1,O1 vacancy,tetrahedral,2,29;25,5.0342847,15.7686,10.734315299999999,0.0091,0.03375,0.014400000000000001
vacancy_O1,O1 vacancy,tetrahedral,2,29;25,5.0342847,15.7856,10.751315300000002,0.007949999999999999,0.03,0.01285
vacancy_O1,O1 vacancy,tetrahedral,2,29;25,5.0342847,15.8027,10.768415300000001,0.00685,0.026049999999999997,0.0112
vacancy_O1,O1 vacancy,tetrahedral,2,29;25,5.0342847,15.8198,10.7855153,0.0059,0.022250000000000002,0.009700000000000002
vacancy_O1,O1 vacancy,tetrahedral,2,29;25,5.0342847,15.8369,10.8026153,0.00505,0.01865,0.00825
vacancy_O1,O1 vacancy,tetrahedral,2,29;25,5.0342847,15.854,10.819715299999999,0.0043,0.01525,0.00685
vacancy_O1,O1 vacancy,tetrahedral,2,29;25,5.0342847,15.8711,10.836815300000001,0.0037,0.012400000000000001,0.00585
vacancy_O1,O1 vacancy,tetrahedral,2,29;25,5.0342847,15.8882,10.8539153,0.0032,0.010000000000000002,0.0048000000000000004
vacancy_O1,O1 vacancy,tetrahedral,2,29;25,5.0342847,15.9053,10.8710153,0.0028,0.00795,0.00405
vacancy_O1,O1 vacancy,tetrahedral,2,29;25,5.0342847,15.9224,10.888115299999999,0.0024000000000000002,0.00625,0.0035000000000000005
vacancy_O1,O1 vacancy,tetrahedral,2,29;25,5.0342847,15.9395,10.905215300000002,0.0020499999999999997,0.0049,0.00285
vacancy_O1,O1 vacancy,tetrahedral,2,29;25,5.0342847,15.9566,10.922315300000001,0.00165,0.00375,0.00235
vacancy_O1,O1 vacancy,tetrahedral,2,29;25,5.0342847,15.9737,10.9394153,0.0014,0.0029,0.00195
vacancy_O1,O1 vacancy,tetrahedral,2,29;25,5.0342847,15.9908,10.9565153,0.00105,0.0021000000000000003,0.0015
vacancy_O1,O1 vacancy,tetrahedral,2,29;25,5.0342847,16.0079,10.973615299999999,0.0007999999999999999,0.00155,0.0012000000000000001
vacancy_O1,O1 vacancy,tetrahedral,2,29;25,5.0342847,16.0249,10.990615299999998,0.0006000000000000001,0.0011,0.0008
vacancy_O1,O1 vacancy,tetrahedral,2,29;25,5.0342847,16.042,11.007715300000001,0.00039999999999999996,0.00075,0.0006000000000000001
vacancy_O1,O1 vacancy,tetrahedral,2,29;25,5.0342847,16.0591,11.0248153,0.00025,0.00045,0.00035000000000000005
vacancy_O1,O1 vacancy,tetrahedral,2,29;25,5.0342847,16.0762,11.0419153,0.00015000000000000001,0.00030000000000000003,0.0002
vacancy_O1,O1 vacancy,tetrahedral,2,29;25,5.0342847,16.0933,11.059015299999999,0.0001,0.00015000000000000001,5e-05
vacancy_O1,O1 vacancy,tetrahedral,2,29;25,5.0342847,16.1104,11.076115299999998,5e-05,5e-05,5e-05
vacancy_O1,O1 vacancy,tetrahedral,2,29;25,5.0342847,16.1275,11.0932153,0.0,0.0,0.0
vacancy_O1,O1 vacancy,tetrahedral,2,29;25,5.0342847,16.1446,11.1103153,0.0,0.0,0.0
vacancy_O1,O1 vacancy,tetrahedral,2,29;25,5.0342847,16.1617,11.1274153,0.0,0.0,0.0
vacancy_O1,O1 vacancy,tetrahedral,2,29;25,5.0342847,16.1788,11.144515299999998,0.0,0.0,0.0
vacancy_O1,O1 vacancy,tetrahedral,2,29;25,5.0342847,16.1959,11.161615300000001,0.0,0.0,0.0
vacancy_O1,O1 vacancy,tetrahedral,2,29;25,5.0342847,16.213,11.1787153,0.0,0.0,0.0
vacancy_O1,O1 vacancy,tetrahedral,2,29;25,5.0342847,16.2301,11.1958153,0.0,0.0,0.0
vacancy_O1,O1 vacancy,tetrahedral,2,29;25,5.0342847,16.2472,11.212915299999999,0.0,0.0,0.0
vacancy_O1,O1 vacancy,tetrahedral,2,29;25,5.0342847,16.2642,11.229915299999998,0.0,0.0,0.0
vacancy_O1,O1 vacancy,tetrahedral,2,29;25,5.0342847,16.2813,11.247015300000001,0.0,0.0,0.0
vacancy_O1,O1 vacancy,tetrahedral,2,29;25,5.0342847,16.2984,11.2641153,0.0,0.0,0.0
vacancy_O1,O1 vacancy,tetrahedral,2,29;25,5.0342847,16.3155,11.2812153,0.0,0.0,0.0
vacancy_O1,O1 vacancy,tetrahedral,2,29;25,5.0342847,16.3326,11.298315299999999,0.0,0.0,0.0
vacancy_O1,O1 vacancy,tetrahedral,2,29;25,5.0342847,16.3497,11.315415299999998,0.0,0.0,0.0
vacancy_O1,O1 vacancy,tetrahedral,2,29;25,5.0342847,16.3668,11.3325153,0.0,0.0,0.0
vacancy_O1,O1 vacancy,tetrahedral,2,29;25,5.0342847,16.3839,11.3496153,0.0,0.0,0.0
vacancy_O1,O1 vacancy,tetrahedral,2,29;25,5.0342847,16.401,11.3667153,0.0,0.0,0.0
vacancy_O1,O1 vacancy,tetrahedral,2,29;25,5.0342847,16.4181,11.383815299999998,0.0,0.0,0.0
vacancy_O1,O1 vacancy,tetrahedral,2,29;25,5.0342847,16.4352,11.400915299999998,0.0,0.0,0.0
vacancy_O1,O1 vacancy,tetrahedral,2,29;25,5.0342847,16.4523,11.4180153,0.0,0.0,0.0
vacancy_O1,O1 vacancy,tetrahedral,2,29;25,5.0342847,16.4694,11.4351153,0.0,0.0,0.0
vacancy_O1,O1 vacancy,tetrahedral,2,29;25,5.0342847,16.4865,11.452215299999999,0.0,0.0,0.0
vacancy_O1,O1 vacancy,tetrahedral,2,29;25,5.0342847,16.5035,11.469215299999998,0.0,0.0,0.0
vacancy_O1,O1 vacancy,tetrahedral,2,29;25,5.0342847,16.5206,11.486315300000001,0.0,0.0,0.0
vacancy_O1,O1 vacancy,tetrahedral,2,29;25,5.0342847,16.5377,11.5034153,0.0,0.0,0.0
vacancy_O1,O1 vacancy,tetrahedral,2,29;25,5.0342847,16.5548,11.5205153,0.0,0.0,0.0
vacancy_O1,O1 vacancy,tetrahedral,2,29;25,5.0342847,16.5719,11.537615299999999,0.0,0.0,0.0
vacancy_O1,O1 vacancy,tetrahedral,2,29;25,5.0342847,16.589,11.554715299999998,0.0,0.0,0.0
vacancy_O1,O1 vacancy,tetrahedral,2,29;25,5.0342847,16.6061,11.5718153,0.0,0.0,0.0
vacancy_O1,O1 vacancy,tetrahedral,2,29;25,5.0342847,16.6232,11.5889153,0.0,0.0,0.0
vacancy_O1,O1 vacancy,tetrahedral,2,29;25,5.0342847,16.6403,11.6060153,0.0,0.0,0.0
vacancy_O1,O1 vacancy,tetrahedral,2,29;25,5.0342847,16.6574,11.623115299999998,0.0,0.0,0.0
vacancy_O1,O1 vacancy,tetrahedral,2,29;25,5.0342847,16.6745,11.640215299999998,0.0,0.0,0.0
vacancy_O1,O1 vacancy,tetrahedral,2,29;25,5.0342847,16.6916,11.6573153,0.0,0.0,0.0
vacancy_O1,O1 vacancy,tetrahedral,2,29;25,5.0342847,16.7087,11.6744153,0.0,0.0,0.0
vacancy_O1,O1 vacancy,tetrahedral,2,29;25,5.0342847,16.7258,11.691515299999999,0.0,0.0,0.0
vacancy_O1,O1 vacancy,tetrahedral,2,29;25,5.0342847,16.7428,11.708515299999998,0.0,0.0,0.0
vacancy_O1,O1 vacancy,tetrahedral,2,29;25,5.0342847,16.7599,11.725615299999998,0.0,0.0,0.0
vacancy_O1,O1 vacancy,tetrahedral,2,29;25,5.0342847,16.777,11.7427153,0.0,0.0,0.0
vacancy_O1,O1 vacancy,tetrahedral,2,29;25,5.0342847,16.7941,11.7598153,0.0,0.0,0.0
vacancy_O1,O1 vacancy,tetrahedral,2,29;25,5.0342847,16.8112,11.776915299999999,0.0,0.0,0.0
vacancy_O1,O1 vacancy,tetrahedral,2,29;25,5.0342847,16.8283,11.794015299999998,0.0,0.0,0.0
vacancy_O1,O1 vacancy,tetrahedral,2,29;25,5.0342847,16.8454,11.8111153,0.0,0.0,0.0
vacancy_O1,O1 vacancy,tetrahedral,2,29;25,5.0342847,16.8625,11.8282153,0.0,0.0,0.0
vacancy_O1,O1 vacancy,tetrahedral,2,29;25,5.0342847,16.8796,11.8453153,0.0,0.0,0.0
vacancy_O1,O1 vacancy,tetrahedral,2,29;25,5.0342847,16.8967,11.862415299999999,0.0,0.0,0.0
vacancy_O1,O1 vacancy,tetrahedral,2,29;25,5.0342847,16.9138,11.879515299999998,0.0,0.0,0.0
vacancy_O1,O1 vacancy,tetrahedral,2,29;25,5.0342847,16.9309,11.8966153,0.0,0.0,0.0
vacancy_O1,O1 vacancy,tetrahedral,2,29;25,5.0342847,16.948,11.9137153,0.0,0.0,0.0
vacancy_O1,O1 vacancy,tetrahedral,2,29;25,5.0342847,16.9651,11.930815299999999,0.0,0.0,0.0
vacancy_O1,O1 vacancy,tetrahedral,2,29;25,5.0342847,16.9821,11.947815299999998,0.0,0.0,0.0
vacancy_O1,O1 vacancy,tetrahedral,2,29;25,5.0342847,16.9992,11.964915299999998,0.0,0.0,0.0
vacancy_O1,O1 vacancy,tetrahedral,2,29;25,5.0342847,17.0163,11.9820153,0.0,0.0,0.0
vacancy_O1,O1 vacancy,tetrahedral,2,29;25,5.0342847,17.0334,11.9991153,0.0,0.0,0.0
vacancy_O1,O1 vacancy,tetrahedral,2,29;25,5.0342847,17.0505,12.016215299999999,0.0,0.0,0.0
vacancy_O1,O1 vacancy,tetrahedral,2,29;25,5.0342847,17.0676,12.033315299999998,0.0,0.0,0.0
vacancy_O1,O1 vacancy,tetrahedral,2,29;25,5.0342847,17.0847,12.050415300000001,0.0,0.0,0.0
vacancy_O1,O1 vacancy,tetrahedral,2,29;25,5.0342847,17.1018,12.0675153,0.0,0.0,0.0
vacancy_O1,O1 vacancy,tetrahedral,2,29;25,5.0342847,17.1189,12.0846153,0.0,0.0,0.0
vacancy_O1,O1 vacancy,tetrahedral,2,29;25,5.0342847,17.136,12.101715299999999,0.0,0.0,0.0
vacancy_O1,O1 vacancy,tetrahedral,2,29;25,5.0342847,17.1531,12.118815299999998,0.0,0.0,0.0
vacancy_O1,O1 vacancy,tetrahedral,2,29;25,5.0342847,17.1702,12.1359153,0.0,0.0,0.0
vacancy_O1,O1 vacancy,tetrahedral,2,29;25,5.0342847,17.1873,12.1530153,0.0,0.0,0.0
vacancy_O1,O1 vacancy,tetrahedral,2,29;25,5.0342847,17.2044,12.170115299999999,0.0,0.0,0.0
vacancy_O1,O1 vacancy,tetrahedral,2,29;25,5.0342847,17.2214,12.187115299999999,0.0,0.0,0.0
vacancy_O1,O1 vacancy,tetrahedral,2,29;25,5.0342847,17.2385,12.204215299999998,0.0,0.0,0.0
vacancy_O1,O1 vacancy,tetrahedral,2,29;25,5.0342847,17.2556,12.2213153,0.0,0.0,0.0
vacancy_O1,O1 vacancy,tetrahedral,2,29;25,5.0342847,17.2727,12.2384153,0.0,0.0,0.0
vacancy_O1,O1 vacancy,tetrahedral,2,29;25,5.0342847,17.2898,12.255515299999999,0.0,0.0,0.0
vacancy_O1,O1 vacancy,tetrahedral,2,29;25,5.0342847,17.3069,12.272615299999998,0.0,0.0,0.0
vacancy_O1,O1 vacancy,tetrahedral,2,29;25,5.0342847,17.324,12.289715300000001,0.0,0.0,0.0
vacancy_O1,O1 vacancy,tetrahedral,2,29;25,5.0342847,17.3411,12.3068153,0.0,0.0,0.0
vacancy_O1,O1 vacancy,tetrahedral,2,29;25,5.0342847,17.3582,12.3239153,0.0,0.0,0.0
vacancy_O1,O1 vacancy,tetrahedral,2,29;25,5.0342847,17.3753,12.341015299999999,0.0,0.0,0.0
vacancy_O1,O1 vacancy,tetrahedral,2,29;25,5.0342847,17.3924,12.358115299999998,0.0,0.0,0.0
vacancy_O1,O1 vacancy,tetrahedral,2,29;25,5.0342847,17.4095,12.3752153,0.0,0.0,0.0
vacancy_O1,O1 vacancy,tetrahedral,2,29;25,5.0342847,17.4266,12.3923153,0.0,0.0,0.0
vacancy_O1,O1 vacancy,tetrahedral,2,29;25,5.0342847,17.4436,12.4093153,0.0,0.0,0.0
vacancy_O1,O1 vacancy,tetrahedral,2,29;25,5.0342847,17.4607,12.426415299999999,0.0,0.0,0.0
vacancy_O1,O1 vacancy,tetrahedral,2,29;25,5.0342847,17.4778,12.443515299999998,0.0,0.0,0.0
vacancy_O1,O1 vacancy,tetrahedral,2,29;25,5.0342847,17.4949,12.4606153,0.0,0.0,0.0
vacancy_O1,O1 vacancy,octahedral,1,2,5.0342847,-16.6907,-21.7249847,0.0,0.0,0.0
vacancy_O1,O1 vacancy,octahedral,1,2,5.0342847,-16.6736,-21.7078847,0.0,0.0,0.0
vacancy_O1,O1 vacancy,octahedral,1,2,5.0342847,-16.6565,-21.690784700000002,0.0,0.0,0.0
vacancy_O1,O1 vacancy,octahedral,1,2,5.0342847,-16.6394,-21.6736847,0.0,0.0,0.0
vacancy_O1,O1 vacancy,octahedral,1,2,5.0342847,-16.6223,-21.6565847,0.0,0.0,0.0
vacancy_O1,O1 vacancy,octahedral,1,2,5.0342847,-16.6052,-21.6394847,0.0,0.0,0.0
vacancy_O1,O1 vacancy,octahedral,1,2,5.0342847,-16.5881,-21.6223847,0.0,0.0,0.0
vacancy_O1,O1 vacancy,octahedral,1,2,5.0342847,-16.571,-21.605284700000002,0.0,0.0,0.0
vacancy_O1,O1 vacancy,octahedral,1,2,5.0342847,-16.5539,-21.5881847,0.0,0.0,0.0
vacancy_O1,O1 vacancy,octahedral,1,2,5.0342847,-16.5368,-21.5710847,0.0,0.0,0.0
vacancy_O1,O1 vacancy,octahedral,1,2,5.0342847,-16.5197,-21.5539847,0.0,0.0,0.0
vacancy_O1,O1 vacancy,octahedral,1,2,5.0342847,-16.5026,-21.5368847,0.0,0.0,0.0
vacancy_O1,O1 vacancy,octahedral,1,2,5.0342847,-16.4855,-21.5197847,0.0,0.0,0.0
vacancy_O1,O1 vacancy,octahedral,1,2,5.0342847,-16.4684,-21.5026847,0.0,0.0,0.0
vacancy_O1,O1 vacancy,octahedral,1,2,5.0342847,-16.4514,-21.4856847,0.0,0.0,0.0
vacancy_O1,O1 vacancy,octahedral,1,2,5.0342847,-16.4343,-21.4685847,0.0,0.0,0.0
vacancy_O1,O1 vacancy,octahedral,1,2,5.0342847,-16.4172,-21.4514847,0.0,0.0,0.0
vacancy_O1,O1 vacancy,octahedral,1,2,5.0342847,-16.4001,-21.4343847,0.0,0.0,0.0
vacancy_O1,O1 vacancy,octahedral,1,2,5.0342847,-16.383,-21.4172847,0.0,0.0,0.0
vacancy_O1,O1 vacancy,octahedral,1,2,5.0342847,-16.3659,-21.4001847,0.0,0.0,0.0
vacancy_O1,O1 vacancy,octahedral,1,2,5.0342847,-16.3488,-21.3830847,0.0,0.0,0.0
vacancy_O1,O1 vacancy,octahedral,1,2,5.0342847,-16.3317,-21.365984700000002,0.0,0.0,0.0
vacancy_O1,O1 vacancy,octahedral,1,2,5.0342847,-16.3146,-21.3488847,0.0,0.0,0.0
vacancy_O1,O1 vacancy,octahedral,1,2,5.0342847,-16.2975,-21.3317847,0.0,0.0,0.0
vacancy_O1,O1 vacancy,octahedral,1,2,5.0342847,-16.2804,-21.3146847,0.0,0.0,0.0
vacancy_O1,O1 vacancy,octahedral,1,2,5.0342847,-16.2633,-21.2975847,0.0,0.0,0.0
vacancy_O1,O1 vacancy,octahedral,1,2,5.0342847,-16.2462,-21.280484700000002,0.0,0.0,0.0
vacancy_O1,O1 vacancy,octahedral,1,2,5.0342847,-16.2291,-21.2633847,0.0,0.0,0.0
vacancy_O1,O1 vacancy,octahedral,1,2,5.0342847,-16.2121,-21.2463847,0.0,0.0,0.0
vacancy_O1,O1 vacancy,octahedral,1,2,5.0342847,-16.195,-21.2292847,0.0,0.0,0.0
vacancy_O1,O1 vacancy,octahedral,1,2,5.0342847,-16.1779,-21.2121847,0.0,0.0,0.0
vacancy_O1,O1 vacancy,octahedral,1,2,5.0342847,-16.1608,-21.1950847,0.0,0.0,0.0
vacancy_O1,O1 vacancy,octahedral,1,2,5.0342847,-16.1437,-21.1779847,0.0,0.0,0.0
vacancy_O1,O1 vacancy,octahedral,1,2,5.0342847,-16.1266,-21.1608847,0.0,0.0,0.0
vacancy_O1,O1 vacancy,octahedral,1,2,5.0342847,-16.1095,-21.1437847,0.0,0.0,0.0
vacancy_O1,O1 vacancy,octahedral,1,2,5.0342847,-16.0924,-21.126684700000002,0.0,0.0,0.0
vacancy_O1,O1 vacancy,octahedral,1,2,5.0342847,-16.0753,-21.1095847,0.0,0.0,0.0
vacancy_O1,O1 vacancy,octahedral,1,2,5.0342847,-16.0582,-21.0924847,0.0,0.0,0.0
vacancy_O1,O1 vacancy,octahedral,1,2,5.0342847,-16.0411,-21.0753847,0.0,0.0,0.0
vacancy_O1,O1 vacancy,octahedral,1,2,5.0342847,-16.024,-21.0582847,0.0,0.0,0.0
vacancy_O1,O1 vacancy,octahedral,1,2,5.0342847,-16.0069,-21.041184700000002,0.0,0.0,0.0
vacancy_O1,O1 vacancy,octahedral,1,2,5.0342847,-15.9898,-21.0240847,0.0,0.0,0.0
vacancy_O1,O1 vacancy,octahedral,1,2,5.0342847,-15.9728,-21.0070847,0.0,0.0,0.0
vacancy_O1,O1 vacancy,octahedral,1,2,5.0342847,-15.9557,-20.9899847,0.0,0.0,0.0
vacancy_O1,O1 vacancy,octahedral,1,2,5.0342847,-15.9386,-20.972884699999998,0.0,0.0,0.0
vacancy_O1,O1 vacancy,octahedral,1,2,5.0342847,-15.9215,-20.9557847,0.0,0.0,0.0
vacancy_O1,O1 vacancy,octahedral,1,2,5.0342847,-15.9044,-20.9386847,0.0,0.0,0.0
vacancy_O1,O1 vacancy,octahedral,1,2,5.0342847,-15.8873,-20.9215847,0.0,0.0,0.0
vacancy_O1,O1 vacancy,octahedral,1,2,5.0342847,-15.8702,-20.9044847,0.0,0.0,0.0
vacancy_O1,O1 vacancy,octahedral,1,2,5.0342847,-15.8531,-20.8873847,0.0,0.0,0.0
vacancy_O1,O1 vacancy,octahedral,1,2,5.0342847,-15.836,-20.8702847,0.0,0.0,0.0
vacancy_O1,O1 vacancy,octahedral,1,2,5.0342847,-15.8189,-20.8531847,0.0,0.0,0.0
vacancy_O1,O1 vacancy,octahedral,1,2,5.0342847,-15.8018,-20.8360847,0.0,0.0,0.0
vacancy_O1,O1 vacancy,octahedral,1,2,5.0342847,-15.7847,-20.8189847,0.0,0.0,0.0
vacancy_O1,O1 vacancy,octahedral,1,2,5.0342847,-15.7676,-20.8018847,0.0,0.0,0.0
vacancy_O1,O1 vacancy,octahedral,1,2,5.0342847,-15.7505,-20.7847847,0.0,0.0,0.0
vacancy_O1,O1 vacancy,octahedral,1,2,5.0342847,-15.7335,-20.7677847,0.0,0.0,0.0
vacancy_O1,O1 vacancy,octahedral,1,2,5.0342847,-15.7164,-20.7506847,0.0,0.0,0.0
vacancy_O1,O1 vacancy,octahedral,1,2,5.0342847,-15.6993,-20.733584699999998,0.0,0.0,0.0
vacancy_O1,O1 vacancy,octahedral,1,2,5.0342847,-15.6822,-20.7164847,0.0,0.0,0.0
vacancy_O1,O1 vacancy,octahedral,1,2,5.0342847,-15.6651,-20.6993847,0.0,0.0,0.0
vacancy_O1,O1 vacancy,octahedral,1,2,5.0342847,-15.648,-20.6822847,0.0,0.0,0.0
vacancy_O1,O1 vacancy,octahedral,1,2,5.0342847,-15.6309,-20.6651847,0.0,0.0,0.0
vacancy_O1,O1 vacancy,octahedral,1,2,5.0342847,-15.6138,-20.6480847,0.0,0.0,0.0
vacancy_O1,O1 vacancy,octahedral,1,2,5.0342847,-15.5967,-20.6309847,0.0,0.0,0.0
vacancy_O1,O1 vacancy,octahedral,1,2,5.0342847,-15.5796,-20.6138847,0.0,0.0,0.0
vacancy_O1,O1 vacancy,octahedral,1,2,5.0342847,-15.5625,-20.5967847,0.0,0.0,0.0
vacancy_O1,O1 vacancy,octahedral,1,2,5.0342847,-15.5454,-20.5796847,0.0,0.0,0.0
vacancy_O1,O1 vacancy,octahedral,1,2,5.0342847,-15.5283,-20.5625847,0.0,0.0,0.0
vacancy_O1,O1 vacancy,octahedral,1,2,5.0342847,-15.5112,-20.5454847,0.0,0.0,0.0
vacancy_O1,O1 vacancy,octahedral,1,2,5.0342847,-15.4942,-20.5284847,0.0,0.0,0.0
vacancy_O1,O1 vacancy,octahedral,1,2,5.0342847,-15.4771,-20.5113847,0.0,0.0,0.0
vacancy_O1,O1 vacancy,octahedral,1,2,5.0342847,-15.46,-20.4942847,0.0,0.0,0.0
vacancy_O1,O1 vacancy,octahedral,1,2,5.0342847,-15.4429,-20.4771847,0.0,0.0,0.0
vacancy_O1,O1 vacancy,octahedral,1,2,5.0342847,-15.4258,-20.4600847,0.0,0.0,0.0
vacancy_O1,O1 vacancy,octahedral,1,2,5.0342847,-15.4087,-20.4429847,0.0,0.0,0.0
vacancy_O1,O1 vacancy,octahedral,1,2,5.0342847,-15.3916,-20.4258847,0.0,0.0,0.0
vacancy_O1,O1 vacancy,octahedral,1,2,5.0342847,-15.3745,-20.4087847,0.0,0.0,0.0
vacancy_O1,O1 vacancy,octahedral,1,2,5.0342847,-15.3574,-20.3916847,0.0,0.0,0.0
vacancy_O1,O1 vacancy,octahedral,1,2,5.0342847,-15.3403,-20.3745847,0.0,0.0,0.0
vacancy_O1,O1 vacancy,octahedral,1,2,5.0342847,-15.3232,-20.3574847,0.0001,0.0,0.0
vacancy_O1,O1 vacancy,octahedral,1,2,5.0342847,-15.3061,-20.3403847,0.0002,0.0,0.0
vacancy_O1,O1 vacancy,octahedral,1,2,5.0342847,-15.289,-20.3232847,0.0004,0.0,0.0
vacancy_O1,O1 vacancy,octahedral,1,2,5.0342847,-15.2719,-20.3061847,0.0007,0.0,0.0
vacancy_O1,O1 vacancy,octahedral,1,2,5.0342847,-15.2549,-20.2891847,0.0013,0.0001,0.0001
vacancy_O1,O1 vacancy,octahedral,1,2,5.0342847,-15.2378,-20.2720847,0.0023,0.0002,0.0001
vacancy_O1,O1 vacancy,octahedral,1,2,5.0342847,-15.2207,-20.2549847,0.0038,0.00030000000000000003,0.00030000000000000003
vacancy_O1,O1 vacancy,octahedral,1,2,5.0342847,-15.2036,-20.2378847,0.006,0.0005,0.0004
vacancy_O1,O1 vacancy,octahedral,1,2,5.0342847,-15.1865,-20.2207847,0.0091,0.0007000000000000001,0.0007000000000000001
vacancy_O1,O1 vacancy,octahedral,1,2,5.0342847,-15.1694,-20.2036847,0.0132,0.001,0.001
vacancy_O1,O1 vacancy,octahedral,1,2,5.0342847,-15.1523,-20.1865847,0.0182,0.0014000000000000002,0.0013000000000000002
vacancy_O1,O1 vacancy,octahedral,1,2,5.0342847,-15.1352,-20.169484699999998,0.0242,0.002,0.0017
vacancy_O1,O1 vacancy,octahedral,1,2,5.0342847,-15.1181,-20.1523847,0.0309,0.0026000000000000003,0.0022
vacancy_O1,O1 vacancy,octahedral,1,2,5.0342847,-15.101,-20.1352847,0.0379,0.0032,0.0026
vacancy_O1,O1 vacancy,octahedral,1,2,5.0342847,-15.0839,-20.1181847,0.0447,0.0037999999999999996,0.0031
vacancy_O1,O1 vacancy,octahedral,1,2,5.0342847,-15.0668,-20.1010847,0.0511,0.0045,0.0037
vacancy_O1,O1 vacancy,octahedral,1,2,5.0342847,-15.0497,-20.0839847,0.0568,0.0050999999999999995,0.004
vacancy_O1,O1 vacancy,octahedral,1,2,5.0342847,-15.0327,-20.0669847,0.0616,0.0058,0.0043
vacancy_O1,O1 vacancy,octahedral,1,2,5.0342847,-15.0156,-20.0498847,0.0657,0.0064,0.0045
vacancy_O1,O1 vacancy,octahedral,1,2,5.0342847,-14.9985,-20.0327847,0.0693,0.0071,0.0048000000000000004
vacancy_O1,O1 vacancy,octahedral,1,2,5.0342847,-14.9814,-20.0156847,0.0726,0.0078,0.005
vacancy_O1,O1 vacancy,octahedral,1,2,5.0342847,-14.9643,-19.9985847,0.0759,0.008499999999999999,0.0052
vacancy_O1,O1 vacancy,octahedral,1,2,5.0342847,-14.9472,-19.9814847,0.0791,0.0094,0.0055
vacancy_O1,O1 vacancy,octahedral,1,2,5.0342847,-14.9301,-19.9643847,0.082,0.010100000000000001,0.0058
vacancy_O1,O1 vacancy,octahedral,1,2,5.0342847,-14.913,-19.9472847,0.0842,0.0105,0.0058
vacancy_O1,O1 vacancy,octahedral,1,2,5.0342847,-14.8959,-19.930184699999998,0.0855,0.011,0.0060999999999999995
vacancy_O1,O1 vacancy,octahedral,1,2,5.0342847,-14.8788,-19.9130847,0.0855,0.011300000000000001,0.0062
vacancy_O1,O1 vacancy,octahedral,1,2,5.0342847,-14.8617,-19.8959847,0.0844,0.011300000000000001,0.0063999999999999994
vacancy_O1,O1 vacancy,octahedral,1,2,5.0342847,-14.8446,-19.8788847,0.0825,0.0113,0.0066
vacancy_O1,O1 vacancy,octahedral,1,2,5.0342847,-14.8275,-19.8617847,0.0801,0.0112,0.0065
vacancy_O1,O1 vacancy,octahedral,1,2,5.0342847,-14.8104,-19.8446847,0.078,0.0111,0.0066
vacancy_O1,O1 vacancy,octahedral,1,2,5.0342847,-14.7934,-19.8276847,0.0764,0.0112,0.006600000000000001
vacancy_O1,O1 vacancy,octahedral,1,2,5.0342847,-14.7763,-19.8105847,0.0756,0.0116,0.0067
vacancy_O1,O1 vacancy,octahedral,1,2,5.0342847,-14.7592,-19.7934847,0.0754,0.012,0.006900000000000001
vacancy_O1,O1 vacancy,octahedral,1,2,5.0342847,-14.7421,-19.7763847,0.0755,0.0126,0.0071
vacancy_O1,O1 vacancy,octahedral,1,2,5.0342847,-14.725,-19.7592847,0.0752,0.0132,0.0071
vacancy_O1,O1 vacancy,octahedral,1,2,5.0342847,-14.7079,-19.7421847,0.0741,0.013600000000000001,0.007
vacancy_O1,O1 vacancy,octahedral,1,2,5.0342847,-14.6908,-19.7250847,0.0717,0.013999999999999999,0.0072
vacancy_O1,O1 vacancy,octahedral,1,2,5.0342847,-14.6737,-19.7079847,0.0681,0.0142,0.0073
vacancy_O1,O1 vacancy,octahedral,1,2,5.0342847,-14.6566,-19.690884699999998,0.0634,0.014100000000000001,0.006999999999999999
vacancy_O1,O1 vacancy,octahedral,1,2,5.0342847,-14.6395,-19.6737847,0.0579,0.014,0.0070999999999999995
vacancy_O1,O1 vacancy,octahedral,1,2,5.0342847,-14.6224,-19.6566847,0.0524,0.0139,0.0072
vacancy_O1,O1 vacancy,octahedral,1,2,5.0342847,-14.6053,-19.6395847,0.0471,0.0137,0.0077
vacancy_O1,O1 vacancy,octahedral,1,2,5.0342847,-14.5882,-19.6224847,0.0426,0.013600000000000001,0.0081
vacancy_O1,O1 vacancy,octahedral,1,2,5.0342847,-14.5711,-19.6053847,0.0389,0.0137,0.0088
vacancy_O1,O1 vacancy,octahedral,1,2,5.0342847,-14.5541,-19.5883847,0.0362,0.0141,0.0098
vacancy_O1,O1 vacancy,octahedral,1,2,5.0342847,-14.537,-19.5712847,0.0344,0.014799999999999999,0.0108
vacancy_O1,O1 vacancy,octahedral,1,2,5.0342847,-14.5199,-19.5541847,0.0335,0.0157,0.0122
vacancy_O1,O1 vacancy,octahedral,1,2,5.0342847,-14.5028,-19.5370847,0.0334,0.017,0.013600000000000001
vacancy_O1,O1 vacancy,octahedral,1,2,5.0342847,-14.4857,-19.5199847,0.0339,0.0186,0.0156
vacancy_O1,O1 vacancy,octahedral,1,2,5.0342847,-14.4686,-19.5028847,0.035,0.0201,0.0177
vacancy_O1,O1 vacancy,octahedral,1,2,5.0342847,-14.4515,-19.4857847,0.0365,0.0216,0.019899999999999998
vacancy_O1,O1 vacancy,octahedral,1,2,5.0342847,-14.4344,-19.4686847,0.0383,0.0232,0.0223
vacancy_O1,O1 vacancy,octahedral,1,2,5.0342847,-14.4173,-19.451584699999998,0.0401,0.0242,0.0246
vacancy_O1,O1 vacancy,octahedral,1,2,5.0342847,-14.4002,-19.4344847,0.0417,0.024999999999999998,0.0268
vacancy_O1,O1 vacancy,octahedral,1,2,5.0342847,-14.3831,-19.4173847,0.043,0.0254,0.0293
vacancy_O1,O1 vacancy,octahedral,1,2,5.0342847,-14.366,-19.4002847,0.0439,0.025300000000000003,0.0315
vacancy_O1,O1 vacancy,octahedral,1,2,5.0342847,-14.3489,-19.3831847,0.0446,0.0252,0.034
vacancy_O1,O1 vacancy,octahedral,1,2,5.0342847,-14.3318,-19.3660847,0.0449,0.0249,0.0365
vacancy_O1,O1 vacancy,octahedral,1,2,5.0342847,-14.3148,-19.3490847,0.045,0.0249,0.039
vacancy_O1,O1 vacancy,octahedral,1,2,5.0342847,-14.2977,-19.3319847,0.0451,0.0252,0.0417
vacancy_O1,O1 vacancy,octahedral,1,2,5.0342847,-14.2806,-19.3148847,0.0452,0.0259,0.0446
vacancy_O1,O1 vacancy,octahedral,1,2,5.0342847,-14.2635,-19.2977847,0.0454,0.0275,0.0478
vacancy_O1,O1 vacancy,octahedral,1,2,5.0342847,-14.2464,-19.2806847,0.0456,0.0293,0.051399999999999994
vacancy_O1,O1 vacancy,octahedral,1,2,5.0342847,-14.2293,-19.2635847,0.0458,0.031799999999999995,0.0552
vacancy_O1,O1 vacancy,octahedral,1,2,5.0342847,-14.2122,-19.2464847,0.0459,0.0343,0.0592
vacancy_O1,O1 vacancy,octahedral,1,2,5.0342847,-14.1951,-19.2293847,0.0459,0.037000000000000005,0.0635
vacancy_O1,O1 vacancy,octahedral,1,2,5.0342847,-14.178,-19.2122847,0.0456,0.0393,0.0681
vacancy_O1,O1 vacancy,octahedral,1,2,5.0342847,-14.1609,-19.1951847,0.0449,0.0413,0.07289999999999999
vacancy_O1,O1 vacancy,octahedral,1,2,5.0342847,-14.1438,-19.1780847,0.0439,0.0428,0.0778
vacancy_O1,O1 vacancy,octahedral,1,2,5.0342847,-14.1267,-19.1609847,0.0427,0.043899999999999995,0.08289999999999999
vacancy_O1,O1 vacancy,octahedral,1,2,5.0342847,-14.1096,-19.1438847,0.0413,0.0449,0.0883
vacancy_O1,O1 vacancy,octahedral,1,2,5.0342847,-14.0925,-19.126784699999998,0.0398,0.045899999999999996,0.09419999999999999
vacancy_O1,O1 vacancy,octahedral,1,2,5.0342847,-14.0755,-19.1097847,0.0384,0.047,0.10089999999999999
vacancy_O1,O1 vacancy,octahedral,1,2,5.0342847,-14.0584,-19.0926847,0.0369,0.0485,0.1089
vacancy_O1,O1 vacancy,octahedral,1,2,5.0342847,-14.0413,-19.0755847,0.0356,0.05,0.11829999999999999
vacancy_O1,O1 vacancy,octahedral,1,2,5.0342847,-14.0242,-19.0584847,0.0345,0.0519,0.12980000000000003
vacancy_O1,O1 vacancy,octahedral,1,2,5.0342847,-14.0071,-19.0413847,0.0335,0.054000000000000006,0.144
vacancy_O1,O1 vacancy,octahedral,1,2,5.0342847,-13.99,-19.0242847,0.0328,0.056299999999999996,0.16080000000000003
vacancy_O1,O1 vacancy,octahedral,1,2,5.0342847,-13.9729,-19.0071847,0.0325,0.0586,0.18069999999999997
vacancy_O1,O1 vacancy,octahedral,1,2,5.0342847,-13.9558,-18.9900847,0.0328,0.060899999999999996,0.20299999999999999
vacancy_O1,O1 vacancy,octahedral,1,2,5.0342847,-13.9387,-18.9729847,0.0338,0.0632,0.2272
vacancy_O1,O1 vacancy,octahedral,1,2,5.0342847,-13.9216,-18.9558847,0.0355,0.06520000000000001,0.2517
vacancy_O1,O1 vacancy,octahedral,1,2,5.0342847,-13.9045,-18.9387847,0.038,0.06689999999999999,0.275
vacancy_O1,O1 vacancy,octahedral,1,2,5.0342847,-13.8874,-18.9216847,0.0408,0.0683,0.29529999999999995
vacancy_O1,O1 vacancy,octahedral,1,2,5.0342847,-13.8703,-18.9045847,0.0437,0.0693,0.3112
vacancy_O1,O1 vacancy,octahedral,1,2,5.0342847,-13.8532,-18.887484699999998,0.0463,0.07,0.32180000000000003
vacancy_O1,O1 vacancy,octahedral,1,2,5.0342847,-13.8362,-18.8704847,0.0479,0.0708,0.3273
vacancy_O1,O1 vacancy,octahedral,1,2,5.0342847,-13.8191,-18.8533847,0.0485,0.0716,0.32880000000000004
vacancy_O1,O1 vacancy,octahedral,1,2,5.0342847,-13.802,-18.8362847,0.0476,0.07300000000000001,0.3283
vacancy_O1,O1 vacancy,octahedral,1,2,5.0342847,-13.7849,-18.8191847,0.0456,0.0754,0.32920000000000005
vacancy_O1,O1 vacancy,octahedral,1,2,5.0342847,-13.7678,-18.802084699999998,0.0426,0.0791,0.3346
vacancy_O1,O1 vacancy,octahedral,1,2,5.0342847,-13.7507,-18.7849847,0.0392,0.0843,0.3475
vacancy_O1,O1 vacancy,octahedral,1,2,5.0342847,-13.7336,-18.7678847,0.0358,0.091,0.3699
vacancy_O1,O1 vacancy,octahedral,1,2,5.0342847,-13.7165,-18.7507847,0.0328,0.0993,0.4016
vacancy_O1,O1 vacancy,octahedral,1,2,5.0342847,-13.6994,-18.7336847,0.0304,0.1083,0.43989999999999996
vacancy_O1,O1 vacancy,octahedral,1,2,5.0342847,-13.6823,-18.7165847,0.0287,0.11760000000000001,0.48040000000000005
vacancy_O1,O1 vacancy,octahedral,1,2,5.0342847,-13.6652,-18.6994847,0.0275,0.1258,0.5163
vacancy_O1,O1 vacancy,octahedral,1,2,5.0342847,-13.6481,-18.6823847,0.0265,0.132,0.5413
vacancy_O1,O1 vacancy,octahedral,1,2,5.0342847,-13.631,-18.6652847,0.0256,0.1352,0.5502
vacancy_O1,O1 vacancy,octahedral,1,2,5.0342847,-13.6139,-18.648184699999998,0.0245,0.1351,0.54
vacancy_O1,O1 vacancy,octahedral,1,2,5.0342847,-13.5969,-18.6311847,0.023,0.1311,0.5111000000000001
vacancy_O1,O1 vacancy,octahedral,1,2,5.0342847,-13.5798,-18.6140847,0.0213,0.1236,0.4673
vacancy_O1,O1 vacancy,octahedral,1,2,5.0342847,-13.5627,-18.5969847,0.0193,0.1135,0.4139
vacancy_O1,O1 vacancy,octahedral,1,2,5.0342847,-13.5456,-18.5798847,0.0173,0.1018,0.35729999999999995
vacancy_O1,O1 vacancy,octahedral,1,2,5.0342847,-13.5285,-18.562784699999998,0.0153,0.0897,0.3028
vacancy_O1,O1 vacancy,octahedral,1,2,5.0342847,-13.5114,-18.5456847,0.0135,0.0779,0.2541
vacancy_O1,O1 vacancy,octahedral,1,2,5.0342847,-13.4943,-18.5285847,0.012,0.0673,0.21299999999999997
vacancy_O1,O1 vacancy,octahedral,1,2,5.0342847,-13.4772,-18.5114847,0.0107,0.058,0.17980000000000002
vacancy_O1,O1 vacancy,octahedral,1,2,5.0342847,-13.4601,-18.4943847,0.0097,0.050300000000000004,0.15309999999999999
vacancy_O1,O1 vacancy,octahedral,1,2,5.0342847,-13.443,-18.4772847,0.0089,0.043899999999999995,0.1311
vacancy_O1,O1 vacancy,octahedral,1,2,5.0342847,-13.4259,-18.4601847,0.0083,0.0384,0.11299999999999999
vacancy_O1,O1 vacancy,octahedral,1,2,5.0342847,-13.4088,-18.4430847,0.0077,0.0336,0.097
vacancy_O1,O1 vacancy,octahedral,1,2,5.0342847,-13.3917,-18.4259847,0.007,0.0291,0.0825
vacancy_O1,O1 vacancy,octahedral,1,2,5.0342847,-13.3746,-18.408884699999998,0.0064,0.0249,0.06919999999999998
vacancy_O1,O1 vacancy,octahedral,1,2,5.0342847,-13.3576,-18.3918847,0.0058,0.021,0.0571
vacancy_O1,O1 vacancy,octahedral,1,2,5.0342847,-13.3405,-18.3747847,0.0052,0.0175,0.04660000000000001
vacancy_O1,O1 vacancy,octahedral,1,2,5.0342847,-13.3234,-18.3576847,0.0045,0.014199999999999999,0.037399999999999996
vacancy_O1,O1 vacancy,octahedral,1,2,5.0342847,-13.3063,-18.3405847,0.004,0.0115,0.0297
vacancy_O1,O1 vacancy,octahedral,1,2,5.0342847,-13.2892,-18.323484699999998,0.0034,0.0091,0.0235
vacancy_O1,O1 vacancy,octahedral,1,2,5.0342847,-13.2721,-18.3063847,0.0029,0.0071,0.0184
vacancy_O1,O1 vacancy,octahedral,1,2,5.0342847,-13.255,-18.2892847,0.0025,0.0056,0.014499999999999999
vacancy_O1,O1 vacancy,octahedral,1,2,5.0342847,-13.2379,-18.2721847,0.0021,0.0043,0.0115
vacancy_O1,O1 vacancy,octahedral,1,2,5.0342847,-13.2208,-18.2550847,0.0018,0.0034000000000000002,0.0091
vacancy_O1,O1 vacancy,octahedral,1,2,5.0342847,-13.2037,-18.2379847,0.0015,0.0028,0.0075
vacancy_O1,O1 vacancy,octahedral,1,2,5.0342847,-13.1866,-18.2208847,0.0013,0.0023,0.0063999999999999994
vacancy_O1,O1 vacancy,octahedral,1,2,5.0342847,-13.1695,-18.2037847,0.0012,0.002,0.005600000000000001
vacancy_O1,O1 vacancy,octahedral,1,2,5.0342847,-13.1524,-18.1866847,0.0012,0.0019,0.005400000000000001
vacancy_O1,O1 vacancy,octahedral,1,2,5.0342847,-13.1354,-18.1696847,0.0013,0.0019,0.005300000000000001
vacancy_O1,O1 vacancy,octahedral,1,2,5.0342847,-13.1183,-18.1525847,0.0013,0.0019,0.005400000000000001
vacancy_O1,O1 vacancy,octahedral,1,2,5.0342847,-13.1012,-18.1354847,0.0014,0.0019,0.0053
vacancy_O1,O1 vacancy,octahedral,1,2,5.0342847,-13.0841,-18.1183847,0.0014,0.0018,0.0053
vacancy_O1,O1 vacancy,octahedral,1,2,5.0342847,-13.067,-18.1012847,0.0013,0.0017,0.005100000000000001
vacancy_O1,O1 vacancy,octahedral,1,2,5.0342847,-13.0499,-18.084184699999998,0.0012,0.0015999999999999999,0.0046
vacancy_O1,O1 vacancy,octahedral,1,2,5.0342847,-13.0328,-18.0670847,0.001,0.0013,0.004
vacancy_O1,O1 vacancy,octahedral,1,2,5.0342847,-13.0157,-18.0499847,0.0009,0.0012000000000000001,0.0033
vacancy_O1,O1 vacancy,octahedral,1,2,5.0342847,-12.9986,-18.0328847,0.0007,0.0009,0.0026000000000000003
vacancy_O1,O1 vacancy,octahedral,1,2,5.0342847,-12.9815,-18.0157847,0.0005,0.0006000000000000001,0.0017
vacancy_O1,O1 vacancy,octahedral,1,2,5.0342847,-12.9644,-17.9986847,0.0003,0.00039999999999999996,0.0012000000000000001
vacancy_O1,O1 vacancy,octahedral,1,2,5.0342847,-12.9473,-17.9815847,0.0002,0.00030000000000000003,0.0007999999999999999
vacancy_O1,O1 vacancy,octahedral,1,2,5.0342847,-12.9302,-17.9644847,0.0001,0.0001,0.0005
vacancy_O1,O1 vacancy,octahedral,1,2,5.0342847,-12.9131,-17.9473847,0.0001,0.0001,0.0002
vacancy_O1,O1 vacancy,octahedral,1,2,5.0342847,-12.8961,-17.9303847,0.0,0.0,0.0002
vacancy_O1,O1 vacancy,octahedral,1,2,5.0342847,-12.879,-17.9132847,0.0,0.0,0.0
vacancy_O1,O1 vacancy,octahedral,1,2,5.0342847,-12.8619,-17.8961847,0.0,0.0,0.0
vacancy_O1,O1 vacancy,octahedral,1,2,5.0342847,-12.8448,-17.8790847,0.0,0.0,0.0
vacancy_O1,O1 vacancy,octahedral,1,2,5.0342847,-12.8277,-17.8619847,0.0,0.0,0.0
vacancy_O1,O1 vacancy,octahedral,1,2,5.0342847,-12.8106,-17.8448847,0.0,0.0,0.0
vacancy_O1,O1 vacancy,octahedral,1,2,5.0342847,-12.7935,-17.8277847,0.0,0.0,0.0
vacancy_O1,O1 vacancy,octahedral,1,2,5.0342847,-12.7764,-17.8106847,0.0,0.0,0.0
vacancy_O1,O1 vacancy,octahedral,1,2,5.0342847,-12.7593,-17.7935847,0.0,0.0,0.0
vacancy_O1,O1 vacancy,octahedral,1,2,5.0342847,-12.7422,-17.7764847,0.0,0.0,0.0
vacancy_O1,O1 vacancy,octahedral,1,2,5.0342847,-12.7251,-17.7593847,0.0,0.0,0.0
vacancy_O1,O1 vacancy,octahedral,1,2,5.0342847,-12.708,-17.7422847,0.0,0.0,0.0
vacancy_O1,O1 vacancy,octahedral,1,2,5.0342847,-12.6909,-17.7251847,0.0,0.0,0.0
vacancy_O1,O1 vacancy,octahedral,1,2,5.0342847,-12.6738,-17.7080847,0.0,0.0,0.0
vacancy_O1,O1 vacancy,octahedral,1,2,5.0342847,-12.6568,-17.6910847,0.0,0.0,0.0
vacancy_O1,O1 vacancy,octahedral,1,2,5.0342847,-12.6397,-17.6739847,0.0,0.0,0.0
vacancy_O1,O1 vacancy,octahedral,1,2,5.0342847,-12.6226,-17.6568847,0.0,0.0,0.0
vacancy_O1,O1 vacancy,octahedral,1,2,5.0342847,-12.6055,-17.6397847,0.0,0.0,0.0
vacancy_O1,O1 vacancy,octahedral,1,2,5.0342847,-12.5884,-17.6226847,0.0,0.0,0.0
vacancy_O1,O1 vacancy,octahedral,1,2,5.0342847,-12.5713,-17.6055847,0.0,0.0,0.0
vacancy_O1,O1 vacancy,octahedral,1,2,5.0342847,-12.5542,-17.5884847,0.0,0.0,0.0
vacancy_O1,O1 vacancy,octahedral,1,2,5.0342847,-12.5371,-17.5713847,0.0,0.0,0.0
vacancy_O1,O1 vacancy,octahedral,1,2,5.0342847,-12.52,-17.5542847,0.0,0.0,0.0
vacancy_O1,O1 vacancy,octahedral,1,2,5.0342847,-12.5029,-17.5371847,0.0,0.0,0.0
vacancy_O1,O1 vacancy,octahedral,1,2,5.0342847,-12.4858,-17.520084699999998,0.0,0.0,0.0
vacancy_O1,O1 vacancy,octahedral,1,2,5.0342847,-12.4687,-17.5029847,0.0,0.0,0.0
vacancy_O1,O1 vacancy,octahedral,1,2,5.0342847,-12.4516,-17.4858847,0.0,0.0,0.0
vacancy_O1,O1 vacancy,octahedral,1,2,5.0342847,-12.4345,-17.4687847,0.0,0.0,0.0
vacancy_O1,O1 vacancy,octahedral,1,2,5.0342847,-12.4175,-17.4517847,0.0,0.0,0.0
vacancy_O1,O1 vacancy,octahedral,1,2,5.0342847,-12.4004,-17.4346847,0.0,0.0,0.0
vacancy_O1,O1 vacancy,octahedral,1,2,5.0342847,-12.3833,-17.4175847,0.0,0.0,0.0
vacancy_O1,O1 vacancy,octahedral,1,2,5.0342847,-12.3662,-17.4004847,0.0,0.0,0.0
vacancy_O1,O1 vacancy,octahedral,1,2,5.0342847,-12.3491,-17.3833847,0.0,0.0,0.0
vacancy_O1,O1 vacancy,octahedral,1,2,5.0342847,-12.332,-17.3662847,0.0,0.0,0.0
vacancy_O1,O1 vacancy,octahedral,1,2,5.0342847,-12.3149,-17.3491847,0.0,0.0,0.0
vacancy_O1,O1 vacancy,octahedral,1,2,5.0342847,-12.2978,-17.3320847,0.0,0.0,0.0
vacancy_O1,O1 vacancy,octahedral,1,2,5.0342847,-12.2807,-17.3149847,0.0,0.0,0.0
vacancy_O1,O1 vacancy,octahedral,1,2,5.0342847,-12.2636,-17.2978847,0.0,0.0,0.0
vacancy_O1,O1 vacancy,octahedral,1,2,5.0342847,-12.2465,-17.280784699999998,0.0,0.0,0.0
vacancy_O1,O1 vacancy,octahedral,1,2,5.0342847,-12.2294,-17.2636847,0.0,0.0,0.0
vacancy_O1,O1 vacancy,octahedral,1,2,5.0342847,-12.2123,-17.2465847,0.0,0.0,0.0
vacancy_O1,O1 vacancy,octahedral,1,2,5.0342847,-12.1952,-17.2294847,0.0,0.0,0.0
vacancy_O1,O1 vacancy,octahedral,1,2,5.0342847,-12.1782,-17.2124847,0.0,0.0,0.0
vacancy_O1,O1 vacancy,octahedral,1,2,5.0342847,-12.1611,-17.195384699999998,0.0,0.0,0.0
vacancy_O1,O1 vacancy,octahedral,1,2,5.0342847,-12.144,-17.1782847,0.0,0.0,0.0
vacancy_O1,O1 vacancy,octahedral,1,2,5.0342847,-12.1269,-17.1611847,0.0,0.0,0.0
vacancy_O1,O1 vacancy,octahedral,1,2,5.0342847,-12.1098,-17.1440847,0.0,0.0,0.0
vacancy_O1,O1 vacancy,octahedral,1,2,5.0342847,-12.0927,-17.1269847,0.0,0.0,0.0
vacancy_O1,O1 vacancy,octahedral,1,2,5.0342847,-12.0756,-17.1098847,0.0,0.0,0.0
vacancy_O1,O1 vacancy,octahedral,1,2,5.0342847,-12.0585,-17.0927847,0.0,0.0,0.0
vacancy_O1,O1 vacancy,octahedral,1,2,5.0342847,-12.0414,-17.0756847,0.0,0.0,0.0
vacancy_O1,O1 vacancy,octahedral,1,2,5.0342847,-12.0243,-17.0585847,0.0,0.0,0.0
vacancy_O1,O1 vacancy,octahedral,1,2,5.0342847,-12.0072,-17.041484699999998,0.0,0.0,0.0
vacancy_O1,O1 vacancy,octahedral,1,2,5.0342847,-11.9901,-17.0243847,0.0,0.0,0.0
vacancy_O1,O1 vacancy,octahedral,1,2,5.0342847,-11.973,-17.0072847,0.0,0.0,0.0
vacancy_O1,O1 vacancy,octahedral,1,2,5.0342847,-11.9559,-16.9901847,0.0,0.0,0.0
vacancy_O1,O1 vacancy,octahedral,1,2,5.0342847,-11.9389,-16.9731847,0.0,0.0,0.0
vacancy_O1,O1 vacancy,octahedral,1,2,5.0342847,-11.9218,-16.956084699999998,0.0,0.0,0.0
vacancy_O1,O1 vacancy,octahedral,1,2,5.0342847,-11.9047,-16.9389847,0.0,0.0,0.0
vacancy_O1,O1 vacancy,octahedral,1,2,5.0342847,-11.8876,-16.9218847,0.0,0.0,0.0
vacancy_O1,O1 vacancy,octahedral,1,2,5.0342847,-11.8705,-16.9047847,0.0,0.0,0.0
vacancy_O1,O1 vacancy,octahedral,1,2,5.0342847,-11.8534,-16.8876847,0.0,0.0,0.0
vacancy_O1,O1 vacancy,octahedral,1,2,5.0342847,-11.8363,-16.8705847,0.0,0.0,0.0
vacancy_O1,O1 vacancy,octahedral,1,2,5.0342847,-11.8192,-16.8534847,0.0,0.0,0.0
vacancy_O1,O1 vacancy,octahedral,1,2,5.0342847,-11.8021,-16.8363847,0.0,0.0,0.0
vacancy_O1,O1 vacancy,octahedral,1,2,5.0342847,-11.785,-16.8192847,0.0,0.0,0.0
vacancy_O1,O1 vacancy,octahedral,1,2,5.0342847,-11.7679,-16.802184699999998,0.0,0.0,0.0
vacancy_O1,O1 vacancy,octahedral,1,2,5.0342847,-11.7508,-16.7850847,0.0,0.0,0.0
vacancy_O1,O1 vacancy,octahedral,1,2,5.0342847,-11.7337,-16.7679847,0.0,0.0,0.0
vacancy_O1,O1 vacancy,octahedral,1,2,5.0342847,-11.7166,-16.7508847,0.0,0.0,0.0
vacancy_O1,O1 vacancy,octahedral,1,2,5.0342847,-11.6996,-16.7338847,0.0,0.0,0.0
vacancy_O1,O1 vacancy,octahedral,1,2,5.0342847,-11.6825,-16.716784699999998,0.0,0.0,0.0
vacancy_O1,O1 vacancy,octahedral,1,2,5.0342847,-11.6654,-16.6996847,0.0,0.0,0.0
vacancy_O1,O1 vacancy,octahedral,1,2,5.0342847,-11.6483,-16.6825847,0.0,0.0,0.0
vacancy_O1,O1 vacancy,octahedral,1,2,5.0342847,-11.6312,-16.6654847,0.0,0.0,0.0
vacancy_O1,O1 vacancy,octahedral,1,2,5.0342847,-11.6141,-16.6483847,0.0,0.0,0.0
vacancy_O1,O1 vacancy,octahedral,1,2,5.0342847,-11.597,-16.6312847,0.0,0.0,0.0
vacancy_O1,O1 vacancy,octahedral,1,2,5.0342847,-11.5799,-16.6141847,0.0,0.0,0.0
vacancy_O1,O1 vacancy,octahedral,1,2,5.0342847,-11.5628,-16.5970847,0.0,0.0,0.0
vacancy_O1,O1 vacancy,octahedral,1,2,5.0342847,-11.5457,-16.5799847,0.0,0.0,0.0
vacancy_O1,O1 vacancy,octahedral,1,2,5.0342847,-11.5286,-16.5628847,0.0,0.0,0.0
vacancy_O1,O1 vacancy,octahedral,1,2,5.0342847,-11.5115,-16.5457847,0.0,0.0,0.0
vacancy_O1,O1 vacancy,octahedral,1,2,5.0342847,-11.4944,-16.5286847,0.0,0.0,0.0
vacancy_O1,O1 vacancy,octahedral,1,2,5.0342847,-11.4774,-16.5116847,0.0,0.0,0.0
vacancy_O1,O1 vacancy,octahedral,1,2,5.0342847,-11.4603,-16.4945847,0.0,0.0,0.0
vacancy_O1,O1 vacancy,octahedral,1,2,5.0342847,-11.4432,-16.477484699999998,0.0,0.0,0.0
vacancy_O1,O1 vacancy,octahedral,1,2,5.0342847,-11.4261,-16.4603847,0.0,0.0,0.0
vacancy_O1,O1 vacancy,octahedral,1,2,5.0342847,-11.409,-16.4432847,0.0,0.0,0.0
vacancy_O1,O1 vacancy,octahedral,1,2,5.0342847,-11.3919,-16.4261847,0.0,0.0,0.0
vacancy_O1,O1 vacancy,octahedral,1,2,5.0342847,-11.3748,-16.4090847,0.0,0.0,0.0
vacancy_O1,O1 vacancy,octahedral,1,2,5.0342847,-11.3577,-16.3919847,0.0,0.0,0.0
vacancy_O1,O1 vacancy,octahedral,1,2,5.0342847,-11.3406,-16.3748847,0.0,0.0,0.0
vacancy_O1,O1 vacancy,octahedral,1,2,5.0342847,-11.3235,-16.3577847,0.0,0.0,0.0
vacancy_O1,O1 vacancy,octahedral,1,2,5.0342847,-11.3064,-16.3406847,0.0,0.0,0.0
vacancy_O1,O1 vacancy,octahedral,1,2,5.0342847,-11.2893,-16.3235847,0.0,0.0,0.0
vacancy_O1,O1 vacancy,octahedral,1,2,5.0342847,-11.2722,-16.3064847,0.0,0.0,0.0
vacancy_O1,O1 vacancy,octahedral,1,2,5.0342847,-11.2551,-16.2893847,0.0,0.0,0.0
vacancy_O1,O1 vacancy,octahedral,1,2,5.0342847,-11.2381,-16.2723847,0.0,0.0,0.0
vacancy_O1,O1 vacancy,octahedral,1,2,5.0342847,-11.221,-16.2552847,0.0,0.0,0.0
vacancy_O1,O1 vacancy,octahedral,1,2,5.0342847,-11.2039,-16.2381847,0.0,0.0,0.0
vacancy_O1,O1 vacancy,octahedral,1,2,5.0342847,-11.1868,-16.2210847,0.0,0.0,0.0
vacancy_O1,O1 vacancy,octahedral,1,2,5.0342847,-11.1697,-16.2039847,0.0,0.0,0.0
vacancy_O1,O1 vacancy,octahedral,1,2,5.0342847,-11.1526,-16.1868847,0.0,0.0,0.0
vacancy_O1,O1 vacancy,octahedral,1,2,5.0342847,-11.1355,-16.1697847,0.0,0.0,0.0
vacancy_O1,O1 vacancy,octahedral,1,2,5.0342847,-11.1184,-16.1526847,0.0,0.0,0.0
vacancy_O1,O1 vacancy,octahedral,1,2,5.0342847,-11.1013,-16.1355847,0.0,0.0,0.0
vacancy_O1,O1 vacancy,octahedral,1,2,5.0342847,-11.0842,-16.1184847,0.0,0.0,0.0
vacancy_O1,O1 vacancy,octahedral,1,2,5.0342847,-11.0671,-16.1013847,0.0,0.0,0.0
vacancy_O1,O1 vacancy,octahedral,1,2,5.0342847,-11.05,-16.0842847,0.0,0.0,0.0
vacancy_O1,O1 vacancy,octahedral,1,2,5.0342847,-11.0329,-16.0671847,0.0,0.0,0.0
vacancy_O1,O1 vacancy,octahedral,1,2,5.0342847,-11.0158,-16.0500847,0.0,0.0,0.0
vacancy_O1,O1 vacancy,octahedral,1,2,5.0342847,-10.9988,-16.0330847,0.0,0.0,0.0
vacancy_O1,O1 vacancy,octahedral,1,2,5.0342847,-10.9817,-16.0159847,0.0,0.0,0.0
vacancy_O1,O1 vacancy,octahedral,1,2,5.0342847,-10.9646,-15.998884700000001,0.0,0.0,0.0
vacancy_O1,O1 vacancy,octahedral,1,2,5.0342847,-10.9475,-15.981784699999999,0.0,0.0,0.0
vacancy_O1,O1 vacancy,octahedral,1,2,5.0342847,-10.9304,-15.9646847,0.0,0.0,0.0
vacancy_O1,O1 vacancy,octahedral,1,2,5.0342847,-10.9133,-15.9475847,0.0,0.0,0.0
vacancy_O1,O1 vacancy,octahedral,1,2,5.0342847,-10.8962,-15.930484700000001,0.0,0.0,0.0
vacancy_O1,O1 vacancy,octahedral,1,2,5.0342847,-10.8791,-15.913384699999998,0.0,0.0,0.0
vacancy_O1,O1 vacancy,octahedral,1,2,5.0342847,-10.862,-15.896284699999999,0.0,0.0,0.0
vacancy_O1,O1 vacancy,octahedral,1,2,5.0342847,-10.8449,-15.8791847,0.0,0.0,0.0
vacancy_O1,O1 vacancy,octahedral,1,2,5.0342847,-10.8278,-15.8620847,0.0,0.0,0.0
vacancy_O1,O1 vacancy,octahedral,1,2,5.0342847,-10.8107,-15.844984700000001,0.0,0.0,0.0
vacancy_O1,O1 vacancy,octahedral,1,2,5.0342847,-10.7936,-15.827884699999998,0.0,0.0,0.0
vacancy_O1,O1 vacancy,octahedral,1,2,5.0342847,-10.7765,-15.8107847,0.0,0.0,0.0
vacancy_O1,O1 vacancy,octahedral,1,2,5.0342847,-10.7595,-15.7937847,0.0,0.0,0.0
vacancy_O1,O1 vacancy,octahedral,1,2,5.0342847,-10.7424,-15.7766847,0.0,0.0,0.0
vacancy_O1,O1 vacancy,octahedral,1,2,5.0342847,-10.7253,-15.759584700000001,0.0,0.0,0.0
vacancy_O1,O1 vacancy,octahedral,1,2,5.0342847,-10.7082,-15.742484699999999,0.0,0.0,0.0
vacancy_O1,O1 vacancy,octahedral,1,2,5.0342847,-10.6911,-15.7253847,0.0,0.0,0.0
vacancy_O1,O1 vacancy,octahedral,1,2,5.0342847,-10.674,-15.7082847,0.0,0.0,0.0
vacancy_O1,O1 vacancy,octahedral,1,2,5.0342847,-10.6569,-15.6911847,0.0,0.0,0.0
vacancy_O1,O1 vacancy,octahedral,1,2,5.0342847,-10.6398,-15.674084699999998,0.0,0.0,0.0
vacancy_O1,O1 vacancy,octahedral,1,2,5.0342847,-10.6227,-15.656984699999999,0.0,0.0,0.0
vacancy_O1,O1 vacancy,octahedral,1,2,5.0342847,-10.6056,-15.6398847,0.0,0.0,0.0
vacancy_O1,O1 vacancy,octahedral,1,2,5.0342847,-10.5885,-15.6227847,0.0,0.0,0.0
vacancy_O1,O1 vacancy,octahedral,1,2,5.0342847,-10.5714,-15.605684700000001,0.0,0.0,0.0
vacancy_O1,O1 vacancy,octahedral,1,2,5.0342847,-10.5543,-15.588584699999998,0.0,0.0,0.0
vacancy_O1,O1 vacancy,octahedral,1,2,5.0342847,-10.5372,-15.5714847,0.0,0.0,0.0
vacancy_O1,O1 vacancy,octahedral,1,2,5.0342847,-10.5202,-15.5544847,0.0,0.0,0.0
vacancy_O1,O1 vacancy,octahedral,1,2,5.0342847,-10.5031,-15.5373847,0.0,0.0,0.0
vacancy_O1,O1 vacancy,octahedral,1,2,5.0342847,-10.486,-15.520284700000001,0.0,0.0,0.0
vacancy_O1,O1 vacancy,octahedral,1,2,5.0342847,-10.4689,-15.503184699999998,0.0,0.0,0.0
vacancy_O1,O1 vacancy,octahedral,1,2,5.0342847,-10.4518,-15.4860847,0.0,0.0,0.0
vacancy_O1,O1 vacancy,octahedral,1,2,5.0342847,-10.4347,-15.4689847,0.0,0.0,0.0
vacancy_O1,O1 vacancy,octahedral,1,2,5.0342847,-10.4176,-15.4518847,0.0,0.0,0.0
vacancy_O1,O1 vacancy,octahedral,1,2,5.0342847,-10.4005,-15.434784699999998,0.0,0.0,0.0
vacancy_O1,O1 vacancy,octahedral,1,2,5.0342847,-10.3834,-15.417684699999999,0.0,0.0,0.0
vacancy_O1,O1 vacancy,octahedral,1,2,5.0342847,-10.3663,-15.4005847,0.0,0.0,0.0
vacancy_O1,O1 vacancy,octahedral,1,2,5.0342847,-10.3492,-15.3834847,0.0,0.0,0.0
vacancy_O1,O1 vacancy,octahedral,1,2,5.0342847,-10.3321,-15.366384700000001,0.0,0.0,0.0
vacancy_O1,O1 vacancy,octahedral,1,2,5.0342847,-10.315,-15.349284699999998,0.0,0.0,0.0
vacancy_O1,O1 vacancy,octahedral,1,2,5.0342847,-10.2979,-15.332184699999999,0.0,0.0,0.0
vacancy_O1,O1 vacancy,octahedral,1,2,5.0342847,-10.2809,-15.3151847,0.0,0.0,0.0
vacancy_O1,O1 vacancy,octahedral,1,2,5.0342847,-10.2638,-15.2980847,0.0,0.0,0.0
vacancy_O1,O1 vacancy,octahedral,1,2,5.0342847,-10.2467,-15.280984700000001,0.0,0.0,0.0
vacancy_O1,O1 vacancy,octahedral,1,2,5.0342847,-10.2296,-15.263884699999998,0.0,0.0,0.0
vacancy_O1,O1 vacancy,octahedral,1,2,5.0342847,-10.2125,-15.2467847,0.0,0.0,0.0
vacancy_O1,O1 vacancy,octahedral,1,2,5.0342847,-10.1954,-15.2296847,0.0,0.0,0.0
vacancy_O1,O1 vacancy,octahedral,1,2,5.0342847,-10.1783,-15.2125847,0.0,0.0,0.0
vacancy_O1,O1 vacancy,octahedral,1,2,5.0342847,-10.1612,-15.195484699999998,0.0,0.0,0.0
vacancy_O1,O1 vacancy,octahedral,1,2,5.0342847,-10.1441,-15.178384699999999,0.0,0.0,0.0
vacancy_O1,O1 vacancy,octahedral,1,2,5.0342847,-10.127,-15.1612847,0.0,0.0,0.0
vacancy_O1,O1 vacancy,octahedral,1,2,5.0342847,-10.1099,-15.1441847,0.0,0.0,0.0
vacancy_O1,O1 vacancy,octahedral,1,2,5.0342847,-10.0928,-15.127084700000001,0.0,0.0,0.0
vacancy_O1,O1 vacancy,octahedral,1,2,5.0342847,-10.0757,-15.109984699999998,0.0,0.0,0.0
vacancy_O1,O1 vacancy,octahedral,1,2,5.0342847,-10.0586,-15.092884699999999,0.0,0.0,0.0
vacancy_O1,O1 vacancy,octahedral,1,2,5.0342847,-10.0416,-15.0758847,0.0,0.0,0.0
vacancy_O1,O1 vacancy,octahedral,1,2,5.0342847,-10.0245,-15.0587847,0.0,0.0,0.0
vacancy_O1,O1 vacancy,octahedral,1,2,5.0342847,-10.0074,-15.041684700000001,0.0,0.0,0.0
vacancy_O1,O1 vacancy,octahedral,1,2,5.0342847,-9.9903,-15.024584699999998,0.0,0.0,0.0
vacancy_O1,O1 vacancy,octahedral,1,2,5.0342847,-9.9732,-15.0074847,0.0,0.0,0.0
vacancy_O1,O1 vacancy,octahedral,1,2,5.0342847,-9.9561,-14.9903847,0.0,0.0,0.0
vacancy_O1,O1 vacancy,octahedral,1,2,5.0342847,-9.939,-14.9732847,0.0,0.0,0.0
vacancy_O1,O1 vacancy,octahedral,1,2,5.0342847,-9.9219,-14.956184700000001,0.0,0.0,0.0
vacancy_O1,O1 vacancy,octahedral,1,2,5.0342847,-9.9048,-14.939084699999999,0.0,0.0,0.0
vacancy_O1,O1 vacancy,octahedral,1,2,5.0342847,-9.8877,-14.9219847,0.0,0.0,0.0
vacancy_O1,O1 vacancy,octahedral,1,2,5.0342847,-9.8706,-14.9048847,0.0,0.0,0.0
vacancy_O1,O1 vacancy,octahedral,1,2,5.0342847,-9.8535,-14.887784700000001,0.0,0.0,0.0
vacancy_O1,O1 vacancy,octahedral,1,2,5.0342847,-9.8364,-14.870684699999998,0.0,0.0,0.0
vacancy_O1,O1 vacancy,octahedral,1,2,5.0342847,-9.8193,-14.853584699999999,0.0,0.0,0.0
vacancy_O1,O1 vacancy,octahedral,1,2,5.0342847,-9.8023,-14.8365847,0.0,0.0,0.0
vacancy_O1,O1 vacancy,octahedral,1,2,5.0342847,-9.7852,-14.8194847,0.0,0.0,0.0
vacancy_O1,O1 vacancy,octahedral,1,2,5.0342847,-9.7681,-14.802384700000001,0.0,0.0,0.0
vacancy_O1,O1 vacancy,octahedral,1,2,5.0342847,-9.751,-14.785284699999998,0.0,0.0,0.0
vacancy_O1,O1 vacancy,octahedral,1,2,5.0342847,-9.7339,-14.768184699999999,0.0,0.0,0.0
vacancy_O1,O1 vacancy,octahedral,1,2,5.0342847,-9.7168,-14.7510847,0.0,0.0,0.0
vacancy_O1,O1 vacancy,octahedral,1,2,5.0342847,-9.6997,-14.7339847,0.0,0.0,0.0
vacancy_O1,O1 vacancy,octahedral,1,2,5.0342847,-9.6826,-14.716884700000001,0.0,0.0,0.0
vacancy_O1,O1 vacancy,octahedral,1,2,5.0342847,-9.6655,-14.699784699999999,0.0,0.0,0.0
vacancy_O1,O1 vacancy,octahedral,1,2,5.0342847,-9.6484,-14.6826847,0.0,0.0,0.0
vacancy_O1,O1 vacancy,octahedral,1,2,5.0342847,-9.6313,-14.6655847,0.0,0.0,0.0
vacancy_O1,O1 vacancy,octahedral,1,2,5.0342847,-9.6142,-14.648484700000001,0.0,0.0,0.0001
vacancy_O1,O1 vacancy,octahedral,1,2,5.0342847,-9.5971,-14.631384699999998,0.0,0.0,0.0006000000000000001
vacancy_O1,O1 vacancy,octahedral,1,2,5.0342847,-9.5801,-14.614384699999999,0.0,0.0,0.0015
vacancy_O1,O1 vacancy,octahedral,1,2,5.0342847,-9.563,-14.5972847,0.0,0.0,0.0040999999999999995
vacancy_O1,O1 vacancy,octahedral,1,2,5.0342847,-9.5459,-14.5801847,0.0,0.0,0.0102
vacancy_O1,O1 vacancy,octahedral,1,2,5.0342847,-9.5288,-14.563084700000001,0.0,0.0,0.0244
vacancy_O1,O1 vacancy,octahedral,1,2,5.0342847,-9.5117,-14.545984699999998,0.0,0.0,0.0555
vacancy_O1,O1 vacancy,octahedral,1,2,5.0342847,-9.4946,-14.528884699999999,0.0,0.0,0.11959999999999998
vacancy_O1,O1 vacancy,octahedral,1,2,5.0342847,-9.4775,-14.5117847,0.0001,0.0,0.2449
vacancy_O1,O1 vacancy,octahedral,1,2,5.0342847,-9.4604,-14.4946847,0.0002,0.0,0.47700000000000004
vacancy_O1,O1 vacancy,octahedral,1,2,5.0342847,-9.4433,-14.477584700000001,0.0003,0.0,0.8847
vacancy_O1,O1 vacancy,octahedral,1,2,5.0342847,-9.4262,-14.460484699999999,0.0005,0.0,1.5630000000000002
vacancy_O1,O1 vacancy,octahedral,1,2,5.0342847,-9.4091,-14.4433847,0.0007,0.0,2.6327
vacancy_O1,O1 vacancy,octahedral,1,2,5.0342847,-9.392,-14.4262847,0.0011,0.0002,4.2309
vacancy_O1,O1 vacancy,octahedral,1,2,5.0342847,-9.3749,-14.4091847,0.0016,0.0002,6.4908
vacancy_O1,O1 vacancy,octahedral,1,2,5.0342847,-9.3578,-14.392084699999998,0.0021,0.0004,9.510299999999999
vacancy_O1,O1 vacancy,octahedral,1,2,5.0342847,-9.3408,-14.375084699999999,0.0028,0.0006,13.3104
vacancy_O1,O1 vacancy,octahedral,1,2,5.0342847,-9.3237,-14.3579847,0.0034,0.0007999999999999999,17.7958
vacancy_O1,O1 vacancy,octahedral,1,2,5.0342847,-9.3066,-14.3408847,0.0041,0.0011,22.7252
vacancy_O1,O1 vacancy,octahedral,1,2,5.0342847,-9.2895,-14.323784700000001,0.0046,0.0013999999999999998,27.7113
vacancy_O1,O1 vacancy,octahedral,1,2,5.0342847,-9.2724,-14.306684699999998,0.0051,0.0017000000000000001,32.257799999999996
vacancy_O1,O1 vacancy,octahedral,1,2,5.0342847,-9.2553,-14.289584699999999,0.0055,0.002,35.83410000000001
vacancy_O1,O1 vacancy,octahedral,1,2,5.0342847,-9.2382,-14.2724847,0.0058,0.0023,37.978699999999996
vacancy_O1,O1 vacancy,octahedral,1,2,5.0342847,-9.2211,-14.2553847,0.006,0.0027,38.4004
vacancy_O1,O1 vacancy,octahedral,1,2,5.0342847,-9.204,-14.238284700000001,0.0062,0.003,37.0497
vacancy_O1,O1 vacancy,octahedral,1,2,5.0342847,-9.1869,-14.221184699999998,0.0064,0.0034000000000000002,34.13420000000001
vacancy_O1,O1 vacancy,octahedral,1,2,5.0342847,-9.1698,-14.2040847,0.0068,0.0036999999999999997,30.073700000000002
vacancy_O1,O1 vacancy,octahedral,1,2,5.0342847,-9.1527,-14.1869847,0.0075,0.0044,25.404700000000002
vacancy_O1,O1 vacancy,octahedral,1,2,5.0342847,-9.1356,-14.1698847,0.0084,0.0051,20.668499999999998
vacancy_O1,O1 vacancy,octahedral,1,2,5.0342847,-9.1185,-14.152784699999998,0.0096,0.006,16.3121
vacancy_O1,O1 vacancy,octahedral,1,2,5.0342847,-9.1015,-14.135784699999999,0.011,0.0072,12.6281
vacancy_O1,O1 vacancy,octahedral,1,2,5.0342847,-9.0844,-14.1186847,0.0127,0.0086,9.7406
vacancy_O1,O1 vacancy,octahedral,1,2,5.0342847,-9.0673,-14.1015847,0.0145,0.009899999999999999,7.6326
vacancy_O1,O1 vacancy,octahedral,1,2,5.0342847,-9.0502,-14.0844847,0.0163,0.0115,6.1909
vacancy_O1,O1 vacancy,octahedral,1,2,5.0342847,-9.0331,-14.067384699999998,0.0179,0.013,5.26
vacancy_O1,O1 vacancy,octahedral,1,2,5.0342847,-9.016,-14.050284699999999,0.0193,0.0145,4.6831
vacancy_O1,O1 vacancy,octahedral,1,2,5.0342847,-8.9989,-14.0331847,0.0204,0.0161,4.327300000000001
vacancy_O1,O1 vacancy,octahedral,1,2,5.0342847,-8.9818,-14.0160847,0.021,0.0173,4.0954
vacancy_O1,O1 vacancy,octahedral,1,2,5.0342847,-8.9647,-13.998984700000001,0.0213,0.0182,3.924
vacancy_O1,O1 vacancy,octahedral,1,2,5.0342847,-8.9476,-13.981884699999998,0.0211,0.0189,3.7775999999999996
vacancy_O1,O1 vacancy,octahedral,1,2,5.0342847,-8.9305,-13.9647847,0.0206,0.019299999999999998,3.6398
vacancy_O1,O1 vacancy,octahedral,1,2,5.0342847,-8.9134,-13.9476847,0.0197,0.019299999999999998,3.505
vacancy_O1,O1 vacancy,octahedral,1,2,5.0342847,-8.8963,-13.9305847,0.0188,0.0189,3.3734
vacancy_O1,O1 vacancy,octahedral,1,2,5.0342847,-8.8792,-13.913484700000001,0.0177,0.0182,3.2455
vacancy_O1,O1 vacancy,octahedral,1,2,5.0342847,-8.8622,-13.896484699999998,0.0167,0.017300000000000003,3.1216999999999997
vacancy_O1,O1 vacancy,octahedral,1,2,5.0342847,-8.8451,-13.8793847,0.0157,0.016300000000000002,2.9995000000000003
vacancy_O1,O1 vacancy,octahedral,1,2,5.0342847,-8.828,-13.8622847,0.0149,0.015300000000000001,2.875
vacancy_O1,O1 vacancy,octahedral,1,2,5.0342847,-8.8109,-13.8451847,0.0143,0.014499999999999999,2.7431
vacancy_O1,O1 vacancy,octahedral,1,2,5.0342847,-8.7938,-13.828084699999998,0.0139,0.0137,2.6002
vacancy_O1,O1 vacancy,octahedral,1,2,5.0342847,-8.7767,-13.810984699999999,0.0135,0.0132,2.444
vacancy_O1,O1 vacancy,octahedral,1,2,5.0342847,-8.7596,-13.7938847,0.0133,0.012799999999999999,2.2756999999999996
vacancy_O1,O1 vacancy,octahedral,1,2,5.0342847,-8.7425,-13.7767847,0.0131,0.0124,2.0995999999999997
vacancy_O1,O1 vacancy,octahedral,1,2,5.0342847,-8.7254,-13.759684700000001,0.0129,0.0122,1.9222000000000001
vacancy_O1,O1 vacancy,octahedral,1,2,5.0342847,-8.7083,-13.742584699999998,0.0126,0.0121,1.7514
vacancy_O1,O1 vacancy,octahedral,1,2,5.0342847,-8.6912,-13.725484699999999,0.0123,0.0119,1.5947
vacancy_O1,O1 vacancy,octahedral,1,2,5.0342847,-8.6741,-13.7083847,0.0118,0.0116,1.4578000000000002
vacancy_O1,O1 vacancy,octahedral,1,2,5.0342847,-8.657,-13.6912847,0.0113,0.0115,1.3434
vacancy_O1,O1 vacancy,octahedral,1,2,5.0342847,-8.6399,-13.674184700000001,0.0108,0.011300000000000001,1.252
vacancy_O1,O1 vacancy,octahedral,1,2,5.0342847,-8.6229,-13.657184699999998,0.0103,0.011200000000000002,1.1816
vacancy_O1,O1 vacancy,octahedral,1,2,5.0342847,-8.6058,-13.6400847,0.0099,0.0112,1.1286
vacancy_O1,O1 vacancy,octahedral,1,2,5.0342847,-8.5887,-13.6229847,0.0097,0.0111,1.0889
vacancy_O1,O1 vacancy,octahedral,1,2,5.0342847,-8.5716,-13.6058847,0.0097,0.0112,1.0596999999999999
vacancy_O1,O1 vacancy,octahedral,1,2,5.0342847,-8.5545,-13.588784700000001,0.0098,0.011300000000000001,1.0377
vacancy_O1,O1 vacancy,octahedral,1,2,5.0342847,-8.5374,-13.571684699999999,0.0099,0.011300000000000001,1.0211000000000001
vacancy_O1,O1 vacancy,octahedral,1,2,5.0342847,-8.5203,-13.5545847,0.0101,0.0114,1.0086
vacancy_O1,O1 vacancy,octahedral,1,2,5.0342847,-8.5032,-13.5374847,0.0102,0.0116,0.9991000000000001
vacancy_O1,O1 vacancy,octahedral,1,2,5.0342847,-8.4861,-13.520384700000001,0.0102,0.0118,0.9924
vacancy_O1,O1 vacancy,octahedral,1,2,5.0342847,-8.469,-13.503284699999998,0.0101,0.0119,0.9876
vacancy_O1,O1 vacancy,octahedral,1,2,5.0342847,-8.4519,-13.486184699999999,0.0099,0.012199999999999999,0.9835999999999999
vacancy_O1,O1 vacancy,octahedral,1,2,5.0342847,-8.4348,-13.4690847,0.0096,0.0123,0.9799
vacancy_O1,O1 vacancy,octahedral,1,2,5.0342847,-8.4177,-13.4519847,0.0092,0.0126,0.9751
vacancy_O1,O1 vacancy,octahedral,1,2,5.0342847,-8.4006,-13.434884700000001,0.0087,0.0129,0.969
vacancy_O1,O1 vacancy,octahedral,1,2,5.0342847,-8.3836,-13.417884699999998,0.0081,0.013000000000000001,0.9604
vacancy_O1,O1 vacancy,octahedral,1,2,5.0342847,-8.3665,-13.400784699999999,0.0076,0.013,0.9498
vacancy_O1,O1 vacancy,octahedral,1,2,5.0342847,-8.3494,-13.3836847,0.007,0.013000000000000001,0.9378000000000001
vacancy_O1,O1 vacancy,octahedral,1,2,5.0342847,-8.3323,-13.3665847,0.0065,0.012799999999999999,0.9261999999999999
vacancy_O1,O1 vacancy,octahedral,1,2,5.0342847,-8.3152,-13.349484700000001,0.0061,0.0126,0.918
vacancy_O1,O1 vacancy,octahedral,1,2,5.0342847,-8.2981,-13.332384699999999,0.0057,0.0124,0.9161
vacancy_O1,O1 vacancy,octahedral,1,2,5.0342847,-8.281,-13.3152847,0.0055,0.0121,0.9243
vacancy_O1,O1 vacancy,octahedral,1,2,5.0342847,-8.2639,-13.2981847,0.0054,0.0119,0.9446
vacancy_O1,O1 vacancy,octahedral,1,2,5.0342847,-8.2468,-13.281084700000001,0.0055,0.0117,0.9787999999999999
vacancy_O1,O1 vacancy,octahedral,1,2,5.0342847,-8.2297,-13.263984699999998,0.0058,0.0115,1.0261
vacancy_O1,O1 vacancy,octahedral,1,2,5.0342847,-8.2126,-13.246884699999999,0.0062,0.0114,1.0828
vacancy_O1,O1 vacancy,octahedral,1,2,5.0342847,-8.1955,-13.2297847,0.0067,0.0113,1.1418
vacancy_O1,O1 vacancy,octahedral,1,2,5.0342847,-8.1784,-13.2126847,0.0073,0.0112,1.1944
vacancy_O1,O1 vacancy,octahedral,1,2,5.0342847,-8.1613,-13.195584700000001,0.008,0.0111,1.2301000000000002
vacancy_O1,O1 vacancy,octahedral,1,2,5.0342847,-8.1443,-13.178584699999998,0.0087,0.0109,1.2401000000000002
vacancy_O1,O1 vacancy,octahedral,1,2,5.0342847,-8.1272,-13.161484699999999,0.0093,0.0106,1.2186000000000001
vacancy_O1,O1 vacancy,octahedral,1,2,5.0342847,-8.1101,-13.1443847,0.0097,0.0102,1.1641
vacancy_O1,O1 vacancy,octahedral,1,2,5.0342847,-8.093,-13.1272847,0.01,0.009600000000000001,1.0804
vacancy_O1,O1 vacancy,octahedral,1,2,5.0342847,-8.0759,-13.110184700000001,0.0099,0.009000000000000001,0.9753
vacancy_O1,O1 vacancy,octahedral,1,2,5.0342847,-8.0588,-13.093084699999999,0.0097,0.0083,0.8583999999999999
vacancy_O1,O1 vacancy,octahedral,1,2,5.0342847,-8.0417,-13.0759847,0.0092,0.0078,0.7399
vacancy_O1,O1 vacancy,octahedral,1,2,5.0342847,-8.0246,-13.0588847,0.0086,0.006999999999999999,0.6281
vacancy_O1,O1 vacancy,octahedral,1,2,5.0342847,-8.0075,-13.041784700000001,0.0079,0.006500000000000001,0.5277000000000001
vacancy_O1,O1 vacancy,octahedral,1,2,5.0342847,-7.9904,-13.0246847,0.0072,0.0059,0.44129999999999997
vacancy_O1,O1 vacancy,octahedral,1,2,5.0342847,-7.9733,-13.007584699999999,0.0065,0.0055,0.36909999999999993
vacancy_O1,O1 vacancy,octahedral,1,2,5.0342847,-7.9562,-12.9904847,0.0059,0.004999999999999999,0.309
vacancy_O1,O1 vacancy,octahedral,1,2,5.0342847,-7.9391,-12.9733847,0.0054,0.0047,0.2589
vacancy_O1,O1 vacancy,octahedral,1,2,5.0342847,-7.922,-12.9562847,0.0049,0.0043,0.2168
vacancy_O1,O1 vacancy,octahedral,1,2,5.0342847,-7.905,-12.9392847,0.0045,0.0039,0.18100000000000002
vacancy_O1,O1 vacancy,octahedral,1,2,5.0342847,-7.8879,-12.922184699999999,0.0041,0.0035,0.1503
vacancy_O1,O1 vacancy,octahedral,1,2,5.0342847,-7.8708,-12.9050847,0.0038,0.0031000000000000003,0.12369999999999999
vacancy_O1,O1 vacancy,octahedral,1,2,5.0342847,-7.8537,-12.8879847,0.0034,0.0024999999999999996,0.10049999999999999
vacancy_O1,O1 vacancy,octahedral,1,2,5.0342847,-7.8366,-12.8708847,0.003,0.0021,0.0806
vacancy_O1,O1 vacancy,octahedral,1,2,5.0342847,-7.8195,-12.853784699999999,0.0025,0.0016,0.0636
vacancy_O1,O1 vacancy,octahedral,1,2,5.0342847,-7.8024,-12.8366847,0.0021,0.0012,0.0491
vacancy_O1,O1 vacancy,octahedral,1,2,5.0342847,-7.7853,-12.8195847,0.0017,0.0008,0.037
vacancy_O1,O1 vacancy,octahedral,1,2,5.0342847,-7.7682,-12.8024847,0.0013,0.0007,0.0273
vacancy_O1,O1 vacancy,octahedral,1,2,5.0342847,-7.7511,-12.7853847,0.001,0.0004,0.0195
vacancy_O1,O1 vacancy,octahedral,1,2,5.0342847,-7.734,-12.768284699999999,0.0007,0.00030000000000000003,0.0135
vacancy_O1,O1 vacancy,octahedral,1,2,5.0342847,-7.7169,-12.7511847,0.0005,0.0002,0.009099999999999999
vacancy_O1,O1 vacancy,octahedral,1,2,5.0342847,-7.6998,-12.7340847,0.0003,0.0,0.0058
vacancy_O1,O1 vacancy,octahedral,1,2,5.0342847,-7.6828,-12.717084700000001,0.0002,0.0,0.0036
vacancy_O1,O1 vacancy,octahedral,1,2,5.0342847,-7.6657,-12.6999847,0.0001,0.0,0.0021999999999999997
vacancy_O1,O1 vacancy,octahedral,1,2,5.0342847,-7.6486,-12.682884699999999,0.0001,0.0,0.0012000000000000001
vacancy_O1,O1 vacancy,octahedral,1,2,5.0342847,-7.6315,-12.6657847,0.0,0.0,0.0006000000000000001
vacancy_O1,O1 vacancy,octahedral,1,2,5.0342847,-7.6144,-12.6486847,0.0,0.0,0.0005
vacancy_O1,O1 vacancy,octahedral,1,2,5.0342847,-7.5973,-12.6315847,0.0,0.0,0.0001
vacancy_O1,O1 vacancy,octahedral,1,2,5.0342847,-7.5802,-12.614484699999998,0.0,0.0,0.0
vacancy_O1,O1 vacancy,octahedral,1,2,5.0342847,-7.5631,-12.5973847,0.0,0.0,0.0
vacancy_O1,O1 vacancy,octahedral,1,2,5.0342847,-7.546,-12.5802847,0.0,0.0,0.0
vacancy_O1,O1 vacancy,octahedral,1,2,5.0342847,-7.5289,-12.5631847,0.0,0.0,0.0
vacancy_O1,O1 vacancy,octahedral,1,2,5.0342847,-7.5118,-12.5460847,0.0,0.0,0.0
vacancy_O1,O1 vacancy,octahedral,1,2,5.0342847,-7.4947,-12.528984699999999,0.0,0.0,0.0
vacancy_O1,O1 vacancy,octahedral,1,2,5.0342847,-7.4776,-12.5118847,0.0,0.0,0.0
vacancy_O1,O1 vacancy,octahedral,1,2,5.0342847,-7.4605,-12.4947847,0.0,0.0,0.0
vacancy_O1,O1 vacancy,octahedral,1,2,5.0342847,-7.4435,-12.4777847,0.0,0.0,0.0
vacancy_O1,O1 vacancy,octahedral,1,2,5.0342847,-7.4264,-12.4606847,0.0,0.0,0.0
vacancy_O1,O1 vacancy,octahedral,1,2,5.0342847,-7.4093,-12.443584699999999,0.0,0.0,0.0
vacancy_O1,O1 vacancy,octahedral,1,2,5.0342847,-7.3922,-12.4264847,0.0,0.0,0.0
vacancy_O1,O1 vacancy,octahedral,1,2,5.0342847,-7.3751,-12.4093847,0.0,0.0,0.0
vacancy_O1,O1 vacancy,octahedral,1,2,5.0342847,-7.358,-12.3922847,0.0,0.0,0.0
vacancy_O1,O1 vacancy,octahedral,1,2,5.0342847,-7.3409,-12.3751847,0.0,0.0,0.0
vacancy_O1,O1 vacancy,octahedral,1,2,5.0342847,-7.3238,-12.3580847,0.0,0.0,0.0
vacancy_O1,O1 vacancy,octahedral,1,2,5.0342847,-7.3067,-12.3409847,0.0,0.0,0.0
vacancy_O1,O1 vacancy,octahedral,1,2,5.0342847,-7.2896,-12.3238847,0.0,0.0,0.0
vacancy_O1,O1 vacancy,octahedral,1,2,5.0342847,-7.2725,-12.3067847,0.0,0.0,0.0
vacancy_O1,O1 vacancy,octahedral,1,2,5.0342847,-7.2554,-12.289684699999999,0.0,0.0,0.0
vacancy_O1,O1 vacancy,octahedral,1,2,5.0342847,-7.2383,-12.2725847,0.0,0.0,0.0
vacancy_O1,O1 vacancy,octahedral,1,2,5.0342847,-7.2212,-12.2554847,0.0,0.0,0.0
vacancy_O1,O1 vacancy,octahedral,1,2,5.0342847,-7.2042,-12.2384847,0.0,0.0,0.0
vacancy_O1,O1 vacancy,octahedral,1,2,5.0342847,-7.1871,-12.2213847,0.0,0.0,0.0
vacancy_O1,O1 vacancy,octahedral,1,2,5.0342847,-7.17,-12.204284699999999,0.0,0.0,0.0
vacancy_O1,O1 vacancy,octahedral,1,2,5.0342847,-7.1529,-12.1871847,0.0,0.0,0.0
vacancy_O1,O1 vacancy,octahedral,1,2,5.0342847,-7.1358,-12.1700847,0.0,0.0,0.0
vacancy_O1,O1 vacancy,octahedral,1,2,5.0342847,-7.1187,-12.1529847,0.0,0.0,0.0
vacancy_O1,O1 vacancy,octahedral,1,2,5.0342847,-7.1016,-12.1358847,0.0,0.0,0.0
vacancy_O1,O1 vacancy,octahedral,1,2,5.0342847,-7.0845,-12.118784699999999,0.0,0.0,0.0
vacancy_O1,O1 vacancy,octahedral,1,2,5.0342847,-7.0674,-12.1016847,0.0,0.0,0.0
vacancy_O1,O1 vacancy,octahedral,1,2,5.0342847,-7.0503,-12.0845847,0.0,0.0,0.0
vacancy_O1,O1 vacancy,octahedral,1,2,5.0342847,-7.0332,-12.0674847,0.0,0.0,0.0
vacancy_O1,O1 vacancy,octahedral,1,2,5.0342847,-7.0161,-12.050384699999999,0.0,0.0,0.0
vacancy_O1,O1 vacancy,octahedral,1,2,5.0342847,-6.999,-12.0332847,0.0,0.0,0.0
vacancy_O1,O1 vacancy,octahedral,1,2,5.0342847,-6.9819,-12.0161847,0.0,0.0,0.0
vacancy_O1,O1 vacancy,octahedral,1,2,5.0342847,-6.9649,-11.9991847,0.0,0.0,0.0
vacancy_O1,O1 vacancy,octahedral,1,2,5.0342847,-6.9478,-11.9820847,0.0,0.0,0.0
vacancy_O1,O1 vacancy,octahedral,1,2,5.0342847,-6.9307,-11.964984699999999,0.0,0.0,0.0
vacancy_O1,O1 vacancy,octahedral,1,2,5.0342847,-6.9136,-11.9478847,0.0,0.0,0.0
vacancy_O1,O1 vacancy,octahedral,1,2,5.0342847,-6.8965,-11.9307847,0.0,0.0,0.0
vacancy_O1,O1 vacancy,octahedral,1,2,5.0342847,-6.8794,-11.913684700000001,0.0,0.0,0.0
vacancy_O1,O1 vacancy,octahedral,1,2,5.0342847,-6.8623,-11.8965847,0.0,0.0,0.0
vacancy_O1,O1 vacancy,octahedral,1,2,5.0342847,-6.8452,-11.879484699999999,0.0,0.0,0.0
vacancy_O1,O1 vacancy,octahedral,1,2,5.0342847,-6.8281,-11.8623847,0.0,0.0,0.0
vacancy_O1,O1 vacancy,octahedral,1,2,5.0342847,-6.811,-11.8452847,0.0,0.0,0.0
vacancy_O1,O1 vacancy,octahedral,1,2,5.0342847,-6.7939,-11.8281847,0.0,0.0,0.0
vacancy_O1,O1 vacancy,octahedral,1,2,5.0342847,-6.7768,-11.811084699999999,0.0,0.0,0.0
vacancy_O1,O1 vacancy,octahedral,1,2,5.0342847,-6.7597,-11.7939847,0.0,0.0,0.0
vacancy_O1,O1 vacancy,octahedral,1,2,5.0342847,-6.7426,-11.7768847,0.0,0.0,0.0
vacancy_O1,O1 vacancy,octahedral,1,2,5.0342847,-6.7256,-11.7598847,0.0,0.0,0.0
vacancy_O1,O1 vacancy,octahedral,1,2,5.0342847,-6.7085,-11.7427847,0.0,0.0,0.0
vacancy_O1,O1 vacancy,octahedral,1,2,5.0342847,-6.6914,-11.725684699999999,0.0,0.0,0.0
vacancy_O1,O1 vacancy,octahedral,1,2,5.0342847,-6.6743,-11.7085847,0.0,0.0,0.0
vacancy_O1,O1 vacancy,octahedral,1,2,5.0342847,-6.6572,-11.6914847,0.0,0.0,0.0
vacancy_O1,O1 vacancy,octahedral,1,2,5.0342847,-6.6401,-11.674384700000001,0.0,0.0,0.0
vacancy_O1,O1 vacancy,octahedral,1,2,5.0342847,-6.623,-11.6572847,0.0,0.0,0.0
vacancy_O1,O1 vacancy,octahedral,1,2,5.0342847,-6.6059,-11.640184699999999,0.0,0.0,0.0
vacancy_O1,O1 vacancy,octahedral,1,2,5.0342847,-6.5888,-11.6230847,0.0,0.0,0.0
vacancy_O1,O1 vacancy,octahedral,1,2,5.0342847,-6.5717,-11.6059847,0.0,0.0,0.0
vacancy_O1,O1 vacancy,octahedral,1,2,5.0342847,-6.5546,-11.5888847,0.0,0.0,0.0
vacancy_O1,O1 vacancy,octahedral,1,2,5.0342847,-6.5375,-11.571784699999998,0.0,0.0,0.0
vacancy_O1,O1 vacancy,octahedral,1,2,5.0342847,-6.5204,-11.5546847,0.0,0.0,0.0
vacancy_O1,O1 vacancy,octahedral,1,2,5.0342847,-6.5033,-11.5375847,0.0,0.0,0.0
vacancy_O1,O1 vacancy,octahedral,1,2,5.0342847,-6.4863,-11.5205847,0.0,0.0,0.0
vacancy_O1,O1 vacancy,octahedral,1,2,5.0342847,-6.4692,-11.5034847,0.0,0.0,0.0
vacancy_O1,O1 vacancy,octahedral,1,2,5.0342847,-6.4521,-11.486384699999999,0.0,0.0,0.0
vacancy_O1,O1 vacancy,octahedral,1,2,5.0342847,-6.435,-11.4692847,0.0,0.0,0.0
vacancy_O1,O1 vacancy,octahedral,1,2,5.0342847,-6.4179,-11.4521847,0.0,0.0,0.0
vacancy_O1,O1 vacancy,octahedral,1,2,5.0342847,-6.4008,-11.4350847,0.0,0.0,0.0
vacancy_O1,O1 vacancy,octahedral,1,2,5.0342847,-6.3837,-11.4179847,0.0,0.0,0.0
vacancy_O1,O1 vacancy,octahedral,1,2,5.0342847,-6.3666,-11.400884699999999,0.0,0.0,0.0
vacancy_O1,O1 vacancy,octahedral,1,2,5.0342847,-6.3495,-11.3837847,0.0,0.0,0.0
vacancy_O1,O1 vacancy,octahedral,1,2,5.0342847,-6.3324,-11.3666847,0.0,0.0,0.0
vacancy_O1,O1 vacancy,octahedral,1,2,5.0342847,-6.3153,-11.3495847,0.0,0.0,0.0
vacancy_O1,O1 vacancy,octahedral,1,2,5.0342847,-6.2982,-11.332484699999998,0.0,0.0,0.0
vacancy_O1,O1 vacancy,octahedral,1,2,5.0342847,-6.2811,-11.3153847,0.0,0.0,0.0
vacancy_O1,O1 vacancy,octahedral,1,2,5.0342847,-6.264,-11.2982847,0.0,0.0,0.0
vacancy_O1,O1 vacancy,octahedral,1,2,5.0342847,-6.247,-11.2812847,0.0,0.0,0.0
vacancy_O1,O1 vacancy,octahedral,1,2,5.0342847,-6.2299,-11.2641847,0.0,0.0,0.0
vacancy_O1,O1 vacancy,octahedral,1,2,5.0342847,-6.2128,-11.247084699999998,0.0,0.0,0.0
vacancy_O1,O1 vacancy,octahedral,1,2,5.0342847,-6.1957,-11.2299847,0.0,0.0,0.0
vacancy_O1,O1 vacancy,octahedral,1,2,5.0342847,-6.1786,-11.2128847,0.0,0.0,0.0
vacancy_O1,O1 vacancy,octahedral,1,2,5.0342847,-6.1615,-11.1957847,0.0,0.0,0.0
vacancy_O1,O1 vacancy,octahedral,1,2,5.0342847,-6.1444,-11.1786847,0.0,0.0,0.0
vacancy_O1,O1 vacancy,octahedral,1,2,5.0342847,-6.1273,-11.161584699999999,0.0,0.0,0.0
vacancy_O1,O1 vacancy,octahedral,1,2,5.0342847,-6.1102,-11.1444847,0.0,0.0,0.0
vacancy_O1,O1 vacancy,octahedral,1,2,5.0342847,-6.0931,-11.1273847,0.0,0.0,0.0
vacancy_O1,O1 vacancy,octahedral,1,2,5.0342847,-6.076,-11.1102847,0.0,0.0,0.0
vacancy_O1,O1 vacancy,octahedral,1,2,5.0342847,-6.0589,-11.0931847,0.0,0.0,0.0
vacancy_O1,O1 vacancy,octahedral,1,2,5.0342847,-6.0418,-11.0760847,0.0,0.0,0.0
vacancy_O1,O1 vacancy,octahedral,1,2,5.0342847,-6.0248,-11.0590847,0.0,0.0,0.0
vacancy_O1,O1 vacancy,octahedral,1,2,5.0342847,-6.0077,-11.0419847,0.0,0.0,0.0
vacancy_O1,O1 vacancy,octahedral,1,2,5.0342847,-5.9906,-11.0248847,0.0,0.0,0.0
vacancy_O1,O1 vacancy,octahedral,1,2,5.0342847,-5.9735,-11.007784699999998,0.0,0.0,0.0
vacancy_O1,O1 vacancy,octahedral,1,2,5.0342847,-5.9564,-10.9906847,0.0,0.0,0.0
vacancy_O1,O1 vacancy,octahedral,1,2,5.0342847,-5.9393,-10.9735847,0.0,0.0,0.0
vacancy_O1,O1 vacancy,octahedral,1,2,5.0342847,-5.9222,-10.9564847,0.0,0.0,0.0
vacancy_O1,O1 vacancy,octahedral,1,2,5.0342847,-5.9051,-10.9393847,0.0,0.0,0.0
vacancy_O1,O1 vacancy,octahedral,1,2,5.0342847,-5.888,-10.922284699999999,0.0,0.0,0.0
vacancy_O1,O1 vacancy,octahedral,1,2,5.0342847,-5.8709,-10.9051847,0.0,0.0,0.0
vacancy_O1,O1 vacancy,octahedral,1,2,5.0342847,-5.8538,-10.8880847,0.0,0.0,0.0
vacancy_O1,O1 vacancy,octahedral,1,2,5.0342847,-5.8367,-10.870984700000001,0.0,0.0,0.0
vacancy_O1,O1 vacancy,octahedral,1,2,5.0342847,-5.8196,-10.8538847,0.0,0.0,0.0
vacancy_O1,O1 vacancy,octahedral,1,2,5.0342847,-5.8025,-10.836784699999999,0.0,0.0,0.0
vacancy_O1,O1 vacancy,octahedral,1,2,5.0342847,-5.7855,-10.8197847,0.0,0.0,0.0
vacancy_O1,O1 vacancy,octahedral,1,2,5.0342847,-5.7684,-10.8026847,0.0,0.0,0.0
vacancy_O1,O1 vacancy,octahedral,1,2,5.0342847,-5.7513,-10.7855847,0.0,0.0,0.0
vacancy_O1,O1 vacancy,octahedral,1,2,5.0342847,-5.7342,-10.7684847,0.0,0.0,0.0
vacancy_O1,O1 vacancy,octahedral,1,2,5.0342847,-5.7171,-10.7513847,0.0,0.0,0.0
vacancy_O1,O1 vacancy,octahedral,1,2,5.0342847,-5.7,-10.7342847,0.0,0.0,0.0
vacancy_O1,O1 vacancy,octahedral,1,2,5.0342847,-5.6829,-10.7171847,0.0,0.0,0.0
vacancy_O1,O1 vacancy,octahedral,1,2,5.0342847,-5.6658,-10.7000847,0.0,0.0,0.0
vacancy_O1,O1 vacancy,octahedral,1,2,5.0342847,-5.6487,-10.682984699999999,0.0,0.0,0.0
vacancy_O1,O1 vacancy,octahedral,1,2,5.0342847,-5.6316,-10.6658847,0.0,0.0,0.0
vacancy_O1,O1 vacancy,octahedral,1,2,5.0342847,-5.6145,-10.6487847,0.0,0.0,0.0
vacancy_O1,O1 vacancy,octahedral,1,2,5.0342847,-5.5974,-10.631684700000001,0.0,0.0,0.0
vacancy_O1,O1 vacancy,octahedral,1,2,5.0342847,-5.5803,-10.6145847,0.0,0.0,0.0
vacancy_O1,O1 vacancy,octahedral,1,2,5.0342847,-5.5632,-10.597484699999999,0.0,0.0,0.0
vacancy_O1,O1 vacancy,octahedral,1,2,5.0342847,-5.5462,-10.5804847,0.0,0.0,0.0
vacancy_O1,O1 vacancy,octahedral,1,2,5.0342847,-5.5291,-10.5633847,0.0,0.0,0.0
vacancy_O1,O1 vacancy,octahedral,1,2,5.0342847,-5.512,-10.5462847,0.0,0.0,0.0
vacancy_O1,O1 vacancy,octahedral,1,2,5.0342847,-5.4949,-10.5291847,0.0,0.0,0.0
vacancy_O1,O1 vacancy,octahedral,1,2,5.0342847,-5.4778,-10.512084699999999,0.0,0.0,0.0
vacancy_O1,O1 vacancy,octahedral,1,2,5.0342847,-5.4607,-10.4949847,0.0,0.0,0.0
vacancy_O1,O1 vacancy,octahedral,1,2,5.0342847,-5.4436,-10.4778847,0.0,0.0,0.0
vacancy_O1,O1 vacancy,octahedral,1,2,5.0342847,-5.4265,-10.4607847,0.0,0.0,0.0
vacancy_O1,O1 vacancy,octahedral,1,2,5.0342847,-5.4094,-10.443684699999999,0.0,0.0,0.0
vacancy_O1,O1 vacancy,octahedral,1,2,5.0342847,-5.3923,-10.4265847,0.0,0.0,0.0
vacancy_O1,O1 vacancy,octahedral,1,2,5.0342847,-5.3752,-10.4094847,0.0,0.0,0.0
vacancy_O1,O1 vacancy,octahedral,1,2,5.0342847,-5.3581,-10.392384700000001,0.0,0.0,0.0
vacancy_O1,O1 vacancy,octahedral,1,2,5.0342847,-5.341,-10.3752847,0.0,0.0,0.0
vacancy_O1,O1 vacancy,octahedral,1,2,5.0342847,-5.3239,-10.358184699999999,0.0,0.0,0.0
vacancy_O1,O1 vacancy,octahedral,1,2,5.0342847,-5.3069,-10.3411847,0.0,0.0,0.0
vacancy_O1,O1 vacancy,octahedral,1,2,5.0342847,-5.2898,-10.3240847,0.0,0.0,0.0
vacancy_O1,O1 vacancy,octahedral,1,2,5.0342847,-5.2727,-10.306984700000001,0.0,0.0,0.0
vacancy_O1,O1 vacancy,octahedral,1,2,5.0342847,-5.2556,-10.2898847,0.0,0.0,0.0
vacancy_O1,O1 vacancy,octahedral,1,2,5.0342847,-5.2385,-10.272784699999999,0.0,0.0,0.0
vacancy_O1,O1 vacancy,octahedral,1,2,5.0342847,-5.2214,-10.2556847,0.0,0.0,0.0
vacancy_O1,O1 vacancy,octahedral,1,2,5.0342847,-5.2043,-10.2385847,0.0,0.0,0.0
vacancy_O1,O1 vacancy,octahedral,1,2,5.0342847,-5.1872,-10.2214847,0.0,0.0,0.0
vacancy_O1,O1 vacancy,octahedral,1,2,5.0342847,-5.1701,-10.204384699999999,0.0,0.0,0.0
vacancy_O1,O1 vacancy,octahedral,1,2,5.0342847,-5.153,-10.1872847,0.0,0.0,0.0
vacancy_O1,O1 vacancy,octahedral,1,2,5.0342847,-5.1359,-10.1701847,0.0,0.0,0.0
vacancy_O1,O1 vacancy,octahedral,1,2,5.0342847,-5.1188,-10.1530847,0.0,0.0,0.0
vacancy_O1,O1 vacancy,octahedral,1,2,5.0342847,-5.1017,-10.1359847,0.0,0.0,0.0
vacancy_O1,O1 vacancy,octahedral,1,2,5.0342847,-5.0846,-10.118884699999999,0.0,0.0,0.0
vacancy_O1,O1 vacancy,octahedral,1,2,5.0342847,-5.0676,-10.1018847,0.0,0.0,0.0
vacancy_O1,O1 vacancy,octahedral,1,2,5.0342847,-5.0505,-10.0847847,0.0,0.0,0.0
vacancy_O1,O1 vacancy,octahedral,1,2,5.0342847,-5.0334,-10.067684700000001,0.0,0.0,0.0
vacancy_O1,O1 vacancy,octahedral,1,2,5.0342847,-5.0163,-10.0505847,0.0,0.0,0.0
vacancy_O1,O1 vacancy,octahedral,1,2,5.0342847,-4.9992,-10.033484699999999,0.0,0.0,0.0
vacancy_O1,O1 vacancy,octahedral,1,2,5.0342847,-4.9821,-10.0163847,0.0,0.0,0.0
vacancy_O1,O1 vacancy,octahedral,1,2,5.0342847,-4.965,-9.9992847,0.0,0.0,0.0
vacancy_O1,O1 vacancy,octahedral,1,2,5.0342847,-4.9479,-9.9821847,0.0,0.0,0.0
vacancy_O1,O1 vacancy,octahedral,1,2,5.0342847,-4.9308,-9.965084699999998,0.0,0.0,0.0
vacancy_O1,O1 vacancy,octahedral,1,2,5.0342847,-4.9137,-9.9479847,0.0,0.0,0.0
vacancy_O1,O1 vacancy,octahedral,1,2,5.0342847,-4.8966,-9.9308847,0.0,0.0,0.0
vacancy_O1,O1 vacancy,octahedral,1,2,5.0342847,-4.8795,-9.9137847,0.0,0.0,0.0
vacancy_O1,O1 vacancy,octahedral,1,2,5.0342847,-4.8624,-9.8966847,0.0,0.0,0.0
vacancy_O1,O1 vacancy,octahedral,1,2,5.0342847,-4.8453,-9.879584699999999,0.0,0.0,0.0
vacancy_O1,O1 vacancy,octahedral,1,2,5.0342847,-4.8283,-9.8625847,0.0,0.0,0.0
vacancy_O1,O1 vacancy,octahedral,1,2,5.0342847,-4.8112,-9.8454847,0.0,0.0,0.0
vacancy_O1,O1 vacancy,octahedral,1,2,5.0342847,-4.7941,-9.8283847,0.0,0.0,0.0
vacancy_O1,O1 vacancy,octahedral,1,2,5.0342847,-4.777,-9.8112847,0.0,0.0,0.0
vacancy_O1,O1 vacancy,octahedral,1,2,5.0342847,-4.7599,-9.794184699999999,0.0,0.0,0.0
vacancy_O1,O1 vacancy,octahedral,1,2,5.0342847,-4.7428,-9.7770847,0.0,0.0,0.0
vacancy_O1,O1 vacancy,octahedral,1,2,5.0342847,-4.7257,-9.7599847,0.0,0.0,0.0
vacancy_O1,O1 vacancy,octahedral,1,2,5.0342847,-4.7086,-9.7428847,0.0,0.0,0.0
vacancy_O1,O1 vacancy,octahedral,1,2,5.0342847,-4.6915,-9.725784699999998,0.0,0.0,0.0
vacancy_O1,O1 vacancy,octahedral,1,2,5.0342847,-4.6744,-9.7086847,0.0,0.0,0.0
vacancy_O1,O1 vacancy,octahedral,1,2,5.0342847,-4.6573,-9.6915847,0.0,0.0,0.0
vacancy_O1,O1 vacancy,octahedral,1,2,5.0342847,-4.6402,-9.6744847,0.0,0.0,0.0
vacancy_O1,O1 vacancy,octahedral,1,2,5.0342847,-4.6231,-9.6573847,0.0,0.0,0.0
vacancy_O1,O1 vacancy,octahedral,1,2,5.0342847,-4.606,-9.640284699999999,0.0,0.0,0.0
vacancy_O1,O1 vacancy,octahedral,1,2,5.0342847,-4.589,-9.6232847,0.0,0.0,0.0
vacancy_O1,O1 vacancy,octahedral,1,2,5.0342847,-4.5719,-9.6061847,0.0,0.0,0.0
vacancy_O1,O1 vacancy,octahedral,1,2,5.0342847,-4.5548,-9.5890847,0.0,0.0,0.0
vacancy_O1,O1 vacancy,octahedral,1,2,5.0342847,-4.5377,-9.5719847,0.0,0.0,0.0
vacancy_O1,O1 vacancy,octahedral,1,2,5.0342847,-4.5206,-9.554884699999999,0.0,0.0,0.0
vacancy_O1,O1 vacancy,octahedral,1,2,5.0342847,-4.5035,-9.5377847,0.0,0.0,0.0
vacancy_O1,O1 vacancy,octahedral,1,2,5.0342847,-4.4864,-9.5206847,0.0,0.0,0.0
vacancy_O1,O1 vacancy,octahedral,1,2,5.0342847,-4.4693,-9.5035847,0.0,0.0,0.0
vacancy_O1,O1 vacancy,octahedral,1,2,5.0342847,-4.4522,-9.4864847,0.0,0.0,0.0
vacancy_O1,O1 vacancy,octahedral,1,2,5.0342847,-4.4351,-9.469384699999999,0.0,0.0,0.0
vacancy_O1,O1 vacancy,octahedral,1,2,5.0342847,-4.418,-9.4522847,0.0,0.0,0.0
vacancy_O1,O1 vacancy,octahedral,1,2,5.0342847,-4.4009,-9.4351847,0.0,0.0,0.0
vacancy_O1,O1 vacancy,octahedral,1,2,5.0342847,-4.3838,-9.4180847,0.0,0.0,0.0
vacancy_O1,O1 vacancy,octahedral,1,2,5.0342847,-4.3667,-9.400984699999999,0.0,0.0,0.0
vacancy_O1,O1 vacancy,octahedral,1,2,5.0342847,-4.3497,-9.3839847,0.0,0.0,0.0
vacancy_O1,O1 vacancy,octahedral,1,2,5.0342847,-4.3326,-9.3668847,0.0,0.0,0.0
vacancy_O1,O1 vacancy,octahedral,1,2,5.0342847,-4.3155,-9.3497847,0.0,0.0,0.0
vacancy_O1,O1 vacancy,octahedral,1,2,5.0342847,-4.2984,-9.3326847,0.0,0.0,0.0
vacancy_O1,O1 vacancy,octahedral,1,2,5.0342847,-4.2813,-9.315584699999999,0.0,0.0,0.0
vacancy_O1,O1 vacancy,octahedral,1,2,5.0342847,-4.2642,-9.2984847,0.0,0.0,0.0
vacancy_O1,O1 vacancy,octahedral,1,2,5.0342847,-4.2471,-9.2813847,0.0,0.0,0.0
vacancy_O1,O1 vacancy,octahedral,1,2,5.0342847,-4.23,-9.264284700000001,0.0,0.0,0.0
vacancy_O1,O1 vacancy,octahedral,1,2,5.0342847,-4.2129,-9.2471847,0.0,0.0,0.0
vacancy_O1,O1 vacancy,octahedral,1,2,5.0342847,-4.1958,-9.230084699999999,0.0,0.0,0.0
vacancy_O1,O1 vacancy,octahedral,1,2,5.0342847,-4.1787,-9.2129847,0.0,0.0,0.0
vacancy_O1,O1 vacancy,octahedral,1,2,5.0342847,-4.1616,-9.1958847,0.0,0.0,0.0
vacancy_O1,O1 vacancy,octahedral,1,2,5.0342847,-4.1445,-9.1787847,0.0,0.0,0.0
vacancy_O1,O1 vacancy,octahedral,1,2,5.0342847,-4.1275,-9.1617847,0.0,0.0,0.0
vacancy_O1,O1 vacancy,octahedral,1,2,5.0342847,-4.1104,-9.144684699999999,0.0,0.0,0.0
vacancy_O1,O1 vacancy,octahedral,1,2,5.0342847,-4.0933,-9.1275847,0.0,0.0,0.0
vacancy_O1,O1 vacancy,octahedral,1,2,5.0342847,-4.0762,-9.1104847,0.0,0.0,0.0
vacancy_O1,O1 vacancy,octahedral,1,2,5.0342847,-4.0591,-9.0933847,0.0,0.0,0.0
vacancy_O1,O1 vacancy,octahedral,1,2,5.0342847,-4.042,-9.076284699999999,0.0,0.0,0.0
vacancy_O1,O1 vacancy,octahedral,1,2,5.0342847,-4.0249,-9.0591847,0.0,0.0,0.0
vacancy_O1,O1 vacancy,octahedral,1,2,5.0342847,-4.0078,-9.0420847,0.0,0.0,0.0
vacancy_O1,O1 vacancy,octahedral,1,2,5.0342847,-3.9907,-9.0249847,0.0,0.0,0.0
vacancy_O1,O1 vacancy,octahedral,1,2,5.0342847,-3.9736,-9.0078847,0.0,0.0,0.0
vacancy_O1,O1 vacancy,octahedral,1,2,5.0342847,-3.9565,-8.990784699999999,0.0,0.0,0.0
vacancy_O1,O1 vacancy,octahedral,1,2,5.0342847,-3.9394,-8.9736847,0.0,0.0,0.0
vacancy_O1,O1 vacancy,octahedral,1,2,5.0342847,-3.9223,-8.9565847,0.0,0.0,0.0
vacancy_O1,O1 vacancy,octahedral,1,2,5.0342847,-3.9052,-8.9394847,0.0,0.0,0.0
vacancy_O1,O1 vacancy,octahedral,1,2,5.0342847,-3.8882,-8.9224847,0.0,0.0,0.0
vacancy_O1,O1 vacancy,octahedral,1,2,5.0342847,-3.8711,-8.905384699999999,0.0,0.0,0.0
vacancy_O1,O1 vacancy,octahedral,1,2,5.0342847,-3.854,-8.8882847,0.0,0.0,0.0
vacancy_O1,O1 vacancy,octahedral,1,2,5.0342847,-3.8369,-8.8711847,0.0,0.0,0.0
vacancy_O1,O1 vacancy,octahedral,1,2,5.0342847,-3.8198,-8.8540847,0.0,0.0,0.0
vacancy_O1,O1 vacancy,octahedral,1,2,5.0342847,-3.8027,-8.8369847,0.0,0.0,0.0
vacancy_O1,O1 vacancy,octahedral,1,2,5.0342847,-3.7856,-8.8198847,0.0,0.0,0.0
vacancy_O1,O1 vacancy,octahedral,1,2,5.0342847,-3.7685,-8.8027847,0.0,0.0,0.0
vacancy_O1,O1 vacancy,octahedral,1,2,5.0342847,-3.7514,-8.7856847,0.0,0.0,0.0
vacancy_O1,O1 vacancy,octahedral,1,2,5.0342847,-3.7343,-8.7685847,0.0,0.0,0.0
vacancy_O1,O1 vacancy,octahedral,1,2,5.0342847,-3.7172,-8.751484699999999,0.0,0.0,0.0
vacancy_O1,O1 vacancy,octahedral,1,2,5.0342847,-3.7001,-8.7343847,0.0,0.0,0.0
vacancy_O1,O1 vacancy,octahedral,1,2,5.0342847,-3.683,-8.7172847,0.0,0.0,0.0
vacancy_O1,O1 vacancy,octahedral,1,2,5.0342847,-3.6659,-8.7001847,0.0,0.0,0.0
vacancy_O1,O1 vacancy,octahedral,1,2,5.0342847,-3.6489,-8.6831847,0.0,0.0,0.0
vacancy_O1,O1 vacancy,octahedral,1,2,5.0342847,-3.6318,-8.666084699999999,0.0,0.0,0.0
vacancy_O1,O1 vacancy,octahedral,1,2,5.0342847,-3.6147,-8.6489847,0.0,0.0,0.0
vacancy_O1,O1 vacancy,octahedral,1,2,5.0342847,-3.5976,-8.6318847,0.0,0.0,0.0
vacancy_O1,O1 vacancy,octahedral,1,2,5.0342847,-3.5805,-8.6147847,0.0,0.0,0.0
vacancy_O1,O1 vacancy,octahedral,1,2,5.0342847,-3.5634,-8.5976847,0.0,0.0,0.0
vacancy_O1,O1 vacancy,octahedral,1,2,5.0342847,-3.5463,-8.5805847,0.0,0.0,0.0
vacancy_O1,O1 vacancy,octahedral,1,2,5.0342847,-3.5292,-8.5634847,0.0,0.0,0.0
vacancy_O1,O1 vacancy,octahedral,1,2,5.0342847,-3.5121,-8.5463847,0.0,0.0,0.0
vacancy_O1,O1 vacancy,octahedral,1,2,5.0342847,-3.495,-8.5292847,0.0,0.0,0.0
vacancy_O1,O1 vacancy,octahedral,1,2,5.0342847,-3.4779,-8.512184699999999,0.0,0.0,0.0
vacancy_O1,O1 vacancy,octahedral,1,2,5.0342847,-3.4608,-8.4950847,0.0,0.0,0.0
vacancy_O1,O1 vacancy,octahedral,1,2,5.0342847,-3.4437,-8.4779847,0.0,0.0,0.0
vacancy_O1,O1 vacancy,octahedral,1,2,5.0342847,-3.4266,-8.4608847,0.0,0.0,0.0
vacancy_O1,O1 vacancy,octahedral,1,2,5.0342847,-3.4096,-8.4438847,0.0001,0.0,0.0
vacancy_O1,O1 vacancy,octahedral,1,2,5.0342847,-3.3925,-8.426784699999999,0.0001,0.0,0.0001
vacancy_O1,O1 vacancy,octahedral,1,2,5.0342847,-3.3754,-8.4096847,0.0003,0.0,0.0002
vacancy_O1,O1 vacancy,octahedral,1,2,5.0342847,-3.3583,-8.3925847,0.0006,0.0,0.0004
vacancy_O1,O1 vacancy,octahedral,1,2,5.0342847,-3.3412,-8.3754847,0.0011,0.0001,0.0006
vacancy_O1,O1 vacancy,octahedral,1,2,5.0342847,-3.3241,-8.3583847,0.0019,0.0001,0.0011
vacancy_O1,O1 vacancy,octahedral,1,2,5.0342847,-3.307,-8.3412847,0.0034,0.00030000000000000003,0.0016
vacancy_O1,O1 vacancy,octahedral,1,2,5.0342847,-3.2899,-8.3241847,0.0056,0.00030000000000000003,0.0024000000000000002
vacancy_O1,O1 vacancy,octahedral,1,2,5.0342847,-3.2728,-8.3070847,0.0089,0.0007000000000000001,0.0034
vacancy_O1,O1 vacancy,octahedral,1,2,5.0342847,-3.2557,-8.2899847,0.0134,0.0009,0.0047
vacancy_O1,O1 vacancy,octahedral,1,2,5.0342847,-3.2386,-8.272884699999999,0.0193,0.0013000000000000002,0.0062
vacancy_O1,O1 vacancy,octahedral,1,2,5.0342847,-3.2215,-8.2557847,0.0266,0.0018,0.008
vacancy_O1,O1 vacancy,octahedral,1,2,5.0342847,-3.2044,-8.2386847,0.0352,0.0024,0.01
vacancy_O1,O1 vacancy,octahedral,1,2,5.0342847,-3.1873,-8.2215847,0.0446,0.0031999999999999997,0.012
vacancy_O1,O1 vacancy,octahedral,1,2,5.0342847,-3.1703,-8.2045847,0.0546,0.0041,0.0138
vacancy_O1,O1 vacancy,octahedral,1,2,5.0342847,-3.1532,-8.187484699999999,0.0647,0.0052,0.0157
vacancy_O1,O1 vacancy,octahedral,1,2,5.0342847,-3.1361,-8.1703847,0.0751,0.0065,0.017099999999999997
vacancy_O1,O1 vacancy,octahedral,1,2,5.0342847,-3.119,-8.1532847,0.0858,0.0081,0.0184
vacancy_O1,O1 vacancy,octahedral,1,2,5.0342847,-3.1019,-8.1361847,0.0973,0.01,0.0195
vacancy_O1,O1 vacancy,octahedral,1,2,5.0342847,-3.0848,-8.1190847,0.1101,0.0122,0.0204
vacancy_O1,O1 vacancy,octahedral,1,2,5.0342847,-3.0677,-8.1019847,0.1247,0.0147,0.0214
vacancy_O1,O1 vacancy,octahedral,1,2,5.0342847,-3.0506,-8.0848847,0.1413,0.0174,0.0224
vacancy_O1,O1 vacancy,octahedral,1,2,5.0342847,-3.0335,-8.0677847,0.1596,0.020200000000000003,0.0235
vacancy_O1,O1 vacancy,octahedral,1,2,5.0342847,-3.0164,-8.0506847,0.1792,0.0229,0.024599999999999997
vacancy_O1,O1 vacancy,octahedral,1,2,5.0342847,-2.9993,-8.033584699999999,0.1992,0.025500000000000002,0.0257
vacancy_O1,O1 vacancy,octahedral,1,2,5.0342847,-2.9822,-8.0164847,0.2189,0.027899999999999998,0.0267
vacancy_O1,O1 vacancy,octahedral,1,2,5.0342847,-2.9651,-7.9993847,0.2376,0.0298,0.027699999999999995
vacancy_O1,O1 vacancy,octahedral,1,2,5.0342847,-2.948,-7.982284699999999,0.2549,0.0314,0.0284
vacancy_O1,O1 vacancy,octahedral,1,2,5.0342847,-2.931,-7.9652847,0.2706,0.032600000000000004,0.028999999999999998
vacancy_O1,O1 vacancy,octahedral,1,2,5.0342847,-2.9139,-7.9481847,0.2848,0.0333,0.029500000000000002
vacancy_O1,O1 vacancy,octahedral,1,2,5.0342847,-2.8968,-7.9310846999999995,0.2977,0.0338,0.0298
vacancy_O1,O1 vacancy,octahedral,1,2,5.0342847,-2.8797,-7.9139847,0.3098,0.0341,0.0301
vacancy_O1,O1 vacancy,octahedral,1,2,5.0342847,-2.8626,-7.896884699999999,0.3216,0.0341,0.030199999999999998
vacancy_O1,O1 vacancy,octahedral,1,2,5.0342847,-2.8455,-7.8797847,0.3339,0.034,0.0303
vacancy_O1,O1 vacancy,octahedral,1,2,5.0342847,-2.8284,-7.862684699999999,0.3476,0.0339,0.0305
vacancy_O1,O1 vacancy,octahedral,1,2,5.0342847,-2.8113,-7.8455847,0.3636,0.0339,0.0305
vacancy_O1,O1 vacancy,octahedral,1,2,5.0342847,-2.7942,-7.8284847,0.3824,0.0338,0.0305
vacancy_O1,O1 vacancy,octahedral,1,2,5.0342847,-2.7771,-7.8113847,0.4046,0.0339,0.030600000000000002
vacancy_O1,O1 vacancy,octahedral,1,2,5.0342847,-2.76,-7.7942846999999995,0.4299,0.034100000000000005,0.0308
vacancy_O1,O1 vacancy,octahedral,1,2,5.0342847,-2.7429,-7.777184699999999,0.4576,0.0345,0.0309
vacancy_O1,O1 vacancy,octahedral,1,2,5.0342847,-2.7258,-7.7600847,0.4862,0.0349,0.0311
vacancy_O1,O1 vacancy,octahedral,1,2,5.0342847,-2.7087,-7.742984699999999,0.5138,0.0356,0.0312
vacancy_O1,O1 vacancy,octahedral,1,2,5.0342847,-2.6917,-7.7259847,0.5377,0.0364,0.0313
vacancy_O1,O1 vacancy,octahedral,1,2,5.0342847,-2.6746,-7.7088847,0.5553,0.0373,0.0313
vacancy_O1,O1 vacancy,octahedral,1,2,5.0342847,-2.6575,-7.6917846999999995,0.5641,0.038,0.0312
vacancy_O1,O1 vacancy,octahedral,1,2,5.0342847,-2.6404,-7.6746847,0.5627,0.0388,0.031100000000000003
vacancy_O1,O1 vacancy,octahedral,1,2,5.0342847,-2.6233,-7.657584699999999,0.5508,0.0393,0.0308
vacancy_O1,O1 vacancy,octahedral,1,2,5.0342847,-2.6062,-7.6404847,0.5295,0.039599999999999996,0.030400000000000003
vacancy_O1,O1 vacancy,octahedral,1,2,5.0342847,-2.5891,-7.6233847,0.5012,0.0397,0.03
vacancy_O1,O1 vacancy,octahedral,1,2,5.0342847,-2.572,-7.6062847,0.4688,0.0399,0.0297
vacancy_O1,O1 vacancy,octahedral,1,2,5.0342847,-2.5549,-7.5891847,0.4358,0.0398,0.0296
vacancy_O1,O1 vacancy,octahedral,1,2,5.0342847,-2.5378,-7.5720847,0.4046,0.039599999999999996,0.0295
vacancy_O1,O1 vacancy,octahedral,1,2,5.0342847,-2.5207,-7.5549847,0.377,0.0395,0.029899999999999996
vacancy_O1,O1 vacancy,octahedral,1,2,5.0342847,-2.5036,-7.537884699999999,0.3536,0.0392,0.03
vacancy_O1,O1 vacancy,octahedral,1,2,5.0342847,-2.4865,-7.5207847,0.3341,0.0387,0.0304
vacancy_O1,O1 vacancy,octahedral,1,2,5.0342847,-2.4694,-7.503684699999999,0.3176,0.0382,0.0311
vacancy_O1,O1 vacancy,octahedral,1,2,5.0342847,-2.4524,-7.4866847,0.3031,0.0377,0.0318
vacancy_O1,O1 vacancy,octahedral,1,2,5.0342847,-2.4353,-7.4695846999999995,0.2896,0.0372,0.0325
vacancy_O1,O1 vacancy,octahedral,1,2,5.0342847,-2.4182,-7.452484699999999,0.2765,0.0369,0.0334
vacancy_O1,O1 vacancy,octahedral,1,2,5.0342847,-2.4011,-7.4353847,0.2633,0.0364,0.0343
vacancy_O1,O1 vacancy,octahedral,1,2,5.0342847,-2.384,-7.418284699999999,0.2502,0.0363,0.035500000000000004
vacancy_O1,O1 vacancy,octahedral,1,2,5.0342847,-2.3669,-7.4011847,0.2373,0.036199999999999996,0.036399999999999995
vacancy_O1,O1 vacancy,octahedral,1,2,5.0342847,-2.3498,-7.3840847,0.225,0.0361,0.0374
vacancy_O1,O1 vacancy,octahedral,1,2,5.0342847,-2.3327,-7.3669847,0.2138,0.036199999999999996,0.0381
vacancy_O1,O1 vacancy,octahedral,1,2,5.0342847,-2.3156,-7.3498847,0.2041,0.0363,0.0385
vacancy_O1,O1 vacancy,octahedral,1,2,5.0342847,-2.2985,-7.3327846999999995,0.1965,0.0363,0.038500000000000006
vacancy_O1,O1 vacancy,octahedral,1,2,5.0342847,-2.2814,-7.3156847,0.1912,0.036500000000000005,0.0383
vacancy_O1,O1 vacancy,octahedral,1,2,5.0342847,-2.2643,-7.298584699999999,0.1883,0.036500000000000005,0.038
vacancy_O1,O1 vacancy,octahedral,1,2,5.0342847,-2.2472,-7.2814847,0.1879,0.0367,0.0376
vacancy_O1,O1 vacancy,octahedral,1,2,5.0342847,-2.2302,-7.2644847,0.1892,0.0369,0.037000000000000005
vacancy_O1,O1 vacancy,octahedral,1,2,5.0342847,-2.2131,-7.2473847,0.1913,0.037000000000000005,0.0367
vacancy_O1,O1 vacancy,octahedral,1,2,5.0342847,-2.196,-7.2302847,0.1932,0.0373,0.036500000000000005
vacancy_O1,O1 vacancy,octahedral,1,2,5.0342847,-2.1789,-7.213184699999999,0.1936,0.0373,0.0362
vacancy_O1,O1 vacancy,octahedral,1,2,5.0342847,-2.1618,-7.1960847,0.1919,0.0373,0.0359
vacancy_O1,O1 vacancy,octahedral,1,2,5.0342847,-2.1447,-7.178984699999999,0.1875,0.037000000000000005,0.0354
vacancy_O1,O1 vacancy,octahedral,1,2,5.0342847,-2.1276,-7.1618847,0.1808,0.0364,0.0347
vacancy_O1,O1 vacancy,octahedral,1,2,5.0342847,-2.1105,-7.1447847,0.1726,0.0356,0.0338
vacancy_O1,O1 vacancy,octahedral,1,2,5.0342847,-2.0934,-7.1276847,0.1642,0.0347,0.032600000000000004
vacancy_O1,O1 vacancy,octahedral,1,2,5.0342847,-2.0763,-7.1105846999999995,0.1566,0.0335,0.0315
vacancy_O1,O1 vacancy,octahedral,1,2,5.0342847,-2.0592,-7.093484699999999,0.151,0.0324,0.0304
vacancy_O1,O1 vacancy,octahedral,1,2,5.0342847,-2.0421,-7.0763847,0.1481,0.0315,0.0294
vacancy_O1,O1 vacancy,octahedral,1,2,5.0342847,-2.025,-7.059284699999999,0.148,0.030699999999999998,0.0287
vacancy_O1,O1 vacancy,octahedral,1,2,5.0342847,-2.0079,-7.0421847,0.1507,0.0304,0.028
vacancy_O1,O1 vacancy,octahedral,1,2,5.0342847,-1.9909,-7.0251847,0.1557,0.030400000000000003,0.0276
vacancy_O1,O1 vacancy,octahedral,1,2,5.0342847,-1.9738,-7.0080846999999995,0.1626,0.030899999999999997,0.027600000000000003
vacancy_O1,O1 vacancy,octahedral,1,2,5.0342847,-1.9567,-6.9909847,0.1707,0.0318,0.0275
vacancy_O1,O1 vacancy,octahedral,1,2,5.0342847,-1.9396,-6.973884699999999,0.1795,0.033,0.0277
vacancy_O1,O1 vacancy,octahedral,1,2,5.0342847,-1.9225,-6.9567847,0.1884,0.0343,0.0279
vacancy_O1,O1 vacancy,octahedral,1,2,5.0342847,-1.9054,-6.9396847,0.1966,0.03559999999999999,0.027999999999999997
vacancy_O1,O1 vacancy,octahedral,1,2,5.0342847,-1.8883,-6.9225847,0.2035,0.036500000000000005,0.027999999999999997
vacancy_O1,O1 vacancy,octahedral,1,2,5.0342847,-1.8712,-6.9054847,0.2082,0.037,0.027700000000000002
vacancy_O1,O1 vacancy,octahedral,1,2,5.0342847,-1.8541,-6.8883847,0.2103,0.0371,0.027299999999999998
vacancy_O1,O1 vacancy,octahedral,1,2,5.0342847,-1.837,-6.8712846999999995,0.2096,0.0368,0.026800000000000004
vacancy_O1,O1 vacancy,octahedral,1,2,5.0342847,-1.8199,-6.854184699999999,0.2063,0.0363,0.026
vacancy_O1,O1 vacancy,octahedral,1,2,5.0342847,-1.8028,-6.8370847,0.2009,0.0358,0.024999999999999998
vacancy_O1,O1 vacancy,octahedral,1,2,5.0342847,-1.7857,-6.8199847,0.1942,0.035500000000000004,0.024099999999999996
vacancy_O1,O1 vacancy,octahedral,1,2,5.0342847,-1.7686,-6.8028847,0.1866,0.0354,0.023200000000000002
vacancy_O1,O1 vacancy,octahedral,1,2,5.0342847,-1.7516,-6.7858846999999995,0.1786,0.0357,0.0223
vacancy_O1,O1 vacancy,octahedral,1,2,5.0342847,-1.7345,-6.768784699999999,0.1703,0.0363,0.0214
vacancy_O1,O1 vacancy,octahedral,1,2,5.0342847,-1.7174,-6.7516847,0.1617,0.037,0.020499999999999997
vacancy_O1,O1 vacancy,octahedral,1,2,5.0342847,-1.7003,-6.734584699999999,0.1527,0.038,0.019799999999999998
vacancy_O1,O1 vacancy,octahedral,1,2,5.0342847,-1.6832,-6.7174847,0.1435,0.0387,0.0191
vacancy_O1,O1 vacancy,octahedral,1,2,5.0342847,-1.6661,-6.7003847,0.1345,0.0393,0.0186
vacancy_O1,O1 vacancy,octahedral,1,2,5.0342847,-1.649,-6.6832847,0.1261,0.0397,0.018099999999999998
vacancy_O1,O1 vacancy,octahedral,1,2,5.0342847,-1.6319,-6.6661847,0.119,0.0399,0.0177
vacancy_O1,O1 vacancy,octahedral,1,2,5.0342847,-1.6148,-6.6490846999999995,0.1137,0.039900000000000005,0.017499999999999998
vacancy_O1,O1 vacancy,octahedral,1,2,5.0342847,-1.5977,-6.631984699999999,0.1104,0.0398,0.0174
vacancy_O1,O1 vacancy,octahedral,1,2,5.0342847,-1.5806,-6.614884699999999,0.1091,0.0397,0.0175
vacancy_O1,O1 vacancy,octahedral,1,2,5.0342847,-1.5635,-6.5977847,0.1093,0.0395,0.0177
vacancy_O1,O1 vacancy,octahedral,1,2,5.0342847,-1.5464,-6.5806847,0.1103,0.0395,0.0177
vacancy_O1,O1 vacancy,octahedral,1,2,5.0342847,-1.5293,-6.5635847,0.1115,0.0393,0.0177
vacancy_O1,O1 vacancy,octahedral,1,2,5.0342847,-1.5123,-6.5465846999999995,0.1121,0.0394,0.0175
vacancy_O1,O1 vacancy,octahedral,1,2,5.0342847,-1.4952,-6.529484699999999,0.1116,0.0396,0.017499999999999998
vacancy_O1,O1 vacancy,octahedral,1,2,5.0342847,-1.4781,-6.5123847,0.1099,0.0397,0.016900000000000002
vacancy_O1,O1 vacancy,octahedral,1,2,5.0342847,-1.461,-6.4952847,0.1073,0.0397,0.0166
vacancy_O1,O1 vacancy,octahedral,1,2,5.0342847,-1.4439,-6.4781847,0.1041,0.0398,0.015899999999999997
vacancy_O1,O1 vacancy,octahedral,1,2,5.0342847,-1.4268,-6.4610847,0.1009,0.0398,0.015099999999999999
vacancy_O1,O1 vacancy,octahedral,1,2,5.0342847,-1.4097,-6.4439847,0.0981,0.039900000000000005,0.0145
vacancy_O1,O1 vacancy,octahedral,1,2,5.0342847,-1.3926,-6.4268847,0.0962,0.0402,0.0141
vacancy_O1,O1 vacancy,octahedral,1,2,5.0342847,-1.3755,-6.4097846999999994,0.0951,0.0408,0.0139
vacancy_O1,O1 vacancy,octahedral,1,2,5.0342847,-1.3584,-6.3926847,0.0948,0.0419,0.0138
vacancy_O1,O1 vacancy,octahedral,1,2,5.0342847,-1.3413,-6.375584699999999,0.0948,0.043300000000000005,0.0142
vacancy_O1,O1 vacancy,octahedral,1,2,5.0342847,-1.3242,-6.3584847,0.0948,0.04529999999999999,0.014700000000000001
vacancy_O1,O1 vacancy,octahedral,1,2,5.0342847,-1.3071,-6.3413847,0.0941,0.0478,0.015399999999999999
vacancy_O1,O1 vacancy,octahedral,1,2,5.0342847,-1.29,-6.3242847,0.0925,0.0508,0.0162
vacancy_O1,O1 vacancy,octahedral,1,2,5.0342847,-1.273,-6.307284699999999,0.0898,0.0538,0.0171
vacancy_O1,O1 vacancy,octahedral,1,2,5.0342847,-1.2559,-6.290184699999999,0.0861,0.057,0.0179
vacancy_O1,O1 vacancy,octahedral,1,2,5.0342847,-1.2388,-6.2730847,0.0818,0.06,0.0183
vacancy_O1,O1 vacancy,octahedral,1,2,5.0342847,-1.2217,-6.2559847,0.0774,0.0629,0.0186
vacancy_O1,O1 vacancy,octahedral,1,2,5.0342847,-1.2046,-6.2388847,0.0736,0.0656,0.0184
vacancy_O1,O1 vacancy,octahedral,1,2,5.0342847,-1.1875,-6.2217847,0.071,0.068,0.018
vacancy_O1,O1 vacancy,octahedral,1,2,5.0342847,-1.1704,-6.2046847,0.07,0.0706,0.017499999999999998
vacancy_O1,O1 vacancy,octahedral,1,2,5.0342847,-1.1533,-6.1875846999999995,0.0711,0.0733,0.0169
vacancy_O1,O1 vacancy,octahedral,1,2,5.0342847,-1.1362,-6.170484699999999,0.0743,0.0769,0.0162
vacancy_O1,O1 vacancy,octahedral,1,2,5.0342847,-1.1191,-6.1533847,0.0796,0.0814,0.0158
vacancy_O1,O1 vacancy,octahedral,1,2,5.0342847,-1.102,-6.1362847,0.0869,0.087,0.0157
vacancy_O1,O1 vacancy,octahedral,1,2,5.0342847,-1.0849,-6.1191847,0.0962,0.0943,0.016
vacancy_O1,O1 vacancy,octahedral,1,2,5.0342847,-1.0678,-6.1020847,0.1072,0.1032,0.0166
vacancy_O1,O1 vacancy,octahedral,1,2,5.0342847,-1.0507,-6.0849847,0.1196,0.11349999999999999,0.0176
vacancy_O1,O1 vacancy,octahedral,1,2,5.0342847,-1.0337,-6.0679847,0.1331,0.125,0.0189
vacancy_O1,O1 vacancy,octahedral,1,2,5.0342847,-1.0166,-6.050884699999999,0.1467,0.137,0.0206
vacancy_O1,O1 vacancy,octahedral,1,2,5.0342847,-0.9995,-6.0337847,0.1594,0.1485,0.0224
vacancy_O1,O1 vacancy,octahedral,1,2,5.0342847,-0.9824,-6.0166847,0.17,0.1585,0.0241
vacancy_O1,O1 vacancy,octahedral,1,2,5.0342847,-0.9653,-5.9995847,0.1776,0.1664,0.0257
vacancy_O1,O1 vacancy,octahedral,1,2,5.0342847,-0.9482,-5.9824847,0.1812,0.1711,0.026999999999999996
vacancy_O1,O1 vacancy,octahedral,1,2,5.0342847,-0.9311,-5.9653846999999995,0.1808,0.1727,0.0278
vacancy_O1,O1 vacancy,octahedral,1,2,5.0342847,-0.914,-5.948284699999999,0.1766,0.17099999999999999,0.0284
vacancy_O1,O1 vacancy,octahedral,1,2,5.0342847,-0.8969,-5.931184699999999,0.1694,0.16660000000000003,0.0283
vacancy_O1,O1 vacancy,octahedral,1,2,5.0342847,-0.8798,-5.9140847,0.16,0.1599,0.028000000000000004
vacancy_O1,O1 vacancy,octahedral,1,2,5.0342847,-0.8627,-5.8969847,0.1496,0.1515,0.027399999999999997
vacancy_O1,O1 vacancy,octahedral,1,2,5.0342847,-0.8456,-5.8798847,0.1389,0.14229999999999998,0.0266
vacancy_O1,O1 vacancy,octahedral,1,2,5.0342847,-0.8285,-5.8627847,0.1285,0.1326,0.025599999999999998
vacancy_O1,O1 vacancy,octahedral,1,2,5.0342847,-0.8114,-5.8456847,0.119,0.1236,0.024799999999999996
vacancy_O1,O1 vacancy,octahedral,1,2,5.0342847,-0.7944,-5.8286847,0.1105,0.11579999999999999,0.0243
vacancy_O1,O1 vacancy,octahedral,1,2,5.0342847,-0.7773,-5.8115847,0.1031,0.1094,0.024
vacancy_O1,O1 vacancy,octahedral,1,2,5.0342847,-0.7602,-5.7944847,0.0967,0.10500000000000001,0.024
vacancy_O1,O1 vacancy,octahedral,1,2,5.0342847,-0.7431,-5.7773847,0.0912,0.1027,0.0245
vacancy_O1,O1 vacancy,octahedral,1,2,5.0342847,-0.726,-5.7602847,0.0864,0.1021,0.0252
vacancy_O1,O1 vacancy,octahedral,1,2,5.0342847,-0.7089,-5.7431847,0.0822,0.1028,0.026500000000000003
vacancy_O1,O1 vacancy,octahedral,1,2,5.0342847,-0.6918,-5.7260846999999995,0.0784,0.104,0.027999999999999997
vacancy_O1,O1 vacancy,octahedral,1,2,5.0342847,-0.6747,-5.708984699999999,0.0749,0.1056,0.0293
vacancy_O1,O1 vacancy,octahedral,1,2,5.0342847,-0.6576,-5.691884699999999,0.0716,0.1069,0.030699999999999998
vacancy_O1,O1 vacancy,octahedral,1,2,5.0342847,-0.6405,-5.6747847,0.0684,0.108,0.0319
vacancy_O1,O1 vacancy,octahedral,1,2,5.0342847,-0.6234,-5.6576847,0.0654,0.10880000000000001,0.032799999999999996
vacancy_O1,O1 vacancy,octahedral,1,2,5.0342847,-0.6063,-5.6405847,0.0626,0.10980000000000001,0.0334
vacancy_O1,O1 vacancy,octahedral,1,2,5.0342847,-0.5892,-5.6234847,0.06,0.11100000000000002,0.033699999999999994
vacancy_O1,O1 vacancy,octahedral,1,2,5.0342847,-0.5722,-5.606484699999999,0.0576,0.1128,0.0336
vacancy_O1,O1 vacancy,octahedral,1,2,5.0342847,-0.5551,-5.5893847,0.0554,0.11510000000000001,0.0335
vacancy_O1,O1 vacancy,octahedral,1,2,5.0342847,-0.538,-5.5722847,0.0536,0.1182,0.0331
vacancy_O1,O1 vacancy,octahedral,1,2,5.0342847,-0.5209,-5.5551847,0.0519,0.12159999999999999,0.0326
vacancy_O1,O1 vacancy,octahedral,1,2,5.0342847,-0.5038,-5.5380847,0.0505,0.1251,0.032299999999999995
vacancy_O1,O1 vacancy,octahedral,1,2,5.0342847,-0.4867,-5.5209847,0.0492,0.1281,0.0319
vacancy_O1,O1 vacancy,octahedral,1,2,5.0342847,-0.4696,-5.5038846999999995,0.0479,0.1303,0.0319
vacancy_O1,O1 vacancy,octahedral,1,2,5.0342847,-0.4525,-5.486784699999999,0.0464,0.13169999999999998,0.0319
vacancy_O1,O1 vacancy,octahedral,1,2,5.0342847,-0.4354,-5.4696847,0.0448,0.13190000000000002,0.0319
vacancy_O1,O1 vacancy,octahedral,1,2,5.0342847,-0.4183,-5.4525847,0.043,0.13140000000000002,0.0319
vacancy_O1,O1 vacancy,octahedral,1,2,5.0342847,-0.4012,-5.4354847,0.0411,0.13040000000000002,0.031900000000000005
vacancy_O1,O1 vacancy,octahedral,1,2,5.0342847,-0.3841,-5.4183847,0.0391,0.1293,0.0318
vacancy_O1,O1 vacancy,octahedral,1,2,5.0342847,-0.367,-5.4012847,0.0372,0.1284,0.0319
vacancy_O1,O1 vacancy,octahedral,1,2,5.0342847,-0.3499,-5.3841847,0.0355,0.1285,0.0318
vacancy_O1,O1 vacancy,octahedral,1,2,5.0342847,-0.3329,-5.367184699999999,0.0341,0.1297,0.031700000000000006
vacancy_O1,O1 vacancy,octahedral,1,2,5.0342847,-0.3158,-5.3500847,0.0332,0.13169999999999998,0.0319
vacancy_O1,O1 vacancy,octahedral,1,2,5.0342847,-0.2987,-5.3329847,0.0326,0.1348,0.0323
vacancy_O1,O1 vacancy,octahedral,1,2,5.0342847,-0.2816,-5.3158847,0.0324,0.1383,0.03269999999999999
vacancy_O1,O1 vacancy,octahedral,1,2,5.0342847,-0.2645,-5.2987847,0.0325,0.1418,0.0334
vacancy_O1,O1 vacancy,octahedral,1,2,5.0342847,-0.2474,-5.2816847,0.0326,0.1448,0.0343
vacancy_O1,O1 vacancy,octahedral,1,2,5.0342847,-0.2303,-5.2645846999999995,0.0327,0.1474,0.0353
vacancy_O1,O1 vacancy,octahedral,1,2,5.0342847,-0.2132,-5.247484699999999,0.0327,0.149,0.0364
vacancy_O1,O1 vacancy,octahedral,1,2,5.0342847,-0.1961,-5.2303847,0.0326,0.1502,0.0378
vacancy_O1,O1 vacancy,octahedral,1,2,5.0342847,-0.179,-5.2132847,0.0325,0.1511,0.039400000000000004
vacancy_O1,O1 vacancy,octahedral,1,2,5.0342847,-0.1619,-5.1961847,0.0323,0.1521,0.040999999999999995
vacancy_O1,O1 vacancy,octahedral,1,2,5.0342847,-0.1448,-5.1790847,0.0323,0.1532,0.042699999999999995
vacancy_O1,O1 vacancy,octahedral,1,2,5.0342847,-0.1277,-5.1619847,0.0326,0.1547,0.0445
vacancy_O1,O1 vacancy,octahedral,1,2,5.0342847,-0.1106,-5.1448846999999995,0.0331,0.1565,0.046
vacancy_O1,O1 vacancy,octahedral,1,2,5.0342847,-0.0936,-5.1278847,0.0339,0.1581,0.0473
vacancy_O1,O1 vacancy,octahedral,1,2,5.0342847,-0.0765,-5.1107847,0.0348,0.1592,0.0485
vacancy_O1,O1 vacancy,octahedral,1,2,5.0342847,-0.0594,-5.0936847,0.0356,0.15960000000000002,0.04909999999999999
vacancy_O1,O1 vacancy,octahedral,1,2,5.0342847,-0.0423,-5.0765847,0.0361,0.1594,0.0494
vacancy_O1,O1 vacancy,octahedral,1,2,5.0342847,-0.0252,-5.0594847,0.0363,0.15839999999999999,0.049400000000000006
vacancy_O1,O1 vacancy,octahedral,1,2,5.0342847,-0.0081,-5.0423846999999995,0.036,0.1568,0.0491
vacancy_O1,O1 vacancy,octahedral,1,2,5.0342847,0.009,-5.025284699999999,0.0352,0.1552,0.048799999999999996
vacancy_O1,O1 vacancy,octahedral,1,2,5.0342847,0.0261,-5.0081847,0.034,0.1535,0.0482
vacancy_O1,O1 vacancy,octahedral,1,2,5.0342847,0.0432,-4.9910847,0.0326,0.152,0.047599999999999996
vacancy_O1,O1 vacancy,octahedral,1,2,5.0342847,0.0603,-4.9739847,0.0312,0.1504,0.0469
vacancy_O1,O1 vacancy,octahedral,1,2,5.0342847,0.0774,-4.9568847,0.0299,0.1488,0.0461
vacancy_O1,O1 vacancy,octahedral,1,2,5.0342847,0.0945,-4.9397847,0.0289,0.1471,0.0455
vacancy_O1,O1 vacancy,octahedral,1,2,5.0342847,0.1116,-4.9226847,0.0284,0.1453,0.044700000000000004
vacancy_O1,O1 vacancy,octahedral,1,2,5.0342847,0.1287,-4.9055846999999995,0.0283,0.1435,0.0441
vacancy_O1,O1 vacancy,octahedral,1,2,5.0342847,0.1457,-4.8885847,0.0289,0.1421,0.0436
vacancy_O1,O1 vacancy,octahedral,1,2,5.0342847,0.1628,-4.8714847,0.03,0.1413,0.0434
vacancy_O1,O1 vacancy,octahedral,1,2,5.0342847,0.1799,-4.8543847,0.0316,0.14100000000000001,0.043300000000000005
vacancy_O1,O1 vacancy,octahedral,1,2,5.0342847,0.197,-4.8372847,0.0335,0.1411,0.0436
vacancy_O1,O1 vacancy,octahedral,1,2,5.0342847,0.2141,-4.8201846999999995,0.0355,0.1416,0.043899999999999995
vacancy_O1,O1 vacancy,octahedral,1,2,5.0342847,0.2312,-4.803084699999999,0.0374,0.1422,0.044300000000000006
vacancy_O1,O1 vacancy,octahedral,1,2,5.0342847,0.2483,-4.785984699999999,0.0389,0.14240000000000003,0.044700000000000004
vacancy_O1,O1 vacancy,octahedral,1,2,5.0342847,0.2654,-4.7688847,0.0399,0.1422,0.0448
vacancy_O1,O1 vacancy,octahedral,1,2,5.0342847,0.2825,-4.7517847,0.0402,0.1417,0.0451
vacancy_O1,O1 vacancy,octahedral,1,2,5.0342847,0.2996,-4.7346847,0.0399,0.1405,0.0454
vacancy_O1,O1 vacancy,octahedral,1,2,5.0342847,0.3167,-4.7175847,0.0391,0.1391,0.0456
vacancy_O1,O1 vacancy,octahedral,1,2,5.0342847,0.3338,-4.7004847,0.0381,0.1378,0.0461
vacancy_O1,O1 vacancy,octahedral,1,2,5.0342847,0.3509,-4.6833846999999995,0.0369,0.1368,0.046700000000000005
vacancy_O1,O1 vacancy,octahedral,1,2,5.0342847,0.368,-4.666284699999999,0.0359,0.1364,0.0473
vacancy_O1,O1 vacancy,octahedral,1,2,5.0342847,0.385,-4.6492847,0.0349,0.13670000000000002,0.047999999999999994
vacancy_O1,O1 vacancy,octahedral,1,2,5.0342847,0.4021,-4.6321847,0.0342,0.1378,0.04870000000000001
vacancy_O1,O1 vacancy,octahedral,1,2,5.0342847,0.4192,-4.6150847,0.0337,0.1394,0.0495
vacancy_O1,O1 vacancy,octahedral,1,2,5.0342847,0.4363,-4.5979847,0.0333,0.1412,0.05
vacancy_O1,O1 vacancy,octahedral,1,2,5.0342847,0.4534,-4.5808846999999995,0.0329,0.14300000000000002,0.0504
vacancy_O1,O1 vacancy,octahedral,1,2,5.0342847,0.4705,-4.563784699999999,0.0324,0.1442,0.0503
vacancy_O1,O1 vacancy,octahedral,1,2,5.0342847,0.4876,-4.5466847,0.032,0.14479999999999998,0.049999999999999996
vacancy_O1,O1 vacancy,octahedral,1,2,5.0342847,0.5047,-4.5295847,0.0314,0.14479999999999998,0.049600000000000005
vacancy_O1,O1 vacancy,octahedral,1,2,5.0342847,0.5218,-4.5124847,0.0308,0.1446,0.049
vacancy_O1,O1 vacancy,octahedral,1,2,5.0342847,0.5389,-4.4953847,0.0302,0.14429999999999998,0.048299999999999996
vacancy_O1,O1 vacancy,octahedral,1,2,5.0342847,0.556,-4.4782847,0.0297,0.1442,0.0476
vacancy_O1,O1 vacancy,octahedral,1,2,5.0342847,0.5731,-4.4611847,0.0292,0.1448,0.0471
vacancy_O1,O1 vacancy,octahedral,1,2,5.0342847,0.5902,-4.444084699999999,0.0289,0.14600000000000002,0.04649999999999999
vacancy_O1,O1 vacancy,octahedral,1,2,5.0342847,0.6073,-4.4269847,0.0286,0.1482,0.0461
vacancy_O1,O1 vacancy,octahedral,1,2,5.0342847,0.6243,-4.4099847,0.0284,0.1511,0.0456
vacancy_O1,O1 vacancy,octahedral,1,2,5.0342847,0.6414,-4.3928847,0.0281,0.1548,0.045200000000000004
vacancy_O1,O1 vacancy,octahedral,1,2,5.0342847,0.6585,-4.3757847,0.0278,0.15889999999999999,0.0451
vacancy_O1,O1 vacancy,octahedral,1,2,5.0342847,0.6756,-4.3586846999999995,0.0275,0.1633,0.04490000000000001
vacancy_O1,O1 vacancy,octahedral,1,2,5.0342847,0.6927,-4.341584699999999,0.0272,0.16770000000000002,0.0451
vacancy_O1,O1 vacancy,octahedral,1,2,5.0342847,0.7098,-4.324484699999999,0.0269,0.1717,0.0455
vacancy_O1,O1 vacancy,octahedral,1,2,5.0342847,0.7269,-4.3073847,0.0267,0.1752,0.045899999999999996
vacancy_O1,O1 vacancy,octahedral,1,2,5.0342847,0.744,-4.2902847,0.0266,0.1781,0.0464
vacancy_O1,O1 vacancy,octahedral,1,2,5.0342847,0.7611,-4.2731847,0.0266,0.1804,0.047
vacancy_O1,O1 vacancy,octahedral,1,2,5.0342847,0.7782,-4.2560847,0.0266,0.182,0.047299999999999995
vacancy_O1,O1 vacancy,octahedral,1,2,5.0342847,0.7953,-4.2389847,0.0266,0.1835,0.0476
vacancy_O1,O1 vacancy,octahedral,1,2,5.0342847,0.8124,-4.2218846999999995,0.0267,0.1845,0.0476
vacancy_O1,O1 vacancy,octahedral,1,2,5.0342847,0.8295,-4.204784699999999,0.0267,0.1854,0.047299999999999995
vacancy_O1,O1 vacancy,octahedral,1,2,5.0342847,0.8466,-4.1876847,0.0266,0.1864,0.0471
vacancy_O1,O1 vacancy,octahedral,1,2,5.0342847,0.8636,-4.1706847,0.0264,0.1873,0.046599999999999996
vacancy_O1,O1 vacancy,octahedral,1,2,5.0342847,0.8807,-4.1535847,0.0261,0.1883,0.046200000000000005
vacancy_O1,O1 vacancy,octahedral,1,2,5.0342847,0.8978,-4.1364847,0.0257,0.18910000000000002,0.0458
vacancy_O1,O1 vacancy,octahedral,1,2,5.0342847,0.9149,-4.1193846999999995,0.0252,0.1901,0.0455
vacancy_O1,O1 vacancy,octahedral,1,2,5.0342847,0.932,-4.102284699999999,0.0248,0.1908,0.045399999999999996
vacancy_O1,O1 vacancy,octahedral,1,2,5.0342847,0.9491,-4.085184699999999,0.0243,0.1912,0.04529999999999999
vacancy_O1,O1 vacancy,octahedral,1,2,5.0342847,0.9662,-4.0680847,0.0239,0.1914,0.04540000000000001
vacancy_O1,O1 vacancy,octahedral,1,2,5.0342847,0.9833,-4.0509847,0.0235,0.1911,0.04540000000000001
vacancy_O1,O1 vacancy,octahedral,1,2,5.0342847,1.0004,-4.0338847,0.0231,0.1905,0.0456
vacancy_O1,O1 vacancy,octahedral,1,2,5.0342847,1.0175,-4.0167847,0.0227,0.18920000000000003,0.045799999999999993
vacancy_O1,O1 vacancy,octahedral,1,2,5.0342847,1.0346,-3.9996846999999995,0.0222,0.18760000000000002,0.0462
vacancy_O1,O1 vacancy,octahedral,1,2,5.0342847,1.0517,-3.9825846999999994,0.0217,0.18589999999999998,0.0465
vacancy_O1,O1 vacancy,octahedral,1,2,5.0342847,1.0688,-3.9654846999999998,0.0211,0.184,0.0471
vacancy_O1,O1 vacancy,octahedral,1,2,5.0342847,1.0859,-3.9483846999999996,0.0204,0.18230000000000002,0.0475
vacancy_O1,O1 vacancy,octahedral,1,2,5.0342847,1.1029,-3.9313846999999997,0.0197,0.1806,0.0481
vacancy_O1,O1 vacancy,octahedral,1,2,5.0342847,1.12,-3.9142846999999996,0.0189,0.17919999999999997,0.0489
vacancy_O1,O1 vacancy,octahedral,1,2,5.0342847,1.1371,-3.8971846999999995,0.0182,0.17779999999999999,0.04970000000000001
vacancy_O1,O1 vacancy,octahedral,1,2,5.0342847,1.1542,-3.8800847,0.0176,0.1766,0.0506
vacancy_O1,O1 vacancy,octahedral,1,2,5.0342847,1.1713,-3.8629846999999997,0.0171,0.1755,0.05160000000000001
vacancy_O1,O1 vacancy,octahedral,1,2,5.0342847,1.1884,-3.8458847,0.0167,0.1743,0.053099999999999994
vacancy_O1,O1 vacancy,octahedral,1,2,5.0342847,1.2055,-3.8287847,0.0164,0.1729,0.0547
vacancy_O1,O1 vacancy,octahedral,1,2,5.0342847,1.2226,-3.8116847,0.0161,0.1713,0.05669999999999999
vacancy_O1,O1 vacancy,octahedral,1,2,5.0342847,1.2397,-3.7945846999999997,0.016,0.16970000000000002,0.059
vacancy_O1,O1 vacancy,octahedral,1,2,5.0342847,1.2568,-3.7774846999999996,0.0159,0.1681,0.0616
vacancy_O1,O1 vacancy,octahedral,1,2,5.0342847,1.2739,-3.7603846999999995,0.0157,0.16670000000000001,0.0642
vacancy_O1,O1 vacancy,octahedral,1,2,5.0342847,1.291,-3.7432847,0.0155,0.16560000000000002,0.06709999999999999
vacancy_O1,O1 vacancy,octahedral,1,2,5.0342847,1.3081,-3.7261846999999997,0.0153,0.16490000000000002,0.07050000000000001
vacancy_O1,O1 vacancy,octahedral,1,2,5.0342847,1.3251,-3.7091847,0.0151,0.1643,0.0738
vacancy_O1,O1 vacancy,octahedral,1,2,5.0342847,1.3422,-3.6920846999999997,0.0148,0.1635,0.07730000000000001
vacancy_O1,O1 vacancy,octahedral,1,2,5.0342847,1.3593,-3.6749846999999995,0.0145,0.1626,0.0809
vacancy_O1,O1 vacancy,octahedral,1,2,5.0342847,1.3764,-3.6578846999999994,0.0142,0.161,0.08429999999999999
vacancy_O1,O1 vacancy,octahedral,1,2,5.0342847,1.3935,-3.6407846999999998,0.0139,0.1588,0.0879
vacancy_O1,O1 vacancy,octahedral,1,2,5.0342847,1.4106,-3.6236846999999996,0.0137,0.1562,0.09119999999999999
vacancy_O1,O1 vacancy,octahedral,1,2,5.0342847,1.4277,-3.6065847,0.0135,0.1531,0.0946
vacancy_O1,O1 vacancy,octahedral,1,2,5.0342847,1.4448,-3.5894847,0.0134,0.1497,0.0979
vacancy_O1,O1 vacancy,octahedral,1,2,5.0342847,1.4619,-3.5723846999999997,0.0133,0.14659999999999998,0.10149999999999999
vacancy_O1,O1 vacancy,octahedral,1,2,5.0342847,1.479,-3.5552846999999996,0.0132,0.1436,0.1049
vacancy_O1,O1 vacancy,octahedral,1,2,5.0342847,1.4961,-3.5381846999999995,0.0131,0.1409,0.1082
vacancy_O1,O1 vacancy,octahedral,1,2,5.0342847,1.5132,-3.5210846999999994,0.0129,0.1385,0.111
vacancy_O1,O1 vacancy,octahedral,1,2,5.0342847,1.5303,-3.5039846999999997,0.0128,0.1365,0.11309999999999998
vacancy_O1,O1 vacancy,octahedral,1,2,5.0342847,1.5474,-3.4868846999999996,0.0125,0.1345,0.1142
vacancy_O1,O1 vacancy,octahedral,1,2,5.0342847,1.5644,-3.4698846999999997,0.0122,0.1327,0.1138
vacancy_O1,O1 vacancy,octahedral,1,2,5.0342847,1.5815,-3.4527846999999996,0.0119,0.131,0.11229999999999998
vacancy_O1,O1 vacancy,octahedral,1,2,5.0342847,1.5986,-3.4356846999999995,0.0115,0.1295,0.1095
vacancy_O1,O1 vacancy,octahedral,1,2,5.0342847,1.6157,-3.4185847,0.0112,0.128,0.10579999999999999
vacancy_O1,O1 vacancy,octahedral,1,2,5.0342847,1.6328,-3.4014846999999997,0.0109,0.12689999999999999,0.10139999999999999
vacancy_O1,O1 vacancy,octahedral,1,2,5.0342847,1.6499,-3.3843847,0.0108,0.1263,0.097
vacancy_O1,O1 vacancy,octahedral,1,2,5.0342847,1.667,-3.3672847,0.0107,0.1259,0.09290000000000001
vacancy_O1,O1 vacancy,octahedral,1,2,5.0342847,1.6841,-3.3501847,0.0107,0.1258,0.08929999999999999
vacancy_O1,O1 vacancy,octahedral,1,2,5.0342847,1.7012,-3.3330846999999997,0.0108,0.1263,0.08650000000000001
vacancy_O1,O1 vacancy,octahedral,1,2,5.0342847,1.7183,-3.3159846999999996,0.0109,0.127,0.08419999999999998
vacancy_O1,O1 vacancy,octahedral,1,2,5.0342847,1.7354,-3.2988846999999994,0.0111,0.12810000000000002,0.0829
vacancy_O1,O1 vacancy,octahedral,1,2,5.0342847,1.7525,-3.2817846999999998,0.0112,0.12940000000000002,0.0818
vacancy_O1,O1 vacancy,octahedral,1,2,5.0342847,1.7696,-3.2646846999999997,0.0112,0.1308,0.0811
vacancy_O1,O1 vacancy,octahedral,1,2,5.0342847,1.7867,-3.2475847,0.0111,0.1323,0.0805
vacancy_O1,O1 vacancy,octahedral,1,2,5.0342847,1.8037,-3.2305846999999996,0.011,0.1338,0.08009999999999999
vacancy_O1,O1 vacancy,octahedral,1,2,5.0342847,1.8208,-3.2134846999999995,0.0107,0.1352,0.0798
vacancy_O1,O1 vacancy,octahedral,1,2,5.0342847,1.8379,-3.1963846999999994,0.0104,0.1365,0.07940000000000001
vacancy_O1,O1 vacancy,octahedral,1,2,5.0342847,1.855,-3.1792846999999997,0.01,0.1374,0.0789
vacancy_O1,O1 vacancy,octahedral,1,2,5.0342847,1.8721,-3.1621846999999996,0.0096,0.1378,0.0786
vacancy_O1,O1 vacancy,octahedral,1,2,5.0342847,1.8892,-3.1450847,0.0092,0.138,0.07819999999999999
vacancy_O1,O1 vacancy,octahedral,1,2,5.0342847,1.9063,-3.1279847,0.0088,0.1375,0.07790000000000001
vacancy_O1,O1 vacancy,octahedral,1,2,5.0342847,1.9234,-3.1108846999999997,0.0084,0.13670000000000002,0.0778
vacancy_O1,O1 vacancy,octahedral,1,2,5.0342847,1.9405,-3.0937846999999996,0.008,0.1355,0.0776
vacancy_O1,O1 vacancy,octahedral,1,2,5.0342847,1.9576,-3.0766846999999995,0.0076,0.134,0.0775
vacancy_O1,O1 vacancy,octahedral,1,2,5.0342847,1.9747,-3.0595847,0.0073,0.13240000000000002,0.0776
vacancy_O1,O1 vacancy,octahedral,1,2,5.0342847,1.9918,-3.0424846999999997,0.007,0.1304,0.07750000000000001
vacancy_O1,O1 vacancy,octahedral,1,2,5.0342847,2.0089,-3.0253846999999996,0.0067,0.12819999999999998,0.0772
vacancy_O1,O1 vacancy,octahedral,1,2,5.0342847,2.026,-3.0082847,0.0064,0.1255,0.0769
vacancy_O1,O1 vacancy,octahedral,1,2,5.0342847,2.043,-2.9912846999999996,0.0061,0.12240000000000001,0.0763
vacancy_O1,O1 vacancy,octahedral,1,2,5.0342847,2.0601,-2.9741847,0.0059,0.1187,0.0756
vacancy_O1,O1 vacancy,octahedral,1,2,5.0342847,2.0772,-2.9570847,0.0056,0.1147,0.0749
vacancy_O1,O1 vacancy,octahedral,1,2,5.0342847,2.0943,-2.9399846999999997,0.0055,0.1104,0.07429999999999999
vacancy_O1,O1 vacancy,octahedral,1,2,5.0342847,2.1114,-2.9228846999999996,0.0053,0.10600000000000001,0.07409999999999999
vacancy_O1,O1 vacancy,octahedral,1,2,5.0342847,2.1285,-2.9057847,0.0052,0.10219999999999999,0.0746
vacancy_O1,O1 vacancy,octahedral,1,2,5.0342847,2.1456,-2.8886846999999998,0.0052,0.09860000000000001,0.07570000000000002
vacancy_O1,O1 vacancy,octahedral,1,2,5.0342847,2.1627,-2.8715846999999997,0.0053,0.0959,0.0776
vacancy_O1,O1 vacancy,octahedral,1,2,5.0342847,2.1798,-2.8544846999999995,0.0054,0.0937,0.0807
vacancy_O1,O1 vacancy,octahedral,1,2,5.0342847,2.1969,-2.8373847,0.0056,0.09209999999999999,0.0845
vacancy_O1,O1 vacancy,octahedral,1,2,5.0342847,2.214,-2.8202846999999998,0.0058,0.0911,0.0888
vacancy_O1,O1 vacancy,octahedral,1,2,5.0342847,2.2311,-2.8031846999999996,0.0061,0.09,0.0932
vacancy_O1,O1 vacancy,octahedral,1,2,5.0342847,2.2482,-2.7860846999999995,0.0064,0.089,0.0977
vacancy_O1,O1 vacancy,octahedral,1,2,5.0342847,2.2653,-2.7689847,0.0067,0.0875,0.1017
vacancy_O1,O1 vacancy,octahedral,1,2,5.0342847,2.2823,-2.7519846999999995,0.007,0.0858,0.10500000000000001
vacancy_O1,O1 vacancy,octahedral,1,2,5.0342847,2.2994,-2.7348847,0.0073,0.08349999999999999,0.10759999999999999
vacancy_O1,O1 vacancy,octahedral,1,2,5.0342847,2.3165,-2.7177846999999997,0.0076,0.0806,0.1091
vacancy_O1,O1 vacancy,octahedral,1,2,5.0342847,2.3336,-2.7006846999999996,0.0079,0.0775,0.11
vacancy_O1,O1 vacancy,octahedral,1,2,5.0342847,2.3507,-2.6835847,0.0081,0.0741,0.11
vacancy_O1,O1 vacancy,octahedral,1,2,5.0342847,2.3678,-2.6664847,0.0083,0.0708,0.1096
vacancy_O1,O1 vacancy,octahedral,1,2,5.0342847,2.3849,-2.6493846999999997,0.0084,0.0675,0.109
vacancy_O1,O1 vacancy,octahedral,1,2,5.0342847,2.402,-2.6322846999999996,0.0085,0.0645,0.1082
vacancy_O1,O1 vacancy,octahedral,1,2,5.0342847,2.4191,-2.6151847,0.0085,0.0619,0.10779999999999999
vacancy_O1,O1 vacancy,octahedral,1,2,5.0342847,2.4362,-2.5980847,0.0085,0.0595,0.1076
vacancy_O1,O1 vacancy,octahedral,1,2,5.0342847,2.4533,-2.5809846999999997,0.0085,0.057499999999999996,0.10799999999999998
vacancy_O1,O1 vacancy,octahedral,1,2,5.0342847,2.4704,-2.5638846999999996,0.0085,0.0558,0.1094
vacancy_O1,O1 vacancy,octahedral,1,2,5.0342847,2.4875,-2.5467847,0.0085,0.05439999999999999,0.1116
vacancy_O1,O1 vacancy,octahedral,1,2,5.0342847,2.5046,-2.5296847,0.0085,0.0532,0.11510000000000001
vacancy_O1,O1 vacancy,octahedral,1,2,5.0342847,2.5216,-2.5126847,0.0085,0.0524,0.11960000000000001
vacancy_O1,O1 vacancy,octahedral,1,2,5.0342847,2.5387,-2.4955846999999998,0.0085,0.0518,0.1253
vacancy_O1,O1 vacancy,octahedral,1,2,5.0342847,2.5558,-2.4784846999999997,0.0086,0.05159999999999999,0.1315
vacancy_O1,O1 vacancy,octahedral,1,2,5.0342847,2.5729,-2.4613846999999995,0.0087,0.0513,0.13820000000000002
vacancy_O1,O1 vacancy,octahedral,1,2,5.0342847,2.59,-2.4442847,0.0088,0.051000000000000004,0.1443
vacancy_O1,O1 vacancy,octahedral,1,2,5.0342847,2.6071,-2.4271846999999998,0.0089,0.05059999999999999,0.1497
vacancy_O1,O1 vacancy,octahedral,1,2,5.0342847,2.6242,-2.4100846999999996,0.0091,0.04989999999999999,0.1538
vacancy_O1,O1 vacancy,octahedral,1,2,5.0342847,2.6413,-2.3929846999999995,0.0093,0.048799999999999996,0.1567
vacancy_O1,O1 vacancy,octahedral,1,2,5.0342847,2.6584,-2.3758847,0.0095,0.0475,0.1588
vacancy_O1,O1 vacancy,octahedral,1,2,5.0342847,2.6755,-2.3587846999999997,0.0096,0.0459,0.16010000000000002
vacancy_O1,O1 vacancy,octahedral,1,2,5.0342847,2.6926,-2.3416846999999996,0.0097,0.0441,0.16130000000000003
vacancy_O1,O1 vacancy,octahedral,1,2,5.0342847,2.7097,-2.3245846999999995,0.0098,0.0423,0.1627
vacancy_O1,O1 vacancy,octahedral,1,2,5.0342847,2.7268,-2.3074847,0.0098,0.0405,0.1645
vacancy_O1,O1 vacancy,octahedral,1,2,5.0342847,2.7439,-2.2903846999999997,0.0097,0.0387,0.1665
vacancy_O1,O1 vacancy,octahedral,1,2,5.0342847,2.7609,-2.2733847,0.0097,0.0372,0.1686
vacancy_O1,O1 vacancy,octahedral,1,2,5.0342847,2.778,-2.2562846999999997,0.0097,0.0358,0.1702
vacancy_O1,O1 vacancy,octahedral,1,2,5.0342847,2.7951,-2.2391846999999996,0.0098,0.0344,0.1711
vacancy_O1,O1 vacancy,octahedral,1,2,5.0342847,2.8122,-2.2220847,0.0099,0.0332,0.1707
vacancy_O1,O1 vacancy,octahedral,1,2,5.0342847,2.8293,-2.2049847,0.01,0.032,0.16849999999999998
vacancy_O1,O1 vacancy,octahedral,1,2,5.0342847,2.8464,-2.1878846999999997,0.0101,0.0309,0.1645
vacancy_O1,O1 vacancy,octahedral,1,2,5.0342847,2.8635,-2.1707846999999996,0.0102,0.029900000000000003,0.1584
vacancy_O1,O1 vacancy,octahedral,1,2,5.0342847,2.8806,-2.1536847,0.0102,0.028999999999999998,0.1506
vacancy_O1,O1 vacancy,octahedral,1,2,5.0342847,2.8977,-2.1365847,0.0102,0.028300000000000002,0.14129999999999998
vacancy_O1,O1 vacancy,octahedral,1,2,5.0342847,2.9148,-2.1194846999999997,0.0101,0.0277,0.1311
vacancy_O1,O1 vacancy,octahedral,1,2,5.0342847,2.9319,-2.1023846999999996,0.0098,0.027100000000000003,0.1207
vacancy_O1,O1 vacancy,octahedral,1,2,5.0342847,2.949,-2.0852847,0.0095,0.0265,0.1108
vacancy_O1,O1 vacancy,octahedral,1,2,5.0342847,2.9661,-2.0681846999999998,0.0091,0.026099999999999998,0.1017
vacancy_O1,O1 vacancy,octahedral,1,2,5.0342847,2.9831,-2.0511847,0.0086,0.0257,0.09430000000000001
vacancy_O1,O1 vacancy,octahedral,1,2,5.0342847,3.0002,-2.0340846999999997,0.0082,0.0251,0.0882
vacancy_O1,O1 vacancy,octahedral,1,2,5.0342847,3.0173,-2.0169846999999996,0.0078,0.024499999999999997,0.0837
vacancy_O1,O1 vacancy,octahedral,1,2,5.0342847,3.0344,-1.9998846999999995,0.0075,0.023799999999999998,0.08040000000000001
vacancy_O1,O1 vacancy,octahedral,1,2,5.0342847,3.0515,-1.9827846999999998,0.0072,0.023,0.078
vacancy_O1,O1 vacancy,octahedral,1,2,5.0342847,3.0686,-1.9656846999999997,0.007,0.0221,0.07609999999999999
vacancy_O1,O1 vacancy,octahedral,1,2,5.0342847,3.0857,-1.9485846999999996,0.0068,0.0211,0.0744
vacancy_O1,O1 vacancy,octahedral,1,2,5.0342847,3.1028,-1.9314847,0.0067,0.0201,0.07279999999999999
vacancy_O1,O1 vacancy,octahedral,1,2,5.0342847,3.1199,-1.9143846999999998,0.0066,0.019299999999999998,0.071
vacancy_O1,O1 vacancy,octahedral,1,2,5.0342847,3.137,-1.8972846999999997,0.0065,0.0185,0.06870000000000001
vacancy_O1,O1 vacancy,octahedral,1,2,5.0342847,3.1541,-1.8801846999999996,0.0064,0.017599999999999998,0.06620000000000001
vacancy_O1,O1 vacancy,octahedral,1,2,5.0342847,3.1712,-1.8630847,0.0062,0.0168,0.063
vacancy_O1,O1 vacancy,octahedral,1,2,5.0342847,3.1883,-1.8459846999999998,0.006,0.0159,0.059399999999999994
vacancy_O1,O1 vacancy,octahedral,1,2,5.0342847,3.2054,-1.8288846999999997,0.0058,0.015,0.055299999999999995
vacancy_O1,O1 vacancy,octahedral,1,2,5.0342847,3.2224,-1.8118846999999998,0.0055,0.013999999999999999,0.051000000000000004
vacancy_O1,O1 vacancy,octahedral,1,2,5.0342847,3.2395,-1.7947846999999997,0.0052,0.013,0.0463
vacancy_O1,O1 vacancy,octahedral,1,2,5.0342847,3.2566,-1.7776846999999996,0.0049,0.0118,0.041800000000000004
vacancy_O1,O1 vacancy,octahedral,1,2,5.0342847,3.2737,-1.7605847,0.0046,0.0106,0.0375
vacancy_O1,O1 vacancy,octahedral,1,2,5.0342847,3.2908,-1.7434846999999998,0.0043,0.009500000000000001,0.03320000000000001
vacancy_O1,O1 vacancy,octahedral,1,2,5.0342847,3.3079,-1.7263846999999997,0.0042,0.0086,0.0296
vacancy_O1,O1 vacancy,octahedral,1,2,5.0342847,3.325,-1.7092846999999995,0.004,0.007599999999999999,0.026299999999999997
vacancy_O1,O1 vacancy,octahedral,1,2,5.0342847,3.3421,-1.6921846999999999,0.0039,0.0068000000000000005,0.0235
vacancy_O1,O1 vacancy,octahedral,1,2,5.0342847,3.3592,-1.6750846999999998,0.0038,0.006,0.0212
vacancy_O1,O1 vacancy,octahedral,1,2,5.0342847,3.3763,-1.6579846999999996,0.0037,0.0055,0.019299999999999998
vacancy_O1,O1 vacancy,octahedral,1,2,5.0342847,3.3934,-1.6408846999999995,0.0036,0.004999999999999999,0.0178
vacancy_O1,O1 vacancy,octahedral,1,2,5.0342847,3.4105,-1.6237846999999999,0.0034,0.0046,0.0164
vacancy_O1,O1 vacancy,octahedral,1,2,5.0342847,3.4276,-1.6066846999999997,0.0032,0.0043,0.015600000000000001
vacancy_O1,O1 vacancy,octahedral,1,2,5.0342847,3.4447,-1.5895846999999996,0.0031,0.0040999999999999995,0.0147
vacancy_O1,O1 vacancy,octahedral,1,2,5.0342847,3.4617,-1.5725846999999997,0.0028,0.0037999999999999996,0.013900000000000003
vacancy_O1,O1 vacancy,octahedral,1,2,5.0342847,3.4788,-1.5554846999999996,0.0026,0.0036,0.013199999999999998
vacancy_O1,O1 vacancy,octahedral,1,2,5.0342847,3.4959,-1.5383847,0.0024,0.0034000000000000002,0.012899999999999998
vacancy_O1,O1 vacancy,octahedral,1,2,5.0342847,3.513,-1.5212846999999998,0.0022,0.0034000000000000002,0.0121
vacancy_O1,O1 vacancy,octahedral,1,2,5.0342847,3.5301,-1.5041846999999997,0.0019,0.0033,0.0118
vacancy_O1,O1 vacancy,octahedral,1,2,5.0342847,3.5472,-1.4870846999999996,0.0017,0.0034000000000000002,0.0112
vacancy_O1,O1 vacancy,octahedral,1,2,5.0342847,3.5643,-1.4699847,0.0015,0.0033,0.010699999999999998
vacancy_O1,O1 vacancy,octahedral,1,2,5.0342847,3.5814,-1.4528846999999998,0.0013,0.0032000000000000006,0.010100000000000001
vacancy_O1,O1 vacancy,octahedral,1,2,5.0342847,3.5985,-1.4357846999999997,0.0012,0.0032000000000000006,0.009699999999999999
vacancy_O1,O1 vacancy,octahedral,1,2,5.0342847,3.6156,-1.4186846999999996,0.001,0.0032,0.0094
vacancy_O1,O1 vacancy,octahedral,1,2,5.0342847,3.6327,-1.4015847,0.0008,0.0031000000000000003,0.0091
vacancy_O1,O1 vacancy,octahedral,1,2,5.0342847,3.6498,-1.3844846999999998,0.0007,0.0031,0.009
vacancy_O1,O1 vacancy,octahedral,1,2,5.0342847,3.6669,-1.3673846999999997,0.0006,0.0029000000000000002,0.0088
vacancy_O1,O1 vacancy,octahedral,1,2,5.0342847,3.684,-1.3502846999999996,0.0005,0.0028,0.0088
vacancy_O1,O1 vacancy,octahedral,1,2,5.0342847,3.701,-1.3332846999999997,0.0005,0.0026999999999999997,0.008599999999999998
vacancy_O1,O1 vacancy,octahedral,1,2,5.0342847,3.7181,-1.3161846999999995,0.0004,0.0025,0.0082
vacancy_O1,O1 vacancy,octahedral,1,2,5.0342847,3.7352,-1.2990846999999999,0.0003,0.0022,0.0078000000000000005
vacancy_O1,O1 vacancy,octahedral,1,2,5.0342847,3.7523,-1.2819846999999998,0.0003,0.0018999999999999998,0.0071
vacancy_O1,O1 vacancy,octahedral,1,2,5.0342847,3.7694,-1.2648846999999996,0.0003,0.0015999999999999999,0.0063
vacancy_O1,O1 vacancy,octahedral,1,2,5.0342847,3.7865,-1.2477846999999995,0.0002,0.0014000000000000002,0.0055000000000000005
vacancy_O1,O1 vacancy,octahedral,1,2,5.0342847,3.8036,-1.2306846999999999,0.0002,0.0011,0.0045000000000000005
vacancy_O1,O1 vacancy,octahedral,1,2,5.0342847,3.8207,-1.2135846999999997,0.0001,0.0008,0.0036999999999999997
vacancy_O1,O1 vacancy,octahedral,1,2,5.0342847,3.8378,-1.1964846999999996,0.0001,0.0007,0.0027
vacancy_O1,O1 vacancy,octahedral,1,2,5.0342847,3.8549,-1.1793846999999995,0.0001,0.0005,0.0021
vacancy_O1,O1 vacancy,octahedral,1,2,5.0342847,3.872,-1.1622846999999998,0.0001,0.00030000000000000003,0.0014
vacancy_O1,O1 vacancy,octahedral,1,2,5.0342847,3.8891,-1.1451846999999997,0.0,0.0002,0.001
vacancy_O1,O1 vacancy,octahedral,1,2,5.0342847,3.9062,-1.1280846999999996,0.0,0.0002,0.0006000000000000001
vacancy_O1,O1 vacancy,octahedral,1,2,5.0342847,3.9233,-1.1109847,0.0001,0.0001,0.0004
vacancy_O1,O1 vacancy,octahedral,1,2,5.0342847,3.9403,-1.0939846999999996,0.0001,0.0001,0.0002
vacancy_O1,O1 vacancy,octahedral,1,2,5.0342847,3.9574,-1.0768847,0.0001,0.0001,0.00030000000000000003
vacancy_O1,O1 vacancy,octahedral,1,2,5.0342847,3.9745,-1.0597846999999998,0.0002,0.0002,0.00030000000000000003
vacancy_O1,O1 vacancy,octahedral,1,2,5.0342847,3.9916,-1.0426846999999997,0.0002,0.0003,0.0005
vacancy_O1,O1 vacancy,octahedral,1,2,5.0342847,4.0087,-1.0255846999999996,0.0003,0.0004,0.0006000000000000001
vacancy_O1,O1 vacancy,octahedral,1,2,5.0342847,4.0258,-1.0084846999999995,0.0005,0.0006,0.001
vacancy_O1,O1 vacancy,octahedral,1,2,5.0342847,4.0429,-0.9913846999999993,0.0006,0.001,0.0012000000000000001
vacancy_O1,O1 vacancy,octahedral,1,2,5.0342847,4.06,-0.9742847000000001,0.0008,0.0013,0.0017
vacancy_O1,O1 vacancy,octahedral,1,2,5.0342847,4.0771,-0.9571847,0.001,0.0017000000000000001,0.0023
vacancy_O1,O1 vacancy,octahedral,1,2,5.0342847,4.0942,-0.9400846999999999,0.0013,0.0023,0.0032999999999999995
vacancy_O1,O1 vacancy,octahedral,1,2,5.0342847,4.1113,-0.9229846999999998,0.0016,0.0032,0.0044
vacancy_O1,O1 vacancy,octahedral,1,2,5.0342847,4.1284,-0.9058846999999997,0.0021,0.0043,0.0058000000000000005
vacancy_O1,O1 vacancy,octahedral,1,2,5.0342847,4.1455,-0.8887846999999995,0.0027,0.0057,0.007899999999999999
vacancy_O1,O1 vacancy,octahedral,1,2,5.0342847,4.1626,-0.8716846999999994,0.0034,0.0077,0.0103
vacancy_O1,O1 vacancy,octahedral,1,2,5.0342847,4.1796,-0.8546847,0.0042,0.0101,0.0135
vacancy_O1,O1 vacancy,octahedral,1,2,5.0342847,4.1967,-0.8375846999999998,0.0052,0.0127,0.0168
vacancy_O1,O1 vacancy,octahedral,1,2,5.0342847,4.2138,-0.8204846999999997,0.0062,0.0153,0.0205
vacancy_O1,O1 vacancy,octahedral,1,2,5.0342847,4.2309,-0.8033846999999996,0.0072,0.018099999999999998,0.023999999999999997
vacancy_O1,O1 vacancy,octahedral,1,2,5.0342847,4.248,-0.7862846999999995,0.008,0.020499999999999997,0.0272
vacancy_O1,O1 vacancy,octahedral,1,2,5.0342847,4.2651,-0.7691846999999994,0.0087,0.022699999999999998,0.029900000000000003
vacancy_O1,O1 vacancy,octahedral,1,2,5.0342847,4.2822,-0.7520847000000002,0.0091,0.023999999999999997,0.0317
vacancy_O1,O1 vacancy,octahedral,1,2,5.0342847,4.2993,-0.7349847,0.0093,0.0248,0.0324
vacancy_O1,O1 vacancy,octahedral,1,2,5.0342847,4.3164,-0.7178846999999999,0.0092,0.0248,0.0323
vacancy_O1,O1 vacancy,octahedral,1,2,5.0342847,4.3335,-0.7007846999999998,0.0089,0.0242,0.0313
vacancy_O1,O1 vacancy,octahedral,1,2,5.0342847,4.3506,-0.6836846999999997,0.0085,0.023399999999999997,0.030000000000000002
vacancy_O1,O1 vacancy,octahedral,1,2,5.0342847,4.3677,-0.6665846999999996,0.0081,0.022699999999999998,0.028800000000000003
vacancy_O1,O1 vacancy,octahedral,1,2,5.0342847,4.3848,-0.6494846999999995,0.0079,0.022299999999999997,0.027899999999999998
vacancy_O1,O1 vacancy,octahedral,1,2,5.0342847,4.4019,-0.6323846999999994,0.008,0.0226,0.0278
vacancy_O1,O1 vacancy,octahedral,1,2,5.0342847,4.4189,-0.6153846999999999,0.0083,0.0237,0.028699999999999996
vacancy_O1,O1 vacancy,octahedral,1,2,5.0342847,4.436,-0.5982846999999998,0.0088,0.025300000000000003,0.0305
vacancy_O1,O1 vacancy,octahedral,1,2,5.0342847,4.4531,-0.5811846999999997,0.0095,0.0275,0.032600000000000004
vacancy_O1,O1 vacancy,octahedral,1,2,5.0342847,4.4702,-0.5640846999999996,0.0102,0.0297,0.035
vacancy_O1,O1 vacancy,octahedral,1,2,5.0342847,4.4873,-0.5469846999999994,0.0108,0.0315,0.036899999999999995
vacancy_O1,O1 vacancy,octahedral,1,2,5.0342847,4.5044,-0.5298846999999993,0.0112,0.032600000000000004,0.038000000000000006
vacancy_O1,O1 vacancy,octahedral,1,2,5.0342847,4.5215,-0.5127847000000001,0.0112,0.0328,0.038000000000000006
vacancy_O1,O1 vacancy,octahedral,1,2,5.0342847,4.5386,-0.4956847,0.011,0.0322,0.0371
vacancy_O1,O1 vacancy,octahedral,1,2,5.0342847,4.5557,-0.47858469999999986,0.0105,0.030699999999999998,0.0352
vacancy_O1,O1 vacancy,octahedral,1,2,5.0342847,4.5728,-0.46148469999999975,0.0097,0.0285,0.0325
vacancy_O1,O1 vacancy,octahedral,1,2,5.0342847,4.5899,-0.44438469999999963,0.0088,0.0258,0.0293
vacancy_O1,O1 vacancy,octahedral,1,2,5.0342847,4.607,-0.4272846999999995,0.0077,0.022699999999999998,0.025599999999999998
vacancy_O1,O1 vacancy,octahedral,1,2,5.0342847,4.6241,-0.4101846999999994,0.0066,0.0194,0.021699999999999997
vacancy_O1,O1 vacancy,octahedral,1,2,5.0342847,4.6412,-0.3930846999999993,0.0054,0.016,0.0179
vacancy_O1,O1 vacancy,octahedral,1,2,5.0342847,4.6582,-0.3760846999999998,0.0043,0.0127,0.014099999999999998
vacancy_O1,O1 vacancy,octahedral,1,2,5.0342847,4.6753,-0.3589846999999997,0.0033,0.0098,0.010799999999999999
vacancy_O1,O1 vacancy,octahedral,1,2,5.0342847,4.6924,-0.3418846999999996,0.0024,0.0071,0.0078000000000000005
vacancy_O1,O1 vacancy,octahedral,1,2,5.0342847,4.7095,-0.3247846999999995,0.0017,0.005,0.0055
vacancy_O1,O1 vacancy,octahedral,1,2,5.0342847,4.7266,-0.30768469999999937,0.0011,0.0033,0.0036
vacancy_O1,O1 vacancy,octahedral,1,2,5.0342847,4.7437,-0.29058470000000014,0.0007,0.0021,0.0023
vacancy_O1,O1 vacancy,octahedral,1,2,5.0342847,4.7608,-0.2734847,0.0004,0.0013,0.0014000000000000002
vacancy_O1,O1 vacancy,octahedral,1,2,5.0342847,4.7779,-0.2563846999999999,0.0002,0.0007,0.0007
vacancy_O1,O1 vacancy,octahedral,1,2,5.0342847,4.795,-0.2392846999999998,0.0001,0.0004,0.00039999999999999996
vacancy_O1,O1 vacancy,octahedral,1,2,5.0342847,4.8121,-0.22218469999999968,0.0001,0.0002,0.0002
vacancy_O1,O1 vacancy,octahedral,1,2,5.0342847,4.8292,-0.20508469999999956,0.0,0.0001,0.0001
vacancy_O1,O1 vacancy,octahedral,1,2,5.0342847,4.8463,-0.18798469999999945,0.0,0.0,0.0
vacancy_O1,O1 vacancy,octahedral,1,2,5.0342847,4.8634,-0.17088469999999933,0.0,0.0,0.0
vacancy_O1,O1 vacancy,octahedral,1,2,5.0342847,4.8804,-0.15388469999999987,0.0,0.0,0.0
vacancy_O1,O1 vacancy,octahedral,1,2,5.0342847,4.8975,-0.13678469999999976,0.0,0.0,0.0
vacancy_O1,O1 vacancy,octahedral,1,2,5.0342847,4.9146,-0.11968469999999964,0.0,0.0,0.0
vacancy_O1,O1 vacancy,octahedral,1,2,5.0342847,4.9317,-0.10258469999999953,0.0,0.0,0.0
vacancy_O1,O1 vacancy,octahedral,1,2,5.0342847,4.9488,-0.08548469999999941,0.0,0.0,0.0
vacancy_O1,O1 vacancy,octahedral,1,2,5.0342847,4.9659,-0.0683846999999993,0.0,0.0,0.0
vacancy_O1,O1 vacancy,octahedral,1,2,5.0342847,4.983,-0.05128470000000007,0.0,0.0,0.0
vacancy_O1,O1 vacancy,octahedral,1,2,5.0342847,5.0001,-0.03418469999999996,0.0,0.0,0.0
vacancy_O1,O1 vacancy,octahedral,1,2,5.0342847,5.0172,-0.01708469999999984,0.0,0.0,0.0
vacancy_O1,O1 vacancy,octahedral,1,2,5.0342847,5.0343,1.5300000000273428e-05,0.0,0.0,0.0
vacancy_O1,O1 vacancy,octahedral,1,2,5.0342847,5.0514,0.01711530000000039,0.0,0.0,0.0
vacancy_O1,O1 vacancy,octahedral,1,2,5.0342847,5.0685,0.034215300000000504,0.0,0.0,0.0
vacancy_O1,O1 vacancy,octahedral,1,2,5.0342847,5.0856,0.05131530000000062,0.0,0.0,0.0
vacancy_O1,O1 vacancy,octahedral,1,2,5.0342847,5.1027,0.06841529999999985,0.0,0.0,0.0
vacancy_O1,O1 vacancy,octahedral,1,2,5.0342847,5.1197,0.0854153000000002,0.0,0.0,0.0
vacancy_O1,O1 vacancy,octahedral,1,2,5.0342847,5.1368,0.10251530000000031,0.0,0.0,0.0
vacancy_O1,O1 vacancy,octahedral,1,2,5.0342847,5.1539,0.11961530000000042,0.0,0.0,0.0
vacancy_O1,O1 vacancy,octahedral,1,2,5.0342847,5.171,0.13671530000000054,0.0,0.0,0.0
vacancy_O1,O1 vacancy,octahedral,1,2,5.0342847,5.1881,0.15381530000000065,0.0,0.0,0.0
vacancy_O1,O1 vacancy,octahedral,1,2,5.0342847,5.2052,0.17091529999999988,0.0,0.0,0.0
vacancy_O1,O1 vacancy,octahedral,1,2,5.0342847,5.2223,0.1880153,0.0,0.0,0.0
vacancy_O1,O1 vacancy,octahedral,1,2,5.0342847,5.2394,0.2051153000000001,0.0,0.0,0.0
vacancy_O1,O1 vacancy,octahedral,1,2,5.0342847,5.2565,0.22221530000000023,0.0,0.0,0.0
vacancy_O1,O1 vacancy,octahedral,1,2,5.0342847,5.2736,0.23931530000000034,0.0,0.0,0.0
vacancy_O1,O1 vacancy,octahedral,1,2,5.0342847,5.2907,0.25641530000000046,0.0,0.0,0.0
vacancy_O1,O1 vacancy,octahedral,1,2,5.0342847,5.3078,0.27351530000000057,0.0,0.0,0.0
vacancy_O1,O1 vacancy,octahedral,1,2,5.0342847,5.3249,0.2906153000000007,0.0,0.0,0.0
vacancy_O1,O1 vacancy,octahedral,1,2,5.0342847,5.342,0.3077152999999999,0.0,0.0,0.0
vacancy_O1,O1 vacancy,octahedral,1,2,5.0342847,5.359,0.32471530000000026,0.0,0.0,0.0
vacancy_O1,O1 vacancy,octahedral,1,2,5.0342847,5.3761,0.3418153000000004,0.0,0.0,0.0
vacancy_O1,O1 vacancy,octahedral,1,2,5.0342847,5.3932,0.3589153000000005,0.0,0.0,0.0
vacancy_O1,O1 vacancy,octahedral,1,2,5.0342847,5.4103,0.3760153000000006,0.0,0.0,0.0
vacancy_O1,O1 vacancy,octahedral,1,2,5.0342847,5.4274,0.39311529999999983,0.0,0.0,0.0
vacancy_O1,O1 vacancy,octahedral,1,2,5.0342847,5.4445,0.41021529999999995,0.0,0.0,0.0
vacancy_O1,O1 vacancy,octahedral,1,2,5.0342847,5.4616,0.42731530000000006,0.0,0.0,0.0
vacancy_O1,O1 vacancy,octahedral,1,2,5.0342847,5.4787,0.4444153000000002,0.0,0.0,0.0
vacancy_O1,O1 vacancy,octahedral,1,2,5.0342847,5.4958,0.4615153000000003,0.0,0.0,0.0
vacancy_O1,O1 vacancy,octahedral,1,2,5.0342847,5.5129,0.4786153000000004,0.0,0.0,0.0
vacancy_O1,O1 vacancy,octahedral,1,2,5.0342847,5.53,0.4957153000000005,0.0,0.0,0.0
vacancy_O1,O1 vacancy,octahedral,1,2,5.0342847,5.5471,0.5128153000000006,0.0,0.0,0.0
vacancy_O1,O1 vacancy,octahedral,1,2,5.0342847,5.5642,0.5299152999999999,0.0,0.0,0.0
vacancy_O1,O1 vacancy,octahedral,1,2,5.0342847,5.5813,0.5470153,0.0,0.0,0.0
vacancy_O1,O1 vacancy,octahedral,1,2,5.0342847,5.5983,0.5640153000000003,0.0,0.0,0.0
vacancy_O1,O1 vacancy,octahedral,1,2,5.0342847,5.6154,0.5811153000000004,0.0,0.0,0.0
vacancy_O1,O1 vacancy,octahedral,1,2,5.0342847,5.6325,0.5982153000000006,0.0,0.0,0.0
vacancy_O1,O1 vacancy,octahedral,1,2,5.0342847,5.6496,0.6153153000000007,0.0,0.0,0.0
vacancy_O1,O1 vacancy,octahedral,1,2,5.0342847,5.6667,0.6324152999999999,0.0,0.0,0.0
vacancy_O1,O1 vacancy,octahedral,1,2,5.0342847,5.6838,0.6495153,0.0,0.0,0.0
vacancy_O1,O1 vacancy,octahedral,1,2,5.0342847,5.7009,0.6666153000000001,0.0,0.0,0.0
vacancy_O1,O1 vacancy,octahedral,1,2,5.0342847,5.718,0.6837153000000002,0.0,0.0,0.0
vacancy_O1,O1 vacancy,octahedral,1,2,5.0342847,5.7351,0.7008153000000004,0.0,0.0,0.0
vacancy_O1,O1 vacancy,octahedral,1,2,5.0342847,5.7522,0.7179153000000005,0.0,0.0,0.0
vacancy_O1,O1 vacancy,octahedral,1,2,5.0342847,5.7693,0.7350153000000006,0.0,0.0,0.0
vacancy_O1,O1 vacancy,octahedral,1,2,5.0342847,5.7864,0.7521153000000007,0.0,0.0,0.0
vacancy_O1,O1 vacancy,octahedral,1,2,5.0342847,5.8035,0.7692152999999999,0.0,0.0,0.0
vacancy_O1,O1 vacancy,octahedral,1,2,5.0342847,5.8206,0.7863153,0.0,0.0,0.0
vacancy_O1,O1 vacancy,octahedral,1,2,5.0342847,5.8376,0.8033153000000004,0.0,0.0,0.0
vacancy_O1,O1 vacancy,octahedral,1,2,5.0342847,5.8547,0.8204153000000005,0.0,0.0,0.0
vacancy_O1,O1 vacancy,octahedral,1,2,5.0342847,5.8718,0.8375153000000006,0.0,0.0,0.0
vacancy_O1,O1 vacancy,octahedral,1,2,5.0342847,5.8889,0.8546152999999999,0.0,0.0,0.0
vacancy_O1,O1 vacancy,octahedral,1,2,5.0342847,5.906,0.8717153,0.0,0.0,0.0
vacancy_O1,O1 vacancy,octahedral,1,2,5.0342847,5.9231,0.8888153000000001,0.0,0.0,0.0
vacancy_O1,O1 vacancy,octahedral,1,2,5.0342847,5.9402,0.9059153000000002,0.0,0.0,0.0
vacancy_O1,O1 vacancy,octahedral,1,2,5.0342847,5.9573,0.9230153000000003,0.0,0.0,0.0
vacancy_O1,O1 vacancy,octahedral,1,2,5.0342847,5.9744,0.9401153000000004,0.0,0.0,0.0
vacancy_O1,O1 vacancy,octahedral,1,2,5.0342847,5.9915,0.9572153000000005,0.0,0.0,0.0
vacancy_O1,O1 vacancy,octahedral,1,2,5.0342847,6.0086,0.9743153000000007,0.0,0.0,0.0
vacancy_O1,O1 vacancy,octahedral,1,2,5.0342847,6.0257,0.9914152999999999,0.0,0.0,0.0
vacancy_O1,O1 vacancy,octahedral,1,2,5.0342847,6.0428,1.0085153,0.0,0.0,0.0
vacancy_O1,O1 vacancy,octahedral,1,2,5.0342847,6.0599,1.0256153000000001,0.0,0.0,0.0
vacancy_O1,O1 vacancy,octahedral,1,2,5.0342847,6.0769,1.0426153000000005,0.0,0.0,0.0
vacancy_O1,O1 vacancy,octahedral,1,2,5.0342847,6.094,1.0597153000000006,0.0,0.0,0.0
vacancy_O1,O1 vacancy,octahedral,1,2,5.0342847,6.1111,1.0768153000000007,0.0,0.0,0.0
vacancy_O1,O1 vacancy,octahedral,1,2,5.0342847,6.1282,1.0939153,0.0001,0.0,0.0
vacancy_O1,O1 vacancy,octahedral,1,2,5.0342847,6.1453,1.1110153,0.0001,0.0,0.0
vacancy_O1,O1 vacancy,octahedral,1,2,5.0342847,6.1624,1.1281153000000002,0.0002,0.0,0.0
vacancy_O1,O1 vacancy,octahedral,1,2,5.0342847,6.1795,1.1452153000000003,0.0004,0.0,0.0
vacancy_O1,O1 vacancy,octahedral,1,2,5.0342847,6.1966,1.1623153000000004,0.0006,0.0,0.0
vacancy_O1,O1 vacancy,octahedral,1,2,5.0342847,6.2137,1.1794153000000005,0.0008,0.0,0.0
vacancy_O1,O1 vacancy,octahedral,1,2,5.0342847,6.2308,1.1965153000000006,0.0011,0.0,0.0
vacancy_O1,O1 vacancy,octahedral,1,2,5.0342847,6.2479,1.2136152999999998,0.0014,0.0,0.0
vacancy_O1,O1 vacancy,octahedral,1,2,5.0342847,6.265,1.2307153,0.0016,0.0001,0.0
vacancy_O1,O1 vacancy,octahedral,1,2,5.0342847,6.2821,1.2478153,0.0019,0.0001,0.0001
vacancy_O1,O1 vacancy,octahedral,1,2,5.0342847,6.2992,1.2649153000000002,0.002,0.0001,0.0001
vacancy_O1,O1 vacancy,octahedral,1,2,5.0342847,6.3162,1.2819153000000005,0.0021,0.0001,0.0001
vacancy_O1,O1 vacancy,octahedral,1,2,5.0342847,6.3333,1.2990153000000007,0.0021,0.0001,0.0001
vacancy_O1,O1 vacancy,octahedral,1,2,5.0342847,6.3504,1.3161152999999999,0.0021,0.0001,0.0001
vacancy_O1,O1 vacancy,octahedral,1,2,5.0342847,6.3675,1.3332153,0.0021,0.0001,0.0001
vacancy_O1,O1 vacancy,octahedral,1,2,5.0342847,6.3846,1.3503153,0.0023,0.0002,0.0001
vacancy_O1,O1 vacancy,octahedral,1,2,5.0342847,6.4017,1.3674153000000002,0.0027,0.0002,0.0001
vacancy_O1,O1 vacancy,octahedral,1,2,5.0342847,6.4188,1.3845153000000003,0.0035,0.0004,0.0001
vacancy_O1,O1 vacancy,octahedral,1,2,5.0342847,6.4359,1.4016153000000005,0.0046,0.0005,0.0002
vacancy_O1,O1 vacancy,octahedral,1,2,5.0342847,6.453,1.4187153000000006,0.006,0.0007,0.00030000000000000003
vacancy_O1,O1 vacancy,octahedral,1,2,5.0342847,6.4701,1.4358153000000007,0.0076,0.0009000000000000001,0.00039999999999999996
vacancy_O1,O1 vacancy,octahedral,1,2,5.0342847,6.4872,1.4529153,0.0093,0.0011,0.00039999999999999996
vacancy_O1,O1 vacancy,octahedral,1,2,5.0342847,6.5043,1.4700153,0.0109,0.0013000000000000002,0.0005
vacancy_O1,O1 vacancy,octahedral,1,2,5.0342847,6.5214,1.4871153000000001,0.0122,0.0015,0.0005
vacancy_O1,O1 vacancy,octahedral,1,2,5.0342847,6.5385,1.5042153000000003,0.0133,0.0015,0.0006000000000000001
vacancy_O1,O1 vacancy,octahedral,1,2,5.0342847,6.5555,1.5212153000000006,0.0141,0.0017000000000000001,0.0006000000000000001
vacancy_O1,O1 vacancy,octahedral,1,2,5.0342847,6.5726,1.5383153000000007,0.0147,0.0017000000000000001,0.0007000000000000001
vacancy_O1,O1 vacancy,octahedral,1,2,5.0342847,6.5897,1.5554153,0.0151,0.0017,0.0006000000000000001
vacancy_O1,O1 vacancy,octahedral,1,2,5.0342847,6.6068,1.5725153,0.0156,0.0017,0.0006000000000000001
vacancy_O1,O1 vacancy,octahedral,1,2,5.0342847,6.6239,1.5896153000000002,0.0162,0.0018,0.0006000000000000001
vacancy_O1,O1 vacancy,octahedral,1,2,5.0342847,6.641,1.6067153000000003,0.0169,0.0019,0.0006000000000000001
vacancy_O1,O1 vacancy,octahedral,1,2,5.0342847,6.6581,1.6238153000000004,0.0178,0.0019,0.0006000000000000001
vacancy_O1,O1 vacancy,octahedral,1,2,5.0342847,6.6752,1.6409153000000005,0.0189,0.0021,0.0007000000000000001
vacancy_O1,O1 vacancy,octahedral,1,2,5.0342847,6.6923,1.6580153000000006,0.0201,0.0021999999999999997,0.0008
vacancy_O1,O1 vacancy,octahedral,1,2,5.0342847,6.7094,1.6751152999999999,0.0212,0.0023,0.0008
vacancy_O1,O1 vacancy,octahedral,1,2,5.0342847,6.7265,1.6922153,0.0223,0.0026,0.001
vacancy_O1,O1 vacancy,octahedral,1,2,5.0342847,6.7436,1.7093153,0.0235,0.0026999999999999997,0.001
vacancy_O1,O1 vacancy,octahedral,1,2,5.0342847,6.7607,1.7264153000000002,0.0247,0.0029999999999999996,0.0011
vacancy_O1,O1 vacancy,octahedral,1,2,5.0342847,6.7777,1.7434153000000006,0.0262,0.0033,0.0013000000000000002
vacancy_O1,O1 vacancy,octahedral,1,2,5.0342847,6.7948,1.7605153000000007,0.0282,0.0038,0.0014
vacancy_O1,O1 vacancy,octahedral,1,2,5.0342847,6.8119,1.7776153,0.0306,0.0043,0.0015
vacancy_O1,O1 vacancy,octahedral,1,2,5.0342847,6.829,1.7947153,0.0334,0.0048000000000000004,0.0017
vacancy_O1,O1 vacancy,octahedral,1,2,5.0342847,6.8461,1.8118153000000001,0.0364,0.0054,0.0019
vacancy_O1,O1 vacancy,octahedral,1,2,5.0342847,6.8632,1.8289153000000002,0.039,0.0058,0.002
vacancy_O1,O1 vacancy,octahedral,1,2,5.0342847,6.8803,1.8460153000000004,0.041,0.0060999999999999995,0.0021
vacancy_O1,O1 vacancy,octahedral,1,2,5.0342847,6.8974,1.8631153000000005,0.042,0.0063,0.0021
vacancy_O1,O1 vacancy,octahedral,1,2,5.0342847,6.9145,1.8802153000000006,0.0419,0.0060999999999999995,0.0021
vacancy_O1,O1 vacancy,octahedral,1,2,5.0342847,6.9316,1.8973153000000007,0.0408,0.0059,0.002
vacancy_O1,O1 vacancy,octahedral,1,2,5.0342847,6.9487,1.9144153,0.0391,0.0056,0.0019
vacancy_O1,O1 vacancy,octahedral,1,2,5.0342847,6.9658,1.9315153,0.0373,0.0053,0.0019
vacancy_O1,O1 vacancy,octahedral,1,2,5.0342847,6.9829,1.9486153000000002,0.0358,0.0051,0.0017000000000000001
vacancy_O1,O1 vacancy,octahedral,1,2,5.0342847,7.0,1.9657153000000003,0.035,0.0049,0.0017000000000000001
vacancy_O1,O1 vacancy,octahedral,1,2,5.0342847,7.017,1.9827153000000006,0.035,0.005,0.0018000000000000002
vacancy_O1,O1 vacancy,octahedral,1,2,5.0342847,7.0341,1.9998152999999999,0.0359,0.005200000000000001,0.0019
vacancy_O1,O1 vacancy,octahedral,1,2,5.0342847,7.0512,2.0169153,0.0373,0.005600000000000001,0.002
vacancy_O1,O1 vacancy,octahedral,1,2,5.0342847,7.0683,2.0340153,0.039,0.005900000000000001,0.0021
vacancy_O1,O1 vacancy,octahedral,1,2,5.0342847,7.0854,2.0511153,0.0404,0.006300000000000001,0.0023
vacancy_O1,O1 vacancy,octahedral,1,2,5.0342847,7.1025,2.0682153000000003,0.0413,0.006600000000000001,0.0024
vacancy_O1,O1 vacancy,octahedral,1,2,5.0342847,7.1196,2.0853153000000004,0.0414,0.0066,0.0023
vacancy_O1,O1 vacancy,octahedral,1,2,5.0342847,7.1367,2.1024153000000005,0.0407,0.006699999999999999,0.0023
vacancy_O1,O1 vacancy,octahedral,1,2,5.0342847,7.1538,2.1195153000000007,0.0393,0.0067,0.0024
vacancy_O1,O1 vacancy,octahedral,1,2,5.0342847,7.1709,2.1366153,0.0374,0.0066,0.0023
vacancy_O1,O1 vacancy,octahedral,1,2,5.0342847,7.188,2.1537153,0.0352,0.0067,0.0024
vacancy_O1,O1 vacancy,octahedral,1,2,5.0342847,7.2051,2.1708153,0.0333,0.0069,0.0025
vacancy_O1,O1 vacancy,octahedral,1,2,5.0342847,7.2222,2.1879153000000002,0.0319,0.007299999999999999,0.0028
vacancy_O1,O1 vacancy,octahedral,1,2,5.0342847,7.2393,2.2050153000000003,0.0313,0.0078,0.0031
vacancy_O1,O1 vacancy,octahedral,1,2,5.0342847,7.2563,2.2220153000000007,0.0317,0.008799999999999999,0.0034000000000000002
vacancy_O1,O1 vacancy,octahedral,1,2,5.0342847,7.2734,2.2391153,0.0331,0.009899999999999999,0.0039000000000000003
vacancy_O1,O1 vacancy,octahedral,1,2,5.0342847,7.2905,2.2562153,0.0356,0.0112,0.0046
vacancy_O1,O1 vacancy,octahedral,1,2,5.0342847,7.3076,2.2733153,0.0392,0.0126,0.0050999999999999995
vacancy_O1,O1 vacancy,octahedral,1,2,5.0342847,7.3247,2.2904153000000003,0.0441,0.013999999999999999,0.0055
vacancy_O1,O1 vacancy,octahedral,1,2,5.0342847,7.3418,2.3075153000000004,0.0505,0.0155,0.0061
vacancy_O1,O1 vacancy,octahedral,1,2,5.0342847,7.3589,2.3246153000000005,0.0585,0.0171,0.0065
vacancy_O1,O1 vacancy,octahedral,1,2,5.0342847,7.376,2.3417153000000006,0.0681,0.0189,0.0072
vacancy_O1,O1 vacancy,octahedral,1,2,5.0342847,7.3931,2.3588153,0.079,0.0207,0.0075
vacancy_O1,O1 vacancy,octahedral,1,2,5.0342847,7.4102,2.3759153,0.0908,0.0228,0.0079
vacancy_O1,O1 vacancy,octahedral,1,2,5.0342847,7.4273,2.3930153,0.1027,0.025,0.0084
vacancy_O1,O1 vacancy,octahedral,1,2,5.0342847,7.4444,2.4101153,0.1141,0.027200000000000002,0.009
vacancy_O1,O1 vacancy,octahedral,1,2,5.0342847,7.4615,2.4272153000000003,0.1245,0.0295,0.0094
vacancy_O1,O1 vacancy,octahedral,1,2,5.0342847,7.4786,2.4443153000000004,0.1343,0.0319,0.0101
vacancy_O1,O1 vacancy,octahedral,1,2,5.0342847,7.4956,2.4613153,0.1441,0.0346,0.010899999999999998
vacancy_O1,O1 vacancy,octahedral,1,2,5.0342847,7.5127,2.4784153,0.1551,0.0376,0.0116
vacancy_O1,O1 vacancy,octahedral,1,2,5.0342847,7.5298,2.4955153,0.1681,0.041499999999999995,0.012499999999999999
vacancy_O1,O1 vacancy,octahedral,1,2,5.0342847,7.5469,2.5126153,0.1835,0.046,0.0135
vacancy_O1,O1 vacancy,octahedral,1,2,5.0342847,7.564,2.5297153000000003,0.2008,0.051000000000000004,0.0146
vacancy_O1,O1 vacancy,octahedral,1,2,5.0342847,7.5811,2.5468153000000004,0.2186,0.0561,0.0158
vacancy_O1,O1 vacancy,octahedral,1,2,5.0342847,7.5982,2.5639153000000006,0.2348,0.06079999999999999,0.0167
vacancy_O1,O1 vacancy,octahedral,1,2,5.0342847,7.6153,2.5810153000000007,0.2472,0.0644,0.017400000000000002
vacancy_O1,O1 vacancy,octahedral,1,2,5.0342847,7.6324,2.5981153,0.2544,0.0667,0.0177
vacancy_O1,O1 vacancy,octahedral,1,2,5.0342847,7.6495,2.6152153,0.2559,0.0678,0.0178
vacancy_O1,O1 vacancy,octahedral,1,2,5.0342847,7.6666,2.6323153,0.2527,0.0677,0.017400000000000002
vacancy_O1,O1 vacancy,octahedral,1,2,5.0342847,7.6837,2.6494153000000003,0.2465,0.0669,0.017
vacancy_O1,O1 vacancy,octahedral,1,2,5.0342847,7.7008,2.6665153000000004,0.2392,0.066,0.016699999999999996
vacancy_O1,O1 vacancy,octahedral,1,2,5.0342847,7.7179,2.6836153000000005,0.2326,0.0652,0.016399999999999998
vacancy_O1,O1 vacancy,octahedral,1,2,5.0342847,7.7349,2.7006153,0.2276,0.0648,0.016499999999999997
vacancy_O1,O1 vacancy,octahedral,1,2,5.0342847,7.752,2.7177153,0.2243,0.0645,0.0166
vacancy_O1,O1 vacancy,octahedral,1,2,5.0342847,7.7691,2.7348153,0.2217,0.0644,0.0169
vacancy_O1,O1 vacancy,octahedral,1,2,5.0342847,7.7862,2.7519153000000003,0.2189,0.0639,0.0169
vacancy_O1,O1 vacancy,octahedral,1,2,5.0342847,7.8033,2.7690153000000004,0.2146,0.0629,0.016900000000000002
vacancy_O1,O1 vacancy,octahedral,1,2,5.0342847,7.8204,2.7861153000000005,0.2082,0.0613,0.0165
vacancy_O1,O1 vacancy,octahedral,1,2,5.0342847,7.8375,2.8032153000000006,0.1998,0.059399999999999994,0.0161
vacancy_O1,O1 vacancy,octahedral,1,2,5.0342847,7.8546,2.8203153,0.1904,0.0574,0.015399999999999999
vacancy_O1,O1 vacancy,octahedral,1,2,5.0342847,7.8717,2.8374153,0.182,0.0561,0.014799999999999999
vacancy_O1,O1 vacancy,octahedral,1,2,5.0342847,7.8888,2.8545153,0.1774,0.0559,0.014499999999999999
vacancy_O1,O1 vacancy,octahedral,1,2,5.0342847,7.9059,2.8716153,0.1798,0.0579,0.0146
vacancy_O1,O1 vacancy,octahedral,1,2,5.0342847,7.923,2.8887153000000003,0.1922,0.063,0.015399999999999999
vacancy_O1,O1 vacancy,octahedral,1,2,5.0342847,7.9401,2.9058153000000004,0.217,0.07150000000000001,0.017200000000000003
vacancy_O1,O1 vacancy,octahedral,1,2,5.0342847,7.9572,2.9229153000000005,0.2552,0.084,0.02
vacancy_O1,O1 vacancy,octahedral,1,2,5.0342847,7.9742,2.9399153,0.3057,0.09980000000000001,0.0237
vacancy_O1,O1 vacancy,octahedral,1,2,5.0342847,7.9913,2.9570153,0.3656,0.11830000000000002,0.0281
vacancy_O1,O1 vacancy,octahedral,1,2,5.0342847,8.0084,2.9741153000000002,0.4298,0.1378,0.032799999999999996
vacancy_O1,O1 vacancy,octahedral,1,2,5.0342847,8.0255,2.9912152999999995,0.4926,0.15680000000000002,0.0376
vacancy_O1,O1 vacancy,octahedral,1,2,5.0342847,8.0426,3.0083153000000005,0.5482,0.1737,0.0417
vacancy_O1,O1 vacancy,octahedral,1,2,5.0342847,8.0597,3.0254152999999997,0.5917,0.187,0.0453
vacancy_O1,O1 vacancy,octahedral,1,2,5.0342847,8.0768,3.0425153000000007,0.6202,0.1958,0.047499999999999994
vacancy_O1,O1 vacancy,octahedral,1,2,5.0342847,8.0939,3.0596153,0.6325,0.2,0.0487
vacancy_O1,O1 vacancy,octahedral,1,2,5.0342847,8.111,3.076715300000001,0.6292,0.1996,0.0487
vacancy_O1,O1 vacancy,octahedral,1,2,5.0342847,8.1281,3.0938153,0.6119,0.19510000000000002,0.047799999999999995
vacancy_O1,O1 vacancy,octahedral,1,2,5.0342847,8.1452,3.110915300000001,0.583,0.1875,0.0458
vacancy_O1,O1 vacancy,octahedral,1,2,5.0342847,8.1623,3.1280153000000004,0.5453,0.1772,0.043399999999999994
vacancy_O1,O1 vacancy,octahedral,1,2,5.0342847,8.1794,3.1451152999999996,0.5018,0.1655,0.0403
vacancy_O1,O1 vacancy,octahedral,1,2,5.0342847,8.1965,3.1622153000000006,0.4559,0.15319999999999998,0.0369
vacancy_O1,O1 vacancy,octahedral,1,2,5.0342847,8.2135,3.1792153,0.4106,0.1411,0.0335
vacancy_O1,O1 vacancy,octahedral,1,2,5.0342847,8.2306,3.196315300000001,0.3683,0.1298,0.030199999999999998
vacancy_O1,O1 vacancy,octahedral,1,2,5.0342847,8.2477,3.2134153000000003,0.3306,0.11979999999999999,0.0274
vacancy_O1,O1 vacancy,octahedral,1,2,5.0342847,8.2648,3.2305152999999995,0.298,0.11109999999999999,0.0247
vacancy_O1,O1 vacancy,octahedral,1,2,5.0342847,8.2819,3.2476153000000005,0.2701,0.1037,0.0225
vacancy_O1,O1 vacancy,octahedral,1,2,5.0342847,8.299,3.2647152999999998,0.2462,0.0973,0.0206
vacancy_O1,O1 vacancy,octahedral,1,2,5.0342847,8.3161,3.2818153000000008,0.2253,0.0917,0.019200000000000002
vacancy_O1,O1 vacancy,octahedral,1,2,5.0342847,8.3332,3.2989153,0.2069,0.0873,0.018000000000000002
vacancy_O1,O1 vacancy,octahedral,1,2,5.0342847,8.3503,3.316015300000001,0.1912,0.0838,0.017
vacancy_O1,O1 vacancy,octahedral,1,2,5.0342847,8.3674,3.3331153000000002,0.1784,0.08159999999999999,0.0166
vacancy_O1,O1 vacancy,octahedral,1,2,5.0342847,8.3845,3.3502152999999995,0.169,0.0807,0.0164
vacancy_O1,O1 vacancy,octahedral,1,2,5.0342847,8.4016,3.3673153000000005,0.1629,0.0812,0.0167
vacancy_O1,O1 vacancy,octahedral,1,2,5.0342847,8.4187,3.3844152999999997,0.1599,0.08270000000000001,0.0173
vacancy_O1,O1 vacancy,octahedral,1,2,5.0342847,8.4357,3.401415300000001,0.1592,0.0847,0.018
vacancy_O1,O1 vacancy,octahedral,1,2,5.0342847,8.4528,3.4185153,0.1596,0.0867,0.0189
vacancy_O1,O1 vacancy,octahedral,1,2,5.0342847,8.4699,3.435615300000001,0.1599,0.0882,0.0195
vacancy_O1,O1 vacancy,octahedral,1,2,5.0342847,8.487,3.4527153000000004,0.1591,0.0891,0.0201
vacancy_O1,O1 vacancy,octahedral,1,2,5.0342847,8.5041,3.4698152999999996,0.1564,0.08889999999999999,0.0202
vacancy_O1,O1 vacancy,octahedral,1,2,5.0342847,8.5212,3.4869153000000006,0.1514,0.0877,0.02
vacancy_O1,O1 vacancy,octahedral,1,2,5.0342847,8.5383,3.5040153,0.1442,0.0854,0.0197
vacancy_O1,O1 vacancy,octahedral,1,2,5.0342847,8.5554,3.521115300000001,0.1352,0.0825,0.019
vacancy_O1,O1 vacancy,octahedral,1,2,5.0342847,8.5725,3.5382153,0.1254,0.0791,0.0181
vacancy_O1,O1 vacancy,octahedral,1,2,5.0342847,8.5896,3.555315300000001,0.1156,0.0758,0.0173
vacancy_O1,O1 vacancy,octahedral,1,2,5.0342847,8.6067,3.5724153000000003,0.1065,0.0728,0.0166
vacancy_O1,O1 vacancy,octahedral,1,2,5.0342847,8.6238,3.5895152999999995,0.0988,0.0705,0.015799999999999998
vacancy_O1,O1 vacancy,octahedral,1,2,5.0342847,8.6409,3.6066153000000005,0.0925,0.0686,0.0154
vacancy_O1,O1 vacancy,octahedral,1,2,5.0342847,8.658,3.6237152999999998,0.0873,0.06709999999999999,0.014899999999999998
vacancy_O1,O1 vacancy,octahedral,1,2,5.0342847,8.675,3.640715300000001,0.0826,0.0656,0.0145
vacancy_O1,O1 vacancy,octahedral,1,2,5.0342847,8.6921,3.6578153,0.0777,0.0634,0.014100000000000001
vacancy_O1,O1 vacancy,octahedral,1,2,5.0342847,8.7092,3.6749152999999994,0.072,0.060599999999999994,0.013500000000000002
vacancy_O1,O1 vacancy,octahedral,1,2,5.0342847,8.7263,3.6920153000000004,0.0653,0.0566,0.012700000000000001
vacancy_O1,O1 vacancy,octahedral,1,2,5.0342847,8.7434,3.7091152999999997,0.0577,0.05179999999999999,0.0115
vacancy_O1,O1 vacancy,octahedral,1,2,5.0342847,8.7605,3.7262153000000007,0.0497,0.0464,0.0103
vacancy_O1,O1 vacancy,octahedral,1,2,5.0342847,8.7776,3.7433153,0.0421,0.04089999999999999,0.0092
vacancy_O1,O1 vacancy,octahedral,1,2,5.0342847,8.7947,3.760415300000001,0.0356,0.0357,0.008199999999999999
vacancy_O1,O1 vacancy,octahedral,1,2,5.0342847,8.8118,3.7775153,0.0307,0.031599999999999996,0.0074
vacancy_O1,O1 vacancy,octahedral,1,2,5.0342847,8.8289,3.794615300000001,0.0278,0.0288,0.0069
vacancy_O1,O1 vacancy,octahedral,1,2,5.0342847,8.846,3.8117153000000004,0.0268,0.0274,0.0068
vacancy_O1,O1 vacancy,octahedral,1,2,5.0342847,8.8631,3.8288152999999996,0.0274,0.0275,0.007199999999999999
vacancy_O1,O1 vacancy,octahedral,1,2,5.0342847,8.8802,3.8459153000000006,0.0292,0.0288,0.0078000000000000005
vacancy_O1,O1 vacancy,octahedral,1,2,5.0342847,8.8973,3.8630153,0.0315,0.0312,0.0086
vacancy_O1,O1 vacancy,octahedral,1,2,5.0342847,8.9143,3.880015300000001,0.034,0.034300000000000004,0.0095
vacancy_O1,O1 vacancy,octahedral,1,2,5.0342847,8.9314,3.8971153000000003,0.0365,0.0376,0.010700000000000001
vacancy_O1,O1 vacancy,octahedral,1,2,5.0342847,8.9485,3.9142152999999995,0.0388,0.041100000000000005,0.011699999999999999
vacancy_O1,O1 vacancy,octahedral,1,2,5.0342847,8.9656,3.9313153000000005,0.041,0.044500000000000005,0.0126
vacancy_O1,O1 vacancy,octahedral,1,2,5.0342847,8.9827,3.9484152999999997,0.0434,0.0474,0.0135
vacancy_O1,O1 vacancy,octahedral,1,2,5.0342847,8.9998,3.9655153000000007,0.0459,0.0499,0.0139
vacancy_O1,O1 vacancy,octahedral,1,2,5.0342847,9.0169,3.9826153,0.0487,0.0519,0.0142
vacancy_O1,O1 vacancy,octahedral,1,2,5.0342847,9.034,3.999715300000001,0.0514,0.0533,0.0143
vacancy_O1,O1 vacancy,octahedral,1,2,5.0342847,9.0511,4.0168153,0.0539,0.0542,0.014199999999999997
vacancy_O1,O1 vacancy,octahedral,1,2,5.0342847,9.0682,4.033915299999999,0.0558,0.0543,0.0138
vacancy_O1,O1 vacancy,octahedral,1,2,5.0342847,9.0853,4.0510153,0.057,0.054000000000000006,0.013399999999999999
vacancy_O1,O1 vacancy,octahedral,1,2,5.0342847,9.1024,4.0681153,0.0573,0.0531,0.0129
vacancy_O1,O1 vacancy,octahedral,1,2,5.0342847,9.1195,4.085215300000001,0.0568,0.0519,0.012199999999999999
vacancy_O1,O1 vacancy,octahedral,1,2,5.0342847,9.1366,4.1023153,0.0555,0.0507,0.0114
vacancy_O1,O1 vacancy,octahedral,1,2,5.0342847,9.1536,4.119315300000001,0.0538,0.049699999999999994,0.0109
vacancy_O1,O1 vacancy,octahedral,1,2,5.0342847,9.1707,4.1364153,0.052,0.049,0.0104
vacancy_O1,O1 vacancy,octahedral,1,2,5.0342847,9.1878,4.1535153,0.0504,0.048799999999999996,0.010000000000000002
vacancy_O1,O1 vacancy,octahedral,1,2,5.0342847,9.2049,4.170615300000001,0.0496,0.0494,0.009600000000000001
vacancy_O1,O1 vacancy,octahedral,1,2,5.0342847,9.222,4.1877153,0.0496,0.050699999999999995,0.0096
vacancy_O1,O1 vacancy,octahedral,1,2,5.0342847,9.2391,4.204815300000001,0.0505,0.0529,0.0097
vacancy_O1,O1 vacancy,octahedral,1,2,5.0342847,9.2562,4.2219153,0.0522,0.055600000000000004,0.0101
vacancy_O1,O1 vacancy,octahedral,1,2,5.0342847,9.2733,4.239015300000001,0.0542,0.0589,0.0105
vacancy_O1,O1 vacancy,octahedral,1,2,5.0342847,9.2904,4.2561153,0.0562,0.0621,0.011
vacancy_O1,O1 vacancy,octahedral,1,2,5.0342847,9.3075,4.2732152999999995,0.0576,0.0649,0.0116
vacancy_O1,O1 vacancy,octahedral,1,2,5.0342847,9.3246,4.2903153000000005,0.058,0.0669,0.0117
vacancy_O1,O1 vacancy,octahedral,1,2,5.0342847,9.3417,4.3074153,0.0575,0.0681,0.0121
vacancy_O1,O1 vacancy,octahedral,1,2,5.0342847,9.3588,4.324515300000001,0.0563,0.0683,0.0121
vacancy_O1,O1 vacancy,octahedral,1,2,5.0342847,9.3759,4.3416153,0.0551,0.0678,0.012
vacancy_O1,O1 vacancy,octahedral,1,2,5.0342847,9.3929,4.358615299999999,0.0545,0.0668,0.0119
vacancy_O1,O1 vacancy,octahedral,1,2,5.0342847,9.41,4.3757153,0.0551,0.0656,0.011499999999999998
vacancy_O1,O1 vacancy,octahedral,1,2,5.0342847,9.4271,4.3928153,0.0573,0.0643,0.0114
vacancy_O1,O1 vacancy,octahedral,1,2,5.0342847,9.4442,4.409915300000001,0.061,0.0629,0.0112
vacancy_O1,O1 vacancy,octahedral,1,2,5.0342847,9.4613,4.4270153,0.0658,0.0615,0.0112
vacancy_O1,O1 vacancy,octahedral,1,2,5.0342847,9.4784,4.444115300000001,0.0712,0.0599,0.011199999999999998
vacancy_O1,O1 vacancy,octahedral,1,2,5.0342847,9.4955,4.4612153,0.0764,0.0578,0.0111
vacancy_O1,O1 vacancy,octahedral,1,2,5.0342847,9.5126,4.478315300000001,0.0807,0.0557,0.011300000000000001
vacancy_O1,O1 vacancy,octahedral,1,2,5.0342847,9.5297,4.4954153,0.0839,0.053599999999999995,0.011399999999999999
vacancy_O1,O1 vacancy,octahedral,1,2,5.0342847,9.5468,4.5125153,0.0858,0.052000000000000005,0.0117
vacancy_O1,O1 vacancy,octahedral,1,2,5.0342847,9.5639,4.529615300000001,0.0867,0.051,0.012199999999999999
vacancy_O1,O1 vacancy,octahedral,1,2,5.0342847,9.581,4.5467153,0.087,0.050699999999999995,0.0126
vacancy_O1,O1 vacancy,octahedral,1,2,5.0342847,9.5981,4.563815300000001,0.0872,0.0513,0.013300000000000001
vacancy_O1,O1 vacancy,octahedral,1,2,5.0342847,9.6152,4.5809153,0.0876,0.0524,0.013999999999999999
vacancy_O1,O1 vacancy,octahedral,1,2,5.0342847,9.6322,4.5979152999999995,0.0883,0.054000000000000006,0.0146
vacancy_O1,O1 vacancy,octahedral,1,2,5.0342847,9.6493,4.6150153000000005,0.0891,0.055400000000000005,0.015
vacancy_O1,O1 vacancy,octahedral,1,2,5.0342847,9.6664,4.6321153,0.0898,0.0567,0.015299999999999998
vacancy_O1,O1 vacancy,octahedral,1,2,5.0342847,9.6835,4.649215300000001,0.09,0.057499999999999996,0.015600000000000001
vacancy_O1,O1 vacancy,octahedral,1,2,5.0342847,9.7006,4.6663153,0.0895,0.057800000000000004,0.015700000000000002
vacancy_O1,O1 vacancy,octahedral,1,2,5.0342847,9.7177,4.683415300000001,0.0883,0.0575,0.0155
vacancy_O1,O1 vacancy,octahedral,1,2,5.0342847,9.7348,4.7005153,0.0866,0.0568,0.0154
vacancy_O1,O1 vacancy,octahedral,1,2,5.0342847,9.7519,4.717615299999999,0.0847,0.0557,0.015099999999999999
vacancy_O1,O1 vacancy,octahedral,1,2,5.0342847,9.769,4.7347153,0.0831,0.054400000000000004,0.014799999999999999
vacancy_O1,O1 vacancy,octahedral,1,2,5.0342847,9.7861,4.7518153,0.0822,0.0531,0.0148
vacancy_O1,O1 vacancy,octahedral,1,2,5.0342847,9.8032,4.768915300000001,0.0822,0.052,0.014599999999999998
vacancy_O1,O1 vacancy,octahedral,1,2,5.0342847,9.8203,4.7860153,0.0833,0.051199999999999996,0.014499999999999999
vacancy_O1,O1 vacancy,octahedral,1,2,5.0342847,9.8374,4.803115300000001,0.0852,0.0506,0.0143
vacancy_O1,O1 vacancy,octahedral,1,2,5.0342847,9.8545,4.8202153,0.0878,0.0505,0.0143
vacancy_O1,O1 vacancy,octahedral,1,2,5.0342847,9.8715,4.8372152999999996,0.0906,0.0505,0.014199999999999999
vacancy_O1,O1 vacancy,octahedral,1,2,5.0342847,9.8886,4.8543153000000006,0.0935,0.0506,0.0143
vacancy_O1,O1 vacancy,octahedral,1,2,5.0342847,9.9057,4.8714153,0.0964,0.0508,0.014100000000000001
vacancy_O1,O1 vacancy,octahedral,1,2,5.0342847,9.9228,4.888515300000001,0.0992,0.0509,0.0141
vacancy_O1,O1 vacancy,octahedral,1,2,5.0342847,9.9399,4.9056153,0.102,0.0508,0.0139
vacancy_O1,O1 vacancy,octahedral,1,2,5.0342847,9.957,4.922715300000001,0.1047,0.0504,0.0139
vacancy_O1,O1 vacancy,octahedral,1,2,5.0342847,9.9741,4.9398153,0.1075,0.0499,0.0139
vacancy_O1,O1 vacancy,octahedral,1,2,5.0342847,9.9912,4.9569152999999995,0.1101,0.0492,0.0138
vacancy_O1,O1 vacancy,octahedral,1,2,5.0342847,10.0083,4.9740153000000005,0.1126,0.048600000000000004,0.0139
vacancy_O1,O1 vacancy,octahedral,1,2,5.0342847,10.0254,4.9911153,0.115,0.0479,0.0142
vacancy_O1,O1 vacancy,octahedral,1,2,5.0342847,10.0425,5.008215300000001,0.1172,0.0475,0.014400000000000001
vacancy_O1,O1 vacancy,octahedral,1,2,5.0342847,10.0596,5.0253153,0.1193,0.047700000000000006,0.014600000000000002
vacancy_O1,O1 vacancy,octahedral,1,2,5.0342847,10.0767,5.042415300000001,0.1211,0.0487,0.0149
vacancy_O1,O1 vacancy,octahedral,1,2,5.0342847,10.0938,5.0595153,0.1222,0.0508,0.015
vacancy_O1,O1 vacancy,octahedral,1,2,5.0342847,10.1108,5.0765153,0.1223,0.0534,0.015200000000000002
vacancy_O1,O1 vacancy,octahedral,1,2,5.0342847,10.1279,5.093615300000001,0.1209,0.0566,0.015
vacancy_O1,O1 vacancy,octahedral,1,2,5.0342847,10.145,5.1107153,0.118,0.0596,0.0151
vacancy_O1,O1 vacancy,octahedral,1,2,5.0342847,10.1621,5.127815300000001,0.1134,0.0623,0.0149
vacancy_O1,O1 vacancy,octahedral,1,2,5.0342847,10.1792,5.1449153,0.1075,0.064,0.0146
vacancy_O1,O1 vacancy,octahedral,1,2,5.0342847,10.1963,5.162015300000001,0.1011,0.0645,0.0142
vacancy_O1,O1 vacancy,octahedral,1,2,5.0342847,10.2134,5.1791153,0.0947,0.0637,0.0138
vacancy_O1,O1 vacancy,octahedral,1,2,5.0342847,10.2305,5.1962152999999995,0.089,0.0619,0.0138
vacancy_O1,O1 vacancy,octahedral,1,2,5.0342847,10.2476,5.2133153000000005,0.0845,0.0592,0.013600000000000001
vacancy_O1,O1 vacancy,octahedral,1,2,5.0342847,10.2647,5.2304153,0.0811,0.0563,0.0137
vacancy_O1,O1 vacancy,octahedral,1,2,5.0342847,10.2818,5.247515300000001,0.0788,0.0535,0.013800000000000002
vacancy_O1,O1 vacancy,octahedral,1,2,5.0342847,10.2989,5.2646153,0.0771,0.0514,0.014100000000000001
vacancy_O1,O1 vacancy,octahedral,1,2,5.0342847,10.316,5.281715300000001,0.0758,0.0502,0.014499999999999999
vacancy_O1,O1 vacancy,octahedral,1,2,5.0342847,10.333,5.2987153000000005,0.0746,0.05,0.015
vacancy_O1,O1 vacancy,octahedral,1,2,5.0342847,10.3501,5.3158153,0.0735,0.0508,0.0156
vacancy_O1,O1 vacancy,octahedral,1,2,5.0342847,10.3672,5.332915300000001,0.0725,0.0526,0.0162
vacancy_O1,O1 vacancy,octahedral,1,2,5.0342847,10.3843,5.3500153,0.0718,0.055099999999999996,0.0171
vacancy_O1,O1 vacancy,octahedral,1,2,5.0342847,10.4014,5.367115300000001,0.0716,0.0582,0.0178
vacancy_O1,O1 vacancy,octahedral,1,2,5.0342847,10.4185,5.3842153,0.0718,0.0612,0.018500000000000003
vacancy_O1,O1 vacancy,octahedral,1,2,5.0342847,10.4356,5.401315300000001,0.0726,0.06420000000000001,0.0189
vacancy_O1,O1 vacancy,octahedral,1,2,5.0342847,10.4527,5.4184153,0.0739,0.0663,0.019200000000000002
vacancy_O1,O1 vacancy,octahedral,1,2,5.0342847,10.4698,5.4355153,0.0755,0.0672,0.0192
vacancy_O1,O1 vacancy,octahedral,1,2,5.0342847,10.4869,5.452615300000001,0.0774,0.067,0.0189
vacancy_O1,O1 vacancy,octahedral,1,2,5.0342847,10.504,5.4697153,0.0794,0.0655,0.0183
vacancy_O1,O1 vacancy,octahedral,1,2,5.0342847,10.5211,5.486815300000001,0.0812,0.0627,0.0174
vacancy_O1,O1 vacancy,octahedral,1,2,5.0342847,10.5382,5.5039153,0.0825,0.0592,0.0167
vacancy_O1,O1 vacancy,octahedral,1,2,5.0342847,10.5553,5.521015300000001,0.0832,0.0554,0.015799999999999998
vacancy_O1,O1 vacancy,octahedral,1,2,5.0342847,10.5723,5.5380153000000005,0.083,0.0516,0.015
vacancy_O1,O1 vacancy,octahedral,1,2,5.0342847,10.5894,5.5551153,0.0819,0.0485,0.0142
vacancy_O1,O1 vacancy,octahedral,1,2,5.0342847,10.6065,5.572215300000001,0.0801,0.04630000000000001,0.0138
vacancy_O1,O1 vacancy,octahedral,1,2,5.0342847,10.6236,5.5893153,0.0777,0.0452,0.013600000000000001
vacancy_O1,O1 vacancy,octahedral,1,2,5.0342847,10.6407,5.606415300000001,0.075,0.044700000000000004,0.0133
vacancy_O1,O1 vacancy,octahedral,1,2,5.0342847,10.6578,5.6235153,0.0724,0.0452,0.013300000000000001
vacancy_O1,O1 vacancy,octahedral,1,2,5.0342847,10.6749,5.640615299999999,0.0701,0.046,0.0132
vacancy_O1,O1 vacancy,octahedral,1,2,5.0342847,10.692,5.6577153000000004,0.0684,0.0469,0.0133
vacancy_O1,O1 vacancy,octahedral,1,2,5.0342847,10.7091,5.6748153,0.0672,0.0476,0.013099999999999999
vacancy_O1,O1 vacancy,octahedral,1,2,5.0342847,10.7262,5.691915300000001,0.0666,0.048,0.0131
vacancy_O1,O1 vacancy,octahedral,1,2,5.0342847,10.7433,5.7090153,0.0667,0.04820000000000001,0.0129
vacancy_O1,O1 vacancy,octahedral,1,2,5.0342847,10.7604,5.726115300000001,0.0673,0.0482,0.0127
vacancy_O1,O1 vacancy,octahedral,1,2,5.0342847,10.7775,5.7432153,0.0684,0.0482,0.0126
vacancy_O1,O1 vacancy,octahedral,1,2,5.0342847,10.7946,5.760315300000001,0.0701,0.048600000000000004,0.0124
vacancy_O1,O1 vacancy,octahedral,1,2,5.0342847,10.8116,5.777315300000001,0.0724,0.0493,0.0124
vacancy_O1,O1 vacancy,octahedral,1,2,5.0342847,10.8287,5.7944153,0.0754,0.0505,0.012299999999999998
vacancy_O1,O1 vacancy,octahedral,1,2,5.0342847,10.8458,5.811515300000001,0.079,0.0519,0.012199999999999999
vacancy_O1,O1 vacancy,octahedral,1,2,5.0342847,10.8629,5.8286153,0.0832,0.0536,0.0121
vacancy_O1,O1 vacancy,octahedral,1,2,5.0342847,10.88,5.845715300000001,0.088,0.0553,0.012
vacancy_O1,O1 vacancy,octahedral,1,2,5.0342847,10.8971,5.8628153,0.0931,0.0569,0.0119
vacancy_O1,O1 vacancy,octahedral,1,2,5.0342847,10.9142,5.8799152999999995,0.0983,0.0583,0.0118
vacancy_O1,O1 vacancy,octahedral,1,2,5.0342847,10.9313,5.8970153000000005,0.1034,0.059800000000000006,0.011600000000000001
vacancy_O1,O1 vacancy,octahedral,1,2,5.0342847,10.9484,5.9141153,0.1083,0.06129999999999999,0.011399999999999999
vacancy_O1,O1 vacancy,octahedral,1,2,5.0342847,10.9655,5.931215300000001,0.1128,0.06319999999999999,0.0113
vacancy_O1,O1 vacancy,octahedral,1,2,5.0342847,10.9826,5.9483153,0.117,0.0658,0.0114
vacancy_O1,O1 vacancy,octahedral,1,2,5.0342847,10.9997,5.965415300000001,0.1212,0.06889999999999999,0.0117
vacancy_O1,O1 vacancy,octahedral,1,2,5.0342847,11.0168,5.9825153,0.1256,0.07289999999999999,0.0119
vacancy_O1,O1 vacancy,octahedral,1,2,5.0342847,11.0339,5.999615299999999,0.1306,0.07730000000000001,0.012499999999999999
vacancy_O1,O1 vacancy,octahedral,1,2,5.0342847,11.0509,6.016615300000001,0.1365,0.08179999999999998,0.0129
vacancy_O1,O1 vacancy,octahedral,1,2,5.0342847,11.068,6.0337153,0.1435,0.0861,0.0133
vacancy_O1,O1 vacancy,octahedral,1,2,5.0342847,11.0851,6.050815300000001,0.1515,0.08979999999999999,0.0138
vacancy_O1,O1 vacancy,octahedral,1,2,5.0342847,11.1022,6.0679153,0.1604,0.09289999999999998,0.014199999999999999
vacancy_O1,O1 vacancy,octahedral,1,2,5.0342847,11.1193,6.085015300000001,0.1698,0.09519999999999999,0.0144
vacancy_O1,O1 vacancy,octahedral,1,2,5.0342847,11.1364,6.1021153,0.1793,0.097,0.0147
vacancy_O1,O1 vacancy,octahedral,1,2,5.0342847,11.1535,6.1192153,0.1884,0.0983,0.014599999999999998
vacancy_O1,O1 vacancy,octahedral,1,2,5.0342847,11.1706,6.136315300000001,0.1968,0.0996,0.014599999999999998
vacancy_O1,O1 vacancy,octahedral,1,2,5.0342847,11.1877,6.1534153,0.2041,0.101,0.0145
vacancy_O1,O1 vacancy,octahedral,1,2,5.0342847,11.2048,6.170515300000001,0.21,0.10280000000000002,0.0142
vacancy_O1,O1 vacancy,octahedral,1,2,5.0342847,11.2219,6.1876153,0.2146,0.10510000000000001,0.014
vacancy_O1,O1 vacancy,octahedral,1,2,5.0342847,11.239,6.204715300000001,0.2177,0.108,0.0137
vacancy_O1,O1 vacancy,octahedral,1,2,5.0342847,11.2561,6.2218153,0.2199,0.11150000000000002,0.0136
vacancy_O1,O1 vacancy,octahedral,1,2,5.0342847,11.2732,6.2389152999999995,0.2216,0.1155,0.013300000000000001
vacancy_O1,O1 vacancy,octahedral,1,2,5.0342847,11.2902,6.255915300000001,0.2234,0.1199,0.013100000000000002
vacancy_O1,O1 vacancy,octahedral,1,2,5.0342847,11.3073,6.2730153,0.2257,0.1244,0.013300000000000001
vacancy_O1,O1 vacancy,octahedral,1,2,5.0342847,11.3244,6.290115300000001,0.2291,0.1287,0.013300000000000001
vacancy_O1,O1 vacancy,octahedral,1,2,5.0342847,11.3415,6.3072153,0.2338,0.13269999999999998,0.0134
vacancy_O1,O1 vacancy,octahedral,1,2,5.0342847,11.3586,6.324315299999999,0.2396,0.1362,0.0137
vacancy_O1,O1 vacancy,octahedral,1,2,5.0342847,11.3757,6.3414153,0.2468,0.1388,0.014
vacancy_O1,O1 vacancy,octahedral,1,2,5.0342847,11.3928,6.3585153,0.2552,0.1409,0.0141
vacancy_O1,O1 vacancy,octahedral,1,2,5.0342847,11.4099,6.375615300000001,0.2649,0.1426,0.014600000000000002
vacancy_O1,O1 vacancy,octahedral,1,2,5.0342847,11.427,6.3927153,0.276,0.144,0.0146
vacancy_O1,O1 vacancy,octahedral,1,2,5.0342847,11.4441,6.409815300000001,0.2886,0.1457,0.0149
vacancy_O1,O1 vacancy,octahedral,1,2,5.0342847,11.4612,6.4269153,0.3023,0.1474,0.0148
vacancy_O1,O1 vacancy,octahedral,1,2,5.0342847,11.4783,6.444015300000001,0.3162,0.14930000000000002,0.0148
vacancy_O1,O1 vacancy,octahedral,1,2,5.0342847,11.4954,6.4611153,0.3291,0.1514,0.014700000000000001
vacancy_O1,O1 vacancy,octahedral,1,2,5.0342847,11.5125,6.4782153,0.3391,0.15360000000000001,0.0143
vacancy_O1,O1 vacancy,octahedral,1,2,5.0342847,11.5295,6.495215300000001,0.3445,0.1557,0.014
vacancy_O1,O1 vacancy,octahedral,1,2,5.0342847,11.5466,6.5123153,0.3439,0.1578,0.013699999999999999
vacancy_O1,O1 vacancy,octahedral,1,2,5.0342847,11.5637,6.529415300000001,0.3364,0.16019999999999998,0.0134
vacancy_O1,O1 vacancy,octahedral,1,2,5.0342847,11.5808,6.5465153,0.3223,0.1625,0.0133
vacancy_O1,O1 vacancy,octahedral,1,2,5.0342847,11.5979,6.5636152999999995,0.3024,0.1652,0.013
vacancy_O1,O1 vacancy,octahedral,1,2,5.0342847,11.615,6.5807153000000005,0.2784,0.1683,0.013000000000000001
vacancy_O1,O1 vacancy,octahedral,1,2,5.0342847,11.6321,6.5978153,0.2523,0.1713,0.013
vacancy_O1,O1 vacancy,octahedral,1,2,5.0342847,11.6492,6.614915300000001,0.2258,0.1743,0.0129
vacancy_O1,O1 vacancy,octahedral,1,2,5.0342847,11.6663,6.6320153,0.2005,0.1767,0.012799999999999999
vacancy_O1,O1 vacancy,octahedral,1,2,5.0342847,11.6834,6.649115300000001,0.1773,0.1786,0.0127
vacancy_O1,O1 vacancy,octahedral,1,2,5.0342847,11.7005,6.6662153,0.1569,0.1796,0.012499999999999999
vacancy_O1,O1 vacancy,octahedral,1,2,5.0342847,11.7176,6.683315299999999,0.1393,0.1797,0.012399999999999998
vacancy_O1,O1 vacancy,octahedral,1,2,5.0342847,11.7347,6.7004153,0.1247,0.1791,0.012199999999999999
vacancy_O1,O1 vacancy,octahedral,1,2,5.0342847,11.7518,6.7175153,0.113,0.1778,0.011800000000000001
vacancy_O1,O1 vacancy,octahedral,1,2,5.0342847,11.7688,6.734515300000001,0.104,0.1761,0.0115
vacancy_O1,O1 vacancy,octahedral,1,2,5.0342847,11.7859,6.7516153,0.0976,0.1739,0.011399999999999999
vacancy_O1,O1 vacancy,octahedral,1,2,5.0342847,11.803,6.768715300000001,0.0936,0.1712,0.0113
vacancy_O1,O1 vacancy,octahedral,1,2,5.0342847,11.8201,6.7858153,0.0913,0.168,0.011099999999999999
vacancy_O1,O1 vacancy,octahedral,1,2,5.0342847,11.8372,6.8029152999999996,0.0904,0.16390000000000002,0.0111
vacancy_O1,O1 vacancy,octahedral,1,2,5.0342847,11.8543,6.820015300000001,0.0903,0.15940000000000001,0.0112
vacancy_O1,O1 vacancy,octahedral,1,2,5.0342847,11.8714,6.8371153,0.0904,0.15460000000000002,0.011099999999999999
vacancy_O1,O1 vacancy,octahedral,1,2,5.0342847,11.8885,6.854215300000001,0.0906,0.1498,0.0112
vacancy_O1,O1 vacancy,octahedral,1,2,5.0342847,11.9056,6.8713153,0.0905,0.14570000000000002,0.0113
vacancy_O1,O1 vacancy,octahedral,1,2,5.0342847,11.9227,6.888415300000001,0.0903,0.1425,0.0115
vacancy_O1,O1 vacancy,octahedral,1,2,5.0342847,11.9398,6.9055153,0.0899,0.14029999999999998,0.0117
vacancy_O1,O1 vacancy,octahedral,1,2,5.0342847,11.9569,6.9226152999999995,0.0896,0.1394,0.0118
vacancy_O1,O1 vacancy,octahedral,1,2,5.0342847,11.974,6.9397153000000005,0.0893,0.1393,0.012
vacancy_O1,O1 vacancy,octahedral,1,2,5.0342847,11.9911,6.9568153,0.0891,0.1403,0.012199999999999999
vacancy_O1,O1 vacancy,octahedral,1,2,5.0342847,12.0081,6.973815300000001,0.0892,0.142,0.0126
vacancy_O1,O1 vacancy,octahedral,1,2,5.0342847,12.0252,6.9909153,0.0893,0.1441,0.013000000000000001
vacancy_O1,O1 vacancy,octahedral,1,2,5.0342847,12.0423,7.008015299999999,0.0896,0.1467,0.013399999999999999
vacancy_O1,O1 vacancy,octahedral,1,2,5.0342847,12.0594,7.0251153,0.0899,0.14959999999999998,0.0138
vacancy_O1,O1 vacancy,octahedral,1,2,5.0342847,12.0765,7.0422153,0.0902,0.1528,0.0142
vacancy_O1,O1 vacancy,octahedral,1,2,5.0342847,12.0936,7.059315300000001,0.0905,0.15580000000000002,0.0144
vacancy_O1,O1 vacancy,octahedral,1,2,5.0342847,12.1107,7.0764153,0.0908,0.1588,0.014700000000000001
vacancy_O1,O1 vacancy,octahedral,1,2,5.0342847,12.1278,7.093515300000001,0.0912,0.1618,0.0148
vacancy_O1,O1 vacancy,octahedral,1,2,5.0342847,12.1449,7.1106153,0.0918,0.1644,0.0149
vacancy_O1,O1 vacancy,octahedral,1,2,5.0342847,12.162,7.127715300000001,0.0925,0.1668,0.015
vacancy_O1,O1 vacancy,octahedral,1,2,5.0342847,12.1791,7.1448153,0.0929,0.1689,0.015
vacancy_O1,O1 vacancy,octahedral,1,2,5.0342847,12.1962,7.1619152999999995,0.093,0.1704,0.015
vacancy_O1,O1 vacancy,octahedral,1,2,5.0342847,12.2133,7.1790153000000005,0.0925,0.1714,0.015
vacancy_O1,O1 vacancy,octahedral,1,2,5.0342847,12.2303,7.1960153,0.0912,0.1717,0.015
vacancy_O1,O1 vacancy,octahedral,1,2,5.0342847,12.2474,7.213115300000001,0.089,0.1713,0.0149
vacancy_O1,O1 vacancy,octahedral,1,2,5.0342847,12.2645,7.2302153,0.0861,0.1703,0.0149
vacancy_O1,O1 vacancy,octahedral,1,2,5.0342847,12.2816,7.2473152999999995,0.0827,0.16859999999999997,0.0148
vacancy_O1,O1 vacancy,octahedral,1,2,5.0342847,12.2987,7.2644153000000005,0.079,0.16599999999999998,0.014700000000000001
vacancy_O1,O1 vacancy,octahedral,1,2,5.0342847,12.3158,7.2815153,0.0754,0.1626,0.014600000000000002
vacancy_O1,O1 vacancy,octahedral,1,2,5.0342847,12.3329,7.298615300000001,0.0719,0.1587,0.014299999999999998
vacancy_O1,O1 vacancy,octahedral,1,2,5.0342847,12.35,7.3157153,0.069,0.1548,0.014199999999999999
vacancy_O1,O1 vacancy,octahedral,1,2,5.0342847,12.3671,7.332815300000001,0.0666,0.1509,0.0144
vacancy_O1,O1 vacancy,octahedral,1,2,5.0342847,12.3842,7.3499153,0.0647,0.1474,0.0144
vacancy_O1,O1 vacancy,octahedral,1,2,5.0342847,12.4013,7.367015300000001,0.0635,0.1444,0.014699999999999998
vacancy_O1,O1 vacancy,octahedral,1,2,5.0342847,12.4184,7.3841153,0.0627,0.1422,0.015100000000000002
vacancy_O1,O1 vacancy,octahedral,1,2,5.0342847,12.4355,7.4012153,0.0622,0.1406,0.0154
vacancy_O1,O1 vacancy,octahedral,1,2,5.0342847,12.4526,7.418315300000001,0.0618,0.1393,0.015899999999999997
vacancy_O1,O1 vacancy,octahedral,1,2,5.0342847,12.4696,7.4353153,0.0615,0.1383,0.0165
vacancy_O1,O1 vacancy,octahedral,1,2,5.0342847,12.4867,7.452415300000001,0.0611,0.1374,0.0167
vacancy_O1,O1 vacancy,octahedral,1,2,5.0342847,12.5038,7.4695153,0.0607,0.1364,0.0171
vacancy_O1,O1 vacancy,octahedral,1,2,5.0342847,12.5209,7.4866152999999995,0.06,0.1354,0.0174
vacancy_O1,O1 vacancy,octahedral,1,2,5.0342847,12.538,7.5037153000000005,0.0592,0.1344,0.0175
vacancy_O1,O1 vacancy,octahedral,1,2,5.0342847,12.5551,7.5208153,0.0581,0.1333,0.0178
vacancy_O1,O1 vacancy,octahedral,1,2,5.0342847,12.5722,7.537915300000001,0.0568,0.1323,0.0179
vacancy_O1,O1 vacancy,octahedral,1,2,5.0342847,12.5893,7.5550153,0.055,0.1311,0.018000000000000002
vacancy_O1,O1 vacancy,octahedral,1,2,5.0342847,12.6064,7.572115300000001,0.0529,0.13,0.0181
vacancy_O1,O1 vacancy,octahedral,1,2,5.0342847,12.6235,7.5892153,0.0504,0.129,0.018099999999999998
vacancy_O1,O1 vacancy,octahedral,1,2,5.0342847,12.6406,7.6063152999999994,0.0475,0.1283,0.0179
vacancy_O1,O1 vacancy,octahedral,1,2,5.0342847,12.6577,7.6234153000000004,0.0445,0.128,0.0179
vacancy_O1,O1 vacancy,octahedral,1,2,5.0342847,12.6748,7.6405153,0.0414,0.1286,0.0177
vacancy_O1,O1 vacancy,octahedral,1,2,5.0342847,12.6919,7.657615300000001,0.0385,0.13040000000000002,0.0177
vacancy_O1,O1 vacancy,octahedral,1,2,5.0342847,12.7089,7.6746153,0.036,0.1333,0.0177
vacancy_O1,O1 vacancy,octahedral,1,2,5.0342847,12.726,7.691715300000001,0.0339,0.1375,0.018099999999999998
vacancy_O1,O1 vacancy,octahedral,1,2,5.0342847,12.7431,7.7088153,0.0323,0.1428,0.018500000000000003
vacancy_O1,O1 vacancy,octahedral,1,2,5.0342847,12.7602,7.7259153,0.0312,0.1488,0.019200000000000002
vacancy_O1,O1 vacancy,octahedral,1,2,5.0342847,12.7773,7.743015300000001,0.0307,0.1548,0.020200000000000003
vacancy_O1,O1 vacancy,octahedral,1,2,5.0342847,12.7944,7.7601153,0.0306,0.1602,0.020999999999999998
vacancy_O1,O1 vacancy,octahedral,1,2,5.0342847,12.8115,7.777215300000001,0.031,0.1648,0.0219
vacancy_O1,O1 vacancy,octahedral,1,2,5.0342847,12.8286,7.7943153,0.032,0.1681,0.022600000000000002
vacancy_O1,O1 vacancy,octahedral,1,2,5.0342847,12.8457,7.811415300000001,0.0335,0.1699,0.0234
vacancy_O1,O1 vacancy,octahedral,1,2,5.0342847,12.8628,7.8285153,0.0355,0.17039999999999997,0.023799999999999998
vacancy_O1,O1 vacancy,octahedral,1,2,5.0342847,12.8799,7.8456152999999995,0.0377,0.16940000000000002,0.0243
vacancy_O1,O1 vacancy,octahedral,1,2,5.0342847,12.897,7.8627153000000005,0.0399,0.16690000000000002,0.0244
vacancy_O1,O1 vacancy,octahedral,1,2,5.0342847,12.9141,7.8798153,0.0418,0.1632,0.024399999999999998
vacancy_O1,O1 vacancy,octahedral,1,2,5.0342847,12.9312,7.896915300000001,0.0431,0.1581,0.024099999999999996
vacancy_O1,O1 vacancy,octahedral,1,2,5.0342847,12.9482,7.9139153,0.0437,0.15190000000000003,0.0237
vacancy_O1,O1 vacancy,octahedral,1,2,5.0342847,12.9653,7.931015299999999,0.0434,0.14500000000000002,0.0229
vacancy_O1,O1 vacancy,octahedral,1,2,5.0342847,12.9824,7.9481153,0.0424,0.13799999999999998,0.0222
vacancy_O1,O1 vacancy,octahedral,1,2,5.0342847,12.9995,7.9652153,0.041,0.1316,0.021500000000000002
vacancy_O1,O1 vacancy,octahedral,1,2,5.0342847,13.0166,7.982315300000001,0.0394,0.1265,0.020900000000000002
vacancy_O1,O1 vacancy,octahedral,1,2,5.0342847,13.0337,7.9994153,0.038,0.1232,0.0206
vacancy_O1,O1 vacancy,octahedral,1,2,5.0342847,13.0508,8.016515300000002,0.0368,0.12219999999999999,0.0207
vacancy_O1,O1 vacancy,octahedral,1,2,5.0342847,13.0679,8.033615300000001,0.0363,0.1234,0.0211
vacancy_O1,O1 vacancy,octahedral,1,2,5.0342847,13.085,8.0507153,0.0363,0.1264,0.0217
vacancy_O1,O1 vacancy,octahedral,1,2,5.0342847,13.1021,8.0678153,0.0371,0.13119999999999998,0.0227
vacancy_O1,O1 vacancy,octahedral,1,2,5.0342847,13.1192,8.084915299999999,0.0387,0.1365,0.0238
vacancy_O1,O1 vacancy,octahedral,1,2,5.0342847,13.1363,8.102015300000001,0.041,0.142,0.0249
vacancy_O1,O1 vacancy,octahedral,1,2,5.0342847,13.1534,8.1191153,0.044,0.1471,0.0258
vacancy_O1,O1 vacancy,octahedral,1,2,5.0342847,13.1705,8.1362153,0.0475,0.15130000000000002,0.0264
vacancy_O1,O1 vacancy,octahedral,1,2,5.0342847,13.1875,8.1532153,0.0511,0.15449999999999997,0.0266
vacancy_O1,O1 vacancy,octahedral,1,2,5.0342847,13.2046,8.170315299999999,0.0546,0.1563,0.0264
vacancy_O1,O1 vacancy,octahedral,1,2,5.0342847,13.2217,8.187415300000001,0.0576,0.1569,0.0257
vacancy_O1,O1 vacancy,octahedral,1,2,5.0342847,13.2388,8.2045153,0.0596,0.1566,0.0249
vacancy_O1,O1 vacancy,octahedral,1,2,5.0342847,13.2559,8.2216153,0.0606,0.1554,0.023899999999999998
vacancy_O1,O1 vacancy,octahedral,1,2,5.0342847,13.273,8.238715299999999,0.0606,0.154,0.022799999999999997
vacancy_O1,O1 vacancy,octahedral,1,2,5.0342847,13.2901,8.255815300000002,0.0597,0.15250000000000002,0.0218
vacancy_O1,O1 vacancy,octahedral,1,2,5.0342847,13.3072,8.272915300000001,0.0583,0.1517,0.021
vacancy_O1,O1 vacancy,octahedral,1,2,5.0342847,13.3243,8.2900153,0.0567,0.1516,0.020499999999999997
vacancy_O1,O1 vacancy,octahedral,1,2,5.0342847,13.3414,8.3071153,0.0554,0.1522,0.0201
vacancy_O1,O1 vacancy,octahedral,1,2,5.0342847,13.3585,8.324215299999999,0.0546,0.1538,0.019799999999999998
vacancy_O1,O1 vacancy,octahedral,1,2,5.0342847,13.3756,8.341315300000002,0.0546,0.1561,0.0198
vacancy_O1,O1 vacancy,octahedral,1,2,5.0342847,13.3927,8.3584153,0.0554,0.1589,0.0197
vacancy_O1,O1 vacancy,octahedral,1,2,5.0342847,13.4098,8.3755153,0.0568,0.1617,0.019799999999999998
vacancy_O1,O1 vacancy,octahedral,1,2,5.0342847,13.4268,8.3925153,0.0586,0.1646,0.0197
vacancy_O1,O1 vacancy,octahedral,1,2,5.0342847,13.4439,8.409615299999999,0.0605,0.1674,0.0196
vacancy_O1,O1 vacancy,octahedral,1,2,5.0342847,13.461,8.426715300000001,0.0622,0.1699,0.0193
vacancy_O1,O1 vacancy,octahedral,1,2,5.0342847,13.4781,8.4438153,0.0635,0.1719,0.0191
vacancy_O1,O1 vacancy,octahedral,1,2,5.0342847,13.4952,8.4609153,0.0644,0.1736,0.018500000000000003
vacancy_O1,O1 vacancy,octahedral,1,2,5.0342847,13.5123,8.4780153,0.065,0.17509999999999998,0.018
vacancy_O1,O1 vacancy,octahedral,1,2,5.0342847,13.5294,8.495115300000002,0.0653,0.17659999999999998,0.0176
vacancy_O1,O1 vacancy,octahedral,1,2,5.0342847,13.5465,8.512215300000001,0.0657,0.1787,0.0173
vacancy_O1,O1 vacancy,octahedral,1,2,5.0342847,13.5636,8.5293153,0.0663,0.18159999999999998,0.017
vacancy_O1,O1 vacancy,octahedral,1,2,5.0342847,13.5807,8.5464153,0.0673,0.18589999999999998,0.016800000000000002
vacancy_O1,O1 vacancy,octahedral,1,2,5.0342847,13.5978,8.563515299999999,0.0685,0.1913,0.016800000000000002
vacancy_O1,O1 vacancy,octahedral,1,2,5.0342847,13.6149,8.580615300000002,0.0701,0.198,0.016800000000000002
vacancy_O1,O1 vacancy,octahedral,1,2,5.0342847,13.632,8.5977153,0.0717,0.205,0.0171
vacancy_O1,O1 vacancy,octahedral,1,2,5.0342847,13.6491,8.6148153,0.0731,0.21210000000000004,0.0173
vacancy_O1,O1 vacancy,octahedral,1,2,5.0342847,13.6661,8.6318153,0.0742,0.218,0.0176
vacancy_O1,O1 vacancy,octahedral,1,2,5.0342847,13.6832,8.648915299999999,0.0747,0.22220000000000004,0.0179
vacancy_O1,O1 vacancy,octahedral,1,2,5.0342847,13.7003,8.666015300000002,0.0744,0.2241,0.018099999999999998
vacancy_O1,O1 vacancy,octahedral,1,2,5.0342847,13.7174,8.6831153,0.0731,0.2238,0.0182
vacancy_O1,O1 vacancy,octahedral,1,2,5.0342847,13.7345,8.7002153,0.071,0.2212,0.0182
vacancy_O1,O1 vacancy,octahedral,1,2,5.0342847,13.7516,8.7173153,0.068,0.21730000000000002,0.0182
vacancy_O1,O1 vacancy,octahedral,1,2,5.0342847,13.7687,8.734415300000002,0.0646,0.2127,0.0183
vacancy_O1,O1 vacancy,octahedral,1,2,5.0342847,13.7858,8.751515300000001,0.0611,0.20850000000000002,0.018099999999999998
vacancy_O1,O1 vacancy,octahedral,1,2,5.0342847,13.8029,8.7686153,0.058,0.20520000000000002,0.018000000000000002
vacancy_O1,O1 vacancy,octahedral,1,2,5.0342847,13.82,8.7857153,0.0554,0.2032,0.018099999999999998
vacancy_O1,O1 vacancy,octahedral,1,2,5.0342847,13.8371,8.802815299999999,0.0536,0.20270000000000002,0.018
vacancy_O1,O1 vacancy,octahedral,1,2,5.0342847,13.8542,8.819915300000002,0.0524,0.20359999999999998,0.0181
vacancy_O1,O1 vacancy,octahedral,1,2,5.0342847,13.8713,8.837015300000001,0.0515,0.2054,0.0182
vacancy_O1,O1 vacancy,octahedral,1,2,5.0342847,13.8883,8.8540153,0.0507,0.2073,0.018300000000000004
vacancy_O1,O1 vacancy,octahedral,1,2,5.0342847,13.9054,8.8711153,0.0496,0.2093,0.0187
vacancy_O1,O1 vacancy,octahedral,1,2,5.0342847,13.9225,8.888215299999999,0.0482,0.2107,0.019000000000000003
vacancy_O1,O1 vacancy,octahedral,1,2,5.0342847,13.9396,8.905315300000002,0.0462,0.21170000000000003,0.0196
vacancy_O1,O1 vacancy,octahedral,1,2,5.0342847,13.9567,8.9224153,0.0439,0.21230000000000002,0.0204
vacancy_O1,O1 vacancy,octahedral,1,2,5.0342847,13.9738,8.9395153,0.0414,0.2127,0.021500000000000002
vacancy_O1,O1 vacancy,octahedral,1,2,5.0342847,13.9909,8.9566153,0.039,0.2134,0.022600000000000002
vacancy_O1,O1 vacancy,octahedral,1,2,5.0342847,14.008,8.973715299999999,0.037,0.21459999999999999,0.0237
vacancy_O1,O1 vacancy,octahedral,1,2,5.0342847,14.0251,8.990815300000001,0.0354,0.2167,0.024900000000000002
vacancy_O1,O1 vacancy,octahedral,1,2,5.0342847,14.0422,9.0079153,0.0343,0.2202,0.026
vacancy_O1,O1 vacancy,octahedral,1,2,5.0342847,14.0593,9.0250153,0.034,0.22519999999999998,0.0268
vacancy_O1,O1 vacancy,octahedral,1,2,5.0342847,14.0764,9.042115299999999,0.0342,0.232,0.027500000000000004
vacancy_O1,O1 vacancy,octahedral,1,2,5.0342847,14.0935,9.059215300000002,0.035,0.2407,0.027899999999999998
vacancy_O1,O1 vacancy,octahedral,1,2,5.0342847,14.1106,9.076315300000001,0.0364,0.2516,0.0283
vacancy_O1,O1 vacancy,octahedral,1,2,5.0342847,14.1276,9.0933153,0.0382,0.2646,0.028499999999999998
vacancy_O1,O1 vacancy,octahedral,1,2,5.0342847,14.1447,9.1104153,0.0406,0.28009999999999996,0.028699999999999996
vacancy_O1,O1 vacancy,octahedral,1,2,5.0342847,14.1618,9.127515299999999,0.0435,0.2983,0.028700000000000003
vacancy_O1,O1 vacancy,octahedral,1,2,5.0342847,14.1789,9.144615300000002,0.047,0.3195,0.028900000000000002
vacancy_O1,O1 vacancy,octahedral,1,2,5.0342847,14.196,9.161715300000001,0.0512,0.3441,0.0293
vacancy_O1,O1 vacancy,octahedral,1,2,5.0342847,14.2131,9.1788153,0.056,0.37129999999999996,0.030100000000000002
vacancy_O1,O1 vacancy,octahedral,1,2,5.0342847,14.2302,9.1959153,0.0612,0.40049999999999997,0.031099999999999996
vacancy_O1,O1 vacancy,octahedral,1,2,5.0342847,14.2473,9.213015299999999,0.0666,0.42969999999999997,0.032299999999999995
vacancy_O1,O1 vacancy,octahedral,1,2,5.0342847,14.2644,9.230115300000001,0.0716,0.4569,0.0335
vacancy_O1,O1 vacancy,octahedral,1,2,5.0342847,14.2815,9.2472153,0.0759,0.4798,0.0348
vacancy_O1,O1 vacancy,octahedral,1,2,5.0342847,14.2986,9.2643153,0.079,0.49629999999999996,0.036199999999999996
vacancy_O1,O1 vacancy,octahedral,1,2,5.0342847,14.3157,9.281415299999999,0.0806,0.5051,0.0375
vacancy_O1,O1 vacancy,octahedral,1,2,5.0342847,14.3328,9.298515300000002,0.0807,0.5054000000000001,0.0385
vacancy_O1,O1 vacancy,octahedral,1,2,5.0342847,14.3499,9.315615300000001,0.0792,0.49729999999999996,0.03949999999999999
vacancy_O1,O1 vacancy,octahedral,1,2,5.0342847,14.3669,9.3326153,0.0763,0.4816,0.0403
vacancy_O1,O1 vacancy,octahedral,1,2,5.0342847,14.384,9.3497153,0.0724,0.4595,0.041
vacancy_O1,O1 vacancy,octahedral,1,2,5.0342847,14.4011,9.366815299999999,0.0679,0.43279999999999996,0.041299999999999996
vacancy_O1,O1 vacancy,octahedral,1,2,5.0342847,14.4182,9.383915300000002,0.063,0.40269999999999995,0.0411
vacancy_O1,O1 vacancy,octahedral,1,2,5.0342847,14.4353,9.401015300000001,0.0582,0.3713,0.0408
vacancy_O1,O1 vacancy,octahedral,1,2,5.0342847,14.4524,9.4181153,0.0537,0.34049999999999997,0.039900000000000005
vacancy_O1,O1 vacancy,octahedral,1,2,5.0342847,14.4695,9.4352153,0.0497,0.3124,0.038599999999999995
vacancy_O1,O1 vacancy,octahedral,1,2,5.0342847,14.4866,9.452315299999999,0.0465,0.2887,0.0371
vacancy_O1,O1 vacancy,octahedral,1,2,5.0342847,14.5037,9.469415300000001,0.0441,0.2707,0.0352
vacancy_O1,O1 vacancy,octahedral,1,2,5.0342847,14.5208,9.4865153,0.0423,0.2591,0.0334
vacancy_O1,O1 vacancy,octahedral,1,2,5.0342847,14.5379,9.5036153,0.0412,0.2541,0.0319
vacancy_O1,O1 vacancy,octahedral,1,2,5.0342847,14.555,9.520715299999999,0.0406,0.2552,0.0305
vacancy_O1,O1 vacancy,octahedral,1,2,5.0342847,14.5721,9.537815300000002,0.0403,0.2611,0.0296
vacancy_O1,O1 vacancy,octahedral,1,2,5.0342847,14.5892,9.554915300000001,0.0403,0.2704,0.0287
vacancy_O1,O1 vacancy,octahedral,1,2,5.0342847,14.6062,9.5719153,0.0404,0.2814,0.0285
vacancy_O1,O1 vacancy,octahedral,1,2,5.0342847,14.6233,9.5890153,0.0408,0.2926,0.0282
vacancy_O1,O1 vacancy,octahedral,1,2,5.0342847,14.6404,9.606115299999999,0.0413,0.3028,0.0281
vacancy_O1,O1 vacancy,octahedral,1,2,5.0342847,14.6575,9.623215300000002,0.0421,0.31110000000000004,0.0281
vacancy_O1,O1 vacancy,octahedral,1,2,5.0342847,14.6746,9.640315300000001,0.0432,0.31770000000000004,0.028499999999999998
vacancy_O1,O1 vacancy,octahedral,1,2,5.0342847,14.6917,9.6574153,0.0446,0.3224,0.028900000000000002
vacancy_O1,O1 vacancy,octahedral,1,2,5.0342847,14.7088,9.6745153,0.0462,0.32589999999999997,0.0295
vacancy_O1,O1 vacancy,octahedral,1,2,5.0342847,14.7259,9.691615299999999,0.0479,0.3287,0.0303
vacancy_O1,O1 vacancy,octahedral,1,2,5.0342847,14.743,9.708715300000001,0.0496,0.33080000000000004,0.0313
vacancy_O1,O1 vacancy,octahedral,1,2,5.0342847,14.7601,9.7258153,0.051,0.3324,0.0324
vacancy_O1,O1 vacancy,octahedral,1,2,5.0342847,14.7772,9.7429153,0.0517,0.33340000000000003,0.0336
vacancy_O1,O1 vacancy,octahedral,1,2,5.0342847,14.7943,9.7600153,0.0518,0.3337,0.0346
vacancy_O1,O1 vacancy,octahedral,1,2,5.0342847,14.8114,9.777115300000002,0.0509,0.333,0.035699999999999996
vacancy_O1,O1 vacancy,octahedral,1,2,5.0342847,14.8285,9.794215300000001,0.0493,0.33159999999999995,0.0365
vacancy_O1,O1 vacancy,octahedral,1,2,5.0342847,14.8455,9.8112153,0.0471,0.3294,0.0371
vacancy_O1,O1 vacancy,octahedral,1,2,5.0342847,14.8626,9.8283153,0.0444,0.3266,0.0374
vacancy_O1,O1 vacancy,octahedral,1,2,5.0342847,14.8797,9.845415299999999,0.0416,0.32330000000000003,0.0373
vacancy_O1,O1 vacancy,octahedral,1,2,5.0342847,14.8968,9.862515300000002,0.0389,0.3192,0.037
vacancy_O1,O1 vacancy,octahedral,1,2,5.0342847,14.9139,9.879615300000001,0.0363,0.3145,0.0364
vacancy_O1,O1 vacancy,octahedral,1,2,5.0342847,14.931,9.8967153,0.0342,0.3091,0.035800000000000005
vacancy_O1,O1 vacancy,octahedral,1,2,5.0342847,14.9481,9.9138153,0.0324,0.3033,0.0351
vacancy_O1,O1 vacancy,octahedral,1,2,5.0342847,14.9652,9.930915299999999,0.031,0.2976,0.034300000000000004
vacancy_O1,O1 vacancy,octahedral,1,2,5.0342847,14.9823,9.948015300000002,0.03,0.2929,0.0337
vacancy_O1,O1 vacancy,octahedral,1,2,5.0342847,14.9994,9.9651153,0.0293,0.2899,0.0334
vacancy_O1,O1 vacancy,octahedral,1,2,5.0342847,15.0165,9.9822153,0.0289,0.289,0.033
vacancy_O1,O1 vacancy,octahedral,1,2,5.0342847,15.0336,9.9993153,0.0288,0.29069999999999996,0.032799999999999996
vacancy_O1,O1 vacancy,octahedral,1,2,5.0342847,15.0507,10.016415300000002,0.029,0.2944,0.0326
vacancy_O1,O1 vacancy,octahedral,1,2,5.0342847,15.0678,10.033515300000001,0.0294,0.29960000000000003,0.032600000000000004
vacancy_O1,O1 vacancy,octahedral,1,2,5.0342847,15.0848,10.0505153,0.0301,0.3055,0.032400000000000005
vacancy_O1,O1 vacancy,octahedral,1,2,5.0342847,15.1019,10.0676153,0.031,0.311,0.0322
vacancy_O1,O1 vacancy,octahedral,1,2,5.0342847,15.119,10.0847153,0.0319,0.31529999999999997,0.0319
vacancy_O1,O1 vacancy,octahedral,1,2,5.0342847,15.1361,10.101815300000002,0.0328,0.3175,0.0315
vacancy_O1,O1 vacancy,octahedral,1,2,5.0342847,15.1532,10.118915300000001,0.0334,0.3167,0.0309
vacancy_O1,O1 vacancy,octahedral,1,2,5.0342847,15.1703,10.1360153,0.0337,0.3126,0.030600000000000002
vacancy_O1,O1 vacancy,octahedral,1,2,5.0342847,15.1874,10.1531153,0.0335,0.3054,0.029900000000000003
vacancy_O1,O1 vacancy,octahedral,1,2,5.0342847,15.2045,10.170215299999999,0.033,0.2951,0.0295
vacancy_O1,O1 vacancy,octahedral,1,2,5.0342847,15.2216,10.187315300000002,0.0322,0.28269999999999995,0.028900000000000002
vacancy_O1,O1 vacancy,octahedral,1,2,5.0342847,15.2387,10.2044153,0.0314,0.2691,0.028300000000000002
vacancy_O1,O1 vacancy,octahedral,1,2,5.0342847,15.2558,10.2215153,0.0307,0.2554,0.0275
vacancy_O1,O1 vacancy,octahedral,1,2,5.0342847,15.2729,10.2386153,0.0302,0.2425,0.027
vacancy_O1,O1 vacancy,octahedral,1,2,5.0342847,15.29,10.255715299999999,0.0302,0.2313,0.0262
vacancy_O1,O1 vacancy,octahedral,1,2,5.0342847,15.3071,10.272815300000001,0.0305,0.222,0.0251
vacancy_O1,O1 vacancy,octahedral,1,2,5.0342847,15.3241,10.2898153,0.0311,0.21509999999999999,0.024300000000000002
vacancy_O1,O1 vacancy,octahedral,1,2,5.0342847,15.3412,10.3069153,0.0317,0.21039999999999998,0.0234
vacancy_O1,O1 vacancy,octahedral,1,2,5.0342847,15.3583,10.3240153,0.0322,0.2074,0.0224
vacancy_O1,O1 vacancy,octahedral,1,2,5.0342847,15.3754,10.341115300000002,0.0325,0.2058,0.0218
vacancy_O1,O1 vacancy,octahedral,1,2,5.0342847,15.3925,10.358215300000001,0.0323,0.20450000000000002,0.020900000000000002
vacancy_O1,O1 vacancy,octahedral,1,2,5.0342847,15.4096,10.3753153,0.0317,0.20299999999999999,0.020400000000000005
vacancy_O1,O1 vacancy,octahedral,1,2,5.0342847,15.4267,10.3924153,0.0307,0.2008,0.019799999999999998
vacancy_O1,O1 vacancy,octahedral,1,2,5.0342847,15.4438,10.409515299999999,0.0294,0.1976,0.0194
vacancy_O1,O1 vacancy,octahedral,1,2,5.0342847,15.4609,10.426615300000002,0.0281,0.1936,0.0189
vacancy_O1,O1 vacancy,octahedral,1,2,5.0342847,15.478,10.443715300000001,0.0268,0.1888,0.0187
vacancy_O1,O1 vacancy,octahedral,1,2,5.0342847,15.4951,10.4608153,0.0258,0.1835,0.0184
vacancy_O1,O1 vacancy,octahedral,1,2,5.0342847,15.5122,10.4779153,0.0251,0.17800000000000002,0.0183
vacancy_O1,O1 vacancy,octahedral,1,2,5.0342847,15.5293,10.495015299999999,0.0246,0.1724,0.018000000000000002
vacancy_O1,O1 vacancy,octahedral,1,2,5.0342847,15.5464,10.512115300000001,0.0244,0.16699999999999998,0.0178
vacancy_O1,O1 vacancy,octahedral,1,2,5.0342847,15.5634,10.5291153,0.0243,0.1617,0.0177
vacancy_O1,O1 vacancy,octahedral,1,2,5.0342847,15.5805,10.5462153,0.0242,0.15710000000000002,0.0176
vacancy_O1,O1 vacancy,octahedral,1,2,5.0342847,15.5976,10.5633153,0.024,0.1532,0.017400000000000002
vacancy_O1,O1 vacancy,octahedral,1,2,5.0342847,15.6147,10.580415299999999,0.0238,0.1504,0.017599999999999998
vacancy_O1,O1 vacancy,octahedral,1,2,5.0342847,15.6318,10.597515300000001,0.0235,0.1486,0.0176
vacancy_O1,O1 vacancy,octahedral,1,2,5.0342847,15.6489,10.6146153,0.0231,0.1477,0.0178
vacancy_O1,O1 vacancy,octahedral,1,2,5.0342847,15.666,10.6317153,0.0226,0.147,0.018
vacancy_O1,O1 vacancy,octahedral,1,2,5.0342847,15.6831,10.648815299999999,0.022,0.14579999999999999,0.018099999999999998
vacancy_O1,O1 vacancy,octahedral,1,2,5.0342847,15.7002,10.665915300000002,0.0211,0.1432,0.0179
vacancy_O1,O1 vacancy,octahedral,1,2,5.0342847,15.7173,10.683015300000001,0.02,0.138,0.017499999999999998
vacancy_O1,O1 vacancy,octahedral,1,2,5.0342847,15.7344,10.7001153,0.0186,0.13,0.0167
vacancy_O1,O1 vacancy,octahedral,1,2,5.0342847,15.7515,10.7172153,0.0169,0.11929999999999999,0.0159
vacancy_O1,O1 vacancy,octahedral,1,2,5.0342847,15.7686,10.734315299999999,0.015,0.1062,0.0146
vacancy_O1,O1 vacancy,octahedral,1,2,5.0342847,15.7856,10.751315300000002,0.013,0.09179999999999999,0.0131
vacancy_O1,O1 vacancy,octahedral,1,2,5.0342847,15.8027,10.768415300000001,0.011,0.0771,0.011499999999999998
vacancy_O1,O1 vacancy,octahedral,1,2,5.0342847,15.8198,10.7855153,0.0091,0.0634,0.0101
vacancy_O1,O1 vacancy,octahedral,1,2,5.0342847,15.8369,10.8026153,0.0073,0.0512,0.0086
vacancy_O1,O1 vacancy,octahedral,1,2,5.0342847,15.854,10.819715299999999,0.0058,0.040999999999999995,0.0074
vacancy_O1,O1 vacancy,octahedral,1,2,5.0342847,15.8711,10.836815300000001,0.0046,0.0329,0.0062
vacancy_O1,O1 vacancy,octahedral,1,2,5.0342847,15.8882,10.8539153,0.0035,0.0265,0.005200000000000001
vacancy_O1,O1 vacancy,octahedral,1,2,5.0342847,15.9053,10.8710153,0.0027,0.021500000000000002,0.0043
vacancy_O1,O1 vacancy,octahedral,1,2,5.0342847,15.9224,10.888115299999999,0.0021,0.0176,0.0035
vacancy_O1,O1 vacancy,octahedral,1,2,5.0342847,15.9395,10.905215300000002,0.0016,0.014199999999999999,0.0029000000000000002
vacancy_O1,O1 vacancy,octahedral,1,2,5.0342847,15.9566,10.922315300000001,0.0012,0.0114,0.0024000000000000002
vacancy_O1,O1 vacancy,octahedral,1,2,5.0342847,15.9737,10.9394153,0.0009,0.008900000000000002,0.0018999999999999998
vacancy_O1,O1 vacancy,octahedral,1,2,5.0342847,15.9908,10.9565153,0.0007,0.006699999999999999,0.0014
vacancy_O1,O1 vacancy,octahedral,1,2,5.0342847,16.0079,10.973615299999999,0.0005,0.005,0.001
vacancy_O1,O1 vacancy,octahedral,1,2,5.0342847,16.0249,10.990615299999998,0.0003,0.0034,0.0006000000000000001
vacancy_O1,O1 vacancy,octahedral,1,2,5.0342847,16.042,11.007715300000001,0.0002,0.0023,0.0005
vacancy_O1,O1 vacancy,octahedral,1,2,5.0342847,16.0591,11.0248153,0.0002,0.0015,0.0004
vacancy_O1,O1 vacancy,octahedral,1,2,5.0342847,16.0762,11.0419153,0.0001,0.0009,0.0001
vacancy_O1,O1 vacancy,octahedral,1,2,5.0342847,16.0933,11.059015299999999,0.0001,0.0005,0.0001
vacancy_O1,O1 vacancy,octahedral,1,2,5.0342847,16.1104,11.076115299999998,0.0,0.00030000000000000003,0.0
vacancy_O1,O1 vacancy,octahedral,1,2,5.0342847,16.1275,11.0932153,0.0,0.0002,0.0
vacancy_O1,O1 vacancy,octahedral,1,2,5.0342847,16.1446,11.1103153,0.0,0.0,0.0
vacancy_O1,O1 vacancy,octahedral,1,2,5.0342847,16.1617,11.1274153,0.0,0.0,0.0
vacancy_O1,O1 vacancy,octahedral,1,2,5.0342847,16.1788,11.144515299999998,0.0,0.0,0.0
vacancy_O1,O1 vacancy,octahedral,1,2,5.0342847,16.1959,11.161615300000001,0.0,0.0,0.0
vacancy_O1,O1 vacancy,octahedral,1,2,5.0342847,16.213,11.1787153,0.0,0.0,0.0
vacancy_O1,O1 vacancy,octahedral,1,2,5.0342847,16.2301,11.1958153,0.0,0.0,0.0
vacancy_O1,O1 vacancy,octahedral,1,2,5.0342847,16.2472,11.212915299999999,0.0,0.0,0.0
vacancy_O1,O1 vacancy,octahedral,1,2,5.0342847,16.2642,11.229915299999998,0.0,0.0,0.0
vacancy_O1,O1 vacancy,octahedral,1,2,5.0342847,16.2813,11.247015300000001,0.0,0.0,0.0
vacancy_O1,O1 vacancy,octahedral,1,2,5.0342847,16.2984,11.2641153,0.0,0.0,0.0
vacancy_O1,O1 vacancy,octahedral,1,2,5.0342847,16.3155,11.2812153,0.0,0.0,0.0
vacancy_O1,O1 vacancy,octahedral,1,2,5.0342847,16.3326,11.298315299999999,0.0,0.0,0.0
vacancy_O1,O1 vacancy,octahedral,1,2,5.0342847,16.3497,11.315415299999998,0.0,0.0,0.0
vacancy_O1,O1 vacancy,octahedral,1,2,5.0342847,16.3668,11.3325153,0.0,0.0,0.0
vacancy_O1,O1 vacancy,octahedral,1,2,5.0342847,16.3839,11.3496153,0.0,0.0,0.0
vacancy_O1,O1 vacancy,octahedral,1,2,5.0342847,16.401,11.3667153,0.0,0.0,0.0
vacancy_O1,O1 vacancy,octahedral,1,2,5.0342847,16.4181,11.383815299999998,0.0,0.0,0.0
vacancy_O1,O1 vacancy,octahedral,1,2,5.0342847,16.4352,11.400915299999998,0.0,0.0,0.0
vacancy_O1,O1 vacancy,octahedral,1,2,5.0342847,16.4523,11.4180153,0.0,0.0,0.0
vacancy_O1,O1 vacancy,octahedral,1,2,5.0342847,16.4694,11.4351153,0.0,0.0,0.0
vacancy_O1,O1 vacancy,octahedral,1,2,5.0342847,16.4865,11.452215299999999,0.0,0.0,0.0
vacancy_O1,O1 vacancy,octahedral,1,2,5.0342847,16.5035,11.469215299999998,0.0,0.0,0.0
vacancy_O1,O1 vacancy,octahedral,1,2,5.0342847,16.5206,11.486315300000001,0.0,0.0,0.0
vacancy_O1,O1 vacancy,octahedral,1,2,5.0342847,16.5377,11.5034153,0.0,0.0,0.0
vacancy_O1,O1 vacancy,octahedral,1,2,5.0342847,16.5548,11.5205153,0.0,0.0,0.0
vacancy_O1,O1 vacancy,octahedral,1,2,5.0342847,16.5719,11.537615299999999,0.0,0.0,0.0
vacancy_O1,O1 vacancy,octahedral,1,2,5.0342847,16.589,11.554715299999998,0.0,0.0,0.0
vacancy_O1,O1 vacancy,octahedral,1,2,5.0342847,16.6061,11.5718153,0.0,0.0,0.0
vacancy_O1,O1 vacancy,octahedral,1,2,5.0342847,16.6232,11.5889153,0.0,0.0,0.0
vacancy_O1,O1 vacancy,octahedral,1,2,5.0342847,16.6403,11.6060153,0.0,0.0,0.0
vacancy_O1,O1 vacancy,octahedral,1,2,5.0342847,16.6574,11.623115299999998,0.0,0.0,0.0
vacancy_O1,O1 vacancy,octahedral,1,2,5.0342847,16.6745,11.640215299999998,0.0,0.0,0.0
vacancy_O1,O1 vacancy,octahedral,1,2,5.0342847,16.6916,11.6573153,0.0,0.0,0.0
vacancy_O1,O1 vacancy,octahedral,1,2,5.0342847,16.7087,11.6744153,0.0,0.0,0.0
vacancy_O1,O1 vacancy,octahedral,1,2,5.0342847,16.7258,11.691515299999999,0.0,0.0,0.0
vacancy_O1,O1 vacancy,octahedral,1,2,5.0342847,16.7428,11.708515299999998,0.0,0.0,0.0
vacancy_O1,O1 vacancy,octahedral,1,2,5.0342847,16.7599,11.725615299999998,0.0,0.0,0.0
vacancy_O1,O1 vacancy,octahedral,1,2,5.0342847,16.777,11.7427153,0.0,0.0,0.0
vacancy_O1,O1 vacancy,octahedral,1,2,5.0342847,16.7941,11.7598153,0.0,0.0,0.0
vacancy_O1,O1 vacancy,octahedral,1,2,5.0342847,16.8112,11.776915299999999,0.0,0.0,0.0
vacancy_O1,O1 vacancy,octahedral,1,2,5.0342847,16.8283,11.794015299999998,0.0,0.0,0.0
vacancy_O1,O1 vacancy,octahedral,1,2,5.0342847,16.8454,11.8111153,0.0,0.0,0.0
vacancy_O1,O1 vacancy,octahedral,1,2,5.0342847,16.8625,11.8282153,0.0,0.0,0.0
vacancy_O1,O1 vacancy,octahedral,1,2,5.0342847,16.8796,11.8453153,0.0,0.0,0.0
vacancy_O1,O1 vacancy,octahedral,1,2,5.0342847,16.8967,11.862415299999999,0.0,0.0,0.0
vacancy_O1,O1 vacancy,octahedral,1,2,5.0342847,16.9138,11.879515299999998,0.0,0.0,0.0
vacancy_O1,O1 vacancy,octahedral,1,2,5.0342847,16.9309,11.8966153,0.0,0.0,0.0
vacancy_O1,O1 vacancy,octahedral,1,2,5.0342847,16.948,11.9137153,0.0,0.0,0.0
vacancy_O1,O1 vacancy,octahedral,1,2,5.0342847,16.9651,11.930815299999999,0.0,0.0,0.0
vacancy_O1,O1 vacancy,octahedral,1,2,5.0342847,16.9821,11.947815299999998,0.0,0.0,0.0
vacancy_O1,O1 vacancy,octahedral,1,2,5.0342847,16.9992,11.964915299999998,0.0,0.0,0.0
vacancy_O1,O1 vacancy,octahedral,1,2,5.0342847,17.0163,11.9820153,0.0,0.0,0.0
vacancy_O1,O1 vacancy,octahedral,1,2,5.0342847,17.0334,11.9991153,0.0,0.0,0.0
vacancy_O1,O1 vacancy,octahedral,1,2,5.0342847,17.0505,12.016215299999999,0.0,0.0,0.0
vacancy_O1,O1 vacancy,octahedral,1,2,5.0342847,17.0676,12.033315299999998,0.0,0.0,0.0
vacancy_O1,O1 vacancy,octahedral,1,2,5.0342847,17.0847,12.050415300000001,0.0,0.0,0.0
vacancy_O1,O1 vacancy,octahedral,1,2,5.0342847,17.1018,12.0675153,0.0,0.0,0.0
vacancy_O1,O1 vacancy,octahedral,1,2,5.0342847,17.1189,12.0846153,0.0,0.0,0.0
vacancy_O1,O1 vacancy,octahedral,1,2,5.0342847,17.136,12.101715299999999,0.0,0.0,0.0
vacancy_O1,O1 vacancy,octahedral,1,2,5.0342847,17.1531,12.118815299999998,0.0,0.0,0.0
vacancy_O1,O1 vacancy,octahedral,1,2,5.0342847,17.1702,12.1359153,0.0,0.0,0.0
vacancy_O1,O1 vacancy,octahedral,1,2,5.0342847,17.1873,12.1530153,0.0,0.0,0.0
vacancy_O1,O1 vacancy,octahedral,1,2,5.0342847,17.2044,12.170115299999999,0.0,0.0,0.0
vacancy_O1,O1 vacancy,octahedral,1,2,5.0342847,17.2214,12.187115299999999,0.0,0.0,0.0
vacancy_O1,O1 vacancy,octahedral,1,2,5.0342847,17.2385,12.204215299999998,0.0,0.0,0.0
vacancy_O1,O1 vacancy,octahedral,1,2,5.0342847,17.2556,12.2213153,0.0,0.0,0.0
vacancy_O1,O1 vacancy,octahedral,1,2,5.0342847,17.2727,12.2384153,0.0,0.0,0.0
vacancy_O1,O1 vacancy,octahedral,1,2,5.0342847,17.2898,12.255515299999999,0.0,0.0,0.0
vacancy_O1,O1 vacancy,octahedral,1,2,5.0342847,17.3069,12.272615299999998,0.0,0.0,0.0
vacancy_O1,O1 vacancy,octahedral,1,2,5.0342847,17.324,12.289715300000001,0.0,0.0,0.0
vacancy_O1,O1 vacancy,octahedral,1,2,5.0342847,17.3411,12.3068153,0.0,0.0,0.0
vacancy_O1,O1 vacancy,octahedral,1,2,5.0342847,17.3582,12.3239153,0.0,0.0,0.0
vacancy_O1,O1 vacancy,octahedral,1,2,5.0342847,17.3753,12.341015299999999,0.0,0.0,0.0
vacancy_O1,O1 vacancy,octahedral,1,2,5.0342847,17.3924,12.358115299999998,0.0,0.0,0.0
vacancy_O1,O1 vacancy,octahedral,1,2,5.0342847,17.4095,12.3752153,0.0,0.0,0.0
vacancy_O1,O1 vacancy,octahedral,1,2,5.0342847,17.4266,12.3923153,0.0,0.0,0.0
vacancy_O1,O1 vacancy,octahedral,1,2,5.0342847,17.4436,12.4093153,0.0,0.0,0.0
vacancy_O1,O1 vacancy,octahedral,1,2,5.0342847,17.4607,12.426415299999999,0.0,0.0,0.0
vacancy_O1,O1 vacancy,octahedral,1,2,5.0342847,17.4778,12.443515299999998,0.0,0.0,0.0
vacancy_O1,O1 vacancy,octahedral,1,2,5.0342847,17.4949,12.4606153,0.0,0.0,0.0
