structure,vacancy_label,coordination_type,number_of_ga_atoms,ga_atom_numbers,fermi_energy_eV,energy_absolute_eV,energy_minus_fermi_eV,ga_s_pdos,ga_p_pdos,ga_d_pdos
vacancy_O2,O2 vacancy,tetrahedral,1,17,5.53521391,-16.6638,-22.199013909999998,0.0,0.0,0.0
vacancy_O2,O2 vacancy,tetrahedral,1,17,5.53521391,-16.6467,-22.18191391,0.0,0.0,0.0
vacancy_O2,O2 vacancy,tetrahedral,1,17,5.53521391,-16.6297,-22.16491391,0.0,0.0,0.0
vacancy_O2,O2 vacancy,tetrahedral,1,17,5.53521391,-16.6127,-22.14791391,0.0,0.0,0.0
vacancy_O2,O2 vacancy,tetrahedral,1,17,5.53521391,-16.5956,-22.13081391,0.0,0.0,0.0
vacancy_O2,O2 vacancy,tetrahedral,1,17,5.53521391,-16.5786,-22.11381391,0.0,0.0,0.0
vacancy_O2,O2 vacancy,tetrahedral,1,17,5.53521391,-16.5615,-22.09671391,0.0,0.0,0.0
vacancy_O2,O2 vacancy,tetrahedral,1,17,5.53521391,-16.5445,-22.07971391,0.0,0.0,0.0
vacancy_O2,O2 vacancy,tetrahedral,1,17,5.53521391,-16.5275,-22.06271391,0.0,0.0,0.0
vacancy_O2,O2 vacancy,tetrahedral,1,17,5.53521391,-16.5104,-22.04561391,0.0,0.0,0.0
vacancy_O2,O2 vacancy,tetrahedral,1,17,5.53521391,-16.4934,-22.02861391,0.0,0.0,0.0
vacancy_O2,O2 vacancy,tetrahedral,1,17,5.53521391,-16.4764,-22.01161391,0.0,0.0,0.0
vacancy_O2,O2 vacancy,tetrahedral,1,17,5.53521391,-16.4593,-21.99451391,0.0,0.0,0.0
vacancy_O2,O2 vacancy,tetrahedral,1,17,5.53521391,-16.4423,-21.97751391,0.0,0.0,0.0
vacancy_O2,O2 vacancy,tetrahedral,1,17,5.53521391,-16.4252,-21.96041391,0.0,0.0,0.0
vacancy_O2,O2 vacancy,tetrahedral,1,17,5.53521391,-16.4082,-21.94341391,0.0,0.0,0.0
vacancy_O2,O2 vacancy,tetrahedral,1,17,5.53521391,-16.3912,-21.92641391,0.0,0.0,0.0
vacancy_O2,O2 vacancy,tetrahedral,1,17,5.53521391,-16.3741,-21.909313909999998,0.0,0.0,0.0
vacancy_O2,O2 vacancy,tetrahedral,1,17,5.53521391,-16.3571,-21.89231391,0.0,0.0,0.0
vacancy_O2,O2 vacancy,tetrahedral,1,17,5.53521391,-16.3401,-21.87531391,0.0,0.0,0.0
vacancy_O2,O2 vacancy,tetrahedral,1,17,5.53521391,-16.323,-21.85821391,0.0,0.0,0.0
vacancy_O2,O2 vacancy,tetrahedral,1,17,5.53521391,-16.306,-21.84121391,0.0,0.0,0.0
vacancy_O2,O2 vacancy,tetrahedral,1,17,5.53521391,-16.289,-21.82421391,0.0,0.0,0.0
vacancy_O2,O2 vacancy,tetrahedral,1,17,5.53521391,-16.2719,-21.807113909999998,0.0,0.0,0.0
vacancy_O2,O2 vacancy,tetrahedral,1,17,5.53521391,-16.2549,-21.79011391,0.0,0.0,0.0
vacancy_O2,O2 vacancy,tetrahedral,1,17,5.53521391,-16.2378,-21.77301391,0.0,0.0,0.0
vacancy_O2,O2 vacancy,tetrahedral,1,17,5.53521391,-16.2208,-21.75601391,0.0,0.0,0.0
vacancy_O2,O2 vacancy,tetrahedral,1,17,5.53521391,-16.2038,-21.73901391,0.0,0.0,0.0
vacancy_O2,O2 vacancy,tetrahedral,1,17,5.53521391,-16.1867,-21.721913909999998,0.0,0.0,0.0
vacancy_O2,O2 vacancy,tetrahedral,1,17,5.53521391,-16.1697,-21.70491391,0.0,0.0,0.0
vacancy_O2,O2 vacancy,tetrahedral,1,17,5.53521391,-16.1527,-21.68791391,0.0,0.0,0.0
vacancy_O2,O2 vacancy,tetrahedral,1,17,5.53521391,-16.1356,-21.67081391,0.0,0.0,0.0
vacancy_O2,O2 vacancy,tetrahedral,1,17,5.53521391,-16.1186,-21.65381391,0.0,0.0,0.0
vacancy_O2,O2 vacancy,tetrahedral,1,17,5.53521391,-16.1015,-21.63671391,0.0,0.0,0.0
vacancy_O2,O2 vacancy,tetrahedral,1,17,5.53521391,-16.0845,-21.619713909999998,0.0,0.0,0.0
vacancy_O2,O2 vacancy,tetrahedral,1,17,5.53521391,-16.0675,-21.60271391,0.0,0.0,0.0
vacancy_O2,O2 vacancy,tetrahedral,1,17,5.53521391,-16.0504,-21.58561391,0.0,0.0,0.0
vacancy_O2,O2 vacancy,tetrahedral,1,17,5.53521391,-16.0334,-21.56861391,0.0,0.0,0.0
vacancy_O2,O2 vacancy,tetrahedral,1,17,5.53521391,-16.0164,-21.55161391,0.0,0.0,0.0
vacancy_O2,O2 vacancy,tetrahedral,1,17,5.53521391,-15.9993,-21.53451391,0.0,0.0,0.0
vacancy_O2,O2 vacancy,tetrahedral,1,17,5.53521391,-15.9823,-21.51751391,0.0,0.0,0.0
vacancy_O2,O2 vacancy,tetrahedral,1,17,5.53521391,-15.9653,-21.50051391,0.0,0.0,0.0
vacancy_O2,O2 vacancy,tetrahedral,1,17,5.53521391,-15.9482,-21.48341391,0.0,0.0,0.0
vacancy_O2,O2 vacancy,tetrahedral,1,17,5.53521391,-15.9312,-21.46641391,0.0,0.0,0.0
vacancy_O2,O2 vacancy,tetrahedral,1,17,5.53521391,-15.9141,-21.44931391,0.0,0.0,0.0
vacancy_O2,O2 vacancy,tetrahedral,1,17,5.53521391,-15.8971,-21.43231391,0.0,0.0,0.0
vacancy_O2,O2 vacancy,tetrahedral,1,17,5.53521391,-15.8801,-21.415313910000002,0.0,0.0,0.0
vacancy_O2,O2 vacancy,tetrahedral,1,17,5.53521391,-15.863,-21.39821391,0.0,0.0,0.0
vacancy_O2,O2 vacancy,tetrahedral,1,17,5.53521391,-15.846,-21.38121391,0.0,0.0,0.0
vacancy_O2,O2 vacancy,tetrahedral,1,17,5.53521391,-15.829,-21.36421391,0.0,0.0,0.0
vacancy_O2,O2 vacancy,tetrahedral,1,17,5.53521391,-15.8119,-21.34711391,0.0,0.0,0.0
vacancy_O2,O2 vacancy,tetrahedral,1,17,5.53521391,-15.7949,-21.33011391,0.0,0.0,0.0
vacancy_O2,O2 vacancy,tetrahedral,1,17,5.53521391,-15.7778,-21.31301391,0.0,0.0,0.0
vacancy_O2,O2 vacancy,tetrahedral,1,17,5.53521391,-15.7608,-21.29601391,0.0,0.0,0.0
vacancy_O2,O2 vacancy,tetrahedral,1,17,5.53521391,-15.7438,-21.27901391,0.0,0.0,0.0
vacancy_O2,O2 vacancy,tetrahedral,1,17,5.53521391,-15.7267,-21.26191391,0.0,0.0,0.0
vacancy_O2,O2 vacancy,tetrahedral,1,17,5.53521391,-15.7097,-21.24491391,0.0,0.0,0.0
vacancy_O2,O2 vacancy,tetrahedral,1,17,5.53521391,-15.6927,-21.22791391,0.0,0.0,0.0
vacancy_O2,O2 vacancy,tetrahedral,1,17,5.53521391,-15.6756,-21.21081391,0.0,0.0,0.0
vacancy_O2,O2 vacancy,tetrahedral,1,17,5.53521391,-15.6586,-21.19381391,0.0,0.0,0.0
vacancy_O2,O2 vacancy,tetrahedral,1,17,5.53521391,-15.6416,-21.17681391,0.0,0.0,0.0
vacancy_O2,O2 vacancy,tetrahedral,1,17,5.53521391,-15.6245,-21.15971391,0.0,0.0,0.0
vacancy_O2,O2 vacancy,tetrahedral,1,17,5.53521391,-15.6075,-21.14271391,0.0,0.0,0.0
vacancy_O2,O2 vacancy,tetrahedral,1,17,5.53521391,-15.5904,-21.125613910000002,0.0,0.0,0.0
vacancy_O2,O2 vacancy,tetrahedral,1,17,5.53521391,-15.5734,-21.10861391,0.0,0.0,0.0
vacancy_O2,O2 vacancy,tetrahedral,1,17,5.53521391,-15.5564,-21.09161391,0.0,0.0,0.0
vacancy_O2,O2 vacancy,tetrahedral,1,17,5.53521391,-15.5393,-21.07451391,0.0,0.0,0.0
vacancy_O2,O2 vacancy,tetrahedral,1,17,5.53521391,-15.5223,-21.05751391,0.0,0.0,0.0
vacancy_O2,O2 vacancy,tetrahedral,1,17,5.53521391,-15.5053,-21.04051391,0.0,0.0,0.0
vacancy_O2,O2 vacancy,tetrahedral,1,17,5.53521391,-15.4882,-21.023413910000002,0.0,0.0,0.0
vacancy_O2,O2 vacancy,tetrahedral,1,17,5.53521391,-15.4712,-21.00641391,0.0,0.0,0.0
vacancy_O2,O2 vacancy,tetrahedral,1,17,5.53521391,-15.4541,-20.98931391,0.0,0.0,0.0
vacancy_O2,O2 vacancy,tetrahedral,1,17,5.53521391,-15.4371,-20.97231391,0.0,0.0,0.0
vacancy_O2,O2 vacancy,tetrahedral,1,17,5.53521391,-15.4201,-20.95531391,0.0,0.0,0.0
vacancy_O2,O2 vacancy,tetrahedral,1,17,5.53521391,-15.403,-20.93821391,0.0,0.0,0.0
vacancy_O2,O2 vacancy,tetrahedral,1,17,5.53521391,-15.386,-20.92121391,0.0,0.0,0.0
vacancy_O2,O2 vacancy,tetrahedral,1,17,5.53521391,-15.369,-20.90421391,0.0,0.0,0.0
vacancy_O2,O2 vacancy,tetrahedral,1,17,5.53521391,-15.3519,-20.88711391,0.0,0.0,0.0
vacancy_O2,O2 vacancy,tetrahedral,1,17,5.53521391,-15.3349,-20.87011391,0.0,0.0,0.0
vacancy_O2,O2 vacancy,tetrahedral,1,17,5.53521391,-15.3179,-20.85311391,0.0,0.0,0.0
vacancy_O2,O2 vacancy,tetrahedral,1,17,5.53521391,-15.3008,-20.836013910000002,0.0,0.0,0.0
vacancy_O2,O2 vacancy,tetrahedral,1,17,5.53521391,-15.2838,-20.81901391,0.0,0.0,0.0
vacancy_O2,O2 vacancy,tetrahedral,1,17,5.53521391,-15.2667,-20.80191391,0.0,0.0,0.0
vacancy_O2,O2 vacancy,tetrahedral,1,17,5.53521391,-15.2497,-20.78491391,0.0,0.0,0.0
vacancy_O2,O2 vacancy,tetrahedral,1,17,5.53521391,-15.2327,-20.76791391,0.0001,0.0,0.0
vacancy_O2,O2 vacancy,tetrahedral,1,17,5.53521391,-15.2156,-20.75081391,0.0001,0.0,0.0
vacancy_O2,O2 vacancy,tetrahedral,1,17,5.53521391,-15.1986,-20.733813910000002,0.0001,0.0,0.0
vacancy_O2,O2 vacancy,tetrahedral,1,17,5.53521391,-15.1816,-20.71681391,0.0002,0.0,0.0
vacancy_O2,O2 vacancy,tetrahedral,1,17,5.53521391,-15.1645,-20.69971391,0.0003,0.0,0.0
vacancy_O2,O2 vacancy,tetrahedral,1,17,5.53521391,-15.1475,-20.68271391,0.0005,0.0,0.0
vacancy_O2,O2 vacancy,tetrahedral,1,17,5.53521391,-15.1304,-20.66561391,0.0007,0.0,0.0
vacancy_O2,O2 vacancy,tetrahedral,1,17,5.53521391,-15.1134,-20.64861391,0.0009,0.0,0.0
vacancy_O2,O2 vacancy,tetrahedral,1,17,5.53521391,-15.0964,-20.63161391,0.0011,0.0001,0.0001
vacancy_O2,O2 vacancy,tetrahedral,1,17,5.53521391,-15.0793,-20.61451391,0.0013,0.0001,0.0001
vacancy_O2,O2 vacancy,tetrahedral,1,17,5.53521391,-15.0623,-20.59751391,0.0015,0.0002,0.0001
vacancy_O2,O2 vacancy,tetrahedral,1,17,5.53521391,-15.0453,-20.58051391,0.0017,0.00030000000000000003,0.0001
vacancy_O2,O2 vacancy,tetrahedral,1,17,5.53521391,-15.0282,-20.56341391,0.0019,0.00030000000000000003,0.0001
vacancy_O2,O2 vacancy,tetrahedral,1,17,5.53521391,-15.0112,-20.546413910000002,0.002,0.00030000000000000003,0.0002
vacancy_O2,O2 vacancy,tetrahedral,1,17,5.53521391,-14.9942,-20.52941391,0.0022,0.0004,0.00030000000000000003
vacancy_O2,O2 vacancy,tetrahedral,1,17,5.53521391,-14.9771,-20.51231391,0.0023,0.0004,0.00030000000000000003
vacancy_O2,O2 vacancy,tetrahedral,1,17,5.53521391,-14.9601,-20.49531391,0.0024,0.0004,0.0004
vacancy_O2,O2 vacancy,tetrahedral,1,17,5.53521391,-14.943,-20.47821391,0.0026,0.0005,0.0005
vacancy_O2,O2 vacancy,tetrahedral,1,17,5.53521391,-14.926,-20.46121391,0.0027,0.0007,0.0005
vacancy_O2,O2 vacancy,tetrahedral,1,17,5.53521391,-14.909,-20.444213910000002,0.0029,0.0007,0.0006000000000000001
vacancy_O2,O2 vacancy,tetrahedral,1,17,5.53521391,-14.8919,-20.42711391,0.0031,0.0007999999999999999,0.0007000000000000001
vacancy_O2,O2 vacancy,tetrahedral,1,17,5.53521391,-14.8749,-20.41011391,0.0032,0.001,0.0008
vacancy_O2,O2 vacancy,tetrahedral,1,17,5.53521391,-14.8579,-20.39311391,0.0033,0.001,0.0009
vacancy_O2,O2 vacancy,tetrahedral,1,17,5.53521391,-14.8408,-20.37601391,0.0034,0.0012,0.001
vacancy_O2,O2 vacancy,tetrahedral,1,17,5.53521391,-14.8238,-20.35901391,0.0035,0.0013,0.0012000000000000001
vacancy_O2,O2 vacancy,tetrahedral,1,17,5.53521391,-14.8067,-20.34191391,0.0035,0.0014,0.0013
vacancy_O2,O2 vacancy,tetrahedral,1,17,5.53521391,-14.7897,-20.32491391,0.0034,0.0015,0.0014
vacancy_O2,O2 vacancy,tetrahedral,1,17,5.53521391,-14.7727,-20.30791391,0.0034,0.0017000000000000001,0.0015999999999999999
vacancy_O2,O2 vacancy,tetrahedral,1,17,5.53521391,-14.7556,-20.29081391,0.0033,0.0018,0.0017000000000000001
vacancy_O2,O2 vacancy,tetrahedral,1,17,5.53521391,-14.7386,-20.27381391,0.0032,0.0018,0.0018
vacancy_O2,O2 vacancy,tetrahedral,1,17,5.53521391,-14.7216,-20.25681391,0.0032,0.0018,0.0018
vacancy_O2,O2 vacancy,tetrahedral,1,17,5.53521391,-14.7045,-20.23971391,0.0031,0.0018,0.0019
vacancy_O2,O2 vacancy,tetrahedral,1,17,5.53521391,-14.6875,-20.22271391,0.003,0.0018,0.0019
vacancy_O2,O2 vacancy,tetrahedral,1,17,5.53521391,-14.6705,-20.20571391,0.003,0.0017000000000000001,0.0018
vacancy_O2,O2 vacancy,tetrahedral,1,17,5.53521391,-14.6534,-20.18861391,0.0029,0.0017000000000000001,0.0018
vacancy_O2,O2 vacancy,tetrahedral,1,17,5.53521391,-14.6364,-20.17161391,0.0028,0.0017000000000000001,0.0018
vacancy_O2,O2 vacancy,tetrahedral,1,17,5.53521391,-14.6193,-20.154513910000002,0.0027,0.0016,0.0015999999999999999
vacancy_O2,O2 vacancy,tetrahedral,1,17,5.53521391,-14.6023,-20.13751391,0.0027,0.0014,0.0015999999999999999
vacancy_O2,O2 vacancy,tetrahedral,1,17,5.53521391,-14.5853,-20.12051391,0.0026,0.0014,0.0015
vacancy_O2,O2 vacancy,tetrahedral,1,17,5.53521391,-14.5682,-20.10341391,0.0026,0.0014,0.0015
vacancy_O2,O2 vacancy,tetrahedral,1,17,5.53521391,-14.5512,-20.08641391,0.0026,0.0014,0.0015
vacancy_O2,O2 vacancy,tetrahedral,1,17,5.53521391,-14.5342,-20.06941391,0.0026,0.0014,0.0015
vacancy_O2,O2 vacancy,tetrahedral,1,17,5.53521391,-14.5171,-20.05231391,0.0027,0.0014,0.0015
vacancy_O2,O2 vacancy,tetrahedral,1,17,5.53521391,-14.5001,-20.03531391,0.0027,0.0014,0.0017000000000000001
vacancy_O2,O2 vacancy,tetrahedral,1,17,5.53521391,-14.483,-20.01821391,0.0028,0.0015,0.0018
vacancy_O2,O2 vacancy,tetrahedral,1,17,5.53521391,-14.466,-20.00121391,0.003,0.0017000000000000001,0.002
vacancy_O2,O2 vacancy,tetrahedral,1,17,5.53521391,-14.449,-19.98421391,0.0031,0.0018,0.0022
vacancy_O2,O2 vacancy,tetrahedral,1,17,5.53521391,-14.4319,-19.967113910000002,0.0033,0.0018,0.0022
vacancy_O2,O2 vacancy,tetrahedral,1,17,5.53521391,-14.4149,-19.95011391,0.0034,0.0019000000000000002,0.0024000000000000002
vacancy_O2,O2 vacancy,tetrahedral,1,17,5.53521391,-14.3979,-19.93311391,0.0037,0.0021,0.0027999999999999995
vacancy_O2,O2 vacancy,tetrahedral,1,17,5.53521391,-14.3808,-19.91601391,0.0039,0.0021,0.0029
vacancy_O2,O2 vacancy,tetrahedral,1,17,5.53521391,-14.3638,-19.89901391,0.0042,0.0022,0.0029
vacancy_O2,O2 vacancy,tetrahedral,1,17,5.53521391,-14.3468,-19.88201391,0.0045,0.0024,0.0031
vacancy_O2,O2 vacancy,tetrahedral,1,17,5.53521391,-14.3297,-19.864913910000002,0.0049,0.0024,0.0031999999999999997
vacancy_O2,O2 vacancy,tetrahedral,1,17,5.53521391,-14.3127,-19.84791391,0.0052,0.0026,0.0034000000000000002
vacancy_O2,O2 vacancy,tetrahedral,1,17,5.53521391,-14.2956,-19.83081391,0.0055,0.0027999999999999995,0.0036
vacancy_O2,O2 vacancy,tetrahedral,1,17,5.53521391,-14.2786,-19.81381391,0.0058,0.0029,0.0039
vacancy_O2,O2 vacancy,tetrahedral,1,17,5.53521391,-14.2616,-19.79681391,0.006,0.0031000000000000003,0.0042
vacancy_O2,O2 vacancy,tetrahedral,1,17,5.53521391,-14.2445,-19.77971391,0.0062,0.0031999999999999997,0.004399999999999999
vacancy_O2,O2 vacancy,tetrahedral,1,17,5.53521391,-14.2275,-19.76271391,0.0063,0.0033,0.0046
vacancy_O2,O2 vacancy,tetrahedral,1,17,5.53521391,-14.2105,-19.74571391,0.0064,0.0034,0.0049
vacancy_O2,O2 vacancy,tetrahedral,1,17,5.53521391,-14.1934,-19.72861391,0.0065,0.0034,0.0050999999999999995
vacancy_O2,O2 vacancy,tetrahedral,1,17,5.53521391,-14.1764,-19.71161391,0.0066,0.0034999999999999996,0.0053
vacancy_O2,O2 vacancy,tetrahedral,1,17,5.53521391,-14.1593,-19.69451391,0.0066,0.0036,0.0055
vacancy_O2,O2 vacancy,tetrahedral,1,17,5.53521391,-14.1423,-19.677513910000002,0.0067,0.0036,0.0056
vacancy_O2,O2 vacancy,tetrahedral,1,17,5.53521391,-14.1253,-19.66051391,0.0068,0.0037,0.0058
vacancy_O2,O2 vacancy,tetrahedral,1,17,5.53521391,-14.1082,-19.64341391,0.0068,0.0037,0.0060999999999999995
vacancy_O2,O2 vacancy,tetrahedral,1,17,5.53521391,-14.0912,-19.62641391,0.0068,0.0037,0.006200000000000001
vacancy_O2,O2 vacancy,tetrahedral,1,17,5.53521391,-14.0742,-19.60941391,0.0067,0.0037,0.0064
vacancy_O2,O2 vacancy,tetrahedral,1,17,5.53521391,-14.0571,-19.59231391,0.0066,0.0037999999999999996,0.006699999999999999
vacancy_O2,O2 vacancy,tetrahedral,1,17,5.53521391,-14.0401,-19.575313910000002,0.0063,0.0037,0.0069
vacancy_O2,O2 vacancy,tetrahedral,1,17,5.53521391,-14.0231,-19.55831391,0.006,0.0037,0.0071
vacancy_O2,O2 vacancy,tetrahedral,1,17,5.53521391,-14.006,-19.54121391,0.0058,0.0038,0.0074
vacancy_O2,O2 vacancy,tetrahedral,1,17,5.53521391,-13.989,-19.52421391,0.0055,0.0037999999999999996,0.0077
vacancy_O2,O2 vacancy,tetrahedral,1,17,5.53521391,-13.9719,-19.50711391,0.0055,0.0037999999999999996,0.008
vacancy_O2,O2 vacancy,tetrahedral,1,17,5.53521391,-13.9549,-19.49011391,0.0056,0.004,0.0085
vacancy_O2,O2 vacancy,tetrahedral,1,17,5.53521391,-13.9379,-19.473113910000002,0.0061,0.0042,0.0092
vacancy_O2,O2 vacancy,tetrahedral,1,17,5.53521391,-13.9208,-19.45601391,0.0069,0.0045,0.0099
vacancy_O2,O2 vacancy,tetrahedral,1,17,5.53521391,-13.9038,-19.43901391,0.0082,0.0049,0.0109
vacancy_O2,O2 vacancy,tetrahedral,1,17,5.53521391,-13.8868,-19.42201391,0.0099,0.0055,0.0121
vacancy_O2,O2 vacancy,tetrahedral,1,17,5.53521391,-13.8697,-19.40491391,0.0121,0.0062,0.0134
vacancy_O2,O2 vacancy,tetrahedral,1,17,5.53521391,-13.8527,-19.38791391,0.0146,0.007,0.0149
vacancy_O2,O2 vacancy,tetrahedral,1,17,5.53521391,-13.8356,-19.37081391,0.0173,0.0078,0.0164
vacancy_O2,O2 vacancy,tetrahedral,1,17,5.53521391,-13.8186,-19.35381391,0.0199,0.008799999999999999,0.018099999999999998
vacancy_O2,O2 vacancy,tetrahedral,1,17,5.53521391,-13.8016,-19.33681391,0.0224,0.0097,0.0196
vacancy_O2,O2 vacancy,tetrahedral,1,17,5.53521391,-13.7845,-19.31971391,0.0244,0.010499999999999999,0.0209
vacancy_O2,O2 vacancy,tetrahedral,1,17,5.53521391,-13.7675,-19.30271391,0.0258,0.011,0.022
vacancy_O2,O2 vacancy,tetrahedral,1,17,5.53521391,-13.7505,-19.285713910000002,0.0266,0.0115,0.0227
vacancy_O2,O2 vacancy,tetrahedral,1,17,5.53521391,-13.7334,-19.26861391,0.0267,0.011800000000000001,0.023
vacancy_O2,O2 vacancy,tetrahedral,1,17,5.53521391,-13.7164,-19.25161391,0.0264,0.011699999999999999,0.022600000000000002
vacancy_O2,O2 vacancy,tetrahedral,1,17,5.53521391,-13.6994,-19.23461391,0.0259,0.0115,0.022199999999999998
vacancy_O2,O2 vacancy,tetrahedral,1,17,5.53521391,-13.6823,-19.21751391,0.0256,0.011300000000000001,0.0215
vacancy_O2,O2 vacancy,tetrahedral,1,17,5.53521391,-13.6653,-19.20051391,0.0257,0.011099999999999999,0.020900000000000002
vacancy_O2,O2 vacancy,tetrahedral,1,17,5.53521391,-13.6482,-19.18341391,0.0266,0.011200000000000002,0.0208
vacancy_O2,O2 vacancy,tetrahedral,1,17,5.53521391,-13.6312,-19.16641391,0.0285,0.0117,0.0212
vacancy_O2,O2 vacancy,tetrahedral,1,17,5.53521391,-13.6142,-19.14941391,0.0316,0.0126,0.022699999999999998
vacancy_O2,O2 vacancy,tetrahedral,1,17,5.53521391,-13.5971,-19.13231391,0.0361,0.0143,0.0253
vacancy_O2,O2 vacancy,tetrahedral,1,17,5.53521391,-13.5801,-19.11531391,0.0421,0.0167,0.029699999999999997
vacancy_O2,O2 vacancy,tetrahedral,1,17,5.53521391,-13.5631,-19.09831391,0.0493,0.0196,0.035500000000000004
vacancy_O2,O2 vacancy,tetrahedral,1,17,5.53521391,-13.546,-19.08121391,0.0575,0.0234,0.0426
vacancy_O2,O2 vacancy,tetrahedral,1,17,5.53521391,-13.529,-19.06421391,0.0663,0.0276,0.0512
vacancy_O2,O2 vacancy,tetrahedral,1,17,5.53521391,-13.5119,-19.04711391,0.075,0.032,0.0604
vacancy_O2,O2 vacancy,tetrahedral,1,17,5.53521391,-13.4949,-19.03011391,0.0831,0.0364,0.0701
vacancy_O2,O2 vacancy,tetrahedral,1,17,5.53521391,-13.4779,-19.01311391,0.0901,0.0405,0.0796
vacancy_O2,O2 vacancy,tetrahedral,1,17,5.53521391,-13.4608,-18.996013910000002,0.0956,0.0441,0.0884
vacancy_O2,O2 vacancy,tetrahedral,1,17,5.53521391,-13.4438,-18.97901391,0.0997,0.0471,0.0964
vacancy_O2,O2 vacancy,tetrahedral,1,17,5.53521391,-13.4268,-18.96201391,0.1023,0.0494,0.1035
vacancy_O2,O2 vacancy,tetrahedral,1,17,5.53521391,-13.4097,-18.94491391,0.1038,0.0513,0.11000000000000001
vacancy_O2,O2 vacancy,tetrahedral,1,17,5.53521391,-13.3927,-18.92791391,0.1044,0.053,0.1163
vacancy_O2,O2 vacancy,tetrahedral,1,17,5.53521391,-13.3757,-18.91091391,0.1042,0.054900000000000004,0.1237
vacancy_O2,O2 vacancy,tetrahedral,1,17,5.53521391,-13.3586,-18.89381391,0.1034,0.0571,0.1332
vacancy_O2,O2 vacancy,tetrahedral,1,17,5.53521391,-13.3416,-18.87681391,0.1019,0.060200000000000004,0.14579999999999999
vacancy_O2,O2 vacancy,tetrahedral,1,17,5.53521391,-13.3245,-18.85971391,0.0993,0.0643,0.1628
vacancy_O2,O2 vacancy,tetrahedral,1,17,5.53521391,-13.3075,-18.84271391,0.0956,0.06939999999999999,0.18409999999999999
vacancy_O2,O2 vacancy,tetrahedral,1,17,5.53521391,-13.2905,-18.82571391,0.0903,0.0749,0.20879999999999999
vacancy_O2,O2 vacancy,tetrahedral,1,17,5.53521391,-13.2734,-18.808613910000002,0.0834,0.0807,0.23450000000000001
vacancy_O2,O2 vacancy,tetrahedral,1,17,5.53521391,-13.2564,-18.79161391,0.0749,0.0854,0.2577
vacancy_O2,O2 vacancy,tetrahedral,1,17,5.53521391,-13.2394,-18.77461391,0.0652,0.0881,0.2744
vacancy_O2,O2 vacancy,tetrahedral,1,17,5.53521391,-13.2223,-18.75751391,0.0547,0.088,0.28099999999999997
vacancy_O2,O2 vacancy,tetrahedral,1,17,5.53521391,-13.2053,-18.74051391,0.0442,0.0842,0.2751
vacancy_O2,O2 vacancy,tetrahedral,1,17,5.53521391,-13.1883,-18.72351391,0.0342,0.07730000000000001,0.2566
vacancy_O2,O2 vacancy,tetrahedral,1,17,5.53521391,-13.1712,-18.706413910000002,0.0253,0.0675,0.2273
vacancy_O2,O2 vacancy,tetrahedral,1,17,5.53521391,-13.1542,-18.68941391,0.0179,0.056100000000000004,0.19119999999999998
vacancy_O2,O2 vacancy,tetrahedral,1,17,5.53521391,-13.1371,-18.67231391,0.012,0.0443,0.1522
vacancy_O2,O2 vacancy,tetrahedral,1,17,5.53521391,-13.1201,-18.65531391,0.0077,0.0331,0.11499999999999999
vacancy_O2,O2 vacancy,tetrahedral,1,17,5.53521391,-13.1031,-18.63831391,0.0048,0.023700000000000002,0.0826
vacancy_O2,O2 vacancy,tetrahedral,1,17,5.53521391,-13.086,-18.62121391,0.003,0.016300000000000002,0.0571
vacancy_O2,O2 vacancy,tetrahedral,1,17,5.53521391,-13.069,-18.604213910000002,0.002,0.011099999999999999,0.039599999999999996
vacancy_O2,O2 vacancy,tetrahedral,1,17,5.53521391,-13.052,-18.58721391,0.0018,0.0082,0.030199999999999998
vacancy_O2,O2 vacancy,tetrahedral,1,17,5.53521391,-13.0349,-18.57011391,0.0023,0.007599999999999999,0.029099999999999997
vacancy_O2,O2 vacancy,tetrahedral,1,17,5.53521391,-13.0179,-18.55311391,0.0036,0.0092,0.0363
vacancy_O2,O2 vacancy,tetrahedral,1,17,5.53521391,-13.0008,-18.53601391,0.0057,0.013199999999999998,0.0529
vacancy_O2,O2 vacancy,tetrahedral,1,17,5.53521391,-12.9838,-18.51901391,0.0089,0.019700000000000002,0.0791
vacancy_O2,O2 vacancy,tetrahedral,1,17,5.53521391,-12.9668,-18.50201391,0.0131,0.028600000000000004,0.1152
vacancy_O2,O2 vacancy,tetrahedral,1,17,5.53521391,-12.9497,-18.48491391,0.0183,0.0397,0.16
vacancy_O2,O2 vacancy,tetrahedral,1,17,5.53521391,-12.9327,-18.46791391,0.0242,0.0523,0.2103
vacancy_O2,O2 vacancy,tetrahedral,1,17,5.53521391,-12.9157,-18.45091391,0.0301,0.0649,0.26130000000000003
vacancy_O2,O2 vacancy,tetrahedral,1,17,5.53521391,-12.8986,-18.43381391,0.0353,0.07619999999999999,0.3066
vacancy_O2,O2 vacancy,tetrahedral,1,17,5.53521391,-12.8816,-18.416813910000002,0.0392,0.0843,0.33949999999999997
vacancy_O2,O2 vacancy,tetrahedral,1,17,5.53521391,-12.8646,-18.39981391,0.041,0.0881,0.3548
vacancy_O2,O2 vacancy,tetrahedral,1,17,5.53521391,-12.8475,-18.38271391,0.0405,0.087,0.3502
vacancy_O2,O2 vacancy,tetrahedral,1,17,5.53521391,-12.8305,-18.36571391,0.0378,0.081,0.3263
vacancy_O2,O2 vacancy,tetrahedral,1,17,5.53521391,-12.8134,-18.34861391,0.0333,0.07129999999999999,0.2868
vacancy_O2,O2 vacancy,tetrahedral,1,17,5.53521391,-12.7964,-18.33161391,0.0277,0.0592,0.2382
vacancy_O2,O2 vacancy,tetrahedral,1,17,5.53521391,-12.7794,-18.314613910000002,0.0217,0.0464,0.1866
vacancy_O2,O2 vacancy,tetrahedral,1,17,5.53521391,-12.7623,-18.29751391,0.0161,0.0344,0.138
vacancy_O2,O2 vacancy,tetrahedral,1,17,5.53521391,-12.7453,-18.28051391,0.0113,0.0239,0.0963
vacancy_O2,O2 vacancy,tetrahedral,1,17,5.53521391,-12.7283,-18.26351391,0.0074,0.015799999999999998,0.0637
vacancy_O2,O2 vacancy,tetrahedral,1,17,5.53521391,-12.7112,-18.24641391,0.0046,0.0098,0.0395
vacancy_O2,O2 vacancy,tetrahedral,1,17,5.53521391,-12.6942,-18.22941391,0.0027,0.0057,0.0232
vacancy_O2,O2 vacancy,tetrahedral,1,17,5.53521391,-12.6771,-18.21231391,0.0015,0.0032,0.0129
vacancy_O2,O2 vacancy,tetrahedral,1,17,5.53521391,-12.6601,-18.19531391,0.0008,0.0016,0.006699999999999999
vacancy_O2,O2 vacancy,tetrahedral,1,17,5.53521391,-12.6431,-18.17831391,0.0004,0.0009000000000000001,0.0034
vacancy_O2,O2 vacancy,tetrahedral,1,17,5.53521391,-12.626,-18.16121391,0.0002,0.0004,0.0014999999999999998
vacancy_O2,O2 vacancy,tetrahedral,1,17,5.53521391,-12.609,-18.14421391,0.0001,0.0002,0.0006000000000000001
vacancy_O2,O2 vacancy,tetrahedral,1,17,5.53521391,-12.592,-18.127213910000002,0.0,0.0001,0.00030000000000000003
vacancy_O2,O2 vacancy,tetrahedral,1,17,5.53521391,-12.5749,-18.11011391,0.0,0.0,0.0001
vacancy_O2,O2 vacancy,tetrahedral,1,17,5.53521391,-12.5579,-18.09311391,0.0,0.0,0.0
vacancy_O2,O2 vacancy,tetrahedral,1,17,5.53521391,-12.5409,-18.07611391,0.0,0.0,0.0
vacancy_O2,O2 vacancy,tetrahedral,1,17,5.53521391,-12.5238,-18.05901391,0.0,0.0,0.0
vacancy_O2,O2 vacancy,tetrahedral,1,17,5.53521391,-12.5068,-18.04201391,0.0,0.0,0.0
vacancy_O2,O2 vacancy,tetrahedral,1,17,5.53521391,-12.4897,-18.02491391,0.0,0.0,0.0
vacancy_O2,O2 vacancy,tetrahedral,1,17,5.53521391,-12.4727,-18.00791391,0.0,0.0,0.0
vacancy_O2,O2 vacancy,tetrahedral,1,17,5.53521391,-12.4557,-17.99091391,0.0,0.0,0.0
vacancy_O2,O2 vacancy,tetrahedral,1,17,5.53521391,-12.4386,-17.97381391,0.0,0.0,0.0
vacancy_O2,O2 vacancy,tetrahedral,1,17,5.53521391,-12.4216,-17.95681391,0.0,0.0,0.0
vacancy_O2,O2 vacancy,tetrahedral,1,17,5.53521391,-12.4046,-17.93981391,0.0,0.0,0.0
vacancy_O2,O2 vacancy,tetrahedral,1,17,5.53521391,-12.3875,-17.92271391,0.0,0.0,0.0
vacancy_O2,O2 vacancy,tetrahedral,1,17,5.53521391,-12.3705,-17.90571391,0.0,0.0,0.0
vacancy_O2,O2 vacancy,tetrahedral,1,17,5.53521391,-12.3534,-17.88861391,0.0,0.0,0.0
vacancy_O2,O2 vacancy,tetrahedral,1,17,5.53521391,-12.3364,-17.87161391,0.0,0.0,0.0
vacancy_O2,O2 vacancy,tetrahedral,1,17,5.53521391,-12.3194,-17.85461391,0.0,0.0,0.0
vacancy_O2,O2 vacancy,tetrahedral,1,17,5.53521391,-12.3023,-17.837513910000002,0.0,0.0,0.0
vacancy_O2,O2 vacancy,tetrahedral,1,17,5.53521391,-12.2853,-17.82051391,0.0,0.0,0.0
vacancy_O2,O2 vacancy,tetrahedral,1,17,5.53521391,-12.2683,-17.80351391,0.0,0.0,0.0
vacancy_O2,O2 vacancy,tetrahedral,1,17,5.53521391,-12.2512,-17.78641391,0.0,0.0,0.0
vacancy_O2,O2 vacancy,tetrahedral,1,17,5.53521391,-12.2342,-17.76941391,0.0,0.0,0.0
vacancy_O2,O2 vacancy,tetrahedral,1,17,5.53521391,-12.2172,-17.75241391,0.0,0.0,0.0
vacancy_O2,O2 vacancy,tetrahedral,1,17,5.53521391,-12.2001,-17.735313910000002,0.0,0.0,0.0
vacancy_O2,O2 vacancy,tetrahedral,1,17,5.53521391,-12.1831,-17.71831391,0.0,0.0,0.0
vacancy_O2,O2 vacancy,tetrahedral,1,17,5.53521391,-12.166,-17.70121391,0.0,0.0,0.0
vacancy_O2,O2 vacancy,tetrahedral,1,17,5.53521391,-12.149,-17.68421391,0.0,0.0,0.0
vacancy_O2,O2 vacancy,tetrahedral,1,17,5.53521391,-12.132,-17.66721391,0.0,0.0,0.0
vacancy_O2,O2 vacancy,tetrahedral,1,17,5.53521391,-12.1149,-17.65011391,0.0,0.0,0.0
vacancy_O2,O2 vacancy,tetrahedral,1,17,5.53521391,-12.0979,-17.63311391,0.0,0.0,0.0
vacancy_O2,O2 vacancy,tetrahedral,1,17,5.53521391,-12.0809,-17.61611391,0.0,0.0,0.0
vacancy_O2,O2 vacancy,tetrahedral,1,17,5.53521391,-12.0638,-17.59901391,0.0,0.0,0.0
vacancy_O2,O2 vacancy,tetrahedral,1,17,5.53521391,-12.0468,-17.58201391,0.0,0.0,0.0
vacancy_O2,O2 vacancy,tetrahedral,1,17,5.53521391,-12.0297,-17.56491391,0.0,0.0,0.0
vacancy_O2,O2 vacancy,tetrahedral,1,17,5.53521391,-12.0127,-17.547913910000002,0.0,0.0,0.0
vacancy_O2,O2 vacancy,tetrahedral,1,17,5.53521391,-11.9957,-17.53091391,0.0,0.0,0.0
vacancy_O2,O2 vacancy,tetrahedral,1,17,5.53521391,-11.9786,-17.51381391,0.0,0.0,0.0
vacancy_O2,O2 vacancy,tetrahedral,1,17,5.53521391,-11.9616,-17.49681391,0.0,0.0,0.0
vacancy_O2,O2 vacancy,tetrahedral,1,17,5.53521391,-11.9446,-17.47981391,0.0,0.0,0.0
vacancy_O2,O2 vacancy,tetrahedral,1,17,5.53521391,-11.9275,-17.46271391,0.0,0.0,0.0
vacancy_O2,O2 vacancy,tetrahedral,1,17,5.53521391,-11.9105,-17.445713910000002,0.0,0.0,0.0
vacancy_O2,O2 vacancy,tetrahedral,1,17,5.53521391,-11.8935,-17.42871391,0.0,0.0,0.0
vacancy_O2,O2 vacancy,tetrahedral,1,17,5.53521391,-11.8764,-17.41161391,0.0,0.0,0.0
vacancy_O2,O2 vacancy,tetrahedral,1,17,5.53521391,-11.8594,-17.39461391,0.0,0.0,0.0
vacancy_O2,O2 vacancy,tetrahedral,1,17,5.53521391,-11.8423,-17.37751391,0.0,0.0,0.0
vacancy_O2,O2 vacancy,tetrahedral,1,17,5.53521391,-11.8253,-17.36051391,0.0,0.0,0.0
vacancy_O2,O2 vacancy,tetrahedral,1,17,5.53521391,-11.8083,-17.34351391,0.0,0.0,0.0
vacancy_O2,O2 vacancy,tetrahedral,1,17,5.53521391,-11.7912,-17.32641391,0.0,0.0,0.0
vacancy_O2,O2 vacancy,tetrahedral,1,17,5.53521391,-11.7742,-17.30941391,0.0,0.0,0.0
vacancy_O2,O2 vacancy,tetrahedral,1,17,5.53521391,-11.7572,-17.29241391,0.0,0.0,0.0
vacancy_O2,O2 vacancy,tetrahedral,1,17,5.53521391,-11.7401,-17.27531391,0.0,0.0,0.0
vacancy_O2,O2 vacancy,tetrahedral,1,17,5.53521391,-11.7231,-17.258313910000002,0.0,0.0,0.0
vacancy_O2,O2 vacancy,tetrahedral,1,17,5.53521391,-11.706,-17.24121391,0.0,0.0,0.0
vacancy_O2,O2 vacancy,tetrahedral,1,17,5.53521391,-11.689,-17.22421391,0.0,0.0,0.0
vacancy_O2,O2 vacancy,tetrahedral,1,17,5.53521391,-11.672,-17.20721391,0.0,0.0,0.0
vacancy_O2,O2 vacancy,tetrahedral,1,17,5.53521391,-11.6549,-17.19011391,0.0,0.0,0.0
vacancy_O2,O2 vacancy,tetrahedral,1,17,5.53521391,-11.6379,-17.17311391,0.0,0.0,0.0
vacancy_O2,O2 vacancy,tetrahedral,1,17,5.53521391,-11.6209,-17.156113910000002,0.0,0.0,0.0
vacancy_O2,O2 vacancy,tetrahedral,1,17,5.53521391,-11.6038,-17.13901391,0.0,0.0,0.0
vacancy_O2,O2 vacancy,tetrahedral,1,17,5.53521391,-11.5868,-17.12201391,0.0,0.0,0.0
vacancy_O2,O2 vacancy,tetrahedral,1,17,5.53521391,-11.5698,-17.10501391,0.0,0.0,0.0
vacancy_O2,O2 vacancy,tetrahedral,1,17,5.53521391,-11.5527,-17.08791391,0.0,0.0,0.0
vacancy_O2,O2 vacancy,tetrahedral,1,17,5.53521391,-11.5357,-17.07091391,0.0,0.0,0.0
vacancy_O2,O2 vacancy,tetrahedral,1,17,5.53521391,-11.5186,-17.05381391,0.0,0.0,0.0
vacancy_O2,O2 vacancy,tetrahedral,1,17,5.53521391,-11.5016,-17.03681391,0.0,0.0,0.0
vacancy_O2,O2 vacancy,tetrahedral,1,17,5.53521391,-11.4846,-17.01981391,0.0,0.0,0.0
vacancy_O2,O2 vacancy,tetrahedral,1,17,5.53521391,-11.4675,-17.00271391,0.0,0.0,0.0
vacancy_O2,O2 vacancy,tetrahedral,1,17,5.53521391,-11.4505,-16.98571391,0.0,0.0,0.0
vacancy_O2,O2 vacancy,tetrahedral,1,17,5.53521391,-11.4335,-16.96871391,0.0,0.0,0.0
vacancy_O2,O2 vacancy,tetrahedral,1,17,5.53521391,-11.4164,-16.95161391,0.0,0.0,0.0
vacancy_O2,O2 vacancy,tetrahedral,1,17,5.53521391,-11.3994,-16.93461391,0.0,0.0,0.0
vacancy_O2,O2 vacancy,tetrahedral,1,17,5.53521391,-11.3823,-16.91751391,0.0,0.0,0.0
vacancy_O2,O2 vacancy,tetrahedral,1,17,5.53521391,-11.3653,-16.90051391,0.0,0.0,0.0
vacancy_O2,O2 vacancy,tetrahedral,1,17,5.53521391,-11.3483,-16.88351391,0.0,0.0,0.0
vacancy_O2,O2 vacancy,tetrahedral,1,17,5.53521391,-11.3312,-16.866413910000002,0.0,0.0,0.0
vacancy_O2,O2 vacancy,tetrahedral,1,17,5.53521391,-11.3142,-16.84941391,0.0,0.0,0.0
vacancy_O2,O2 vacancy,tetrahedral,1,17,5.53521391,-11.2972,-16.83241391,0.0,0.0,0.0
vacancy_O2,O2 vacancy,tetrahedral,1,17,5.53521391,-11.2801,-16.81531391,0.0,0.0,0.0
vacancy_O2,O2 vacancy,tetrahedral,1,17,5.53521391,-11.2631,-16.79831391,0.0,0.0,0.0
vacancy_O2,O2 vacancy,tetrahedral,1,17,5.53521391,-11.2461,-16.78131391,0.0,0.0,0.0
vacancy_O2,O2 vacancy,tetrahedral,1,17,5.53521391,-11.229,-16.76421391,0.0,0.0,0.0
vacancy_O2,O2 vacancy,tetrahedral,1,17,5.53521391,-11.212,-16.74721391,0.0,0.0,0.0
vacancy_O2,O2 vacancy,tetrahedral,1,17,5.53521391,-11.1949,-16.73011391,0.0,0.0,0.0
vacancy_O2,O2 vacancy,tetrahedral,1,17,5.53521391,-11.1779,-16.71311391,0.0,0.0,0.0
vacancy_O2,O2 vacancy,tetrahedral,1,17,5.53521391,-11.1609,-16.69611391,0.0,0.0,0.0
vacancy_O2,O2 vacancy,tetrahedral,1,17,5.53521391,-11.1438,-16.679013910000002,0.0,0.0,0.0
vacancy_O2,O2 vacancy,tetrahedral,1,17,5.53521391,-11.1268,-16.66201391,0.0,0.0,0.0
vacancy_O2,O2 vacancy,tetrahedral,1,17,5.53521391,-11.1098,-16.64501391,0.0,0.0,0.0
vacancy_O2,O2 vacancy,tetrahedral,1,17,5.53521391,-11.0927,-16.62791391,0.0,0.0,0.0
vacancy_O2,O2 vacancy,tetrahedral,1,17,5.53521391,-11.0757,-16.61091391,0.0,0.0,0.0
vacancy_O2,O2 vacancy,tetrahedral,1,17,5.53521391,-11.0586,-16.59381391,0.0,0.0,0.0
vacancy_O2,O2 vacancy,tetrahedral,1,17,5.53521391,-11.0416,-16.576813910000002,0.0,0.0,0.0
vacancy_O2,O2 vacancy,tetrahedral,1,17,5.53521391,-11.0246,-16.55981391,0.0,0.0,0.0
vacancy_O2,O2 vacancy,tetrahedral,1,17,5.53521391,-11.0075,-16.54271391,0.0,0.0,0.0
vacancy_O2,O2 vacancy,tetrahedral,1,17,5.53521391,-10.9905,-16.52571391,0.0,0.0,0.0
vacancy_O2,O2 vacancy,tetrahedral,1,17,5.53521391,-10.9735,-16.50871391,0.0,0.0,0.0
vacancy_O2,O2 vacancy,tetrahedral,1,17,5.53521391,-10.9564,-16.49161391,0.0,0.0,0.0
vacancy_O2,O2 vacancy,tetrahedral,1,17,5.53521391,-10.9394,-16.47461391,0.0,0.0,0.0
vacancy_O2,O2 vacancy,tetrahedral,1,17,5.53521391,-10.9224,-16.45761391,0.0,0.0,0.0
vacancy_O2,O2 vacancy,tetrahedral,1,17,5.53521391,-10.9053,-16.44051391,0.0,0.0,0.0
vacancy_O2,O2 vacancy,tetrahedral,1,17,5.53521391,-10.8883,-16.42351391,0.0,0.0,0.0
vacancy_O2,O2 vacancy,tetrahedral,1,17,5.53521391,-10.8712,-16.40641391,0.0,0.0,0.0
vacancy_O2,O2 vacancy,tetrahedral,1,17,5.53521391,-10.8542,-16.389413910000002,0.0,0.0,0.0
vacancy_O2,O2 vacancy,tetrahedral,1,17,5.53521391,-10.8372,-16.37241391,0.0,0.0,0.0
vacancy_O2,O2 vacancy,tetrahedral,1,17,5.53521391,-10.8201,-16.35531391,0.0,0.0,0.0
vacancy_O2,O2 vacancy,tetrahedral,1,17,5.53521391,-10.8031,-16.33831391,0.0,0.0,0.0
vacancy_O2,O2 vacancy,tetrahedral,1,17,5.53521391,-10.7861,-16.32131391,0.0,0.0,0.0
vacancy_O2,O2 vacancy,tetrahedral,1,17,5.53521391,-10.769,-16.30421391,0.0,0.0,0.0
vacancy_O2,O2 vacancy,tetrahedral,1,17,5.53521391,-10.752,-16.287213910000002,0.0,0.0,0.0
vacancy_O2,O2 vacancy,tetrahedral,1,17,5.53521391,-10.7349,-16.27011391,0.0,0.0,0.0
vacancy_O2,O2 vacancy,tetrahedral,1,17,5.53521391,-10.7179,-16.25311391,0.0,0.0,0.0
vacancy_O2,O2 vacancy,tetrahedral,1,17,5.53521391,-10.7009,-16.23611391,0.0,0.0,0.0
vacancy_O2,O2 vacancy,tetrahedral,1,17,5.53521391,-10.6838,-16.21901391,0.0,0.0,0.0
vacancy_O2,O2 vacancy,tetrahedral,1,17,5.53521391,-10.6668,-16.20201391,0.0,0.0,0.0
vacancy_O2,O2 vacancy,tetrahedral,1,17,5.53521391,-10.6498,-16.185013910000002,0.0,0.0,0.0
vacancy_O2,O2 vacancy,tetrahedral,1,17,5.53521391,-10.6327,-16.16791391,0.0,0.0,0.0
vacancy_O2,O2 vacancy,tetrahedral,1,17,5.53521391,-10.6157,-16.15091391,0.0,0.0,0.0
vacancy_O2,O2 vacancy,tetrahedral,1,17,5.53521391,-10.5987,-16.13391391,0.0,0.0,0.0
vacancy_O2,O2 vacancy,tetrahedral,1,17,5.53521391,-10.5816,-16.11681391,0.0,0.0,0.0
vacancy_O2,O2 vacancy,tetrahedral,1,17,5.53521391,-10.5646,-16.09981391,0.0,0.0,0.0
vacancy_O2,O2 vacancy,tetrahedral,1,17,5.53521391,-10.5475,-16.08271391,0.0,0.0,0.0
vacancy_O2,O2 vacancy,tetrahedral,1,17,5.53521391,-10.5305,-16.06571391,0.0,0.0,0.0
vacancy_O2,O2 vacancy,tetrahedral,1,17,5.53521391,-10.5135,-16.04871391,0.0,0.0,0.0
vacancy_O2,O2 vacancy,tetrahedral,1,17,5.53521391,-10.4964,-16.03161391,0.0,0.0,0.0
vacancy_O2,O2 vacancy,tetrahedral,1,17,5.53521391,-10.4794,-16.01461391,0.0,0.0,0.0
vacancy_O2,O2 vacancy,tetrahedral,1,17,5.53521391,-10.4624,-15.997613910000002,0.0,0.0,0.0
vacancy_O2,O2 vacancy,tetrahedral,1,17,5.53521391,-10.4453,-15.980513909999999,0.0,0.0,0.0
vacancy_O2,O2 vacancy,tetrahedral,1,17,5.53521391,-10.4283,-15.96351391,0.0,0.0,0.0
vacancy_O2,O2 vacancy,tetrahedral,1,17,5.53521391,-10.4112,-15.94641391,0.0,0.0,0.0
vacancy_O2,O2 vacancy,tetrahedral,1,17,5.53521391,-10.3942,-15.929413910000001,0.0,0.0,0.0
vacancy_O2,O2 vacancy,tetrahedral,1,17,5.53521391,-10.3772,-15.912413910000001,0.0,0.0,0.0
vacancy_O2,O2 vacancy,tetrahedral,1,17,5.53521391,-10.3601,-15.895313909999999,0.0,0.0,0.0
vacancy_O2,O2 vacancy,tetrahedral,1,17,5.53521391,-10.3431,-15.87831391,0.0,0.0,0.0
vacancy_O2,O2 vacancy,tetrahedral,1,17,5.53521391,-10.3261,-15.86131391,0.0,0.0,0.0
vacancy_O2,O2 vacancy,tetrahedral,1,17,5.53521391,-10.309,-15.84421391,0.0,0.0,0.0
vacancy_O2,O2 vacancy,tetrahedral,1,17,5.53521391,-10.292,-15.827213910000001,0.0,0.0,0.0
vacancy_O2,O2 vacancy,tetrahedral,1,17,5.53521391,-10.275,-15.810213910000002,0.0,0.0,0.0
vacancy_O2,O2 vacancy,tetrahedral,1,17,5.53521391,-10.2579,-15.793113909999999,0.0,0.0,0.0
vacancy_O2,O2 vacancy,tetrahedral,1,17,5.53521391,-10.2409,-15.77611391,0.0,0.0,0.0
vacancy_O2,O2 vacancy,tetrahedral,1,17,5.53521391,-10.2238,-15.75901391,0.0,0.0,0.0
vacancy_O2,O2 vacancy,tetrahedral,1,17,5.53521391,-10.2068,-15.74201391,0.0,0.0,0.0
vacancy_O2,O2 vacancy,tetrahedral,1,17,5.53521391,-10.1898,-15.725013910000001,0.0,0.0,0.0
vacancy_O2,O2 vacancy,tetrahedral,1,17,5.53521391,-10.1727,-15.707913910000002,0.0,0.0,0.0
vacancy_O2,O2 vacancy,tetrahedral,1,17,5.53521391,-10.1557,-15.690913909999999,0.0,0.0,0.0
vacancy_O2,O2 vacancy,tetrahedral,1,17,5.53521391,-10.1387,-15.67391391,0.0,0.0,0.0
vacancy_O2,O2 vacancy,tetrahedral,1,17,5.53521391,-10.1216,-15.65681391,0.0,0.0,0.0
vacancy_O2,O2 vacancy,tetrahedral,1,17,5.53521391,-10.1046,-15.63981391,0.0,0.0,0.0
vacancy_O2,O2 vacancy,tetrahedral,1,17,5.53521391,-10.0875,-15.622713910000002,0.0,0.0,0.0
vacancy_O2,O2 vacancy,tetrahedral,1,17,5.53521391,-10.0705,-15.605713909999999,0.0,0.0,0.0
vacancy_O2,O2 vacancy,tetrahedral,1,17,5.53521391,-10.0535,-15.58871391,0.0,0.0,0.0
vacancy_O2,O2 vacancy,tetrahedral,1,17,5.53521391,-10.0364,-15.57161391,0.0,0.0,0.0
vacancy_O2,O2 vacancy,tetrahedral,1,17,5.53521391,-10.0194,-15.55461391,0.0,0.0,0.0
vacancy_O2,O2 vacancy,tetrahedral,1,17,5.53521391,-10.0024,-15.537613910000001,0.0,0.0,0.0
vacancy_O2,O2 vacancy,tetrahedral,1,17,5.53521391,-9.9853,-15.520513910000002,0.0,0.0,0.0
vacancy_O2,O2 vacancy,tetrahedral,1,17,5.53521391,-9.9683,-15.503513909999999,0.0,0.0,0.0
vacancy_O2,O2 vacancy,tetrahedral,1,17,5.53521391,-9.9513,-15.48651391,0.0,0.0,0.0
vacancy_O2,O2 vacancy,tetrahedral,1,17,5.53521391,-9.9342,-15.46941391,0.0,0.0,0.0
vacancy_O2,O2 vacancy,tetrahedral,1,17,5.53521391,-9.9172,-15.45241391,0.0,0.0,0.0
vacancy_O2,O2 vacancy,tetrahedral,1,17,5.53521391,-9.9001,-15.435313910000001,0.0,0.0,0.0
vacancy_O2,O2 vacancy,tetrahedral,1,17,5.53521391,-9.8831,-15.418313910000002,0.0,0.0,0.0
vacancy_O2,O2 vacancy,tetrahedral,1,17,5.53521391,-9.8661,-15.401313909999999,0.0,0.0,0.0
vacancy_O2,O2 vacancy,tetrahedral,1,17,5.53521391,-9.849,-15.38421391,0.0,0.0,0.0
vacancy_O2,O2 vacancy,tetrahedral,1,17,5.53521391,-9.832,-15.36721391,0.0,0.0,0.0
vacancy_O2,O2 vacancy,tetrahedral,1,17,5.53521391,-9.815,-15.35021391,0.0,0.0,0.0
vacancy_O2,O2 vacancy,tetrahedral,1,17,5.53521391,-9.7979,-15.333113910000002,0.0,0.0,0.0
vacancy_O2,O2 vacancy,tetrahedral,1,17,5.53521391,-9.7809,-15.316113910000002,0.0,0.0,0.0
vacancy_O2,O2 vacancy,tetrahedral,1,17,5.53521391,-9.7638,-15.29901391,0.0,0.0,0.0
vacancy_O2,O2 vacancy,tetrahedral,1,17,5.53521391,-9.7468,-15.28201391,0.0,0.0,0.0
vacancy_O2,O2 vacancy,tetrahedral,1,17,5.53521391,-9.7298,-15.26501391,0.0,0.0,0.0
vacancy_O2,O2 vacancy,tetrahedral,1,17,5.53521391,-9.7127,-15.247913910000001,0.0,0.0,0.0
vacancy_O2,O2 vacancy,tetrahedral,1,17,5.53521391,-9.6957,-15.230913910000002,0.0,0.0,0.0
vacancy_O2,O2 vacancy,tetrahedral,1,17,5.53521391,-9.6787,-15.213913909999999,0.0,0.0,0.0
vacancy_O2,O2 vacancy,tetrahedral,1,17,5.53521391,-9.6616,-15.19681391,0.0,0.0,0.0
vacancy_O2,O2 vacancy,tetrahedral,1,17,5.53521391,-9.6446,-15.17981391,0.0,0.0,0.0
vacancy_O2,O2 vacancy,tetrahedral,1,17,5.53521391,-9.6276,-15.16281391,0.0,0.0,0.0
vacancy_O2,O2 vacancy,tetrahedral,1,17,5.53521391,-9.6105,-15.145713910000001,0.0,0.0,0.0
vacancy_O2,O2 vacancy,tetrahedral,1,17,5.53521391,-9.5935,-15.128713910000002,0.0,0.0,0.0
vacancy_O2,O2 vacancy,tetrahedral,1,17,5.53521391,-9.5764,-15.111613909999999,0.0,0.0,0.0
vacancy_O2,O2 vacancy,tetrahedral,1,17,5.53521391,-9.5594,-15.09461391,0.0,0.0,0.0
vacancy_O2,O2 vacancy,tetrahedral,1,17,5.53521391,-9.5424,-15.07761391,0.0,0.0,0.0
vacancy_O2,O2 vacancy,tetrahedral,1,17,5.53521391,-9.5253,-15.060513910000001,0.0,0.0,0.0
vacancy_O2,O2 vacancy,tetrahedral,1,17,5.53521391,-9.5083,-15.043513910000001,0.0,0.0,0.0
vacancy_O2,O2 vacancy,tetrahedral,1,17,5.53521391,-9.4913,-15.026513910000002,0.0,0.0,0.0
vacancy_O2,O2 vacancy,tetrahedral,1,17,5.53521391,-9.4742,-15.00941391,0.0,0.0,0.0
vacancy_O2,O2 vacancy,tetrahedral,1,17,5.53521391,-9.4572,-14.99241391,0.0,0.0,0.0
vacancy_O2,O2 vacancy,tetrahedral,1,17,5.53521391,-9.4401,-14.97531391,0.0,0.0,0.0001
vacancy_O2,O2 vacancy,tetrahedral,1,17,5.53521391,-9.4231,-14.958313910000001,0.0,0.0,0.0004
vacancy_O2,O2 vacancy,tetrahedral,1,17,5.53521391,-9.4061,-14.941313910000002,0.0,0.0,0.0007000000000000001
vacancy_O2,O2 vacancy,tetrahedral,1,17,5.53521391,-9.389,-14.924213909999999,0.0,0.0,0.0011
vacancy_O2,O2 vacancy,tetrahedral,1,17,5.53521391,-9.372,-14.90721391,0.0001,0.0,0.0019
vacancy_O2,O2 vacancy,tetrahedral,1,17,5.53521391,-9.355,-14.89021391,0.0001,0.0,0.003
vacancy_O2,O2 vacancy,tetrahedral,1,17,5.53521391,-9.3379,-14.87311391,0.0001,0.0,0.0047
vacancy_O2,O2 vacancy,tetrahedral,1,17,5.53521391,-9.3209,-14.856113910000001,0.0002,0.0001,0.0068
vacancy_O2,O2 vacancy,tetrahedral,1,17,5.53521391,-9.3039,-14.839113910000002,0.0003,0.0002,0.009800000000000001
vacancy_O2,O2 vacancy,tetrahedral,1,17,5.53521391,-9.2868,-14.822013909999999,0.0004,0.0002,0.0136
vacancy_O2,O2 vacancy,tetrahedral,1,17,5.53521391,-9.2698,-14.80501391,0.0005,0.00030000000000000003,0.0184
vacancy_O2,O2 vacancy,tetrahedral,1,17,5.53521391,-9.2527,-14.78791391,0.0006,0.0004,0.0237
vacancy_O2,O2 vacancy,tetrahedral,1,17,5.53521391,-9.2357,-14.77091391,0.0007,0.0006000000000000001,0.03
vacancy_O2,O2 vacancy,tetrahedral,1,17,5.53521391,-9.2187,-14.753913910000001,0.0008,0.0006000000000000001,0.0371
vacancy_O2,O2 vacancy,tetrahedral,1,17,5.53521391,-9.2016,-14.736813909999999,0.0009,0.0006000000000000001,0.044700000000000004
vacancy_O2,O2 vacancy,tetrahedral,1,17,5.53521391,-9.1846,-14.71981391,0.0011,0.0007000000000000001,0.0531
vacancy_O2,O2 vacancy,tetrahedral,1,17,5.53521391,-9.1676,-14.70281391,0.0012,0.0009,0.0621
vacancy_O2,O2 vacancy,tetrahedral,1,17,5.53521391,-9.1505,-14.68571391,0.0013,0.0009,0.0716
vacancy_O2,O2 vacancy,tetrahedral,1,17,5.53521391,-9.1335,-14.668713910000001,0.0014,0.001,0.08220000000000001
vacancy_O2,O2 vacancy,tetrahedral,1,17,5.53521391,-9.1165,-14.651713910000002,0.0015,0.001,0.09359999999999999
vacancy_O2,O2 vacancy,tetrahedral,1,17,5.53521391,-9.0994,-14.634613909999999,0.0016,0.001,0.10629999999999999
vacancy_O2,O2 vacancy,tetrahedral,1,17,5.53521391,-9.0824,-14.61761391,0.0017,0.0012000000000000001,0.12060000000000001
vacancy_O2,O2 vacancy,tetrahedral,1,17,5.53521391,-9.0653,-14.60051391,0.0018,0.0012000000000000001,0.1371
vacancy_O2,O2 vacancy,tetrahedral,1,17,5.53521391,-9.0483,-14.58351391,0.0019,0.0014,0.15619999999999998
vacancy_O2,O2 vacancy,tetrahedral,1,17,5.53521391,-9.0313,-14.566513910000001,0.002,0.0015,0.17759999999999998
vacancy_O2,O2 vacancy,tetrahedral,1,17,5.53521391,-9.0142,-14.549413910000002,0.0021,0.0015,0.202
vacancy_O2,O2 vacancy,tetrahedral,1,17,5.53521391,-8.9972,-14.532413909999999,0.0023,0.0016999999999999997,0.22940000000000002
vacancy_O2,O2 vacancy,tetrahedral,1,17,5.53521391,-8.9802,-14.51541391,0.0026,0.0018,0.26
vacancy_O2,O2 vacancy,tetrahedral,1,17,5.53521391,-8.9631,-14.49831391,0.0029,0.0018,0.2951
vacancy_O2,O2 vacancy,tetrahedral,1,17,5.53521391,-8.9461,-14.48131391,0.0032,0.002,0.3365
vacancy_O2,O2 vacancy,tetrahedral,1,17,5.53521391,-8.929,-14.464213910000002,0.0036,0.0023,0.3876
vacancy_O2,O2 vacancy,tetrahedral,1,17,5.53521391,-8.912,-14.447213910000002,0.004,0.0025,0.4538
vacancy_O2,O2 vacancy,tetrahedral,1,17,5.53521391,-8.895,-14.430213909999999,0.0046,0.0028,0.5417
vacancy_O2,O2 vacancy,tetrahedral,1,17,5.53521391,-8.8779,-14.41311391,0.0052,0.0034000000000000002,0.6597
vacancy_O2,O2 vacancy,tetrahedral,1,17,5.53521391,-8.8609,-14.39611391,0.006,0.004,0.8164
vacancy_O2,O2 vacancy,tetrahedral,1,17,5.53521391,-8.8439,-14.379113910000001,0.007,0.0048000000000000004,1.0196
vacancy_O2,O2 vacancy,tetrahedral,1,17,5.53521391,-8.8268,-14.362013910000002,0.0081,0.0058,1.2749
vacancy_O2,O2 vacancy,tetrahedral,1,17,5.53521391,-8.8098,-14.345013909999999,0.0094,0.0069,1.5836999999999999
vacancy_O2,O2 vacancy,tetrahedral,1,17,5.53521391,-8.7928,-14.32801391,0.0108,0.008199999999999999,1.9426
vacancy_O2,O2 vacancy,tetrahedral,1,17,5.53521391,-8.7757,-14.31091391,0.0122,0.009600000000000001,2.343
vacancy_O2,O2 vacancy,tetrahedral,1,17,5.53521391,-8.7587,-14.29391391,0.0135,0.0109,2.7718999999999996
vacancy_O2,O2 vacancy,tetrahedral,1,17,5.53521391,-8.7416,-14.276813910000001,0.0145,0.012,3.2137000000000002
vacancy_O2,O2 vacancy,tetrahedral,1,17,5.53521391,-8.7246,-14.259813910000002,0.0153,0.012799999999999999,3.6527000000000003
vacancy_O2,O2 vacancy,tetrahedral,1,17,5.53521391,-8.7076,-14.242813909999999,0.0156,0.0134,4.0754
vacancy_O2,O2 vacancy,tetrahedral,1,17,5.53521391,-8.6905,-14.22571391,0.0157,0.0135,4.4717
vacancy_O2,O2 vacancy,tetrahedral,1,17,5.53521391,-8.6735,-14.20871391,0.0155,0.0133,4.8362
vacancy_O2,O2 vacancy,tetrahedral,1,17,5.53521391,-8.6565,-14.19171391,0.0151,0.0129,5.1671
vacancy_O2,O2 vacancy,tetrahedral,1,17,5.53521391,-8.6394,-14.174613910000001,0.0146,0.012199999999999999,5.4664
vacancy_O2,O2 vacancy,tetrahedral,1,17,5.53521391,-8.6224,-14.157613910000002,0.0141,0.011300000000000001,5.7383
vacancy_O2,O2 vacancy,tetrahedral,1,17,5.53521391,-8.6053,-14.14051391,0.0136,0.0105,5.9897
vacancy_O2,O2 vacancy,tetrahedral,1,17,5.53521391,-8.5883,-14.12351391,0.0132,0.0097,6.2326999999999995
vacancy_O2,O2 vacancy,tetrahedral,1,17,5.53521391,-8.5713,-14.10651391,0.0128,0.008799999999999999,6.4853000000000005
vacancy_O2,O2 vacancy,tetrahedral,1,17,5.53521391,-8.5542,-14.089413910000001,0.0126,0.0081,6.7789
vacancy_O2,O2 vacancy,tetrahedral,1,17,5.53521391,-8.5372,-14.072413910000002,0.0125,0.0074,7.1594999999999995
vacancy_O2,O2 vacancy,tetrahedral,1,17,5.53521391,-8.5202,-14.055413910000002,0.0124,0.006699999999999999,7.6915000000000004
vacancy_O2,O2 vacancy,tetrahedral,1,17,5.53521391,-8.5031,-14.03831391,0.0125,0.0061,8.4521
vacancy_O2,O2 vacancy,tetrahedral,1,17,5.53521391,-8.4861,-14.02131391,0.0126,0.0057,9.5218
vacancy_O2,O2 vacancy,tetrahedral,1,17,5.53521391,-8.4691,-14.00431391,0.0128,0.0052,10.9659
vacancy_O2,O2 vacancy,tetrahedral,1,17,5.53521391,-8.452,-13.987213910000001,0.0129,0.0047,12.812000000000001
vacancy_O2,O2 vacancy,tetrahedral,1,17,5.53521391,-8.435,-13.970213910000002,0.0131,0.0044,15.030100000000001
vacancy_O2,O2 vacancy,tetrahedral,1,17,5.53521391,-8.4179,-13.953113909999999,0.0133,0.004200000000000001,17.5199
vacancy_O2,O2 vacancy,tetrahedral,1,17,5.53521391,-8.4009,-13.93611391,0.0134,0.0041,20.113100000000003
vacancy_O2,O2 vacancy,tetrahedral,1,17,5.53521391,-8.3839,-13.91911391,0.0134,0.0039,22.590799999999998
vacancy_O2,O2 vacancy,tetrahedral,1,17,5.53521391,-8.3668,-13.90201391,0.0133,0.0038,24.715600000000002
vacancy_O2,O2 vacancy,tetrahedral,1,17,5.53521391,-8.3498,-13.885013910000001,0.0131,0.0037,26.2688
vacancy_O2,O2 vacancy,tetrahedral,1,17,5.53521391,-8.3328,-13.868013910000002,0.013,0.0037,27.0853
vacancy_O2,O2 vacancy,tetrahedral,1,17,5.53521391,-8.3157,-13.85091391,0.0128,0.0036,27.077900000000003
vacancy_O2,O2 vacancy,tetrahedral,1,17,5.53521391,-8.2987,-13.83391391,0.0126,0.0036,26.2479
vacancy_O2,O2 vacancy,tetrahedral,1,17,5.53521391,-8.2816,-13.81681391,0.0125,0.0036,24.679299999999998
vacancy_O2,O2 vacancy,tetrahedral,1,17,5.53521391,-8.2646,-13.799813910000001,0.0125,0.0037,22.522999999999996
vacancy_O2,O2 vacancy,tetrahedral,1,17,5.53521391,-8.2476,-13.782813910000002,0.0126,0.0038,19.9732
vacancy_O2,O2 vacancy,tetrahedral,1,17,5.53521391,-8.2305,-13.765713909999999,0.0129,0.0039,17.24
vacancy_O2,O2 vacancy,tetrahedral,1,17,5.53521391,-8.2135,-13.74871391,0.0132,0.004,14.524799999999999
vacancy_O2,O2 vacancy,tetrahedral,1,17,5.53521391,-8.1965,-13.73171391,0.0137,0.0044,11.997200000000001
vacancy_O2,O2 vacancy,tetrahedral,1,17,5.53521391,-8.1794,-13.71461391,0.0143,0.0047,9.781400000000001
vacancy_O2,O2 vacancy,tetrahedral,1,17,5.53521391,-8.1624,-13.697613910000001,0.0148,0.0051,7.9481
vacancy_O2,O2 vacancy,tetrahedral,1,17,5.53521391,-8.1454,-13.680613910000002,0.0154,0.0056,6.517199999999999
vacancy_O2,O2 vacancy,tetrahedral,1,17,5.53521391,-8.1283,-13.663513909999999,0.0158,0.0062,5.4653
vacancy_O2,O2 vacancy,tetrahedral,1,17,5.53521391,-8.1113,-13.64651391,0.0162,0.0069,4.7398
vacancy_O2,O2 vacancy,tetrahedral,1,17,5.53521391,-8.0942,-13.62941391,0.0163,0.0077,4.2716
vacancy_O2,O2 vacancy,tetrahedral,1,17,5.53521391,-8.0772,-13.61241391,0.0164,0.0084,3.9881
vacancy_O2,O2 vacancy,tetrahedral,1,17,5.53521391,-8.0602,-13.595413910000001,0.0163,0.0091,3.8221
vacancy_O2,O2 vacancy,tetrahedral,1,17,5.53521391,-8.0431,-13.578313910000002,0.0161,0.009899999999999999,3.7197999999999998
vacancy_O2,O2 vacancy,tetrahedral,1,17,5.53521391,-8.0261,-13.561313909999999,0.0158,0.010499999999999999,3.6427
vacancy_O2,O2 vacancy,tetrahedral,1,17,5.53521391,-8.0091,-13.54431391,0.0154,0.011,3.5701
vacancy_O2,O2 vacancy,tetrahedral,1,17,5.53521391,-7.992,-13.52721391,0.015,0.0115,3.4969
vacancy_O2,O2 vacancy,tetrahedral,1,17,5.53521391,-7.975,-13.510213910000001,0.0146,0.0119,3.4301
vacancy_O2,O2 vacancy,tetrahedral,1,17,5.53521391,-7.9579,-13.493113910000002,0.0141,0.0126,3.3857999999999997
vacancy_O2,O2 vacancy,tetrahedral,1,17,5.53521391,-7.9409,-13.47611391,0.0137,0.0132,3.3812
vacancy_O2,O2 vacancy,tetrahedral,1,17,5.53521391,-7.9239,-13.45911391,0.0133,0.014100000000000001,3.4296999999999995
vacancy_O2,O2 vacancy,tetrahedral,1,17,5.53521391,-7.9068,-13.44201391,0.0128,0.0152,3.5331
vacancy_O2,O2 vacancy,tetrahedral,1,17,5.53521391,-7.8898,-13.42501391,0.0123,0.016300000000000002,3.6783
vacancy_O2,O2 vacancy,tetrahedral,1,17,5.53521391,-7.8728,-13.408013910000001,0.0117,0.0174,3.8359000000000005
vacancy_O2,O2 vacancy,tetrahedral,1,17,5.53521391,-7.8557,-13.39091391,0.011,0.0183,3.9646999999999997
vacancy_O2,O2 vacancy,tetrahedral,1,17,5.53521391,-7.8387,-13.37391391,0.0102,0.0188,4.0193
vacancy_O2,O2 vacancy,tetrahedral,1,17,5.53521391,-7.8217,-13.35691391,0.0092,0.0187,3.9616
vacancy_O2,O2 vacancy,tetrahedral,1,17,5.53521391,-7.8046,-13.33981391,0.0081,0.018,3.7708000000000004
vacancy_O2,O2 vacancy,tetrahedral,1,17,5.53521391,-7.7876,-13.32281391,0.0069,0.016399999999999998,3.4484000000000004
vacancy_O2,O2 vacancy,tetrahedral,1,17,5.53521391,-7.7705,-13.305713910000001,0.0056,0.0144,3.0189
vacancy_O2,O2 vacancy,tetrahedral,1,17,5.53521391,-7.7535,-13.28871391,0.0044,0.0122,2.5239000000000003
vacancy_O2,O2 vacancy,tetrahedral,1,17,5.53521391,-7.7365,-13.27171391,0.0034,0.0097,2.0116
vacancy_O2,O2 vacancy,tetrahedral,1,17,5.53521391,-7.7194,-13.25461391,0.0024,0.0073999999999999995,1.5265
vacancy_O2,O2 vacancy,tetrahedral,1,17,5.53521391,-7.7024,-13.23761391,0.0017,0.005399999999999999,1.1019999999999999
vacancy_O2,O2 vacancy,tetrahedral,1,17,5.53521391,-7.6854,-13.22061391,0.0011,0.0036,0.7563
vacancy_O2,O2 vacancy,tetrahedral,1,17,5.53521391,-7.6683,-13.203513910000002,0.0007,0.0024000000000000002,0.4933
vacancy_O2,O2 vacancy,tetrahedral,1,17,5.53521391,-7.6513,-13.18651391,0.0004,0.0015,0.3056
vacancy_O2,O2 vacancy,tetrahedral,1,17,5.53521391,-7.6342,-13.16941391,0.0002,0.0009,0.17980000000000002
vacancy_O2,O2 vacancy,tetrahedral,1,17,5.53521391,-7.6172,-13.15241391,0.0001,0.0006000000000000001,0.1006
vacancy_O2,O2 vacancy,tetrahedral,1,17,5.53521391,-7.6002,-13.13541391,0.0001,0.00030000000000000003,0.0533
vacancy_O2,O2 vacancy,tetrahedral,1,17,5.53521391,-7.5831,-13.118313910000001,0.0,0.0001,0.026799999999999997
vacancy_O2,O2 vacancy,tetrahedral,1,17,5.53521391,-7.5661,-13.10131391,0.0,0.0,0.012799999999999999
vacancy_O2,O2 vacancy,tetrahedral,1,17,5.53521391,-7.5491,-13.08431391,0.0,0.0,0.0058
vacancy_O2,O2 vacancy,tetrahedral,1,17,5.53521391,-7.532,-13.06721391,0.0,0.0,0.0024000000000000002
vacancy_O2,O2 vacancy,tetrahedral,1,17,5.53521391,-7.515,-13.05021391,0.0,0.0,0.0009
vacancy_O2,O2 vacancy,tetrahedral,1,17,5.53521391,-7.498,-13.03321391,0.0,0.0,0.00039999999999999996
vacancy_O2,O2 vacancy,tetrahedral,1,17,5.53521391,-7.4809,-13.016113910000001,0.0,0.0,0.0001
vacancy_O2,O2 vacancy,tetrahedral,1,17,5.53521391,-7.4639,-12.99911391,0.0,0.0,0.0
vacancy_O2,O2 vacancy,tetrahedral,1,17,5.53521391,-7.4468,-12.98201391,0.0,0.0,0.0
vacancy_O2,O2 vacancy,tetrahedral,1,17,5.53521391,-7.4298,-12.96501391,0.0,0.0,0.0
vacancy_O2,O2 vacancy,tetrahedral,1,17,5.53521391,-7.4128,-12.94801391,0.0,0.0,0.0
vacancy_O2,O2 vacancy,tetrahedral,1,17,5.53521391,-7.3957,-12.930913910000001,0.0,0.0,0.0
vacancy_O2,O2 vacancy,tetrahedral,1,17,5.53521391,-7.3787,-12.913913910000002,0.0,0.0,0.0
vacancy_O2,O2 vacancy,tetrahedral,1,17,5.53521391,-7.3617,-12.89691391,0.0,0.0,0.0
vacancy_O2,O2 vacancy,tetrahedral,1,17,5.53521391,-7.3446,-12.87981391,0.0,0.0,0.0
vacancy_O2,O2 vacancy,tetrahedral,1,17,5.53521391,-7.3276,-12.86281391,0.0,0.0,0.0
vacancy_O2,O2 vacancy,tetrahedral,1,17,5.53521391,-7.3105,-12.84571391,0.0,0.0,0.0
vacancy_O2,O2 vacancy,tetrahedral,1,17,5.53521391,-7.2935,-12.828713910000001,0.0,0.0,0.0
vacancy_O2,O2 vacancy,tetrahedral,1,17,5.53521391,-7.2765,-12.811713910000002,0.0,0.0,0.0
vacancy_O2,O2 vacancy,tetrahedral,1,17,5.53521391,-7.2594,-12.79461391,0.0,0.0,0.0
vacancy_O2,O2 vacancy,tetrahedral,1,17,5.53521391,-7.2424,-12.77761391,0.0,0.0,0.0
vacancy_O2,O2 vacancy,tetrahedral,1,17,5.53521391,-7.2254,-12.76061391,0.0,0.0,0.0
vacancy_O2,O2 vacancy,tetrahedral,1,17,5.53521391,-7.2083,-12.74351391,0.0,0.0,0.0
vacancy_O2,O2 vacancy,tetrahedral,1,17,5.53521391,-7.1913,-12.726513910000001,0.0,0.0,0.0
vacancy_O2,O2 vacancy,tetrahedral,1,17,5.53521391,-7.1743,-12.70951391,0.0,0.0,0.0
vacancy_O2,O2 vacancy,tetrahedral,1,17,5.53521391,-7.1572,-12.692413909999999,0.0,0.0,0.0
vacancy_O2,O2 vacancy,tetrahedral,1,17,5.53521391,-7.1402,-12.67541391,0.0,0.0,0.0
vacancy_O2,O2 vacancy,tetrahedral,1,17,5.53521391,-7.1231,-12.65831391,0.0,0.0,0.0
vacancy_O2,O2 vacancy,tetrahedral,1,17,5.53521391,-7.1061,-12.641313910000001,0.0,0.0,0.0
vacancy_O2,O2 vacancy,tetrahedral,1,17,5.53521391,-7.0891,-12.624313910000001,0.0,0.0,0.0
vacancy_O2,O2 vacancy,tetrahedral,1,17,5.53521391,-7.072,-12.60721391,0.0,0.0,0.0
vacancy_O2,O2 vacancy,tetrahedral,1,17,5.53521391,-7.055,-12.59021391,0.0,0.0,0.0
vacancy_O2,O2 vacancy,tetrahedral,1,17,5.53521391,-7.038,-12.57321391,0.0,0.0,0.0
vacancy_O2,O2 vacancy,tetrahedral,1,17,5.53521391,-7.0209,-12.55611391,0.0,0.0,0.0
vacancy_O2,O2 vacancy,tetrahedral,1,17,5.53521391,-7.0039,-12.539113910000001,0.0,0.0,0.0
vacancy_O2,O2 vacancy,tetrahedral,1,17,5.53521391,-6.9868,-12.52201391,0.0,0.0,0.0
vacancy_O2,O2 vacancy,tetrahedral,1,17,5.53521391,-6.9698,-12.50501391,0.0,0.0,0.0
vacancy_O2,O2 vacancy,tetrahedral,1,17,5.53521391,-6.9528,-12.48801391,0.0,0.0,0.0
vacancy_O2,O2 vacancy,tetrahedral,1,17,5.53521391,-6.9357,-12.47091391,0.0,0.0,0.0
vacancy_O2,O2 vacancy,tetrahedral,1,17,5.53521391,-6.9187,-12.45391391,0.0,0.0,0.0
vacancy_O2,O2 vacancy,tetrahedral,1,17,5.53521391,-6.9017,-12.436913910000001,0.0,0.0,0.0
vacancy_O2,O2 vacancy,tetrahedral,1,17,5.53521391,-6.8846,-12.41981391,0.0,0.0,0.0
vacancy_O2,O2 vacancy,tetrahedral,1,17,5.53521391,-6.8676,-12.40281391,0.0,0.0,0.0
vacancy_O2,O2 vacancy,tetrahedral,1,17,5.53521391,-6.8506,-12.38581391,0.0,0.0,0.0
vacancy_O2,O2 vacancy,tetrahedral,1,17,5.53521391,-6.8335,-12.36871391,0.0,0.0,0.0
vacancy_O2,O2 vacancy,tetrahedral,1,17,5.53521391,-6.8165,-12.35171391,0.0,0.0,0.0
vacancy_O2,O2 vacancy,tetrahedral,1,17,5.53521391,-6.7994,-12.334613910000002,0.0,0.0,0.0
vacancy_O2,O2 vacancy,tetrahedral,1,17,5.53521391,-6.7824,-12.31761391,0.0,0.0,0.0
vacancy_O2,O2 vacancy,tetrahedral,1,17,5.53521391,-6.7654,-12.30061391,0.0,0.0,0.0
vacancy_O2,O2 vacancy,tetrahedral,1,17,5.53521391,-6.7483,-12.28351391,0.0,0.0,0.0
vacancy_O2,O2 vacancy,tetrahedral,1,17,5.53521391,-6.7313,-12.26651391,0.0,0.0,0.0
vacancy_O2,O2 vacancy,tetrahedral,1,17,5.53521391,-6.7143,-12.249513910000001,0.0,0.0,0.0
vacancy_O2,O2 vacancy,tetrahedral,1,17,5.53521391,-6.6972,-12.23241391,0.0,0.0,0.0
vacancy_O2,O2 vacancy,tetrahedral,1,17,5.53521391,-6.6802,-12.21541391,0.0,0.0,0.0
vacancy_O2,O2 vacancy,tetrahedral,1,17,5.53521391,-6.6631,-12.19831391,0.0,0.0,0.0
vacancy_O2,O2 vacancy,tetrahedral,1,17,5.53521391,-6.6461,-12.18131391,0.0,0.0,0.0
vacancy_O2,O2 vacancy,tetrahedral,1,17,5.53521391,-6.6291,-12.16431391,0.0,0.0,0.0
vacancy_O2,O2 vacancy,tetrahedral,1,17,5.53521391,-6.612,-12.147213910000001,0.0,0.0,0.0
vacancy_O2,O2 vacancy,tetrahedral,1,17,5.53521391,-6.595,-12.13021391,0.0,0.0,0.0
vacancy_O2,O2 vacancy,tetrahedral,1,17,5.53521391,-6.578,-12.11321391,0.0,0.0,0.0
vacancy_O2,O2 vacancy,tetrahedral,1,17,5.53521391,-6.5609,-12.09611391,0.0,0.0,0.0
vacancy_O2,O2 vacancy,tetrahedral,1,17,5.53521391,-6.5439,-12.07911391,0.0,0.0,0.0
vacancy_O2,O2 vacancy,tetrahedral,1,17,5.53521391,-6.5269,-12.06211391,0.0,0.0,0.0
vacancy_O2,O2 vacancy,tetrahedral,1,17,5.53521391,-6.5098,-12.045013910000002,0.0,0.0,0.0
vacancy_O2,O2 vacancy,tetrahedral,1,17,5.53521391,-6.4928,-12.02801391,0.0,0.0,0.0
vacancy_O2,O2 vacancy,tetrahedral,1,17,5.53521391,-6.4757,-12.01091391,0.0,0.0,0.0
vacancy_O2,O2 vacancy,tetrahedral,1,17,5.53521391,-6.4587,-11.99391391,0.0,0.0,0.0
vacancy_O2,O2 vacancy,tetrahedral,1,17,5.53521391,-6.4417,-11.97691391,0.0,0.0,0.0
vacancy_O2,O2 vacancy,tetrahedral,1,17,5.53521391,-6.4246,-11.959813910000001,0.0,0.0,0.0
vacancy_O2,O2 vacancy,tetrahedral,1,17,5.53521391,-6.4076,-11.942813910000002,0.0,0.0,0.0
vacancy_O2,O2 vacancy,tetrahedral,1,17,5.53521391,-6.3906,-11.92581391,0.0,0.0,0.0
vacancy_O2,O2 vacancy,tetrahedral,1,17,5.53521391,-6.3735,-11.90871391,0.0,0.0,0.0
vacancy_O2,O2 vacancy,tetrahedral,1,17,5.53521391,-6.3565,-11.89171391,0.0,0.0,0.0
vacancy_O2,O2 vacancy,tetrahedral,1,17,5.53521391,-6.3394,-11.87461391,0.0,0.0,0.0
vacancy_O2,O2 vacancy,tetrahedral,1,17,5.53521391,-6.3224,-11.857613910000001,0.0,0.0,0.0
vacancy_O2,O2 vacancy,tetrahedral,1,17,5.53521391,-6.3054,-11.84061391,0.0,0.0,0.0
vacancy_O2,O2 vacancy,tetrahedral,1,17,5.53521391,-6.2883,-11.823513909999999,0.0,0.0,0.0
vacancy_O2,O2 vacancy,tetrahedral,1,17,5.53521391,-6.2713,-11.80651391,0.0,0.0,0.0
vacancy_O2,O2 vacancy,tetrahedral,1,17,5.53521391,-6.2543,-11.78951391,0.0,0.0,0.0
vacancy_O2,O2 vacancy,tetrahedral,1,17,5.53521391,-6.2372,-11.772413910000001,0.0,0.0,0.0
vacancy_O2,O2 vacancy,tetrahedral,1,17,5.53521391,-6.2202,-11.755413910000001,0.0,0.0,0.0
vacancy_O2,O2 vacancy,tetrahedral,1,17,5.53521391,-6.2032,-11.73841391,0.0,0.0,0.0
vacancy_O2,O2 vacancy,tetrahedral,1,17,5.53521391,-6.1861,-11.72131391,0.0,0.0,0.0
vacancy_O2,O2 vacancy,tetrahedral,1,17,5.53521391,-6.1691,-11.70431391,0.0,0.0,0.0
vacancy_O2,O2 vacancy,tetrahedral,1,17,5.53521391,-6.152,-11.68721391,0.0,0.0,0.0
vacancy_O2,O2 vacancy,tetrahedral,1,17,5.53521391,-6.135,-11.670213910000001,0.0,0.0,0.0
vacancy_O2,O2 vacancy,tetrahedral,1,17,5.53521391,-6.118,-11.653213910000002,0.0,0.0,0.0
vacancy_O2,O2 vacancy,tetrahedral,1,17,5.53521391,-6.1009,-11.63611391,0.0,0.0,0.0
vacancy_O2,O2 vacancy,tetrahedral,1,17,5.53521391,-6.0839,-11.61911391,0.0,0.0,0.0
vacancy_O2,O2 vacancy,tetrahedral,1,17,5.53521391,-6.0669,-11.60211391,0.0,0.0,0.0
vacancy_O2,O2 vacancy,tetrahedral,1,17,5.53521391,-6.0498,-11.58501391,0.0,0.0,0.0
vacancy_O2,O2 vacancy,tetrahedral,1,17,5.53521391,-6.0328,-11.568013910000001,0.0,0.0,0.0
vacancy_O2,O2 vacancy,tetrahedral,1,17,5.53521391,-6.0157,-11.55091391,0.0,0.0,0.0
vacancy_O2,O2 vacancy,tetrahedral,1,17,5.53521391,-5.9987,-11.53391391,0.0,0.0,0.0
vacancy_O2,O2 vacancy,tetrahedral,1,17,5.53521391,-5.9817,-11.51691391,0.0,0.0,0.0
vacancy_O2,O2 vacancy,tetrahedral,1,17,5.53521391,-5.9646,-11.49981391,0.0,0.0,0.0
vacancy_O2,O2 vacancy,tetrahedral,1,17,5.53521391,-5.9476,-11.48281391,0.0,0.0,0.0
vacancy_O2,O2 vacancy,tetrahedral,1,17,5.53521391,-5.9306,-11.465813910000001,0.0,0.0,0.0
vacancy_O2,O2 vacancy,tetrahedral,1,17,5.53521391,-5.9135,-11.44871391,0.0,0.0,0.0
vacancy_O2,O2 vacancy,tetrahedral,1,17,5.53521391,-5.8965,-11.43171391,0.0,0.0,0.0
vacancy_O2,O2 vacancy,tetrahedral,1,17,5.53521391,-5.8795,-11.41471391,0.0,0.0,0.0
vacancy_O2,O2 vacancy,tetrahedral,1,17,5.53521391,-5.8624,-11.39761391,0.0,0.0,0.0
vacancy_O2,O2 vacancy,tetrahedral,1,17,5.53521391,-5.8454,-11.380613910000001,0.0,0.0,0.0
vacancy_O2,O2 vacancy,tetrahedral,1,17,5.53521391,-5.8283,-11.36351391,0.0,0.0,0.0
vacancy_O2,O2 vacancy,tetrahedral,1,17,5.53521391,-5.8113,-11.34651391,0.0,0.0,0.0
vacancy_O2,O2 vacancy,tetrahedral,1,17,5.53521391,-5.7943,-11.32951391,0.0,0.0,0.0
vacancy_O2,O2 vacancy,tetrahedral,1,17,5.53521391,-5.7772,-11.31241391,0.0,0.0,0.0
vacancy_O2,O2 vacancy,tetrahedral,1,17,5.53521391,-5.7602,-11.29541391,0.0,0.0,0.0
vacancy_O2,O2 vacancy,tetrahedral,1,17,5.53521391,-5.7432,-11.278413910000001,0.0,0.0,0.0
vacancy_O2,O2 vacancy,tetrahedral,1,17,5.53521391,-5.7261,-11.26131391,0.0,0.0,0.0
vacancy_O2,O2 vacancy,tetrahedral,1,17,5.53521391,-5.7091,-11.24431391,0.0,0.0,0.0
vacancy_O2,O2 vacancy,tetrahedral,1,17,5.53521391,-5.692,-11.22721391,0.0,0.0,0.0
vacancy_O2,O2 vacancy,tetrahedral,1,17,5.53521391,-5.675,-11.21021391,0.0,0.0,0.0
vacancy_O2,O2 vacancy,tetrahedral,1,17,5.53521391,-5.658,-11.19321391,0.0,0.0,0.0
vacancy_O2,O2 vacancy,tetrahedral,1,17,5.53521391,-5.6409,-11.176113910000002,0.0,0.0,0.0
vacancy_O2,O2 vacancy,tetrahedral,1,17,5.53521391,-5.6239,-11.15911391,0.0,0.0,0.0
vacancy_O2,O2 vacancy,tetrahedral,1,17,5.53521391,-5.6069,-11.14211391,0.0,0.0,0.0
vacancy_O2,O2 vacancy,tetrahedral,1,17,5.53521391,-5.5898,-11.12501391,0.0,0.0,0.0
vacancy_O2,O2 vacancy,tetrahedral,1,17,5.53521391,-5.5728,-11.10801391,0.0,0.0,0.0
vacancy_O2,O2 vacancy,tetrahedral,1,17,5.53521391,-5.5558,-11.091013910000001,0.0,0.0,0.0
vacancy_O2,O2 vacancy,tetrahedral,1,17,5.53521391,-5.5387,-11.073913910000002,0.0,0.0,0.0
vacancy_O2,O2 vacancy,tetrahedral,1,17,5.53521391,-5.5217,-11.05691391,0.0,0.0,0.0
vacancy_O2,O2 vacancy,tetrahedral,1,17,5.53521391,-5.5046,-11.03981391,0.0,0.0,0.0
vacancy_O2,O2 vacancy,tetrahedral,1,17,5.53521391,-5.4876,-11.02281391,0.0,0.0,0.0
vacancy_O2,O2 vacancy,tetrahedral,1,17,5.53521391,-5.4706,-11.00581391,0.0,0.0,0.0
vacancy_O2,O2 vacancy,tetrahedral,1,17,5.53521391,-5.4535,-10.988713910000001,0.0,0.0,0.0
vacancy_O2,O2 vacancy,tetrahedral,1,17,5.53521391,-5.4365,-10.97171391,0.0,0.0,0.0
vacancy_O2,O2 vacancy,tetrahedral,1,17,5.53521391,-5.4195,-10.95471391,0.0,0.0,0.0
vacancy_O2,O2 vacancy,tetrahedral,1,17,5.53521391,-5.4024,-10.93761391,0.0,0.0,0.0
vacancy_O2,O2 vacancy,tetrahedral,1,17,5.53521391,-5.3854,-10.92061391,0.0,0.0,0.0
vacancy_O2,O2 vacancy,tetrahedral,1,17,5.53521391,-5.3684,-10.90361391,0.0,0.0,0.0
vacancy_O2,O2 vacancy,tetrahedral,1,17,5.53521391,-5.3513,-10.886513910000001,0.0,0.0,0.0
vacancy_O2,O2 vacancy,tetrahedral,1,17,5.53521391,-5.3343,-10.86951391,0.0,0.0,0.0
vacancy_O2,O2 vacancy,tetrahedral,1,17,5.53521391,-5.3172,-10.85241391,0.0,0.0,0.0
vacancy_O2,O2 vacancy,tetrahedral,1,17,5.53521391,-5.3002,-10.83541391,0.0,0.0,0.0
vacancy_O2,O2 vacancy,tetrahedral,1,17,5.53521391,-5.2832,-10.81841391,0.0,0.0,0.0
vacancy_O2,O2 vacancy,tetrahedral,1,17,5.53521391,-5.2661,-10.801313910000001,0.0,0.0,0.0
vacancy_O2,O2 vacancy,tetrahedral,1,17,5.53521391,-5.2491,-10.784313910000002,0.0,0.0,0.0
vacancy_O2,O2 vacancy,tetrahedral,1,17,5.53521391,-5.2321,-10.76731391,0.0,0.0,0.0
vacancy_O2,O2 vacancy,tetrahedral,1,17,5.53521391,-5.215,-10.75021391,0.0,0.0,0.0
vacancy_O2,O2 vacancy,tetrahedral,1,17,5.53521391,-5.198,-10.73321391,0.0,0.0,0.0
vacancy_O2,O2 vacancy,tetrahedral,1,17,5.53521391,-5.1809,-10.71611391,0.0,0.0,0.0
vacancy_O2,O2 vacancy,tetrahedral,1,17,5.53521391,-5.1639,-10.699113910000001,0.0,0.0,0.0
vacancy_O2,O2 vacancy,tetrahedral,1,17,5.53521391,-5.1469,-10.68211391,0.0,0.0,0.0
vacancy_O2,O2 vacancy,tetrahedral,1,17,5.53521391,-5.1298,-10.66501391,0.0,0.0,0.0
vacancy_O2,O2 vacancy,tetrahedral,1,17,5.53521391,-5.1128,-10.64801391,0.0,0.0,0.0
vacancy_O2,O2 vacancy,tetrahedral,1,17,5.53521391,-5.0958,-10.63101391,0.0,0.0,0.0
vacancy_O2,O2 vacancy,tetrahedral,1,17,5.53521391,-5.0787,-10.61391391,0.0,0.0,0.0
vacancy_O2,O2 vacancy,tetrahedral,1,17,5.53521391,-5.0617,-10.596913910000001,0.0,0.0,0.0
vacancy_O2,O2 vacancy,tetrahedral,1,17,5.53521391,-5.0447,-10.57991391,0.0,0.0,0.0
vacancy_O2,O2 vacancy,tetrahedral,1,17,5.53521391,-5.0276,-10.56281391,0.0,0.0,0.0
vacancy_O2,O2 vacancy,tetrahedral,1,17,5.53521391,-5.0106,-10.54581391,0.0,0.0,0.0
vacancy_O2,O2 vacancy,tetrahedral,1,17,5.53521391,-4.9935,-10.52871391,0.0,0.0,0.0
vacancy_O2,O2 vacancy,tetrahedral,1,17,5.53521391,-4.9765,-10.511713910000001,0.0,0.0,0.0
vacancy_O2,O2 vacancy,tetrahedral,1,17,5.53521391,-4.9595,-10.494713910000002,0.0,0.0,0.0
vacancy_O2,O2 vacancy,tetrahedral,1,17,5.53521391,-4.9424,-10.47761391,0.0,0.0,0.0
vacancy_O2,O2 vacancy,tetrahedral,1,17,5.53521391,-4.9254,-10.46061391,0.0,0.0,0.0
vacancy_O2,O2 vacancy,tetrahedral,1,17,5.53521391,-4.9084,-10.44361391,0.0,0.0,0.0
vacancy_O2,O2 vacancy,tetrahedral,1,17,5.53521391,-4.8913,-10.42651391,0.0,0.0,0.0
vacancy_O2,O2 vacancy,tetrahedral,1,17,5.53521391,-4.8743,-10.409513910000001,0.0,0.0,0.0
vacancy_O2,O2 vacancy,tetrahedral,1,17,5.53521391,-4.8572,-10.39241391,0.0,0.0,0.0
vacancy_O2,O2 vacancy,tetrahedral,1,17,5.53521391,-4.8402,-10.37541391,0.0,0.0,0.0
vacancy_O2,O2 vacancy,tetrahedral,1,17,5.53521391,-4.8232,-10.35841391,0.0,0.0,0.0
vacancy_O2,O2 vacancy,tetrahedral,1,17,5.53521391,-4.8061,-10.34131391,0.0,0.0,0.0
vacancy_O2,O2 vacancy,tetrahedral,1,17,5.53521391,-4.7891,-10.32431391,0.0,0.0,0.0
vacancy_O2,O2 vacancy,tetrahedral,1,17,5.53521391,-4.7721,-10.307313910000001,0.0,0.0,0.0
vacancy_O2,O2 vacancy,tetrahedral,1,17,5.53521391,-4.755,-10.29021391,0.0,0.0,0.0
vacancy_O2,O2 vacancy,tetrahedral,1,17,5.53521391,-4.738,-10.27321391,0.0,0.0,0.0
vacancy_O2,O2 vacancy,tetrahedral,1,17,5.53521391,-4.721,-10.25621391,0.0,0.0,0.0
vacancy_O2,O2 vacancy,tetrahedral,1,17,5.53521391,-4.7039,-10.23911391,0.0,0.0,0.0
vacancy_O2,O2 vacancy,tetrahedral,1,17,5.53521391,-4.6869,-10.222113910000001,0.0,0.0,0.0
vacancy_O2,O2 vacancy,tetrahedral,1,17,5.53521391,-4.6698,-10.205013910000002,0.0,0.0,0.0
vacancy_O2,O2 vacancy,tetrahedral,1,17,5.53521391,-4.6528,-10.18801391,0.0,0.0,0.0
vacancy_O2,O2 vacancy,tetrahedral,1,17,5.53521391,-4.6358,-10.17101391,0.0,0.0,0.0
vacancy_O2,O2 vacancy,tetrahedral,1,17,5.53521391,-4.6187,-10.15391391,0.0,0.0,0.0
vacancy_O2,O2 vacancy,tetrahedral,1,17,5.53521391,-4.6017,-10.13691391,0.0,0.0,0.0
vacancy_O2,O2 vacancy,tetrahedral,1,17,5.53521391,-4.5847,-10.119913910000001,0.0,0.0,0.0
vacancy_O2,O2 vacancy,tetrahedral,1,17,5.53521391,-4.5676,-10.10281391,0.0,0.0,0.0
vacancy_O2,O2 vacancy,tetrahedral,1,17,5.53521391,-4.5506,-10.08581391,0.0,0.0,0.0
vacancy_O2,O2 vacancy,tetrahedral,1,17,5.53521391,-4.5335,-10.06871391,0.0,0.0,0.0
vacancy_O2,O2 vacancy,tetrahedral,1,17,5.53521391,-4.5165,-10.05171391,0.0,0.0,0.0
vacancy_O2,O2 vacancy,tetrahedral,1,17,5.53521391,-4.4995,-10.03471391,0.0,0.0,0.0
vacancy_O2,O2 vacancy,tetrahedral,1,17,5.53521391,-4.4824,-10.017613910000001,0.0,0.0,0.0
vacancy_O2,O2 vacancy,tetrahedral,1,17,5.53521391,-4.4654,-10.00061391,0.0,0.0,0.0
vacancy_O2,O2 vacancy,tetrahedral,1,17,5.53521391,-4.4484,-9.98361391,0.0,0.0,0.0
vacancy_O2,O2 vacancy,tetrahedral,1,17,5.53521391,-4.4313,-9.96651391,0.0,0.0,0.0
vacancy_O2,O2 vacancy,tetrahedral,1,17,5.53521391,-4.4143,-9.94951391,0.0,0.0,0.0
vacancy_O2,O2 vacancy,tetrahedral,1,17,5.53521391,-4.3973,-9.93251391,0.0,0.0,0.0
vacancy_O2,O2 vacancy,tetrahedral,1,17,5.53521391,-4.3802,-9.915413910000002,0.0,0.0,0.0
vacancy_O2,O2 vacancy,tetrahedral,1,17,5.53521391,-4.3632,-9.89841391,0.0,0.0,0.0
vacancy_O2,O2 vacancy,tetrahedral,1,17,5.53521391,-4.3461,-9.88131391,0.0,0.0,0.0
vacancy_O2,O2 vacancy,tetrahedral,1,17,5.53521391,-4.3291,-9.86431391,0.0,0.0,0.0
vacancy_O2,O2 vacancy,tetrahedral,1,17,5.53521391,-4.3121,-9.84731391,0.0,0.0,0.0
vacancy_O2,O2 vacancy,tetrahedral,1,17,5.53521391,-4.295,-9.830213910000001,0.0,0.0,0.0
vacancy_O2,O2 vacancy,tetrahedral,1,17,5.53521391,-4.278,-9.81321391,0.0,0.0,0.0
vacancy_O2,O2 vacancy,tetrahedral,1,17,5.53521391,-4.261,-9.79621391,0.0,0.0,0.0
vacancy_O2,O2 vacancy,tetrahedral,1,17,5.53521391,-4.2439,-9.77911391,0.0,0.0,0.0
vacancy_O2,O2 vacancy,tetrahedral,1,17,5.53521391,-4.2269,-9.76211391,0.0,0.0,0.0
vacancy_O2,O2 vacancy,tetrahedral,1,17,5.53521391,-4.2098,-9.74501391,0.0,0.0,0.0
vacancy_O2,O2 vacancy,tetrahedral,1,17,5.53521391,-4.1928,-9.728013910000001,0.0,0.0,0.0
vacancy_O2,O2 vacancy,tetrahedral,1,17,5.53521391,-4.1758,-9.71101391,0.0,0.0,0.0
vacancy_O2,O2 vacancy,tetrahedral,1,17,5.53521391,-4.1587,-9.69391391,0.0,0.0,0.0
vacancy_O2,O2 vacancy,tetrahedral,1,17,5.53521391,-4.1417,-9.67691391,0.0,0.0,0.0
vacancy_O2,O2 vacancy,tetrahedral,1,17,5.53521391,-4.1247,-9.65991391,0.0,0.0,0.0
vacancy_O2,O2 vacancy,tetrahedral,1,17,5.53521391,-4.1076,-9.642813910000001,0.0,0.0,0.0
vacancy_O2,O2 vacancy,tetrahedral,1,17,5.53521391,-4.0906,-9.625813910000002,0.0,0.0,0.0
vacancy_O2,O2 vacancy,tetrahedral,1,17,5.53521391,-4.0736,-9.60881391,0.0,0.0,0.0
vacancy_O2,O2 vacancy,tetrahedral,1,17,5.53521391,-4.0565,-9.59171391,0.0,0.0,0.0
vacancy_O2,O2 vacancy,tetrahedral,1,17,5.53521391,-4.0395,-9.57471391,0.0,0.0,0.0
vacancy_O2,O2 vacancy,tetrahedral,1,17,5.53521391,-4.0224,-9.55761391,0.0,0.0,0.0
vacancy_O2,O2 vacancy,tetrahedral,1,17,5.53521391,-4.0054,-9.540613910000001,0.0,0.0,0.0
vacancy_O2,O2 vacancy,tetrahedral,1,17,5.53521391,-3.9884,-9.52361391,0.0,0.0,0.0
vacancy_O2,O2 vacancy,tetrahedral,1,17,5.53521391,-3.9713,-9.50651391,0.0,0.0,0.0
vacancy_O2,O2 vacancy,tetrahedral,1,17,5.53521391,-3.9543,-9.48951391,0.0,0.0,0.0
vacancy_O2,O2 vacancy,tetrahedral,1,17,5.53521391,-3.9373,-9.47251391,0.0,0.0,0.0
vacancy_O2,O2 vacancy,tetrahedral,1,17,5.53521391,-3.9202,-9.45541391,0.0,0.0,0.0
vacancy_O2,O2 vacancy,tetrahedral,1,17,5.53521391,-3.9032,-9.438413910000001,0.0,0.0,0.0
vacancy_O2,O2 vacancy,tetrahedral,1,17,5.53521391,-3.8861,-9.42131391,0.0,0.0,0.0
vacancy_O2,O2 vacancy,tetrahedral,1,17,5.53521391,-3.8691,-9.40431391,0.0,0.0,0.0
vacancy_O2,O2 vacancy,tetrahedral,1,17,5.53521391,-3.8521,-9.38731391,0.0,0.0,0.0
vacancy_O2,O2 vacancy,tetrahedral,1,17,5.53521391,-3.835,-9.37021391,0.0,0.0,0.0
vacancy_O2,O2 vacancy,tetrahedral,1,17,5.53521391,-3.818,-9.353213910000001,0.0,0.0,0.0
vacancy_O2,O2 vacancy,tetrahedral,1,17,5.53521391,-3.801,-9.336213910000001,0.0,0.0,0.0
vacancy_O2,O2 vacancy,tetrahedral,1,17,5.53521391,-3.7839,-9.31911391,0.0,0.0,0.0
vacancy_O2,O2 vacancy,tetrahedral,1,17,5.53521391,-3.7669,-9.302113910000001,0.0,0.0,0.0
vacancy_O2,O2 vacancy,tetrahedral,1,17,5.53521391,-3.7499,-9.28511391,0.0,0.0,0.0
vacancy_O2,O2 vacancy,tetrahedral,1,17,5.53521391,-3.7328,-9.26801391,0.0,0.0,0.0
vacancy_O2,O2 vacancy,tetrahedral,1,17,5.53521391,-3.7158,-9.251013910000001,0.0,0.0,0.0
vacancy_O2,O2 vacancy,tetrahedral,1,17,5.53521391,-3.6987,-9.23391391,0.0,0.0,0.0
vacancy_O2,O2 vacancy,tetrahedral,1,17,5.53521391,-3.6817,-9.21691391,0.0,0.0,0.0
vacancy_O2,O2 vacancy,tetrahedral,1,17,5.53521391,-3.6647,-9.19991391,0.0,0.0,0.0
vacancy_O2,O2 vacancy,tetrahedral,1,17,5.53521391,-3.6476,-9.18281391,0.0,0.0,0.0
vacancy_O2,O2 vacancy,tetrahedral,1,17,5.53521391,-3.6306,-9.16581391,0.0,0.0,0.0
vacancy_O2,O2 vacancy,tetrahedral,1,17,5.53521391,-3.6136,-9.148813910000001,0.0,0.0,0.0
vacancy_O2,O2 vacancy,tetrahedral,1,17,5.53521391,-3.5965,-9.13171391,0.0,0.0,0.0
vacancy_O2,O2 vacancy,tetrahedral,1,17,5.53521391,-3.5795,-9.11471391,0.0,0.0,0.0
vacancy_O2,O2 vacancy,tetrahedral,1,17,5.53521391,-3.5624,-9.09761391,0.0,0.0,0.0
vacancy_O2,O2 vacancy,tetrahedral,1,17,5.53521391,-3.5454,-9.08061391,0.0,0.0,0.0
vacancy_O2,O2 vacancy,tetrahedral,1,17,5.53521391,-3.5284,-9.06361391,0.0,0.0,0.0
vacancy_O2,O2 vacancy,tetrahedral,1,17,5.53521391,-3.5113,-9.04651391,0.0,0.0,0.0
vacancy_O2,O2 vacancy,tetrahedral,1,17,5.53521391,-3.4943,-9.02951391,0.0,0.0,0.0
vacancy_O2,O2 vacancy,tetrahedral,1,17,5.53521391,-3.4773,-9.012513910000001,0.0,0.0,0.0
vacancy_O2,O2 vacancy,tetrahedral,1,17,5.53521391,-3.4602,-8.99541391,0.0,0.0,0.0
vacancy_O2,O2 vacancy,tetrahedral,1,17,5.53521391,-3.4432,-8.97841391,0.0001,0.0,0.0
vacancy_O2,O2 vacancy,tetrahedral,1,17,5.53521391,-3.4262,-8.961413910000001,0.0001,0.0,0.0
vacancy_O2,O2 vacancy,tetrahedral,1,17,5.53521391,-3.4091,-8.94431391,0.0002,0.0,0.0
vacancy_O2,O2 vacancy,tetrahedral,1,17,5.53521391,-3.3921,-8.92731391,0.0004,0.0,0.0
vacancy_O2,O2 vacancy,tetrahedral,1,17,5.53521391,-3.375,-8.91021391,0.0006,0.0,0.0
vacancy_O2,O2 vacancy,tetrahedral,1,17,5.53521391,-3.358,-8.89321391,0.0009,0.0,0.0001
vacancy_O2,O2 vacancy,tetrahedral,1,17,5.53521391,-3.341,-8.87621391,0.0013,0.0001,0.0001
vacancy_O2,O2 vacancy,tetrahedral,1,17,5.53521391,-3.3239,-8.859113910000001,0.0018,0.0002,0.0001
vacancy_O2,O2 vacancy,tetrahedral,1,17,5.53521391,-3.3069,-8.84211391,0.0024,0.00039999999999999996,0.0004
vacancy_O2,O2 vacancy,tetrahedral,1,17,5.53521391,-3.2899,-8.82511391,0.0032,0.0005,0.0005
vacancy_O2,O2 vacancy,tetrahedral,1,17,5.53521391,-3.2728,-8.80801391,0.0041,0.0007,0.0007000000000000001
vacancy_O2,O2 vacancy,tetrahedral,1,17,5.53521391,-3.2558,-8.79101391,0.0051,0.0009000000000000001,0.0011
vacancy_O2,O2 vacancy,tetrahedral,1,17,5.53521391,-3.2387,-8.773913910000001,0.0062,0.0013000000000000002,0.0013000000000000002
vacancy_O2,O2 vacancy,tetrahedral,1,17,5.53521391,-3.2217,-8.75691391,0.0075,0.0018000000000000002,0.0016
vacancy_O2,O2 vacancy,tetrahedral,1,17,5.53521391,-3.2047,-8.73991391,0.009,0.0021,0.0019999999999999996
vacancy_O2,O2 vacancy,tetrahedral,1,17,5.53521391,-3.1876,-8.722813910000001,0.0108,0.0024999999999999996,0.0022
vacancy_O2,O2 vacancy,tetrahedral,1,17,5.53521391,-3.1706,-8.70581391,0.0128,0.003,0.0024000000000000002
vacancy_O2,O2 vacancy,tetrahedral,1,17,5.53521391,-3.1536,-8.68881391,0.0152,0.0033,0.0026000000000000003
vacancy_O2,O2 vacancy,tetrahedral,1,17,5.53521391,-3.1365,-8.671713910000001,0.018,0.0036999999999999997,0.0027
vacancy_O2,O2 vacancy,tetrahedral,1,17,5.53521391,-3.1195,-8.65471391,0.0214,0.0040999999999999995,0.0027
vacancy_O2,O2 vacancy,tetrahedral,1,17,5.53521391,-3.1025,-8.63771391,0.0254,0.0045000000000000005,0.0028000000000000004
vacancy_O2,O2 vacancy,tetrahedral,1,17,5.53521391,-3.0854,-8.62061391,0.0301,0.0049,0.0029000000000000007
vacancy_O2,O2 vacancy,tetrahedral,1,17,5.53521391,-3.0684,-8.60361391,0.0355,0.0056,0.0029000000000000002
vacancy_O2,O2 vacancy,tetrahedral,1,17,5.53521391,-3.0513,-8.58651391,0.0414,0.0060999999999999995,0.0029
vacancy_O2,O2 vacancy,tetrahedral,1,17,5.53521391,-3.0343,-8.569513910000001,0.0476,0.006699999999999999,0.0028
vacancy_O2,O2 vacancy,tetrahedral,1,17,5.53521391,-3.0173,-8.55251391,0.0538,0.0074,0.0028000000000000004
vacancy_O2,O2 vacancy,tetrahedral,1,17,5.53521391,-3.0002,-8.53541391,0.0596,0.0082,0.0029000000000000002
vacancy_O2,O2 vacancy,tetrahedral,1,17,5.53521391,-2.9832,-8.51841391,0.0646,0.0087,0.0029000000000000002
vacancy_O2,O2 vacancy,tetrahedral,1,17,5.53521391,-2.9662,-8.50141391,0.0685,0.0091,0.003
vacancy_O2,O2 vacancy,tetrahedral,1,17,5.53521391,-2.9491,-8.484313910000001,0.0711,0.0095,0.0031000000000000003
vacancy_O2,O2 vacancy,tetrahedral,1,17,5.53521391,-2.9321,-8.467313910000001,0.0723,0.009600000000000001,0.0031000000000000003
vacancy_O2,O2 vacancy,tetrahedral,1,17,5.53521391,-2.915,-8.45021391,0.0723,0.0096,0.0031999999999999997
vacancy_O2,O2 vacancy,tetrahedral,1,17,5.53521391,-2.898,-8.433213910000001,0.0715,0.009600000000000001,0.0033
vacancy_O2,O2 vacancy,tetrahedral,1,17,5.53521391,-2.881,-8.41621391,0.0702,0.0094,0.0034999999999999996
vacancy_O2,O2 vacancy,tetrahedral,1,17,5.53521391,-2.8639,-8.39911391,0.069,0.0093,0.0036
vacancy_O2,O2 vacancy,tetrahedral,1,17,5.53521391,-2.8469,-8.382113910000001,0.0682,0.0094,0.0039
vacancy_O2,O2 vacancy,tetrahedral,1,17,5.53521391,-2.8299,-8.36511391,0.0681,0.0095,0.0043
vacancy_O2,O2 vacancy,tetrahedral,1,17,5.53521391,-2.8128,-8.34801391,0.0687,0.0098,0.0044
vacancy_O2,O2 vacancy,tetrahedral,1,17,5.53521391,-2.7958,-8.33101391,0.0699,0.0101,0.0047
vacancy_O2,O2 vacancy,tetrahedral,1,17,5.53521391,-2.7788,-8.31401391,0.0716,0.0106,0.0051
vacancy_O2,O2 vacancy,tetrahedral,1,17,5.53521391,-2.7617,-8.29691391,0.0738,0.011,0.0053
vacancy_O2,O2 vacancy,tetrahedral,1,17,5.53521391,-2.7447,-8.279913910000001,0.0763,0.011300000000000001,0.005699999999999999
vacancy_O2,O2 vacancy,tetrahedral,1,17,5.53521391,-2.7276,-8.26281391,0.0796,0.0116,0.0058
vacancy_O2,O2 vacancy,tetrahedral,1,17,5.53521391,-2.7106,-8.24581391,0.0837,0.0119,0.0058
vacancy_O2,O2 vacancy,tetrahedral,1,17,5.53521391,-2.6936,-8.22881391,0.0893,0.0121,0.006
vacancy_O2,O2 vacancy,tetrahedral,1,17,5.53521391,-2.6765,-8.21171391,0.0966,0.012199999999999999,0.006
vacancy_O2,O2 vacancy,tetrahedral,1,17,5.53521391,-2.6595,-8.19471391,0.1058,0.012400000000000001,0.006200000000000001
vacancy_O2,O2 vacancy,tetrahedral,1,17,5.53521391,-2.6425,-8.177713910000001,0.1169,0.0127,0.0063
vacancy_O2,O2 vacancy,tetrahedral,1,17,5.53521391,-2.6254,-8.16061391,0.1295,0.0129,0.0065
vacancy_O2,O2 vacancy,tetrahedral,1,17,5.53521391,-2.6084,-8.143613910000001,0.1428,0.0132,0.0067
vacancy_O2,O2 vacancy,tetrahedral,1,17,5.53521391,-2.5913,-8.12651391,0.1558,0.013600000000000001,0.0070999999999999995
vacancy_O2,O2 vacancy,tetrahedral,1,17,5.53521391,-2.5743,-8.10951391,0.1675,0.0139,0.0075
vacancy_O2,O2 vacancy,tetrahedral,1,17,5.53521391,-2.5573,-8.092513910000001,0.1767,0.0142,0.007699999999999999
vacancy_O2,O2 vacancy,tetrahedral,1,17,5.53521391,-2.5402,-8.07541391,0.1829,0.0146,0.0079
vacancy_O2,O2 vacancy,tetrahedral,1,17,5.53521391,-2.5232,-8.05841391,0.1854,0.0148,0.0081
vacancy_O2,O2 vacancy,tetrahedral,1,17,5.53521391,-2.5062,-8.041413910000001,0.1845,0.015300000000000001,0.0084
vacancy_O2,O2 vacancy,tetrahedral,1,17,5.53521391,-2.4891,-8.02431391,0.1804,0.0157,0.0087
vacancy_O2,O2 vacancy,tetrahedral,1,17,5.53521391,-2.4721,-8.00731391,0.1739,0.0163,0.0092
vacancy_O2,O2 vacancy,tetrahedral,1,17,5.53521391,-2.4551,-7.99031391,0.1656,0.0171,0.0097
vacancy_O2,O2 vacancy,tetrahedral,1,17,5.53521391,-2.438,-7.97321391,0.1563,0.0179,0.0103
vacancy_O2,O2 vacancy,tetrahedral,1,17,5.53521391,-2.421,-7.956213910000001,0.1466,0.0187,0.011000000000000001
vacancy_O2,O2 vacancy,tetrahedral,1,17,5.53521391,-2.4039,-7.9391139100000006,0.137,0.0196,0.011600000000000001
vacancy_O2,O2 vacancy,tetrahedral,1,17,5.53521391,-2.3869,-7.92211391,0.1281,0.0204,0.012299999999999998
vacancy_O2,O2 vacancy,tetrahedral,1,17,5.53521391,-2.3699,-7.905113910000001,0.1198,0.020999999999999998,0.013
vacancy_O2,O2 vacancy,tetrahedral,1,17,5.53521391,-2.3528,-7.88801391,0.1126,0.0216,0.0135
vacancy_O2,O2 vacancy,tetrahedral,1,17,5.53521391,-2.3358,-7.87101391,0.1062,0.022,0.014300000000000002
vacancy_O2,O2 vacancy,tetrahedral,1,17,5.53521391,-2.3188,-7.854013910000001,0.1009,0.0223,0.0149
vacancy_O2,O2 vacancy,tetrahedral,1,17,5.53521391,-2.3017,-7.83691391,0.0966,0.022600000000000002,0.015499999999999998
vacancy_O2,O2 vacancy,tetrahedral,1,17,5.53521391,-2.2847,-7.81991391,0.0935,0.0229,0.0163
vacancy_O2,O2 vacancy,tetrahedral,1,17,5.53521391,-2.2676,-7.80281391,0.0919,0.023200000000000002,0.0171
vacancy_O2,O2 vacancy,tetrahedral,1,17,5.53521391,-2.2506,-7.78581391,0.092,0.0237,0.0179
vacancy_O2,O2 vacancy,tetrahedral,1,17,5.53521391,-2.2336,-7.76881391,0.0939,0.024300000000000002,0.018699999999999998
vacancy_O2,O2 vacancy,tetrahedral,1,17,5.53521391,-2.2165,-7.75171391,0.0978,0.0249,0.0193
vacancy_O2,O2 vacancy,tetrahedral,1,17,5.53521391,-2.1995,-7.73471391,0.1034,0.025500000000000002,0.02
vacancy_O2,O2 vacancy,tetrahedral,1,17,5.53521391,-2.1825,-7.7177139100000005,0.1102,0.0262,0.020200000000000003
vacancy_O2,O2 vacancy,tetrahedral,1,17,5.53521391,-2.1654,-7.70061391,0.1175,0.0267,0.0204
vacancy_O2,O2 vacancy,tetrahedral,1,17,5.53521391,-2.1484,-7.68361391,0.1246,0.0271,0.0205
vacancy_O2,O2 vacancy,tetrahedral,1,17,5.53521391,-2.1314,-7.666613910000001,0.1305,0.027299999999999998,0.0204
vacancy_O2,O2 vacancy,tetrahedral,1,17,5.53521391,-2.1143,-7.6495139100000005,0.1346,0.0274,0.0201
vacancy_O2,O2 vacancy,tetrahedral,1,17,5.53521391,-2.0973,-7.63251391,0.1366,0.0273,0.019799999999999998
vacancy_O2,O2 vacancy,tetrahedral,1,17,5.53521391,-2.0802,-7.615413910000001,0.1366,0.0271,0.0194
vacancy_O2,O2 vacancy,tetrahedral,1,17,5.53521391,-2.0632,-7.5984139100000005,0.135,0.0269,0.0191
vacancy_O2,O2 vacancy,tetrahedral,1,17,5.53521391,-2.0462,-7.58141391,0.1327,0.026699999999999998,0.018699999999999998
vacancy_O2,O2 vacancy,tetrahedral,1,17,5.53521391,-2.0291,-7.564313910000001,0.1305,0.026500000000000003,0.0182
vacancy_O2,O2 vacancy,tetrahedral,1,17,5.53521391,-2.0121,-7.547313910000001,0.1293,0.0264,0.018000000000000002
vacancy_O2,O2 vacancy,tetrahedral,1,17,5.53521391,-1.9951,-7.53031391,0.1296,0.0264,0.0178
vacancy_O2,O2 vacancy,tetrahedral,1,17,5.53521391,-1.978,-7.51321391,0.1319,0.0267,0.0177
vacancy_O2,O2 vacancy,tetrahedral,1,17,5.53521391,-1.961,-7.496213910000001,0.1359,0.0269,0.0177
vacancy_O2,O2 vacancy,tetrahedral,1,17,5.53521391,-1.9439,-7.479113910000001,0.1412,0.027299999999999998,0.0178
vacancy_O2,O2 vacancy,tetrahedral,1,17,5.53521391,-1.9269,-7.46211391,0.1473,0.0278,0.018099999999999998
vacancy_O2,O2 vacancy,tetrahedral,1,17,5.53521391,-1.9099,-7.44511391,0.1536,0.0283,0.0182
vacancy_O2,O2 vacancy,tetrahedral,1,17,5.53521391,-1.8928,-7.428013910000001,0.1593,0.0288,0.0186
vacancy_O2,O2 vacancy,tetrahedral,1,17,5.53521391,-1.8758,-7.41101391,0.1641,0.029199999999999997,0.0189
vacancy_O2,O2 vacancy,tetrahedral,1,17,5.53521391,-1.8588,-7.39401391,0.1678,0.029399999999999996,0.019000000000000003
vacancy_O2,O2 vacancy,tetrahedral,1,17,5.53521391,-1.8417,-7.376913910000001,0.1703,0.0295,0.019
vacancy_O2,O2 vacancy,tetrahedral,1,17,5.53521391,-1.8247,-7.35991391,0.1718,0.029400000000000003,0.019
vacancy_O2,O2 vacancy,tetrahedral,1,17,5.53521391,-1.8077,-7.34291391,0.1723,0.0291,0.0187
vacancy_O2,O2 vacancy,tetrahedral,1,17,5.53521391,-1.7906,-7.325813910000001,0.1722,0.0289,0.0183
vacancy_O2,O2 vacancy,tetrahedral,1,17,5.53521391,-1.7736,-7.3088139100000005,0.1714,0.0285,0.0177
vacancy_O2,O2 vacancy,tetrahedral,1,17,5.53521391,-1.7565,-7.29171391,0.1705,0.0282,0.0171
vacancy_O2,O2 vacancy,tetrahedral,1,17,5.53521391,-1.7395,-7.274713910000001,0.1698,0.028000000000000004,0.0164
vacancy_O2,O2 vacancy,tetrahedral,1,17,5.53521391,-1.7225,-7.2577139100000005,0.1697,0.028000000000000004,0.0157
vacancy_O2,O2 vacancy,tetrahedral,1,17,5.53521391,-1.7054,-7.24061391,0.1706,0.0281,0.0152
vacancy_O2,O2 vacancy,tetrahedral,1,17,5.53521391,-1.6884,-7.22361391,0.1726,0.0283,0.0149
vacancy_O2,O2 vacancy,tetrahedral,1,17,5.53521391,-1.6714,-7.206613910000001,0.1759,0.0288,0.0148
vacancy_O2,O2 vacancy,tetrahedral,1,17,5.53521391,-1.6543,-7.1895139100000005,0.18,0.029400000000000003,0.0148
vacancy_O2,O2 vacancy,tetrahedral,1,17,5.53521391,-1.6373,-7.17251391,0.1847,0.03,0.0148
vacancy_O2,O2 vacancy,tetrahedral,1,17,5.53521391,-1.6203,-7.155513910000001,0.1895,0.0304,0.0151
vacancy_O2,O2 vacancy,tetrahedral,1,17,5.53521391,-1.6032,-7.138413910000001,0.1944,0.0309,0.015300000000000001
vacancy_O2,O2 vacancy,tetrahedral,1,17,5.53521391,-1.5862,-7.12141391,0.1996,0.031100000000000003,0.0157
vacancy_O2,O2 vacancy,tetrahedral,1,17,5.53521391,-1.5691,-7.10431391,0.2054,0.0313,0.016300000000000002
vacancy_O2,O2 vacancy,tetrahedral,1,17,5.53521391,-1.5521,-7.087313910000001,0.2121,0.0315,0.016599999999999997
vacancy_O2,O2 vacancy,tetrahedral,1,17,5.53521391,-1.5351,-7.07031391,0.2199,0.0313,0.0172
vacancy_O2,O2 vacancy,tetrahedral,1,17,5.53521391,-1.518,-7.05321391,0.2287,0.0313,0.017599999999999998
vacancy_O2,O2 vacancy,tetrahedral,1,17,5.53521391,-1.501,-7.036213910000001,0.2376,0.0311,0.0181
vacancy_O2,O2 vacancy,tetrahedral,1,17,5.53521391,-1.484,-7.01921391,0.246,0.0311,0.0185
vacancy_O2,O2 vacancy,tetrahedral,1,17,5.53521391,-1.4669,-7.00211391,0.2527,0.031,0.019
vacancy_O2,O2 vacancy,tetrahedral,1,17,5.53521391,-1.4499,-6.985113910000001,0.2572,0.0308,0.019500000000000003
vacancy_O2,O2 vacancy,tetrahedral,1,17,5.53521391,-1.4328,-6.968013910000001,0.2594,0.0308,0.019700000000000002
vacancy_O2,O2 vacancy,tetrahedral,1,17,5.53521391,-1.4158,-6.95101391,0.2598,0.030699999999999998,0.0202
vacancy_O2,O2 vacancy,tetrahedral,1,17,5.53521391,-1.3988,-6.934013910000001,0.2592,0.0308,0.0204
vacancy_O2,O2 vacancy,tetrahedral,1,17,5.53521391,-1.3817,-6.91691391,0.2589,0.030799999999999998,0.0204
vacancy_O2,O2 vacancy,tetrahedral,1,17,5.53521391,-1.3647,-6.89991391,0.2594,0.0308,0.0204
vacancy_O2,O2 vacancy,tetrahedral,1,17,5.53521391,-1.3477,-6.88291391,0.2611,0.031100000000000003,0.0204
vacancy_O2,O2 vacancy,tetrahedral,1,17,5.53521391,-1.3306,-6.86581391,0.2634,0.0316,0.020499999999999997
vacancy_O2,O2 vacancy,tetrahedral,1,17,5.53521391,-1.3136,-6.8488139100000005,0.2655,0.0322,0.020499999999999997
vacancy_O2,O2 vacancy,tetrahedral,1,17,5.53521391,-1.2966,-6.83181391,0.2661,0.0329,0.0208
vacancy_O2,O2 vacancy,tetrahedral,1,17,5.53521391,-1.2795,-6.81471391,0.2644,0.0338,0.0211
vacancy_O2,O2 vacancy,tetrahedral,1,17,5.53521391,-1.2625,-6.797713910000001,0.26,0.0349,0.0216
vacancy_O2,O2 vacancy,tetrahedral,1,17,5.53521391,-1.2454,-6.7806139100000005,0.2531,0.036199999999999996,0.022199999999999998
vacancy_O2,O2 vacancy,tetrahedral,1,17,5.53521391,-1.2284,-6.76361391,0.2445,0.0375,0.023
vacancy_O2,O2 vacancy,tetrahedral,1,17,5.53521391,-1.2114,-6.746613910000001,0.2355,0.039,0.023799999999999998
vacancy_O2,O2 vacancy,tetrahedral,1,17,5.53521391,-1.1943,-6.7295139100000005,0.2275,0.0405,0.024599999999999997
vacancy_O2,O2 vacancy,tetrahedral,1,17,5.53521391,-1.1773,-6.71251391,0.2216,0.0419,0.0254
vacancy_O2,O2 vacancy,tetrahedral,1,17,5.53521391,-1.1603,-6.695513910000001,0.2186,0.0434,0.026000000000000002
vacancy_O2,O2 vacancy,tetrahedral,1,17,5.53521391,-1.1432,-6.678413910000001,0.2188,0.044899999999999995,0.0266
vacancy_O2,O2 vacancy,tetrahedral,1,17,5.53521391,-1.1262,-6.66141391,0.2219,0.0464,0.0269
vacancy_O2,O2 vacancy,tetrahedral,1,17,5.53521391,-1.1091,-6.64431391,0.2272,0.0479,0.0268
vacancy_O2,O2 vacancy,tetrahedral,1,17,5.53521391,-1.0921,-6.627313910000001,0.2335,0.049300000000000004,0.0269
vacancy_O2,O2 vacancy,tetrahedral,1,17,5.53521391,-1.0751,-6.61031391,0.2394,0.050499999999999996,0.0267
vacancy_O2,O2 vacancy,tetrahedral,1,17,5.53521391,-1.058,-6.59321391,0.2435,0.051500000000000004,0.026400000000000003
vacancy_O2,O2 vacancy,tetrahedral,1,17,5.53521391,-1.041,-6.57621391,0.2448,0.052,0.026000000000000002
vacancy_O2,O2 vacancy,tetrahedral,1,17,5.53521391,-1.024,-6.55921391,0.2426,0.0518,0.0254
vacancy_O2,O2 vacancy,tetrahedral,1,17,5.53521391,-1.0069,-6.54211391,0.237,0.051000000000000004,0.0246
vacancy_O2,O2 vacancy,tetrahedral,1,17,5.53521391,-0.9899,-6.52511391,0.2283,0.0495,0.0238
vacancy_O2,O2 vacancy,tetrahedral,1,17,5.53521391,-0.9729,-6.5081139100000005,0.2176,0.0476,0.023
vacancy_O2,O2 vacancy,tetrahedral,1,17,5.53521391,-0.9558,-6.49101391,0.2057,0.0453,0.0221
vacancy_O2,O2 vacancy,tetrahedral,1,17,5.53521391,-0.9388,-6.47401391,0.1935,0.042800000000000005,0.020999999999999998
vacancy_O2,O2 vacancy,tetrahedral,1,17,5.53521391,-0.9217,-6.456913910000001,0.1816,0.0405,0.0201
vacancy_O2,O2 vacancy,tetrahedral,1,17,5.53521391,-0.9047,-6.4399139100000005,0.1703,0.0385,0.0191
vacancy_O2,O2 vacancy,tetrahedral,1,17,5.53521391,-0.8877,-6.42291391,0.1595,0.0369,0.0182
vacancy_O2,O2 vacancy,tetrahedral,1,17,5.53521391,-0.8706,-6.405813910000001,0.1494,0.0358,0.0174
vacancy_O2,O2 vacancy,tetrahedral,1,17,5.53521391,-0.8536,-6.3888139100000005,0.1397,0.035,0.0167
vacancy_O2,O2 vacancy,tetrahedral,1,17,5.53521391,-0.8366,-6.37181391,0.1306,0.0348,0.0163
vacancy_O2,O2 vacancy,tetrahedral,1,17,5.53521391,-0.8195,-6.35471391,0.1222,0.0346,0.0159
vacancy_O2,O2 vacancy,tetrahedral,1,17,5.53521391,-0.8025,-6.337713910000001,0.1148,0.0349,0.0157
vacancy_O2,O2 vacancy,tetrahedral,1,17,5.53521391,-0.7854,-6.3206139100000005,0.1087,0.0352,0.0158
vacancy_O2,O2 vacancy,tetrahedral,1,17,5.53521391,-0.7684,-6.30361391,0.1044,0.0355,0.015700000000000002
vacancy_O2,O2 vacancy,tetrahedral,1,17,5.53521391,-0.7514,-6.286613910000001,0.1022,0.0359,0.0161
vacancy_O2,O2 vacancy,tetrahedral,1,17,5.53521391,-0.7343,-6.269513910000001,0.1024,0.0363,0.0164
vacancy_O2,O2 vacancy,tetrahedral,1,17,5.53521391,-0.7173,-6.25251391,0.1049,0.0365,0.017
vacancy_O2,O2 vacancy,tetrahedral,1,17,5.53521391,-0.7003,-6.235513910000001,0.1095,0.0368,0.0175
vacancy_O2,O2 vacancy,tetrahedral,1,17,5.53521391,-0.6832,-6.218413910000001,0.1154,0.0368,0.018000000000000002
vacancy_O2,O2 vacancy,tetrahedral,1,17,5.53521391,-0.6662,-6.20141391,0.122,0.036699999999999997,0.0185
vacancy_O2,O2 vacancy,tetrahedral,1,17,5.53521391,-0.6492,-6.18441391,0.1283,0.036500000000000005,0.0189
vacancy_O2,O2 vacancy,tetrahedral,1,17,5.53521391,-0.6321,-6.167313910000001,0.1334,0.0361,0.0192
vacancy_O2,O2 vacancy,tetrahedral,1,17,5.53521391,-0.6151,-6.15031391,0.1369,0.0358,0.0196
vacancy_O2,O2 vacancy,tetrahedral,1,17,5.53521391,-0.598,-6.13321391,0.1382,0.0353,0.0196
vacancy_O2,O2 vacancy,tetrahedral,1,17,5.53521391,-0.581,-6.116213910000001,0.1373,0.0349,0.0195
vacancy_O2,O2 vacancy,tetrahedral,1,17,5.53521391,-0.564,-6.0992139100000005,0.1346,0.0344,0.0195
vacancy_O2,O2 vacancy,tetrahedral,1,17,5.53521391,-0.5469,-6.08211391,0.1305,0.0343,0.0195
vacancy_O2,O2 vacancy,tetrahedral,1,17,5.53521391,-0.5299,-6.065113910000001,0.1258,0.0343,0.0193
vacancy_O2,O2 vacancy,tetrahedral,1,17,5.53521391,-0.5129,-6.0481139100000005,0.1209,0.0345,0.0194
vacancy_O2,O2 vacancy,tetrahedral,1,17,5.53521391,-0.4958,-6.03101391,0.1164,0.0349,0.0193
vacancy_O2,O2 vacancy,tetrahedral,1,17,5.53521391,-0.4788,-6.01401391,0.1124,0.035500000000000004,0.0195
vacancy_O2,O2 vacancy,tetrahedral,1,17,5.53521391,-0.4617,-5.99691391,0.109,0.0364,0.0197
vacancy_O2,O2 vacancy,tetrahedral,1,17,5.53521391,-0.4447,-5.9799139100000005,0.106,0.0374,0.0199
vacancy_O2,O2 vacancy,tetrahedral,1,17,5.53521391,-0.4277,-5.96291391,0.1031,0.0385,0.0201
vacancy_O2,O2 vacancy,tetrahedral,1,17,5.53521391,-0.4106,-5.94581391,0.1002,0.0397,0.020200000000000003
vacancy_O2,O2 vacancy,tetrahedral,1,17,5.53521391,-0.3936,-5.928813910000001,0.0971,0.040900000000000006,0.0203
vacancy_O2,O2 vacancy,tetrahedral,1,17,5.53521391,-0.3766,-5.91181391,0.0938,0.0422,0.020399999999999998
vacancy_O2,O2 vacancy,tetrahedral,1,17,5.53521391,-0.3595,-5.89471391,0.0904,0.043399999999999994,0.0202
vacancy_O2,O2 vacancy,tetrahedral,1,17,5.53521391,-0.3425,-5.877713910000001,0.0871,0.044700000000000004,0.0201
vacancy_O2,O2 vacancy,tetrahedral,1,17,5.53521391,-0.3255,-5.86071391,0.0839,0.045899999999999996,0.019999999999999997
vacancy_O2,O2 vacancy,tetrahedral,1,17,5.53521391,-0.3084,-5.84361391,0.0811,0.047,0.019999999999999997
vacancy_O2,O2 vacancy,tetrahedral,1,17,5.53521391,-0.2914,-5.826613910000001,0.0786,0.048,0.020000000000000004
vacancy_O2,O2 vacancy,tetrahedral,1,17,5.53521391,-0.2743,-5.809513910000001,0.0767,0.04870000000000001,0.0201
vacancy_O2,O2 vacancy,tetrahedral,1,17,5.53521391,-0.2573,-5.79251391,0.0753,0.0495,0.0203
vacancy_O2,O2 vacancy,tetrahedral,1,17,5.53521391,-0.2403,-5.775513910000001,0.0746,0.050199999999999995,0.0207
vacancy_O2,O2 vacancy,tetrahedral,1,17,5.53521391,-0.2232,-5.758413910000001,0.0747,0.051000000000000004,0.0212
vacancy_O2,O2 vacancy,tetrahedral,1,17,5.53521391,-0.2062,-5.74141391,0.0756,0.0519,0.0216
vacancy_O2,O2 vacancy,tetrahedral,1,17,5.53521391,-0.1892,-5.72441391,0.0773,0.0532,0.0223
vacancy_O2,O2 vacancy,tetrahedral,1,17,5.53521391,-0.1721,-5.707313910000001,0.0797,0.0548,0.0231
vacancy_O2,O2 vacancy,tetrahedral,1,17,5.53521391,-0.1551,-5.69031391,0.0826,0.0565,0.0238
vacancy_O2,O2 vacancy,tetrahedral,1,17,5.53521391,-0.138,-5.67321391,0.0858,0.058300000000000005,0.024399999999999998
vacancy_O2,O2 vacancy,tetrahedral,1,17,5.53521391,-0.121,-5.65621391,0.0889,0.0601,0.0248
vacancy_O2,O2 vacancy,tetrahedral,1,17,5.53521391,-0.104,-5.6392139100000005,0.0916,0.061399999999999996,0.025099999999999997
vacancy_O2,O2 vacancy,tetrahedral,1,17,5.53521391,-0.0869,-5.62211391,0.0935,0.0622,0.025299999999999996
vacancy_O2,O2 vacancy,tetrahedral,1,17,5.53521391,-0.0699,-5.60511391,0.0944,0.062299999999999994,0.025099999999999997
vacancy_O2,O2 vacancy,tetrahedral,1,17,5.53521391,-0.0529,-5.588113910000001,0.0942,0.0617,0.0247
vacancy_O2,O2 vacancy,tetrahedral,1,17,5.53521391,-0.0358,-5.5710139100000005,0.093,0.060700000000000004,0.024200000000000003
vacancy_O2,O2 vacancy,tetrahedral,1,17,5.53521391,-0.0188,-5.55401391,0.0908,0.0592,0.023600000000000003
vacancy_O2,O2 vacancy,tetrahedral,1,17,5.53521391,-0.0018,-5.537013910000001,0.0881,0.05789999999999999,0.0229
vacancy_O2,O2 vacancy,tetrahedral,1,17,5.53521391,0.0153,-5.5199139100000005,0.0853,0.056499999999999995,0.0221
vacancy_O2,O2 vacancy,tetrahedral,1,17,5.53521391,0.0323,-5.50291391,0.0828,0.0557,0.0215
vacancy_O2,O2 vacancy,tetrahedral,1,17,5.53521391,0.0494,-5.48581391,0.0809,0.0551,0.020800000000000003
vacancy_O2,O2 vacancy,tetrahedral,1,17,5.53521391,0.0664,-5.468813910000001,0.0799,0.0553,0.0205
vacancy_O2,O2 vacancy,tetrahedral,1,17,5.53521391,0.0834,-5.45181391,0.08,0.055999999999999994,0.0204
vacancy_O2,O2 vacancy,tetrahedral,1,17,5.53521391,0.1005,-5.43471391,0.081,0.057499999999999996,0.020499999999999997
vacancy_O2,O2 vacancy,tetrahedral,1,17,5.53521391,0.1175,-5.417713910000001,0.0828,0.059300000000000005,0.020900000000000002
vacancy_O2,O2 vacancy,tetrahedral,1,17,5.53521391,0.1345,-5.40071391,0.085,0.0617,0.0218
vacancy_O2,O2 vacancy,tetrahedral,1,17,5.53521391,0.1516,-5.38361391,0.0875,0.0644,0.022799999999999997
vacancy_O2,O2 vacancy,tetrahedral,1,17,5.53521391,0.1686,-5.366613910000001,0.0899,0.0672,0.0241
vacancy_O2,O2 vacancy,tetrahedral,1,17,5.53521391,0.1857,-5.349513910000001,0.092,0.0699,0.0257
vacancy_O2,O2 vacancy,tetrahedral,1,17,5.53521391,0.2027,-5.33251391,0.0938,0.0725,0.027299999999999998
vacancy_O2,O2 vacancy,tetrahedral,1,17,5.53521391,0.2197,-5.31551391,0.0952,0.0749,0.028999999999999998
vacancy_O2,O2 vacancy,tetrahedral,1,17,5.53521391,0.2368,-5.298413910000001,0.0961,0.0771,0.030899999999999997
vacancy_O2,O2 vacancy,tetrahedral,1,17,5.53521391,0.2538,-5.28141391,0.0968,0.07930000000000001,0.0325
vacancy_O2,O2 vacancy,tetrahedral,1,17,5.53521391,0.2708,-5.26441391,0.0972,0.0813,0.0341
vacancy_O2,O2 vacancy,tetrahedral,1,17,5.53521391,0.2879,-5.247313910000001,0.0973,0.0834,0.0354
vacancy_O2,O2 vacancy,tetrahedral,1,17,5.53521391,0.3049,-5.2303139100000005,0.097,0.0857,0.036699999999999997
vacancy_O2,O2 vacancy,tetrahedral,1,17,5.53521391,0.3219,-5.21331391,0.0963,0.0881,0.0376
vacancy_O2,O2 vacancy,tetrahedral,1,17,5.53521391,0.339,-5.19621391,0.0951,0.0907,0.0381
vacancy_O2,O2 vacancy,tetrahedral,1,17,5.53521391,0.356,-5.1792139100000005,0.0933,0.0932,0.0383
vacancy_O2,O2 vacancy,tetrahedral,1,17,5.53521391,0.3731,-5.16211391,0.0909,0.09559999999999999,0.0384
vacancy_O2,O2 vacancy,tetrahedral,1,17,5.53521391,0.3901,-5.14511391,0.0879,0.098,0.0382
vacancy_O2,O2 vacancy,tetrahedral,1,17,5.53521391,0.4071,-5.128113910000001,0.0843,0.0999,0.0378
vacancy_O2,O2 vacancy,tetrahedral,1,17,5.53521391,0.4242,-5.1110139100000005,0.0803,0.1015,0.0375
vacancy_O2,O2 vacancy,tetrahedral,1,17,5.53521391,0.4412,-5.09401391,0.0761,0.1027,0.037000000000000005
vacancy_O2,O2 vacancy,tetrahedral,1,17,5.53521391,0.4582,-5.077013910000001,0.0718,0.1036,0.0367
vacancy_O2,O2 vacancy,tetrahedral,1,17,5.53521391,0.4753,-5.059913910000001,0.0677,0.10389999999999999,0.0365
vacancy_O2,O2 vacancy,tetrahedral,1,17,5.53521391,0.4923,-5.04291391,0.0639,0.10389999999999999,0.036300000000000006
vacancy_O2,O2 vacancy,tetrahedral,1,17,5.53521391,0.5094,-5.02581391,0.0607,0.1038,0.0364
vacancy_O2,O2 vacancy,tetrahedral,1,17,5.53521391,0.5264,-5.008813910000001,0.0583,0.10350000000000001,0.036699999999999997
vacancy_O2,O2 vacancy,tetrahedral,1,17,5.53521391,0.5434,-4.99181391,0.0567,0.1032,0.0373
vacancy_O2,O2 vacancy,tetrahedral,1,17,5.53521391,0.5605,-4.97471391,0.0559,0.1032,0.038
vacancy_O2,O2 vacancy,tetrahedral,1,17,5.53521391,0.5775,-4.957713910000001,0.0559,0.1036,0.038900000000000004
vacancy_O2,O2 vacancy,tetrahedral,1,17,5.53521391,0.5945,-4.94071391,0.0564,0.1043,0.039900000000000005
vacancy_O2,O2 vacancy,tetrahedral,1,17,5.53521391,0.6116,-4.92361391,0.0571,0.1053,0.0409
vacancy_O2,O2 vacancy,tetrahedral,1,17,5.53521391,0.6286,-4.906613910000001,0.0579,0.1065,0.041800000000000004
vacancy_O2,O2 vacancy,tetrahedral,1,17,5.53521391,0.6456,-4.8896139100000005,0.0584,0.1073,0.042499999999999996
vacancy_O2,O2 vacancy,tetrahedral,1,17,5.53521391,0.6627,-4.87251391,0.0585,0.1079,0.0428
vacancy_O2,O2 vacancy,tetrahedral,1,17,5.53521391,0.6797,-4.855513910000001,0.0581,0.1078,0.0427
vacancy_O2,O2 vacancy,tetrahedral,1,17,5.53521391,0.6968,-4.838413910000001,0.0573,0.107,0.0422
vacancy_O2,O2 vacancy,tetrahedral,1,17,5.53521391,0.7138,-4.82141391,0.0563,0.1058,0.0414
vacancy_O2,O2 vacancy,tetrahedral,1,17,5.53521391,0.7308,-4.80441391,0.0551,0.10439999999999999,0.0402
vacancy_O2,O2 vacancy,tetrahedral,1,17,5.53521391,0.7479,-4.78731391,0.0539,0.1028,0.0391
vacancy_O2,O2 vacancy,tetrahedral,1,17,5.53521391,0.7649,-4.7703139100000005,0.053,0.1015,0.0377
vacancy_O2,O2 vacancy,tetrahedral,1,17,5.53521391,0.7819,-4.75331391,0.0524,0.1005,0.0367
vacancy_O2,O2 vacancy,tetrahedral,1,17,5.53521391,0.799,-4.73621391,0.0522,0.1,0.0358
vacancy_O2,O2 vacancy,tetrahedral,1,17,5.53521391,0.816,-4.719213910000001,0.0523,0.0997,0.0351
vacancy_O2,O2 vacancy,tetrahedral,1,17,5.53521391,0.8331,-4.7021139100000005,0.0527,0.09970000000000001,0.0348
vacancy_O2,O2 vacancy,tetrahedral,1,17,5.53521391,0.8501,-4.68511391,0.0532,0.0998,0.0347
vacancy_O2,O2 vacancy,tetrahedral,1,17,5.53521391,0.8671,-4.668113910000001,0.0536,0.09970000000000001,0.0348
vacancy_O2,O2 vacancy,tetrahedral,1,17,5.53521391,0.8842,-4.6510139100000005,0.0539,0.0996,0.0349
vacancy_O2,O2 vacancy,tetrahedral,1,17,5.53521391,0.9012,-4.63401391,0.054,0.0993,0.0353
vacancy_O2,O2 vacancy,tetrahedral,1,17,5.53521391,0.9182,-4.617013910000001,0.0537,0.09889999999999999,0.0357
vacancy_O2,O2 vacancy,tetrahedral,1,17,5.53521391,0.9353,-4.599913910000001,0.0531,0.0986,0.036
vacancy_O2,O2 vacancy,tetrahedral,1,17,5.53521391,0.9523,-4.58291391,0.0523,0.0984,0.0366
vacancy_O2,O2 vacancy,tetrahedral,1,17,5.53521391,0.9693,-4.565913910000001,0.0514,0.09870000000000001,0.037200000000000004
vacancy_O2,O2 vacancy,tetrahedral,1,17,5.53521391,0.9864,-4.548813910000001,0.0505,0.0991,0.0379
vacancy_O2,O2 vacancy,tetrahedral,1,17,5.53521391,1.0034,-4.53181391,0.0498,0.0998,0.0388
vacancy_O2,O2 vacancy,tetrahedral,1,17,5.53521391,1.0205,-4.51471391,0.0491,0.1007,0.0396
vacancy_O2,O2 vacancy,tetrahedral,1,17,5.53521391,1.0375,-4.49771391,0.0486,0.1016,0.0406
vacancy_O2,O2 vacancy,tetrahedral,1,17,5.53521391,1.0545,-4.48071391,0.0482,0.10239999999999999,0.041499999999999995
vacancy_O2,O2 vacancy,tetrahedral,1,17,5.53521391,1.0716,-4.46361391,0.0477,0.1028,0.042300000000000004
vacancy_O2,O2 vacancy,tetrahedral,1,17,5.53521391,1.0886,-4.44661391,0.0472,0.1027,0.042800000000000005
vacancy_O2,O2 vacancy,tetrahedral,1,17,5.53521391,1.1056,-4.4296139100000005,0.0465,0.1018,0.0432
vacancy_O2,O2 vacancy,tetrahedral,1,17,5.53521391,1.1227,-4.41251391,0.0455,0.1004,0.0431
vacancy_O2,O2 vacancy,tetrahedral,1,17,5.53521391,1.1397,-4.39551391,0.0444,0.0982,0.0429
vacancy_O2,O2 vacancy,tetrahedral,1,17,5.53521391,1.1568,-4.378413910000001,0.043,0.0955,0.04229999999999999
vacancy_O2,O2 vacancy,tetrahedral,1,17,5.53521391,1.1738,-4.3614139100000004,0.0413,0.0923,0.0415
vacancy_O2,O2 vacancy,tetrahedral,1,17,5.53521391,1.1908,-4.34441391,0.0395,0.0891,0.0405
vacancy_O2,O2 vacancy,tetrahedral,1,17,5.53521391,1.2079,-4.327313910000001,0.0376,0.08579999999999999,0.0395
vacancy_O2,O2 vacancy,tetrahedral,1,17,5.53521391,1.2249,-4.3103139100000005,0.0357,0.083,0.038400000000000004
vacancy_O2,O2 vacancy,tetrahedral,1,17,5.53521391,1.2419,-4.29331391,0.0339,0.0809,0.037500000000000006
vacancy_O2,O2 vacancy,tetrahedral,1,17,5.53521391,1.259,-4.276213910000001,0.0324,0.0799,0.0368
vacancy_O2,O2 vacancy,tetrahedral,1,17,5.53521391,1.276,-4.259213910000001,0.0313,0.08,0.0366
vacancy_O2,O2 vacancy,tetrahedral,1,17,5.53521391,1.293,-4.24221391,0.0306,0.0816,0.0368
vacancy_O2,O2 vacancy,tetrahedral,1,17,5.53521391,1.3101,-4.22511391,0.0303,0.08449999999999999,0.0376
vacancy_O2,O2 vacancy,tetrahedral,1,17,5.53521391,1.3271,-4.208113910000001,0.0304,0.0883,0.0387
vacancy_O2,O2 vacancy,tetrahedral,1,17,5.53521391,1.3442,-4.191013910000001,0.0307,0.0927,0.04
vacancy_O2,O2 vacancy,tetrahedral,1,17,5.53521391,1.3612,-4.17401391,0.031,0.0974,0.0416
vacancy_O2,O2 vacancy,tetrahedral,1,17,5.53521391,1.3782,-4.15701391,0.0314,0.1022,0.043100000000000006
vacancy_O2,O2 vacancy,tetrahedral,1,17,5.53521391,1.3953,-4.139913910000001,0.0316,0.1073,0.0444
vacancy_O2,O2 vacancy,tetrahedral,1,17,5.53521391,1.4123,-4.12291391,0.0317,0.1123,0.0456
vacancy_O2,O2 vacancy,tetrahedral,1,17,5.53521391,1.4293,-4.10591391,0.0317,0.1174,0.0467
vacancy_O2,O2 vacancy,tetrahedral,1,17,5.53521391,1.4464,-4.088813910000001,0.0316,0.12319999999999999,0.0479
vacancy_O2,O2 vacancy,tetrahedral,1,17,5.53521391,1.4634,-4.07181391,0.0316,0.1291,0.049
vacancy_O2,O2 vacancy,tetrahedral,1,17,5.53521391,1.4805,-4.05471391,0.0316,0.1349,0.05039999999999999
vacancy_O2,O2 vacancy,tetrahedral,1,17,5.53521391,1.4975,-4.037713910000001,0.0315,0.1404,0.0516
vacancy_O2,O2 vacancy,tetrahedral,1,17,5.53521391,1.5145,-4.0207139100000004,0.0314,0.14500000000000002,0.0528
vacancy_O2,O2 vacancy,tetrahedral,1,17,5.53521391,1.5316,-4.00361391,0.0312,0.1484,0.053700000000000005
vacancy_O2,O2 vacancy,tetrahedral,1,17,5.53521391,1.5486,-3.9866139100000004,0.0309,0.1503,0.054400000000000004
vacancy_O2,O2 vacancy,tetrahedral,1,17,5.53521391,1.5656,-3.9696139100000005,0.0306,0.1508,0.05489999999999999
vacancy_O2,O2 vacancy,tetrahedral,1,17,5.53521391,1.5827,-3.9525139100000004,0.0304,0.1501,0.055
vacancy_O2,O2 vacancy,tetrahedral,1,17,5.53521391,1.5997,-3.9355139100000005,0.0302,0.14839999999999998,0.0552
vacancy_O2,O2 vacancy,tetrahedral,1,17,5.53521391,1.6167,-3.9185139100000006,0.03,0.14629999999999999,0.0552
vacancy_O2,O2 vacancy,tetrahedral,1,17,5.53521391,1.6338,-3.9014139100000005,0.0299,0.1441,0.0552
vacancy_O2,O2 vacancy,tetrahedral,1,17,5.53521391,1.6508,-3.88441391,0.0298,0.1424,0.055400000000000005
vacancy_O2,O2 vacancy,tetrahedral,1,17,5.53521391,1.6679,-3.8673139100000005,0.0295,0.14150000000000001,0.0556
vacancy_O2,O2 vacancy,tetrahedral,1,17,5.53521391,1.6849,-3.8503139100000006,0.0292,0.1417,0.055900000000000005
vacancy_O2,O2 vacancy,tetrahedral,1,17,5.53521391,1.7019,-3.83331391,0.0288,0.1432,0.056299999999999996
vacancy_O2,O2 vacancy,tetrahedral,1,17,5.53521391,1.719,-3.81621391,0.0285,0.14600000000000002,0.0571
vacancy_O2,O2 vacancy,tetrahedral,1,17,5.53521391,1.736,-3.7992139100000006,0.0283,0.15009999999999998,0.057800000000000004
vacancy_O2,O2 vacancy,tetrahedral,1,17,5.53521391,1.753,-3.7822139100000003,0.0285,0.1552,0.058899999999999994
vacancy_O2,O2 vacancy,tetrahedral,1,17,5.53521391,1.7701,-3.76511391,0.0291,0.1609,0.059899999999999995
vacancy_O2,O2 vacancy,tetrahedral,1,17,5.53521391,1.7871,-3.7481139100000007,0.03,0.1667,0.061
vacancy_O2,O2 vacancy,tetrahedral,1,17,5.53521391,1.8042,-3.7310139100000006,0.0311,0.172,0.062
vacancy_O2,O2 vacancy,tetrahedral,1,17,5.53521391,1.8212,-3.7140139100000003,0.0324,0.17579999999999998,0.0632
vacancy_O2,O2 vacancy,tetrahedral,1,17,5.53521391,1.8382,-3.6970139100000003,0.0335,0.1781,0.064
vacancy_O2,O2 vacancy,tetrahedral,1,17,5.53521391,1.8553,-3.6799139100000007,0.0343,0.17850000000000002,0.0647
vacancy_O2,O2 vacancy,tetrahedral,1,17,5.53521391,1.8723,-3.6629139100000003,0.0347,0.1769,0.0653
vacancy_O2,O2 vacancy,tetrahedral,1,17,5.53521391,1.8893,-3.6459139100000004,0.0346,0.1736,0.06520000000000001
vacancy_O2,O2 vacancy,tetrahedral,1,17,5.53521391,1.9064,-3.6288139100000003,0.034,0.1688,0.06520000000000001
vacancy_O2,O2 vacancy,tetrahedral,1,17,5.53521391,1.9234,-3.6118139100000004,0.033,0.1632,0.06470000000000001
vacancy_O2,O2 vacancy,tetrahedral,1,17,5.53521391,1.9404,-3.5948139100000005,0.0316,0.1573,0.0644
vacancy_O2,O2 vacancy,tetrahedral,1,17,5.53521391,1.9575,-3.5777139100000004,0.0301,0.1514,0.0636
vacancy_O2,O2 vacancy,tetrahedral,1,17,5.53521391,1.9745,-3.5607139100000005,0.0286,0.146,0.0628
vacancy_O2,O2 vacancy,tetrahedral,1,17,5.53521391,1.9916,-3.5436139100000004,0.0274,0.1412,0.061900000000000004
vacancy_O2,O2 vacancy,tetrahedral,1,17,5.53521391,2.0086,-3.5266139100000005,0.0265,0.1372,0.061000000000000006
vacancy_O2,O2 vacancy,tetrahedral,1,17,5.53521391,2.0256,-3.5096139100000006,0.026,0.13390000000000002,0.060399999999999995
vacancy_O2,O2 vacancy,tetrahedral,1,17,5.53521391,2.0427,-3.4925139100000004,0.0259,0.1313,0.06
vacancy_O2,O2 vacancy,tetrahedral,1,17,5.53521391,2.0597,-3.4755139100000005,0.0263,0.1295,0.059800000000000006
vacancy_O2,O2 vacancy,tetrahedral,1,17,5.53521391,2.0767,-3.45851391,0.0269,0.1279,0.059800000000000006
vacancy_O2,O2 vacancy,tetrahedral,1,17,5.53521391,2.0938,-3.4414139100000005,0.0278,0.1265,0.059899999999999995
vacancy_O2,O2 vacancy,tetrahedral,1,17,5.53521391,2.1108,-3.4244139100000006,0.0289,0.125,0.059899999999999995
vacancy_O2,O2 vacancy,tetrahedral,1,17,5.53521391,2.1279,-3.4073139100000005,0.03,0.1231,0.05960000000000001
vacancy_O2,O2 vacancy,tetrahedral,1,17,5.53521391,2.1449,-3.3903139100000006,0.0311,0.12090000000000001,0.0591
vacancy_O2,O2 vacancy,tetrahedral,1,17,5.53521391,2.1619,-3.3733139100000002,0.0323,0.1183,0.0583
vacancy_O2,O2 vacancy,tetrahedral,1,17,5.53521391,2.179,-3.3562139100000006,0.0335,0.1155,0.057
vacancy_O2,O2 vacancy,tetrahedral,1,17,5.53521391,2.196,-3.3392139100000002,0.0347,0.1127,0.0558
vacancy_O2,O2 vacancy,tetrahedral,1,17,5.53521391,2.213,-3.3222139100000003,0.0361,0.1104,0.0546
vacancy_O2,O2 vacancy,tetrahedral,1,17,5.53521391,2.2301,-3.30511391,0.0374,0.109,0.053700000000000005
vacancy_O2,O2 vacancy,tetrahedral,1,17,5.53521391,2.2471,-3.2881139100000003,0.0387,0.1086,0.053200000000000004
vacancy_O2,O2 vacancy,tetrahedral,1,17,5.53521391,2.2641,-3.2711139100000004,0.04,0.1094,0.0531
vacancy_O2,O2 vacancy,tetrahedral,1,17,5.53521391,2.2812,-3.2540139100000003,0.041,0.1112,0.053500000000000006
vacancy_O2,O2 vacancy,tetrahedral,1,17,5.53521391,2.2982,-3.2370139100000004,0.0417,0.1137,0.054099999999999995
vacancy_O2,O2 vacancy,tetrahedral,1,17,5.53521391,2.3153,-3.2199139100000003,0.0421,0.11660000000000001,0.0549
vacancy_O2,O2 vacancy,tetrahedral,1,17,5.53521391,2.3323,-3.2029139100000004,0.0421,0.1193,0.0559
vacancy_O2,O2 vacancy,tetrahedral,1,17,5.53521391,2.3493,-3.1859139100000005,0.0417,0.1217,0.056600000000000004
vacancy_O2,O2 vacancy,tetrahedral,1,17,5.53521391,2.3664,-3.1688139100000003,0.0409,0.1233,0.057100000000000005
vacancy_O2,O2 vacancy,tetrahedral,1,17,5.53521391,2.3834,-3.1518139100000004,0.04,0.1241,0.0572
vacancy_O2,O2 vacancy,tetrahedral,1,17,5.53521391,2.4004,-3.1348139100000005,0.0388,0.1242,0.0571
vacancy_O2,O2 vacancy,tetrahedral,1,17,5.53521391,2.4175,-3.1177139100000004,0.0377,0.12409999999999999,0.05669999999999999
vacancy_O2,O2 vacancy,tetrahedral,1,17,5.53521391,2.4345,-3.1007139100000005,0.0366,0.1237,0.056100000000000004
vacancy_O2,O2 vacancy,tetrahedral,1,17,5.53521391,2.4515,-3.0837139100000006,0.0357,0.1232,0.0555
vacancy_O2,O2 vacancy,tetrahedral,1,17,5.53521391,2.4686,-3.0666139100000005,0.035,0.1227,0.054900000000000004
vacancy_O2,O2 vacancy,tetrahedral,1,17,5.53521391,2.4856,-3.0496139100000006,0.0346,0.12229999999999999,0.05450000000000001
vacancy_O2,O2 vacancy,tetrahedral,1,17,5.53521391,2.5027,-3.0325139100000005,0.0343,0.122,0.054
vacancy_O2,O2 vacancy,tetrahedral,1,17,5.53521391,2.5197,-3.0155139100000006,0.0342,0.1215,0.0538
vacancy_O2,O2 vacancy,tetrahedral,1,17,5.53521391,2.5367,-2.9985139100000002,0.0341,0.121,0.053700000000000005
vacancy_O2,O2 vacancy,tetrahedral,1,17,5.53521391,2.5538,-2.9814139100000006,0.034,0.1202,0.0537
vacancy_O2,O2 vacancy,tetrahedral,1,17,5.53521391,2.5708,-2.96441391,0.0339,0.1193,0.05360000000000001
vacancy_O2,O2 vacancy,tetrahedral,1,17,5.53521391,2.5878,-2.9474139100000003,0.0338,0.11810000000000001,0.0536
vacancy_O2,O2 vacancy,tetrahedral,1,17,5.53521391,2.6049,-2.93031391,0.0336,0.1168,0.0533
vacancy_O2,O2 vacancy,tetrahedral,1,17,5.53521391,2.6219,-2.9133139100000003,0.0332,0.11560000000000001,0.0534
vacancy_O2,O2 vacancy,tetrahedral,1,17,5.53521391,2.639,-2.8962139100000006,0.0327,0.11449999999999999,0.0536
vacancy_O2,O2 vacancy,tetrahedral,1,17,5.53521391,2.656,-2.8792139100000003,0.0321,0.1138,0.0542
vacancy_O2,O2 vacancy,tetrahedral,1,17,5.53521391,2.673,-2.8622139100000004,0.0313,0.1136,0.0552
vacancy_O2,O2 vacancy,tetrahedral,1,17,5.53521391,2.6901,-2.8451139100000002,0.0303,0.1136,0.056600000000000004
vacancy_O2,O2 vacancy,tetrahedral,1,17,5.53521391,2.7071,-2.8281139100000003,0.0292,0.114,0.058499999999999996
vacancy_O2,O2 vacancy,tetrahedral,1,17,5.53521391,2.7241,-2.8111139100000004,0.028,0.1144,0.0606
vacancy_O2,O2 vacancy,tetrahedral,1,17,5.53521391,2.7412,-2.7940139100000003,0.0268,0.1149,0.06280000000000001
vacancy_O2,O2 vacancy,tetrahedral,1,17,5.53521391,2.7582,-2.7770139100000004,0.0257,0.1151,0.06520000000000001
vacancy_O2,O2 vacancy,tetrahedral,1,17,5.53521391,2.7752,-2.7600139100000005,0.0247,0.11480000000000001,0.0671
vacancy_O2,O2 vacancy,tetrahedral,1,17,5.53521391,2.7923,-2.7429139100000004,0.0239,0.11410000000000001,0.0687
vacancy_O2,O2 vacancy,tetrahedral,1,17,5.53521391,2.8093,-2.7259139100000005,0.0232,0.11280000000000001,0.0696
vacancy_O2,O2 vacancy,tetrahedral,1,17,5.53521391,2.8264,-2.7088139100000004,0.0227,0.1109,0.0699
vacancy_O2,O2 vacancy,tetrahedral,1,17,5.53521391,2.8434,-2.6918139100000005,0.0223,0.10859999999999999,0.0696
vacancy_O2,O2 vacancy,tetrahedral,1,17,5.53521391,2.8604,-2.6748139100000006,0.0219,0.10590000000000001,0.06870000000000001
vacancy_O2,O2 vacancy,tetrahedral,1,17,5.53521391,2.8775,-2.6577139100000005,0.0216,0.10289999999999999,0.0675
vacancy_O2,O2 vacancy,tetrahedral,1,17,5.53521391,2.8945,-2.6407139100000006,0.0213,0.0997,0.0661
vacancy_O2,O2 vacancy,tetrahedral,1,17,5.53521391,2.9115,-2.62371391,0.0211,0.0965,0.0648
vacancy_O2,O2 vacancy,tetrahedral,1,17,5.53521391,2.9286,-2.6066139100000005,0.0208,0.0934,0.06359999999999999
vacancy_O2,O2 vacancy,tetrahedral,1,17,5.53521391,2.9456,-2.58961391,0.0206,0.09040000000000001,0.0628
vacancy_O2,O2 vacancy,tetrahedral,1,17,5.53521391,2.9627,-2.5725139100000005,0.0204,0.0875,0.0625
vacancy_O2,O2 vacancy,tetrahedral,1,17,5.53521391,2.9797,-2.5555139100000006,0.0202,0.08479999999999999,0.062
vacancy_O2,O2 vacancy,tetrahedral,1,17,5.53521391,2.9967,-2.5385139100000003,0.0201,0.0823,0.0618
vacancy_O2,O2 vacancy,tetrahedral,1,17,5.53521391,3.0138,-2.5214139100000006,0.0199,0.08,0.061700000000000005
vacancy_O2,O2 vacancy,tetrahedral,1,17,5.53521391,3.0308,-2.5044139100000002,0.0198,0.0779,0.0616
vacancy_O2,O2 vacancy,tetrahedral,1,17,5.53521391,3.0478,-2.4874139100000003,0.0195,0.0758,0.06130000000000001
vacancy_O2,O2 vacancy,tetrahedral,1,17,5.53521391,3.0649,-2.4703139100000002,0.0193,0.0737,0.0606
vacancy_O2,O2 vacancy,tetrahedral,1,17,5.53521391,3.0819,-2.4533139100000003,0.0189,0.07150000000000001,0.0601
vacancy_O2,O2 vacancy,tetrahedral,1,17,5.53521391,3.0989,-2.4363139100000004,0.0186,0.0693,0.059199999999999996
vacancy_O2,O2 vacancy,tetrahedral,1,17,5.53521391,3.116,-2.4192139100000003,0.0181,0.0668,0.0583
vacancy_O2,O2 vacancy,tetrahedral,1,17,5.53521391,3.133,-2.4022139100000004,0.0177,0.06409999999999999,0.0574
vacancy_O2,O2 vacancy,tetrahedral,1,17,5.53521391,3.1501,-2.3851139100000003,0.0172,0.06129999999999999,0.056499999999999995
vacancy_O2,O2 vacancy,tetrahedral,1,17,5.53521391,3.1671,-2.3681139100000004,0.0167,0.058499999999999996,0.055799999999999995
vacancy_O2,O2 vacancy,tetrahedral,1,17,5.53521391,3.1841,-2.3511139100000005,0.0163,0.0556,0.05500000000000001
vacancy_O2,O2 vacancy,tetrahedral,1,17,5.53521391,3.2012,-2.3340139100000004,0.0158,0.052899999999999996,0.05450000000000001
vacancy_O2,O2 vacancy,tetrahedral,1,17,5.53521391,3.2182,-2.3170139100000005,0.0154,0.0504,0.05399999999999999
vacancy_O2,O2 vacancy,tetrahedral,1,17,5.53521391,3.2352,-2.3000139100000005,0.0149,0.0479,0.0534
vacancy_O2,O2 vacancy,tetrahedral,1,17,5.53521391,3.2523,-2.2829139100000004,0.0144,0.045500000000000006,0.0526
vacancy_O2,O2 vacancy,tetrahedral,1,17,5.53521391,3.2693,-2.2659139100000005,0.0138,0.0432,0.051500000000000004
vacancy_O2,O2 vacancy,tetrahedral,1,17,5.53521391,3.2864,-2.2488139100000004,0.0132,0.0406,0.0499
vacancy_O2,O2 vacancy,tetrahedral,1,17,5.53521391,3.3034,-2.2318139100000005,0.0125,0.038,0.047799999999999995
vacancy_O2,O2 vacancy,tetrahedral,1,17,5.53521391,3.3204,-2.2148139100000006,0.0118,0.035199999999999995,0.045000000000000005
vacancy_O2,O2 vacancy,tetrahedral,1,17,5.53521391,3.3375,-2.1977139100000005,0.0112,0.0325,0.0417
vacancy_O2,O2 vacancy,tetrahedral,1,17,5.53521391,3.3545,-2.1807139100000006,0.0107,0.0297,0.038099999999999995
vacancy_O2,O2 vacancy,tetrahedral,1,17,5.53521391,3.3715,-2.1637139100000002,0.0105,0.027299999999999998,0.0342
vacancy_O2,O2 vacancy,tetrahedral,1,17,5.53521391,3.3886,-2.1466139100000006,0.0105,0.0256,0.030600000000000002
vacancy_O2,O2 vacancy,tetrahedral,1,17,5.53521391,3.4056,-2.12961391,0.0108,0.024300000000000002,0.027499999999999997
vacancy_O2,O2 vacancy,tetrahedral,1,17,5.53521391,3.4226,-2.1126139100000003,0.0116,0.024,0.0249
vacancy_O2,O2 vacancy,tetrahedral,1,17,5.53521391,3.4397,-2.09551391,0.0126,0.024599999999999997,0.0233
vacancy_O2,O2 vacancy,tetrahedral,1,17,5.53521391,3.4567,-2.0785139100000003,0.014,0.026,0.0228
vacancy_O2,O2 vacancy,tetrahedral,1,17,5.53521391,3.4738,-2.06141391,0.0156,0.027999999999999997,0.023200000000000002
vacancy_O2,O2 vacancy,tetrahedral,1,17,5.53521391,3.4908,-2.0444139100000003,0.0172,0.030400000000000003,0.0243
vacancy_O2,O2 vacancy,tetrahedral,1,17,5.53521391,3.5078,-2.0274139100000004,0.0189,0.033,0.0265
vacancy_O2,O2 vacancy,tetrahedral,1,17,5.53521391,3.5249,-2.0103139100000003,0.0203,0.0352,0.029199999999999997
vacancy_O2,O2 vacancy,tetrahedral,1,17,5.53521391,3.5419,-1.9933139100000004,0.0214,0.0368,0.0325
vacancy_O2,O2 vacancy,tetrahedral,1,17,5.53521391,3.5589,-1.9763139100000005,0.0222,0.03779999999999999,0.0363
vacancy_O2,O2 vacancy,tetrahedral,1,17,5.53521391,3.576,-1.9592139100000003,0.0226,0.038,0.040400000000000005
vacancy_O2,O2 vacancy,tetrahedral,1,17,5.53521391,3.593,-1.9422139100000004,0.0227,0.03729999999999999,0.044700000000000004
vacancy_O2,O2 vacancy,tetrahedral,1,17,5.53521391,3.6101,-1.9251139100000003,0.0226,0.0359,0.0488
vacancy_O2,O2 vacancy,tetrahedral,1,17,5.53521391,3.6271,-1.9081139100000004,0.0225,0.0341,0.052599999999999994
vacancy_O2,O2 vacancy,tetrahedral,1,17,5.53521391,3.6441,-1.8911139100000005,0.0223,0.031799999999999995,0.0561
vacancy_O2,O2 vacancy,tetrahedral,1,17,5.53521391,3.6612,-1.8740139100000004,0.0223,0.029300000000000003,0.0588
vacancy_O2,O2 vacancy,tetrahedral,1,17,5.53521391,3.6782,-1.8570139100000005,0.0225,0.026600000000000002,0.0606
vacancy_O2,O2 vacancy,tetrahedral,1,17,5.53521391,3.6952,-1.8400139100000006,0.0229,0.0238,0.061700000000000005
vacancy_O2,O2 vacancy,tetrahedral,1,17,5.53521391,3.7123,-1.8229139100000005,0.0234,0.0213,0.0619
vacancy_O2,O2 vacancy,tetrahedral,1,17,5.53521391,3.7293,-1.8059139100000006,0.0237,0.0188,0.06079999999999999
vacancy_O2,O2 vacancy,tetrahedral,1,17,5.53521391,3.7463,-1.7889139100000002,0.0237,0.0165,0.0587
vacancy_O2,O2 vacancy,tetrahedral,1,17,5.53521391,3.7634,-1.7718139100000005,0.0231,0.0142,0.055400000000000005
vacancy_O2,O2 vacancy,tetrahedral,1,17,5.53521391,3.7804,-1.7548139100000002,0.0219,0.0121,0.0508
vacancy_O2,O2 vacancy,tetrahedral,1,17,5.53521391,3.7975,-1.7377139100000005,0.02,0.010100000000000001,0.044899999999999995
vacancy_O2,O2 vacancy,tetrahedral,1,17,5.53521391,3.8145,-1.7207139100000006,0.0174,0.0082,0.038400000000000004
vacancy_O2,O2 vacancy,tetrahedral,1,17,5.53521391,3.8315,-1.7037139100000003,0.0146,0.0065,0.0314
vacancy_O2,O2 vacancy,tetrahedral,1,17,5.53521391,3.8486,-1.6866139100000006,0.0116,0.0049,0.0245
vacancy_O2,O2 vacancy,tetrahedral,1,17,5.53521391,3.8656,-1.6696139100000003,0.0087,0.0036999999999999997,0.0183
vacancy_O2,O2 vacancy,tetrahedral,1,17,5.53521391,3.8826,-1.6526139100000004,0.0063,0.0026,0.013
vacancy_O2,O2 vacancy,tetrahedral,1,17,5.53521391,3.8997,-1.6355139100000002,0.0043,0.0016,0.0086
vacancy_O2,O2 vacancy,tetrahedral,1,17,5.53521391,3.9167,-1.6185139100000003,0.0028,0.001,0.0055
vacancy_O2,O2 vacancy,tetrahedral,1,17,5.53521391,3.9338,-1.6014139100000002,0.0017,0.0006000000000000001,0.0031999999999999997
vacancy_O2,O2 vacancy,tetrahedral,1,17,5.53521391,3.9508,-1.5844139100000003,0.001,0.00039999999999999996,0.0019
vacancy_O2,O2 vacancy,tetrahedral,1,17,5.53521391,3.9678,-1.5674139100000004,0.0005,0.0001,0.0009
vacancy_O2,O2 vacancy,tetrahedral,1,17,5.53521391,3.9849,-1.5503139100000003,0.0003,0.0001,0.0006000000000000001
vacancy_O2,O2 vacancy,tetrahedral,1,17,5.53521391,4.0019,-1.5333139100000004,0.0001,0.0,0.0002
vacancy_O2,O2 vacancy,tetrahedral,1,17,5.53521391,4.0189,-1.51631391,0.0001,0.0,0.0001
vacancy_O2,O2 vacancy,tetrahedral,1,17,5.53521391,4.036,-1.4992139100000008,0.0,0.0,0.0
vacancy_O2,O2 vacancy,tetrahedral,1,17,5.53521391,4.053,-1.4822139100000005,0.0,0.0,0.0
vacancy_O2,O2 vacancy,tetrahedral,1,17,5.53521391,4.07,-1.4652139100000001,0.0,0.0,0.0
vacancy_O2,O2 vacancy,tetrahedral,1,17,5.53521391,4.0871,-1.44811391,0.0,0.0,0.0
vacancy_O2,O2 vacancy,tetrahedral,1,17,5.53521391,4.1041,-1.4311139100000005,0.0,0.0,0.0
vacancy_O2,O2 vacancy,tetrahedral,1,17,5.53521391,4.1212,-1.4140139100000004,0.0,0.0,0.0
vacancy_O2,O2 vacancy,tetrahedral,1,17,5.53521391,4.1382,-1.39701391,0.0,0.0,0.0
vacancy_O2,O2 vacancy,tetrahedral,1,17,5.53521391,4.1552,-1.3800139100000006,0.0,0.0,0.0
vacancy_O2,O2 vacancy,tetrahedral,1,17,5.53521391,4.1723,-1.3629139100000005,0.0,0.0,0.0
vacancy_O2,O2 vacancy,tetrahedral,1,17,5.53521391,4.1893,-1.3459139100000002,0.0,0.0,0.0
vacancy_O2,O2 vacancy,tetrahedral,1,17,5.53521391,4.2063,-1.3289139100000007,0.0,0.0,0.0
vacancy_O2,O2 vacancy,tetrahedral,1,17,5.53521391,4.2234,-1.3118139100000006,0.0,0.0,0.0
vacancy_O2,O2 vacancy,tetrahedral,1,17,5.53521391,4.2404,-1.2948139100000002,0.0,0.0,0.0
vacancy_O2,O2 vacancy,tetrahedral,1,17,5.53521391,4.2575,-1.2777139100000001,0.0,0.0,0.0
vacancy_O2,O2 vacancy,tetrahedral,1,17,5.53521391,4.2745,-1.2607139100000007,0.0,0.0,0.0
vacancy_O2,O2 vacancy,tetrahedral,1,17,5.53521391,4.2915,-1.2437139100000003,0.0001,0.0,0.0
vacancy_O2,O2 vacancy,tetrahedral,1,17,5.53521391,4.3086,-1.2266139100000002,0.0002,0.0001,0.0
vacancy_O2,O2 vacancy,tetrahedral,1,17,5.53521391,4.3256,-1.2096139100000007,0.0004,0.00030000000000000003,0.0
vacancy_O2,O2 vacancy,tetrahedral,1,17,5.53521391,4.3426,-1.1926139100000004,0.0007,0.0005,0.0
vacancy_O2,O2 vacancy,tetrahedral,1,17,5.53521391,4.3597,-1.1755139100000003,0.0012,0.0007999999999999999,0.0001
vacancy_O2,O2 vacancy,tetrahedral,1,17,5.53521391,4.3767,-1.1585139100000008,0.002,0.0015,0.0001
vacancy_O2,O2 vacancy,tetrahedral,1,17,5.53521391,4.3937,-1.1415139100000005,0.0031,0.0023,0.0002
vacancy_O2,O2 vacancy,tetrahedral,1,17,5.53521391,4.4108,-1.1244139100000003,0.0046,0.0034,0.0003
vacancy_O2,O2 vacancy,tetrahedral,1,17,5.53521391,4.4278,-1.10741391,0.0065,0.0049,0.0004
vacancy_O2,O2 vacancy,tetrahedral,1,17,5.53521391,4.4449,-1.0903139100000008,0.0086,0.0065,0.0007000000000000001
vacancy_O2,O2 vacancy,tetrahedral,1,17,5.53521391,4.4619,-1.0733139100000004,0.0109,0.0082,0.0008
vacancy_O2,O2 vacancy,tetrahedral,1,17,5.53521391,4.4789,-1.05631391,0.0132,0.01,0.0009000000000000001
vacancy_O2,O2 vacancy,tetrahedral,1,17,5.53521391,4.496,-1.03921391,0.0153,0.0115,0.0012000000000000001
vacancy_O2,O2 vacancy,tetrahedral,1,17,5.53521391,4.513,-1.0222139100000005,0.0173,0.0132,0.0013000000000000002
vacancy_O2,O2 vacancy,tetrahedral,1,17,5.53521391,4.53,-1.0052139100000002,0.0195,0.015,0.0015000000000000002
vacancy_O2,O2 vacancy,tetrahedral,1,17,5.53521391,4.5471,-0.98811391,0.0224,0.0175,0.0017000000000000001
vacancy_O2,O2 vacancy,tetrahedral,1,17,5.53521391,4.5641,-0.9711139100000006,0.027,0.0213,0.002
vacancy_O2,O2 vacancy,tetrahedral,1,17,5.53521391,4.5812,-0.9540139100000005,0.0342,0.027299999999999998,0.0024999999999999996
vacancy_O2,O2 vacancy,tetrahedral,1,17,5.53521391,4.5982,-0.9370139100000001,0.045,0.0363,0.0034
vacancy_O2,O2 vacancy,tetrahedral,1,17,5.53521391,4.6152,-0.9200139100000007,0.0602,0.0488,0.0045000000000000005
vacancy_O2,O2 vacancy,tetrahedral,1,17,5.53521391,4.6323,-0.9029139100000005,0.0801,0.0654,0.005899999999999999
vacancy_O2,O2 vacancy,tetrahedral,1,17,5.53521391,4.6493,-0.8859139100000002,0.1046,0.0858,0.0077
vacancy_O2,O2 vacancy,tetrahedral,1,17,5.53521391,4.6663,-0.8689139100000007,0.133,0.10960000000000002,0.0097
vacancy_O2,O2 vacancy,tetrahedral,1,17,5.53521391,4.6834,-0.8518139100000006,0.1641,0.1356,0.012
vacancy_O2,O2 vacancy,tetrahedral,1,17,5.53521391,4.7004,-0.8348139100000003,0.1964,0.1628,0.014399999999999998
vacancy_O2,O2 vacancy,tetrahedral,1,17,5.53521391,4.7174,-0.8178139100000008,0.2284,0.1901,0.016800000000000002
vacancy_O2,O2 vacancy,tetrahedral,1,17,5.53521391,4.7345,-0.8007139100000007,0.2587,0.2162,0.019
vacancy_O2,O2 vacancy,tetrahedral,1,17,5.53521391,4.7515,-0.7837139100000003,0.2857,0.2396,0.0208
vacancy_O2,O2 vacancy,tetrahedral,1,17,5.53521391,4.7686,-0.7666139100000002,0.3082,0.2595,0.022500000000000003
vacancy_O2,O2 vacancy,tetrahedral,1,17,5.53521391,4.7856,-0.7496139100000008,0.3252,0.2747,0.023700000000000002
vacancy_O2,O2 vacancy,tetrahedral,1,17,5.53521391,4.8026,-0.7326139100000004,0.3359,0.2847,0.024200000000000003
vacancy_O2,O2 vacancy,tetrahedral,1,17,5.53521391,4.8197,-0.7155139100000003,0.3404,0.2891,0.0244
vacancy_O2,O2 vacancy,tetrahedral,1,17,5.53521391,4.8367,-0.69851391,0.3394,0.2888,0.0243
vacancy_O2,O2 vacancy,tetrahedral,1,17,5.53521391,4.8537,-0.6815139100000005,0.3351,0.2854,0.0237
vacancy_O2,O2 vacancy,tetrahedral,1,17,5.53521391,4.8708,-0.6644139100000004,0.3303,0.2816,0.023
vacancy_O2,O2 vacancy,tetrahedral,1,17,5.53521391,4.8878,-0.64741391,0.3284,0.27990000000000004,0.022500000000000003
vacancy_O2,O2 vacancy,tetrahedral,1,17,5.53521391,4.9049,-0.6303139100000008,0.3322,0.283,0.022500000000000003
vacancy_O2,O2 vacancy,tetrahedral,1,17,5.53521391,4.9219,-0.6133139100000005,0.3433,0.2922,0.0227
vacancy_O2,O2 vacancy,tetrahedral,1,17,5.53521391,4.9389,-0.5963139100000001,0.3615,0.30770000000000003,0.0235
vacancy_O2,O2 vacancy,tetrahedral,1,17,5.53521391,4.956,-0.57921391,0.3845,0.3273,0.0247
vacancy_O2,O2 vacancy,tetrahedral,1,17,5.53521391,4.973,-0.5622139100000005,0.4085,0.348,0.0258
vacancy_O2,O2 vacancy,tetrahedral,1,17,5.53521391,4.99,-0.5452139100000002,0.4291,0.36569999999999997,0.026999999999999996
vacancy_O2,O2 vacancy,tetrahedral,1,17,5.53521391,5.0071,-0.5281139100000001,0.4418,0.3768,0.027599999999999996
vacancy_O2,O2 vacancy,tetrahedral,1,17,5.53521391,5.0241,-0.5111139100000006,0.4435,0.37849999999999995,0.027499999999999997
vacancy_O2,O2 vacancy,tetrahedral,1,17,5.53521391,5.0411,-0.49411391000000027,0.4326,0.3694,0.026699999999999998
vacancy_O2,O2 vacancy,tetrahedral,1,17,5.53521391,5.0582,-0.47701391000000015,0.4094,0.3497,0.0253
vacancy_O2,O2 vacancy,tetrahedral,1,17,5.53521391,5.0752,-0.4600139100000007,0.3754,0.32080000000000003,0.023
vacancy_O2,O2 vacancy,tetrahedral,1,17,5.53521391,5.0923,-0.4429139100000006,0.3333,0.2849,0.020300000000000002
vacancy_O2,O2 vacancy,tetrahedral,1,17,5.53521391,5.1093,-0.42591391000000023,0.2862,0.24459999999999998,0.0174
vacancy_O2,O2 vacancy,tetrahedral,1,17,5.53521391,5.1263,-0.40891391000000077,0.2373,0.2028,0.0144
vacancy_O2,O2 vacancy,tetrahedral,1,17,5.53521391,5.1434,-0.39181391000000065,0.1897,0.1622,0.0114
vacancy_O2,O2 vacancy,tetrahedral,1,17,5.53521391,5.1604,-0.3748139100000003,0.1459,0.1248,0.0088
vacancy_O2,O2 vacancy,tetrahedral,1,17,5.53521391,5.1774,-0.35781391000000085,0.1077,0.0922,0.0064
vacancy_O2,O2 vacancy,tetrahedral,1,17,5.53521391,5.1945,-0.34071391000000073,0.0762,0.0652,0.0045000000000000005
vacancy_O2,O2 vacancy,tetrahedral,1,17,5.53521391,5.2115,-0.3237139100000004,0.0515,0.04409999999999999,0.0029999999999999996
vacancy_O2,O2 vacancy,tetrahedral,1,17,5.53521391,5.2286,-0.30661391000000027,0.0332,0.0284,0.002
vacancy_O2,O2 vacancy,tetrahedral,1,17,5.53521391,5.2456,-0.2896139100000008,0.0204,0.0174,0.0013000000000000002
vacancy_O2,O2 vacancy,tetrahedral,1,17,5.53521391,5.2626,-0.27261391000000046,0.0119,0.010199999999999999,0.0006000000000000001
vacancy_O2,O2 vacancy,tetrahedral,1,17,5.53521391,5.2797,-0.25551391000000034,0.0066,0.0056,0.0003
vacancy_O2,O2 vacancy,tetrahedral,1,17,5.53521391,5.2967,-0.23851391,0.0034,0.0029999999999999996,0.0002
vacancy_O2,O2 vacancy,tetrahedral,1,17,5.53521391,5.3137,-0.22151391000000054,0.0017,0.0015,0.0001
vacancy_O2,O2 vacancy,tetrahedral,1,17,5.53521391,5.3308,-0.20441391000000042,0.0008,0.0007,0.0
vacancy_O2,O2 vacancy,tetrahedral,1,17,5.53521391,5.3478,-0.18741391000000007,0.0004,0.00030000000000000003,0.0
vacancy_O2,O2 vacancy,tetrahedral,1,17,5.53521391,5.3648,-0.1704139100000006,0.0002,0.0001,0.0
vacancy_O2,O2 vacancy,tetrahedral,1,17,5.53521391,5.3819,-0.1533139100000005,0.0001,0.0,0.0
vacancy_O2,O2 vacancy,tetrahedral,1,17,5.53521391,5.3989,-0.13631391000000015,0.0,0.0,0.0
vacancy_O2,O2 vacancy,tetrahedral,1,17,5.53521391,5.416,-0.11921391000000003,0.0,0.0,0.0
vacancy_O2,O2 vacancy,tetrahedral,1,17,5.53521391,5.433,-0.10221391000000057,0.0,0.0,0.0
vacancy_O2,O2 vacancy,tetrahedral,1,17,5.53521391,5.45,-0.08521391000000023,0.0,0.0,0.0
vacancy_O2,O2 vacancy,tetrahedral,1,17,5.53521391,5.4671,-0.06811391000000011,0.0,0.0,0.0
vacancy_O2,O2 vacancy,tetrahedral,1,17,5.53521391,5.4841,-0.05111391000000065,0.0,0.0,0.0
vacancy_O2,O2 vacancy,tetrahedral,1,17,5.53521391,5.5011,-0.0341139100000003,0.0,0.0,0.0
vacancy_O2,O2 vacancy,tetrahedral,1,17,5.53521391,5.5182,-0.017013910000000187,0.0,0.0,0.0
vacancy_O2,O2 vacancy,tetrahedral,1,17,5.53521391,5.5352,-1.3910000000727507e-05,0.0,0.0,0.0
vacancy_O2,O2 vacancy,tetrahedral,1,17,5.53521391,5.5523,0.017086089999999388,0.0,0.0,0.0
vacancy_O2,O2 vacancy,tetrahedral,1,17,5.53521391,5.5693,0.034086089999999736,0.0,0.0,0.0
vacancy_O2,O2 vacancy,tetrahedral,1,17,5.53521391,5.5863,0.051086089999999196,0.0,0.0,0.0
vacancy_O2,O2 vacancy,tetrahedral,1,17,5.53521391,5.6034,0.06818608999999931,0.0,0.0,0.0
vacancy_O2,O2 vacancy,tetrahedral,1,17,5.53521391,5.6204,0.08518608999999966,0.0,0.0,0.0
vacancy_O2,O2 vacancy,tetrahedral,1,17,5.53521391,5.6374,0.10218609000000001,0.0,0.0,0.0
vacancy_O2,O2 vacancy,tetrahedral,1,17,5.53521391,5.6545,0.11928608999999923,0.0,0.0,0.0
vacancy_O2,O2 vacancy,tetrahedral,1,17,5.53521391,5.6715,0.13628608999999958,0.0,0.0,0.0
vacancy_O2,O2 vacancy,tetrahedral,1,17,5.53521391,5.6885,0.15328608999999993,0.0,0.0,0.0
vacancy_O2,O2 vacancy,tetrahedral,1,17,5.53521391,5.7056,0.17038608999999916,0.0,0.0,0.0
vacancy_O2,O2 vacancy,tetrahedral,1,17,5.53521391,5.7226,0.1873860899999995,0.0,0.0,0.0
vacancy_O2,O2 vacancy,tetrahedral,1,17,5.53521391,5.7397,0.20448608999999962,0.0,0.0,0.0
vacancy_O2,O2 vacancy,tetrahedral,1,17,5.53521391,5.7567,0.22148608999999997,0.0,0.0,0.0
vacancy_O2,O2 vacancy,tetrahedral,1,17,5.53521391,5.7737,0.23848608999999943,0.0,0.0,0.0
vacancy_O2,O2 vacancy,tetrahedral,1,17,5.53521391,5.7908,0.25558608999999954,0.0,0.0,0.0
vacancy_O2,O2 vacancy,tetrahedral,1,17,5.53521391,5.8078,0.2725860899999999,0.0,0.0,0.0
vacancy_O2,O2 vacancy,tetrahedral,1,17,5.53521391,5.8248,0.28958608999999935,0.0,0.0,0.0
vacancy_O2,O2 vacancy,tetrahedral,1,17,5.53521391,5.8419,0.30668608999999947,0.0,0.0,0.0
vacancy_O2,O2 vacancy,tetrahedral,1,17,5.53521391,5.8589,0.3236860899999998,0.0,0.0,0.0
vacancy_O2,O2 vacancy,tetrahedral,1,17,5.53521391,5.876,0.34078608999999993,0.0,0.0,0.0
vacancy_O2,O2 vacancy,tetrahedral,1,17,5.53521391,5.893,0.3577860899999994,0.0,0.0,0.0
vacancy_O2,O2 vacancy,tetrahedral,1,17,5.53521391,5.91,0.37478608999999974,0.0,0.0,0.0
vacancy_O2,O2 vacancy,tetrahedral,1,17,5.53521391,5.9271,0.39188608999999985,0.0,0.0,0.0
vacancy_O2,O2 vacancy,tetrahedral,1,17,5.53521391,5.9441,0.4088860899999993,0.0,0.0,0.0
vacancy_O2,O2 vacancy,tetrahedral,1,17,5.53521391,5.9611,0.42588608999999966,0.0,0.0,0.0
vacancy_O2,O2 vacancy,tetrahedral,1,17,5.53521391,5.9782,0.4429860899999998,0.0,0.0,0.0
vacancy_O2,O2 vacancy,tetrahedral,1,17,5.53521391,5.9952,0.45998608999999924,0.0,0.0,0.0
vacancy_O2,O2 vacancy,tetrahedral,1,17,5.53521391,6.0122,0.4769860899999996,0.0,0.0,0.0
vacancy_O2,O2 vacancy,tetrahedral,1,17,5.53521391,6.0293,0.4940860899999997,0.0,0.0,0.0
vacancy_O2,O2 vacancy,tetrahedral,1,17,5.53521391,6.0463,0.5110860899999992,0.0,0.0,0.0
vacancy_O2,O2 vacancy,tetrahedral,1,17,5.53521391,6.0634,0.5281860899999993,0.0,0.0,0.0
vacancy_O2,O2 vacancy,tetrahedral,1,17,5.53521391,6.0804,0.5451860899999996,0.0,0.0,0.0
vacancy_O2,O2 vacancy,tetrahedral,1,17,5.53521391,6.0974,0.56218609,0.0,0.0,0.0
vacancy_O2,O2 vacancy,tetrahedral,1,17,5.53521391,6.1145,0.5792860899999992,0.0,0.0,0.0
vacancy_O2,O2 vacancy,tetrahedral,1,17,5.53521391,6.1315,0.5962860899999995,0.0,0.0,0.0
vacancy_O2,O2 vacancy,tetrahedral,1,17,5.53521391,6.1485,0.6132860899999999,0.0,0.0,0.0
vacancy_O2,O2 vacancy,tetrahedral,1,17,5.53521391,6.1656,0.63038609,0.0,0.0,0.0
vacancy_O2,O2 vacancy,tetrahedral,1,17,5.53521391,6.1826,0.6473860899999995,0.0,0.0,0.0
vacancy_O2,O2 vacancy,tetrahedral,1,17,5.53521391,6.1996,0.6643860899999998,0.0,0.0,0.0
vacancy_O2,O2 vacancy,tetrahedral,1,17,5.53521391,6.2167,0.6814860899999999,0.0,0.0,0.0
vacancy_O2,O2 vacancy,tetrahedral,1,17,5.53521391,6.2337,0.6984860899999994,0.0,0.0,0.0
vacancy_O2,O2 vacancy,tetrahedral,1,17,5.53521391,6.2508,0.7155860899999995,0.0,0.0,0.0
vacancy_O2,O2 vacancy,tetrahedral,1,17,5.53521391,6.2678,0.7325860899999999,0.0001,0.0,0.0
vacancy_O2,O2 vacancy,tetrahedral,1,17,5.53521391,6.2848,0.7495860899999993,0.0001,0.0002,0.0
vacancy_O2,O2 vacancy,tetrahedral,1,17,5.53521391,6.3019,0.7666860899999994,0.0002,0.0002,0.0
vacancy_O2,O2 vacancy,tetrahedral,1,17,5.53521391,6.3189,0.7836860899999998,0.0004,0.0004,0.0
vacancy_O2,O2 vacancy,tetrahedral,1,17,5.53521391,6.3359,0.8006860899999992,0.0006,0.0007,0.0
vacancy_O2,O2 vacancy,tetrahedral,1,17,5.53521391,6.353,0.8177860899999994,0.0009,0.0010999999999999998,0.0
vacancy_O2,O2 vacancy,tetrahedral,1,17,5.53521391,6.37,0.8347860899999997,0.0014,0.0018000000000000002,0.0001
vacancy_O2,O2 vacancy,tetrahedral,1,17,5.53521391,6.3871,0.8518860899999998,0.002,0.0024,0.0001
vacancy_O2,O2 vacancy,tetrahedral,1,17,5.53521391,6.4041,0.8688860899999993,0.0027,0.0031999999999999997,0.0001
vacancy_O2,O2 vacancy,tetrahedral,1,17,5.53521391,6.4211,0.8858860899999996,0.0034,0.004,0.0001
vacancy_O2,O2 vacancy,tetrahedral,1,17,5.53521391,6.4382,0.9029860899999997,0.0041,0.0049,0.0002
vacancy_O2,O2 vacancy,tetrahedral,1,17,5.53521391,6.4552,0.9199860899999992,0.0047,0.0056,0.0002
vacancy_O2,O2 vacancy,tetrahedral,1,17,5.53521391,6.4722,0.9369860899999995,0.0052,0.0060999999999999995,0.0002
vacancy_O2,O2 vacancy,tetrahedral,1,17,5.53521391,6.4893,0.9540860899999997,0.0056,0.0063999999999999994,0.0002
vacancy_O2,O2 vacancy,tetrahedral,1,17,5.53521391,6.5063,0.97108609,0.006,0.006599999999999999,0.0002
vacancy_O2,O2 vacancy,tetrahedral,1,17,5.53521391,6.5233,0.9880860899999995,0.0064,0.0068,0.00030000000000000003
vacancy_O2,O2 vacancy,tetrahedral,1,17,5.53521391,6.5404,1.0051860899999996,0.0071,0.0070999999999999995,0.00030000000000000003
vacancy_O2,O2 vacancy,tetrahedral,1,17,5.53521391,6.5574,1.02218609,0.0079,0.0076,0.00030000000000000003
vacancy_O2,O2 vacancy,tetrahedral,1,17,5.53521391,6.5745,1.0392860899999992,0.0091,0.0084,0.00030000000000000003
vacancy_O2,O2 vacancy,tetrahedral,1,17,5.53521391,6.5915,1.0562860899999995,0.0106,0.009300000000000001,0.0005
vacancy_O2,O2 vacancy,tetrahedral,1,17,5.53521391,6.6085,1.0732860899999999,0.0123,0.0104,0.0005
vacancy_O2,O2 vacancy,tetrahedral,1,17,5.53521391,6.6256,1.09038609,0.0141,0.0117,0.0005
vacancy_O2,O2 vacancy,tetrahedral,1,17,5.53521391,6.6426,1.1073860899999994,0.016,0.013,0.0007000000000000001
vacancy_O2,O2 vacancy,tetrahedral,1,17,5.53521391,6.6596,1.1243860899999998,0.0179,0.0143,0.0008000000000000001
vacancy_O2,O2 vacancy,tetrahedral,1,17,5.53521391,6.6767,1.14148609,0.0198,0.0155,0.0008000000000000001
vacancy_O2,O2 vacancy,tetrahedral,1,17,5.53521391,6.6937,1.1584860899999994,0.0215,0.0166,0.0009000000000000001
vacancy_O2,O2 vacancy,tetrahedral,1,17,5.53521391,6.7108,1.1755860899999995,0.0231,0.017599999999999998,0.0009000000000000001
vacancy_O2,O2 vacancy,tetrahedral,1,17,5.53521391,6.7278,1.1925860899999998,0.0244,0.0185,0.0009000000000000001
vacancy_O2,O2 vacancy,tetrahedral,1,17,5.53521391,6.7448,1.2095860899999993,0.0253,0.019,0.0009000000000000001
vacancy_O2,O2 vacancy,tetrahedral,1,17,5.53521391,6.7619,1.2266860899999994,0.0257,0.0194,0.0009000000000000001
vacancy_O2,O2 vacancy,tetrahedral,1,17,5.53521391,6.7789,1.2436860899999997,0.0256,0.0194,0.0009000000000000001
vacancy_O2,O2 vacancy,tetrahedral,1,17,5.53521391,6.7959,1.2606860899999992,0.0251,0.019100000000000002,0.0009000000000000001
vacancy_O2,O2 vacancy,tetrahedral,1,17,5.53521391,6.813,1.2777860899999993,0.0245,0.018600000000000002,0.0009000000000000001
vacancy_O2,O2 vacancy,tetrahedral,1,17,5.53521391,6.83,1.2947860899999997,0.0239,0.0181,0.0009000000000000001
vacancy_O2,O2 vacancy,tetrahedral,1,17,5.53521391,6.847,1.31178609,0.0237,0.0178,0.0009000000000000001
vacancy_O2,O2 vacancy,tetrahedral,1,17,5.53521391,6.8641,1.3288860899999992,0.0241,0.0178,0.0009000000000000001
vacancy_O2,O2 vacancy,tetrahedral,1,17,5.53521391,6.8811,1.3458860899999996,0.0252,0.018000000000000002,0.001
vacancy_O2,O2 vacancy,tetrahedral,1,17,5.53521391,6.8982,1.3629860899999997,0.0267,0.0186,0.001
vacancy_O2,O2 vacancy,tetrahedral,1,17,5.53521391,6.9152,1.3799860899999992,0.0283,0.019200000000000002,0.001
vacancy_O2,O2 vacancy,tetrahedral,1,17,5.53521391,6.9322,1.3969860899999995,0.0299,0.0196,0.0013000000000000002
vacancy_O2,O2 vacancy,tetrahedral,1,17,5.53521391,6.9493,1.4140860899999996,0.031,0.0197,0.0013000000000000002
vacancy_O2,O2 vacancy,tetrahedral,1,17,5.53521391,6.9663,1.43108609,0.0315,0.0193,0.0012000000000000001
vacancy_O2,O2 vacancy,tetrahedral,1,17,5.53521391,6.9833,1.4480860899999994,0.0314,0.0183,0.0011
vacancy_O2,O2 vacancy,tetrahedral,1,17,5.53521391,7.0004,1.4651860899999996,0.031,0.017,0.0011
vacancy_O2,O2 vacancy,tetrahedral,1,17,5.53521391,7.0174,1.48218609,0.0305,0.015600000000000001,0.001
vacancy_O2,O2 vacancy,tetrahedral,1,17,5.53521391,7.0345,1.49928609,0.0302,0.013999999999999999,0.0008
vacancy_O2,O2 vacancy,tetrahedral,1,17,5.53521391,7.0515,1.5162860899999995,0.0303,0.0126,0.0008
vacancy_O2,O2 vacancy,tetrahedral,1,17,5.53521391,7.0685,1.5332860899999998,0.0307,0.011300000000000001,0.0008
vacancy_O2,O2 vacancy,tetrahedral,1,17,5.53521391,7.0856,1.55038609,0.0313,0.0102,0.0008
vacancy_O2,O2 vacancy,tetrahedral,1,17,5.53521391,7.1026,1.5673860899999994,0.0319,0.009099999999999999,0.0008
vacancy_O2,O2 vacancy,tetrahedral,1,17,5.53521391,7.1196,1.5843860899999997,0.032,0.0081,0.0007000000000000001
vacancy_O2,O2 vacancy,tetrahedral,1,17,5.53521391,7.1367,1.6014860899999999,0.0316,0.0072,0.0007000000000000001
vacancy_O2,O2 vacancy,tetrahedral,1,17,5.53521391,7.1537,1.6184860899999993,0.0304,0.0063,0.0007000000000000001
vacancy_O2,O2 vacancy,tetrahedral,1,17,5.53521391,7.1707,1.6354860899999997,0.0285,0.0053,0.0006000000000000001
vacancy_O2,O2 vacancy,tetrahedral,1,17,5.53521391,7.1878,1.6525860899999998,0.0262,0.004699999999999999,0.0005
vacancy_O2,O2 vacancy,tetrahedral,1,17,5.53521391,7.2048,1.6695860899999992,0.0237,0.0040999999999999995,0.0005
vacancy_O2,O2 vacancy,tetrahedral,1,17,5.53521391,7.2219,1.6866860899999994,0.0215,0.0039,0.0005
vacancy_O2,O2 vacancy,tetrahedral,1,17,5.53521391,7.2389,1.7036860899999997,0.0198,0.0041,0.0005
vacancy_O2,O2 vacancy,tetrahedral,1,17,5.53521391,7.2559,1.7206860899999992,0.019,0.0047,0.0006000000000000001
vacancy_O2,O2 vacancy,tetrahedral,1,17,5.53521391,7.273,1.7377860899999993,0.0192,0.0058,0.0006000000000000001
vacancy_O2,O2 vacancy,tetrahedral,1,17,5.53521391,7.29,1.7547860899999996,0.0207,0.0075,0.0008
vacancy_O2,O2 vacancy,tetrahedral,1,17,5.53521391,7.307,1.77178609,0.0233,0.0097,0.0011
vacancy_O2,O2 vacancy,tetrahedral,1,17,5.53521391,7.3241,1.7888860899999992,0.0271,0.012499999999999999,0.0012000000000000001
vacancy_O2,O2 vacancy,tetrahedral,1,17,5.53521391,7.3411,1.8058860899999996,0.0317,0.0157,0.0014
vacancy_O2,O2 vacancy,tetrahedral,1,17,5.53521391,7.3582,1.8229860899999997,0.0371,0.0192,0.0017999999999999997
vacancy_O2,O2 vacancy,tetrahedral,1,17,5.53521391,7.3752,1.83998609,0.0428,0.022699999999999998,0.0022
vacancy_O2,O2 vacancy,tetrahedral,1,17,5.53521391,7.3922,1.8569860899999995,0.0486,0.0263,0.0024000000000000002
vacancy_O2,O2 vacancy,tetrahedral,1,17,5.53521391,7.4093,1.8740860899999996,0.0541,0.0295,0.0028
vacancy_O2,O2 vacancy,tetrahedral,1,17,5.53521391,7.4263,1.89108609,0.0591,0.0325,0.0029999999999999996
vacancy_O2,O2 vacancy,tetrahedral,1,17,5.53521391,7.4433,1.9080860899999994,0.0636,0.0349,0.0034000000000000002
vacancy_O2,O2 vacancy,tetrahedral,1,17,5.53521391,7.4604,1.9251860899999995,0.0674,0.0372,0.0036
vacancy_O2,O2 vacancy,tetrahedral,1,17,5.53521391,7.4774,1.9421860899999999,0.0705,0.0389,0.004
vacancy_O2,O2 vacancy,tetrahedral,1,17,5.53521391,7.4944,1.9591860899999993,0.073,0.0403,0.0043
vacancy_O2,O2 vacancy,tetrahedral,1,17,5.53521391,7.5115,1.9762860899999994,0.0751,0.0413,0.004399999999999999
vacancy_O2,O2 vacancy,tetrahedral,1,17,5.53521391,7.5285,1.9932860899999998,0.0768,0.0418,0.0046
vacancy_O2,O2 vacancy,tetrahedral,1,17,5.53521391,7.5456,2.01038609,0.0781,0.0419,0.0046
vacancy_O2,O2 vacancy,tetrahedral,1,17,5.53521391,7.5626,2.0273860899999994,0.0791,0.041800000000000004,0.004900000000000001
vacancy_O2,O2 vacancy,tetrahedral,1,17,5.53521391,7.5796,2.0443860899999997,0.0798,0.041299999999999996,0.0049
vacancy_O2,O2 vacancy,tetrahedral,1,17,5.53521391,7.5967,2.06148609,0.0805,0.0408,0.005
vacancy_O2,O2 vacancy,tetrahedral,1,17,5.53521391,7.6137,2.0784860899999993,0.0811,0.040600000000000004,0.005200000000000001
vacancy_O2,O2 vacancy,tetrahedral,1,17,5.53521391,7.6307,2.0954860899999996,0.0819,0.0407,0.0056
vacancy_O2,O2 vacancy,tetrahedral,1,17,5.53521391,7.6478,2.1125860899999997,0.0827,0.0414,0.0060999999999999995
vacancy_O2,O2 vacancy,tetrahedral,1,17,5.53521391,7.6648,2.129586089999999,0.0835,0.0428,0.0067
vacancy_O2,O2 vacancy,tetrahedral,1,17,5.53521391,7.6819,2.1466860899999993,0.0838,0.0449,0.0074
vacancy_O2,O2 vacancy,tetrahedral,1,17,5.53521391,7.6989,2.1636860899999997,0.0832,0.0476,0.0084
vacancy_O2,O2 vacancy,tetrahedral,1,17,5.53521391,7.7159,2.18068609,0.0815,0.0506,0.0095
vacancy_O2,O2 vacancy,tetrahedral,1,17,5.53521391,7.733,2.1977860899999992,0.0784,0.0539,0.010799999999999999
vacancy_O2,O2 vacancy,tetrahedral,1,17,5.53521391,7.75,2.2147860899999996,0.0744,0.0572,0.011899999999999999
vacancy_O2,O2 vacancy,tetrahedral,1,17,5.53521391,7.767,2.23178609,0.07,0.060399999999999995,0.013000000000000001
vacancy_O2,O2 vacancy,tetrahedral,1,17,5.53521391,7.7841,2.248886089999999,0.0661,0.0633,0.014199999999999999
vacancy_O2,O2 vacancy,tetrahedral,1,17,5.53521391,7.8011,2.2658860899999995,0.0635,0.066,0.0153
vacancy_O2,O2 vacancy,tetrahedral,1,17,5.53521391,7.8181,2.28288609,0.0631,0.06820000000000001,0.016300000000000002
vacancy_O2,O2 vacancy,tetrahedral,1,17,5.53521391,7.8352,2.29998609,0.0654,0.0698,0.017
vacancy_O2,O2 vacancy,tetrahedral,1,17,5.53521391,7.8522,2.3169860899999994,0.0707,0.07089999999999999,0.0176
vacancy_O2,O2 vacancy,tetrahedral,1,17,5.53521391,7.8693,2.3340860899999996,0.0786,0.0711,0.017599999999999998
vacancy_O2,O2 vacancy,tetrahedral,1,17,5.53521391,7.8863,2.35108609,0.0887,0.0704,0.0173
vacancy_O2,O2 vacancy,tetrahedral,1,17,5.53521391,7.9033,2.3680860899999994,0.1001,0.069,0.0167
vacancy_O2,O2 vacancy,tetrahedral,1,17,5.53521391,7.9204,2.3851860899999995,0.1117,0.0671,0.016
vacancy_O2,O2 vacancy,tetrahedral,1,17,5.53521391,7.9374,2.40218609,0.1226,0.0648,0.0152
vacancy_O2,O2 vacancy,tetrahedral,1,17,5.53521391,7.9544,2.4191860899999993,0.1322,0.0623,0.014499999999999999
vacancy_O2,O2 vacancy,tetrahedral,1,17,5.53521391,7.9715,2.4362860899999994,0.1402,0.0606,0.014
vacancy_O2,O2 vacancy,tetrahedral,1,17,5.53521391,7.9885,2.4532860899999998,0.1471,0.0593,0.0137
vacancy_O2,O2 vacancy,tetrahedral,1,17,5.53521391,8.0056,2.470386089999999,0.1536,0.059000000000000004,0.013999999999999999
vacancy_O2,O2 vacancy,tetrahedral,1,17,5.53521391,8.0226,2.48738609,0.1605,0.060000000000000005,0.014499999999999999
vacancy_O2,O2 vacancy,tetrahedral,1,17,5.53521391,8.0396,2.5043860899999997,0.1686,0.062,0.015399999999999999
vacancy_O2,O2 vacancy,tetrahedral,1,17,5.53521391,8.0567,2.521486089999999,0.1783,0.065,0.0165
vacancy_O2,O2 vacancy,tetrahedral,1,17,5.53521391,8.0737,2.53848609,0.1892,0.0689,0.0178
vacancy_O2,O2 vacancy,tetrahedral,1,17,5.53521391,8.0907,2.5554860899999996,0.2004,0.0732,0.0189
vacancy_O2,O2 vacancy,tetrahedral,1,17,5.53521391,8.1078,2.572586089999999,0.2106,0.07730000000000001,0.02
vacancy_O2,O2 vacancy,tetrahedral,1,17,5.53521391,8.1248,2.58958609,0.2183,0.0809,0.020499999999999997
vacancy_O2,O2 vacancy,tetrahedral,1,17,5.53521391,8.1418,2.6065860899999995,0.2222,0.08330000000000001,0.0207
vacancy_O2,O2 vacancy,tetrahedral,1,17,5.53521391,8.1589,2.6236860899999987,0.2215,0.0843,0.0206
vacancy_O2,O2 vacancy,tetrahedral,1,17,5.53521391,8.1759,2.64068609,0.216,0.08360000000000001,0.019899999999999998
vacancy_O2,O2 vacancy,tetrahedral,1,17,5.53521391,8.193,2.657786089999999,0.2064,0.0814,0.019200000000000002
vacancy_O2,O2 vacancy,tetrahedral,1,17,5.53521391,8.21,2.6747860900000004,0.194,0.07819999999999999,0.018300000000000004
vacancy_O2,O2 vacancy,tetrahedral,1,17,5.53521391,8.227,2.69178609,0.181,0.0745,0.0175
vacancy_O2,O2 vacancy,tetrahedral,1,17,5.53521391,8.2441,2.708886089999999,0.1694,0.0707,0.0169
vacancy_O2,O2 vacancy,tetrahedral,1,17,5.53521391,8.2611,2.7258860900000004,0.1612,0.0677,0.016599999999999997
vacancy_O2,O2 vacancy,tetrahedral,1,17,5.53521391,8.2781,2.74288609,0.1578,0.0657,0.0167
vacancy_O2,O2 vacancy,tetrahedral,1,17,5.53521391,8.2952,2.759986089999999,0.1593,0.0648,0.0171
vacancy_O2,O2 vacancy,tetrahedral,1,17,5.53521391,8.3122,2.7769860900000003,0.1649,0.0648,0.0178
vacancy_O2,O2 vacancy,tetrahedral,1,17,5.53521391,8.3293,2.7940860899999995,0.1729,0.0655,0.019
vacancy_O2,O2 vacancy,tetrahedral,1,17,5.53521391,8.3463,2.811086089999999,0.1808,0.0664,0.020200000000000003
vacancy_O2,O2 vacancy,tetrahedral,1,17,5.53521391,8.3633,2.82808609,0.1866,0.0674,0.0212
vacancy_O2,O2 vacancy,tetrahedral,1,17,5.53521391,8.3804,2.8451860899999994,0.1886,0.0678,0.0221
vacancy_O2,O2 vacancy,tetrahedral,1,17,5.53521391,8.3974,2.862186089999999,0.1862,0.0676,0.0226
vacancy_O2,O2 vacancy,tetrahedral,1,17,5.53521391,8.4144,2.87918609,0.1797,0.067,0.0229
vacancy_O2,O2 vacancy,tetrahedral,1,17,5.53521391,8.4315,2.8962860899999994,0.1702,0.0656,0.0228
vacancy_O2,O2 vacancy,tetrahedral,1,17,5.53521391,8.4485,2.913286089999999,0.1592,0.064,0.0225
vacancy_O2,O2 vacancy,tetrahedral,1,17,5.53521391,8.4655,2.93028609,0.148,0.0619,0.022
vacancy_O2,O2 vacancy,tetrahedral,1,17,5.53521391,8.4826,2.9473860899999993,0.1374,0.059500000000000004,0.021
vacancy_O2,O2 vacancy,tetrahedral,1,17,5.53521391,8.4996,2.9643860899999988,0.1277,0.056999999999999995,0.0202
vacancy_O2,O2 vacancy,tetrahedral,1,17,5.53521391,8.5167,2.9814860899999998,0.1191,0.054599999999999996,0.019299999999999998
vacancy_O2,O2 vacancy,tetrahedral,1,17,5.53521391,8.5337,2.998486089999999,0.1115,0.0523,0.0186
vacancy_O2,O2 vacancy,tetrahedral,1,17,5.53521391,8.5507,3.0154860900000005,0.1051,0.0504,0.0178
vacancy_O2,O2 vacancy,tetrahedral,1,17,5.53521391,8.5678,3.0325860899999997,0.1003,0.0494,0.0174
vacancy_O2,O2 vacancy,tetrahedral,1,17,5.53521391,8.5848,3.049586089999999,0.0981,0.0494,0.017300000000000003
vacancy_O2,O2 vacancy,tetrahedral,1,17,5.53521391,8.6018,3.0665860900000004,0.0994,0.0506,0.0177
vacancy_O2,O2 vacancy,tetrahedral,1,17,5.53521391,8.6189,3.0836860899999996,0.1052,0.0531,0.018500000000000003
vacancy_O2,O2 vacancy,tetrahedral,1,17,5.53521391,8.6359,3.100686089999999,0.116,0.0568,0.019799999999999998
vacancy_O2,O2 vacancy,tetrahedral,1,17,5.53521391,8.653,3.11778609,0.1317,0.061399999999999996,0.0213
vacancy_O2,O2 vacancy,tetrahedral,1,17,5.53521391,8.67,3.1347860899999995,0.1515,0.0664,0.022899999999999997
vacancy_O2,O2 vacancy,tetrahedral,1,17,5.53521391,8.687,3.151786089999999,0.1736,0.0713,0.024900000000000002
vacancy_O2,O2 vacancy,tetrahedral,1,17,5.53521391,8.7041,3.16888609,0.1961,0.0757,0.0266
vacancy_O2,O2 vacancy,tetrahedral,1,17,5.53521391,8.7211,3.1858860899999994,0.2164,0.0791,0.027899999999999998
vacancy_O2,O2 vacancy,tetrahedral,1,17,5.53521391,8.7381,3.202886089999999,0.2322,0.0812,0.029
vacancy_O2,O2 vacancy,tetrahedral,1,17,5.53521391,8.7552,3.21998609,0.2419,0.0821,0.0297
vacancy_O2,O2 vacancy,tetrahedral,1,17,5.53521391,8.7722,3.2369860899999994,0.2447,0.0817,0.030100000000000002
vacancy_O2,O2 vacancy,tetrahedral,1,17,5.53521391,8.7892,3.253986089999999,0.2405,0.0804,0.030500000000000003
vacancy_O2,O2 vacancy,tetrahedral,1,17,5.53521391,8.8063,3.27108609,0.2304,0.0786,0.0306
vacancy_O2,O2 vacancy,tetrahedral,1,17,5.53521391,8.8233,3.2880860899999993,0.2162,0.0767,0.0307
vacancy_O2,O2 vacancy,tetrahedral,1,17,5.53521391,8.8404,3.3051860900000003,0.1996,0.0751,0.031
vacancy_O2,O2 vacancy,tetrahedral,1,17,5.53521391,8.8574,3.3221860899999998,0.1825,0.0738,0.0311
vacancy_O2,O2 vacancy,tetrahedral,1,17,5.53521391,8.8744,3.339186089999999,0.1663,0.0726,0.0313
vacancy_O2,O2 vacancy,tetrahedral,1,17,5.53521391,8.8915,3.35628609,0.1518,0.0717,0.031400000000000004
vacancy_O2,O2 vacancy,tetrahedral,1,17,5.53521391,8.9085,3.3732860899999997,0.1396,0.0708,0.031299999999999994
vacancy_O2,O2 vacancy,tetrahedral,1,17,5.53521391,8.9255,3.390286089999999,0.1299,0.07,0.0309
vacancy_O2,O2 vacancy,tetrahedral,1,17,5.53521391,8.9426,3.40738609,0.123,0.0693,0.030399999999999996
vacancy_O2,O2 vacancy,tetrahedral,1,17,5.53521391,8.9596,3.4243860899999996,0.1189,0.06889999999999999,0.030100000000000002
vacancy_O2,O2 vacancy,tetrahedral,1,17,5.53521391,8.9767,3.441486089999999,0.1178,0.0691,0.029900000000000003
vacancy_O2,O2 vacancy,tetrahedral,1,17,5.53521391,8.9937,3.45848609,0.1195,0.06970000000000001,0.030199999999999998
vacancy_O2,O2 vacancy,tetrahedral,1,17,5.53521391,9.0107,3.4754860899999995,0.1236,0.07070000000000001,0.0305
vacancy_O2,O2 vacancy,tetrahedral,1,17,5.53521391,9.0278,3.4925860899999988,0.1291,0.07169999999999999,0.031
vacancy_O2,O2 vacancy,tetrahedral,1,17,5.53521391,9.0448,3.50958609,0.135,0.07200000000000001,0.0314
vacancy_O2,O2 vacancy,tetrahedral,1,17,5.53521391,9.0618,3.5265860899999995,0.14,0.07139999999999999,0.0313
vacancy_O2,O2 vacancy,tetrahedral,1,17,5.53521391,9.0789,3.5436860900000005,0.143,0.0696,0.0305
vacancy_O2,O2 vacancy,tetrahedral,1,17,5.53521391,9.0959,3.56068609,0.1434,0.0663,0.029199999999999997
vacancy_O2,O2 vacancy,tetrahedral,1,17,5.53521391,9.1129,3.5776860899999994,0.141,0.062,0.0273
vacancy_O2,O2 vacancy,tetrahedral,1,17,5.53521391,9.13,3.5947860900000004,0.1363,0.056799999999999996,0.024799999999999996
vacancy_O2,O2 vacancy,tetrahedral,1,17,5.53521391,9.147,3.61178609,0.1301,0.0516,0.0222
vacancy_O2,O2 vacancy,tetrahedral,1,17,5.53521391,9.1641,3.628886089999999,0.1235,0.0468,0.0196
vacancy_O2,O2 vacancy,tetrahedral,1,17,5.53521391,9.1811,3.6458860900000003,0.1175,0.0429,0.0174
vacancy_O2,O2 vacancy,tetrahedral,1,17,5.53521391,9.1981,3.6628860899999998,0.1127,0.0402,0.0158
vacancy_O2,O2 vacancy,tetrahedral,1,17,5.53521391,9.2152,3.679986089999999,0.1095,0.0388,0.014600000000000002
vacancy_O2,O2 vacancy,tetrahedral,1,17,5.53521391,9.2322,3.6969860900000002,0.1078,0.038599999999999995,0.014199999999999999
vacancy_O2,O2 vacancy,tetrahedral,1,17,5.53521391,9.2492,3.7139860899999997,0.1073,0.0395,0.014
vacancy_O2,O2 vacancy,tetrahedral,1,17,5.53521391,9.2663,3.731086089999999,0.1074,0.0412,0.0144
vacancy_O2,O2 vacancy,tetrahedral,1,17,5.53521391,9.2833,3.74808609,0.1075,0.0436,0.0148
vacancy_O2,O2 vacancy,tetrahedral,1,17,5.53521391,9.3004,3.7651860899999994,0.1073,0.0462,0.0154
vacancy_O2,O2 vacancy,tetrahedral,1,17,5.53521391,9.3174,3.782186089999999,0.1064,0.049199999999999994,0.0159
vacancy_O2,O2 vacancy,tetrahedral,1,17,5.53521391,9.3344,3.79918609,0.105,0.0527,0.016300000000000002
vacancy_O2,O2 vacancy,tetrahedral,1,17,5.53521391,9.3515,3.8162860899999993,0.1032,0.0567,0.0166
vacancy_O2,O2 vacancy,tetrahedral,1,17,5.53521391,9.3685,3.8332860899999988,0.1013,0.061399999999999996,0.017099999999999997
vacancy_O2,O2 vacancy,tetrahedral,1,17,5.53521391,9.3855,3.85028609,0.0998,0.0671,0.0175
vacancy_O2,O2 vacancy,tetrahedral,1,17,5.53521391,9.4026,3.867386089999999,0.0987,0.0736,0.018099999999999998
vacancy_O2,O2 vacancy,tetrahedral,1,17,5.53521391,9.4196,3.8843860900000005,0.0981,0.0812,0.018799999999999997
vacancy_O2,O2 vacancy,tetrahedral,1,17,5.53521391,9.4366,3.90138609,0.098,0.08909999999999998,0.019700000000000002
vacancy_O2,O2 vacancy,tetrahedral,1,17,5.53521391,9.4537,3.918486089999999,0.0979,0.09759999999999999,0.0206
vacancy_O2,O2 vacancy,tetrahedral,1,17,5.53521391,9.4707,3.9354860900000004,0.0975,0.1058,0.021599999999999998
vacancy_O2,O2 vacancy,tetrahedral,1,17,5.53521391,9.4878,3.9525860899999996,0.0966,0.114,0.0225
vacancy_O2,O2 vacancy,tetrahedral,1,17,5.53521391,9.5048,3.969586089999999,0.0949,0.1216,0.0233
vacancy_O2,O2 vacancy,tetrahedral,1,17,5.53521391,9.5218,3.9865860900000003,0.0924,0.1289,0.0241
vacancy_O2,O2 vacancy,tetrahedral,1,17,5.53521391,9.5389,4.0036860899999995,0.0893,0.1361,0.024999999999999998
vacancy_O2,O2 vacancy,tetrahedral,1,17,5.53521391,9.5559,4.020686089999999,0.0859,0.1432,0.0257
vacancy_O2,O2 vacancy,tetrahedral,1,17,5.53521391,9.5729,4.03768609,0.0825,0.1507,0.0267
vacancy_O2,O2 vacancy,tetrahedral,1,17,5.53521391,9.59,4.0547860899999995,0.0793,0.15839999999999999,0.0278
vacancy_O2,O2 vacancy,tetrahedral,1,17,5.53521391,9.607,4.071786089999999,0.0766,0.1663,0.028999999999999998
vacancy_O2,O2 vacancy,tetrahedral,1,17,5.53521391,9.6241,4.08888609,0.0745,0.1736,0.030299999999999997
vacancy_O2,O2 vacancy,tetrahedral,1,17,5.53521391,9.6411,4.105886089999999,0.0729,0.1799,0.0314
vacancy_O2,O2 vacancy,tetrahedral,1,17,5.53521391,9.6581,4.122886089999999,0.0717,0.184,0.0322
vacancy_O2,O2 vacancy,tetrahedral,1,17,5.53521391,9.6752,4.13998609,0.0708,0.1854,0.032600000000000004
vacancy_O2,O2 vacancy,tetrahedral,1,17,5.53521391,9.6922,4.156986089999999,0.0698,0.18380000000000002,0.0325
vacancy_O2,O2 vacancy,tetrahedral,1,17,5.53521391,9.7092,4.173986089999999,0.0687,0.17909999999999998,0.0319
vacancy_O2,O2 vacancy,tetrahedral,1,17,5.53521391,9.7263,4.19108609,0.0673,0.17170000000000002,0.0308
vacancy_O2,O2 vacancy,tetrahedral,1,17,5.53521391,9.7433,4.208086089999999,0.0658,0.1629,0.0294
vacancy_O2,O2 vacancy,tetrahedral,1,17,5.53521391,9.7603,4.2250860900000005,0.0641,0.1532,0.0279
vacancy_O2,O2 vacancy,tetrahedral,1,17,5.53521391,9.7774,4.24218609,0.0625,0.1442,0.0265
vacancy_O2,O2 vacancy,tetrahedral,1,17,5.53521391,9.7944,4.259186089999999,0.0612,0.1361,0.0252
vacancy_O2,O2 vacancy,tetrahedral,1,17,5.53521391,9.8115,4.27628609,0.06,0.1297,0.024099999999999996
vacancy_O2,O2 vacancy,tetrahedral,1,17,5.53521391,9.8285,4.29328609,0.0591,0.125,0.023200000000000002
vacancy_O2,O2 vacancy,tetrahedral,1,17,5.53521391,9.8455,4.310286089999999,0.0583,0.1221,0.0228
vacancy_O2,O2 vacancy,tetrahedral,1,17,5.53521391,9.8626,4.32738609,0.0573,0.12040000000000001,0.0224
vacancy_O2,O2 vacancy,tetrahedral,1,17,5.53521391,9.8796,4.3443860899999995,0.0561,0.12010000000000001,0.0222
vacancy_O2,O2 vacancy,tetrahedral,1,17,5.53521391,9.8966,4.361386089999999,0.0546,0.1204,0.0221
vacancy_O2,O2 vacancy,tetrahedral,1,17,5.53521391,9.9137,4.37848609,0.0528,0.12129999999999999,0.022000000000000002
vacancy_O2,O2 vacancy,tetrahedral,1,17,5.53521391,9.9307,4.3954860899999995,0.0508,0.12240000000000001,0.022099999999999998
vacancy_O2,O2 vacancy,tetrahedral,1,17,5.53521391,9.9477,4.412486089999999,0.0486,0.12340000000000001,0.0219
vacancy_O2,O2 vacancy,tetrahedral,1,17,5.53521391,9.9648,4.42958609,0.0464,0.1241,0.0219
vacancy_O2,O2 vacancy,tetrahedral,1,17,5.53521391,9.9818,4.446586089999999,0.0443,0.12440000000000001,0.0219
vacancy_O2,O2 vacancy,tetrahedral,1,17,5.53521391,9.9989,4.46368609,0.0423,0.1244,0.0218
vacancy_O2,O2 vacancy,tetrahedral,1,17,5.53521391,10.0159,4.48068609,0.0405,0.12419999999999999,0.0219
vacancy_O2,O2 vacancy,tetrahedral,1,17,5.53521391,10.0329,4.497686089999999,0.0389,0.1241,0.0218
vacancy_O2,O2 vacancy,tetrahedral,1,17,5.53521391,10.05,4.51478609,0.0377,0.12459999999999999,0.0219
vacancy_O2,O2 vacancy,tetrahedral,1,17,5.53521391,10.067,4.53178609,0.0368,0.1262,0.0222
vacancy_O2,O2 vacancy,tetrahedral,1,17,5.53521391,10.084,4.548786089999999,0.0362,0.129,0.022400000000000003
vacancy_O2,O2 vacancy,tetrahedral,1,17,5.53521391,10.1011,4.56588609,0.0359,0.13319999999999999,0.0228
vacancy_O2,O2 vacancy,tetrahedral,1,17,5.53521391,10.1181,4.58288609,0.0358,0.1387,0.0233
vacancy_O2,O2 vacancy,tetrahedral,1,17,5.53521391,10.1352,4.599986089999999,0.036,0.1449,0.0236
vacancy_O2,O2 vacancy,tetrahedral,1,17,5.53521391,10.1522,4.61698609,0.0364,0.1513,0.024
vacancy_O2,O2 vacancy,tetrahedral,1,17,5.53521391,10.1692,4.63398609,0.0369,0.1573,0.0242
vacancy_O2,O2 vacancy,tetrahedral,1,17,5.53521391,10.1863,4.651086089999999,0.0375,0.1621,0.024300000000000002
vacancy_O2,O2 vacancy,tetrahedral,1,17,5.53521391,10.2033,4.66808609,0.038,0.16510000000000002,0.024099999999999996
vacancy_O2,O2 vacancy,tetrahedral,1,17,5.53521391,10.2203,4.6850860899999995,0.0385,0.1664,0.0237
vacancy_O2,O2 vacancy,tetrahedral,1,17,5.53521391,10.2374,4.702186089999999,0.0388,0.1659,0.0233
vacancy_O2,O2 vacancy,tetrahedral,1,17,5.53521391,10.2544,4.71918609,0.0388,0.1637,0.0229
vacancy_O2,O2 vacancy,tetrahedral,1,17,5.53521391,10.2714,4.7361860899999995,0.0384,0.1604,0.022600000000000002
vacancy_O2,O2 vacancy,tetrahedral,1,17,5.53521391,10.2885,4.7532860900000005,0.0376,0.1563,0.0221
vacancy_O2,O2 vacancy,tetrahedral,1,17,5.53521391,10.3055,4.77028609,0.0364,0.152,0.0219
vacancy_O2,O2 vacancy,tetrahedral,1,17,5.53521391,10.3226,4.787386089999999,0.0348,0.1479,0.021400000000000002
vacancy_O2,O2 vacancy,tetrahedral,1,17,5.53521391,10.3396,4.80438609,0.033,0.1445,0.0209
vacancy_O2,O2 vacancy,tetrahedral,1,17,5.53521391,10.3566,4.82138609,0.031,0.1421,0.0207
vacancy_O2,O2 vacancy,tetrahedral,1,17,5.53521391,10.3737,4.838486089999999,0.0291,0.14100000000000001,0.0205
vacancy_O2,O2 vacancy,tetrahedral,1,17,5.53521391,10.3907,4.85548609,0.0274,0.14129999999999998,0.0204
vacancy_O2,O2 vacancy,tetrahedral,1,17,5.53521391,10.4077,4.87248609,0.0259,0.1427,0.0204
vacancy_O2,O2 vacancy,tetrahedral,1,17,5.53521391,10.4248,4.889586089999999,0.0249,0.1451,0.0206
vacancy_O2,O2 vacancy,tetrahedral,1,17,5.53521391,10.4418,4.90658609,0.0243,0.1477,0.0211
vacancy_O2,O2 vacancy,tetrahedral,1,17,5.53521391,10.4589,4.9236860899999995,0.0241,0.1502,0.0214
vacancy_O2,O2 vacancy,tetrahedral,1,17,5.53521391,10.4759,4.940686089999999,0.0243,0.15200000000000002,0.0217
vacancy_O2,O2 vacancy,tetrahedral,1,17,5.53521391,10.4929,4.95768609,0.0248,0.1528,0.0221
vacancy_O2,O2 vacancy,tetrahedral,1,17,5.53521391,10.51,4.974786089999999,0.0256,0.1527,0.022400000000000003
vacancy_O2,O2 vacancy,tetrahedral,1,17,5.53521391,10.527,4.991786089999999,0.0266,0.1515,0.022600000000000002
vacancy_O2,O2 vacancy,tetrahedral,1,17,5.53521391,10.544,5.00878609,0.0277,0.1497,0.022699999999999998
vacancy_O2,O2 vacancy,tetrahedral,1,17,5.53521391,10.5611,5.025886089999999,0.0289,0.1476,0.022600000000000002
vacancy_O2,O2 vacancy,tetrahedral,1,17,5.53521391,10.5781,5.042886089999999,0.0301,0.14550000000000002,0.0225
vacancy_O2,O2 vacancy,tetrahedral,1,17,5.53521391,10.5951,5.05988609,0.0311,0.1431,0.0223
vacancy_O2,O2 vacancy,tetrahedral,1,17,5.53521391,10.6122,5.076986089999999,0.0318,0.141,0.022
vacancy_O2,O2 vacancy,tetrahedral,1,17,5.53521391,10.6292,5.0939860900000005,0.0321,0.1385,0.0216
vacancy_O2,O2 vacancy,tetrahedral,1,17,5.53521391,10.6463,5.11108609,0.0322,0.1363,0.021
vacancy_O2,O2 vacancy,tetrahedral,1,17,5.53521391,10.6633,5.128086089999999,0.032,0.1339,0.0203
vacancy_O2,O2 vacancy,tetrahedral,1,17,5.53521391,10.6803,5.14508609,0.0318,0.1321,0.019700000000000002
vacancy_O2,O2 vacancy,tetrahedral,1,17,5.53521391,10.6974,5.16218609,0.0316,0.13069999999999998,0.0194
vacancy_O2,O2 vacancy,tetrahedral,1,17,5.53521391,10.7144,5.179186089999999,0.0315,0.1304,0.0192
vacancy_O2,O2 vacancy,tetrahedral,1,17,5.53521391,10.7314,5.19618609,0.0317,0.1314,0.019299999999999998
vacancy_O2,O2 vacancy,tetrahedral,1,17,5.53521391,10.7485,5.2132860899999995,0.0321,0.1335,0.0196
vacancy_O2,O2 vacancy,tetrahedral,1,17,5.53521391,10.7655,5.230286089999999,0.0326,0.1367,0.0205
vacancy_O2,O2 vacancy,tetrahedral,1,17,5.53521391,10.7826,5.24738609,0.0333,0.1401,0.0214
vacancy_O2,O2 vacancy,tetrahedral,1,17,5.53521391,10.7996,5.2643860899999995,0.0341,0.14329999999999998,0.022400000000000003
vacancy_O2,O2 vacancy,tetrahedral,1,17,5.53521391,10.8166,5.281386089999999,0.0349,0.1457,0.023600000000000003
vacancy_O2,O2 vacancy,tetrahedral,1,17,5.53521391,10.8337,5.29848609,0.0358,0.1467,0.0242
vacancy_O2,O2 vacancy,tetrahedral,1,17,5.53521391,10.8507,5.315486089999999,0.0366,0.146,0.0249
vacancy_O2,O2 vacancy,tetrahedral,1,17,5.53521391,10.8677,5.332486089999999,0.0374,0.1441,0.0251
vacancy_O2,O2 vacancy,tetrahedral,1,17,5.53521391,10.8848,5.34958609,0.0381,0.14100000000000001,0.0254
vacancy_O2,O2 vacancy,tetrahedral,1,17,5.53521391,10.9018,5.366586089999999,0.0388,0.1376,0.025300000000000003
vacancy_O2,O2 vacancy,tetrahedral,1,17,5.53521391,10.9188,5.383586089999999,0.0397,0.1346,0.0253
vacancy_O2,O2 vacancy,tetrahedral,1,17,5.53521391,10.9359,5.40068609,0.0407,0.1324,0.025300000000000003
vacancy_O2,O2 vacancy,tetrahedral,1,17,5.53521391,10.9529,5.417686089999999,0.042,0.1311,0.025599999999999998
vacancy_O2,O2 vacancy,tetrahedral,1,17,5.53521391,10.97,5.43478609,0.0435,0.1311,0.0258
vacancy_O2,O2 vacancy,tetrahedral,1,17,5.53521391,10.987,5.45178609,0.0452,0.1318,0.0264
vacancy_O2,O2 vacancy,tetrahedral,1,17,5.53521391,11.004,5.468786089999999,0.047,0.1331,0.0269
vacancy_O2,O2 vacancy,tetrahedral,1,17,5.53521391,11.0211,5.48588609,0.0489,0.1341,0.0274
vacancy_O2,O2 vacancy,tetrahedral,1,17,5.53521391,11.0381,5.50288609,0.0506,0.1349,0.0279
vacancy_O2,O2 vacancy,tetrahedral,1,17,5.53521391,11.0551,5.519886089999999,0.0522,0.1353,0.0284
vacancy_O2,O2 vacancy,tetrahedral,1,17,5.53521391,11.0722,5.53698609,0.0535,0.1354,0.028900000000000002
vacancy_O2,O2 vacancy,tetrahedral,1,17,5.53521391,11.0892,5.5539860899999995,0.0545,0.1357,0.0295
vacancy_O2,O2 vacancy,tetrahedral,1,17,5.53521391,11.1063,5.571086089999999,0.0551,0.1369,0.030199999999999998
vacancy_O2,O2 vacancy,tetrahedral,1,17,5.53521391,11.1233,5.58808609,0.0553,0.1395,0.0312
vacancy_O2,O2 vacancy,tetrahedral,1,17,5.53521391,11.1403,5.6050860899999995,0.0553,0.1437,0.0323
vacancy_O2,O2 vacancy,tetrahedral,1,17,5.53521391,11.1574,5.6221860900000005,0.0549,0.1497,0.0338
vacancy_O2,O2 vacancy,tetrahedral,1,17,5.53521391,11.1744,5.63918609,0.0543,0.1568,0.035300000000000005
vacancy_O2,O2 vacancy,tetrahedral,1,17,5.53521391,11.1914,5.656186089999999,0.0535,0.1643,0.0368
vacancy_O2,O2 vacancy,tetrahedral,1,17,5.53521391,11.2085,5.67328609,0.0524,0.17170000000000002,0.038099999999999995
vacancy_O2,O2 vacancy,tetrahedral,1,17,5.53521391,11.2255,5.69028609,0.0511,0.17830000000000001,0.0395
vacancy_O2,O2 vacancy,tetrahedral,1,17,5.53521391,11.2425,5.707286089999999,0.0496,0.1837,0.0406
vacancy_O2,O2 vacancy,tetrahedral,1,17,5.53521391,11.2596,5.72438609,0.048,0.1875,0.041299999999999996
vacancy_O2,O2 vacancy,tetrahedral,1,17,5.53521391,11.2766,5.74138609,0.0465,0.19,0.042
vacancy_O2,O2 vacancy,tetrahedral,1,17,5.53521391,11.2937,5.758486089999999,0.0452,0.19169999999999998,0.0425
vacancy_O2,O2 vacancy,tetrahedral,1,17,5.53521391,11.3107,5.77548609,0.0442,0.1926,0.043
vacancy_O2,O2 vacancy,tetrahedral,1,17,5.53521391,11.3277,5.79248609,0.0434,0.1934,0.0434
vacancy_O2,O2 vacancy,tetrahedral,1,17,5.53521391,11.3448,5.809586089999999,0.043,0.1945,0.0439
vacancy_O2,O2 vacancy,tetrahedral,1,17,5.53521391,11.3618,5.82658609,0.0428,0.1961,0.0447
vacancy_O2,O2 vacancy,tetrahedral,1,17,5.53521391,11.3788,5.84358609,0.0427,0.1986,0.0453
vacancy_O2,O2 vacancy,tetrahedral,1,17,5.53521391,11.3959,5.860686089999999,0.0427,0.2018,0.0461
vacancy_O2,O2 vacancy,tetrahedral,1,17,5.53521391,11.4129,5.87768609,0.0426,0.2057,0.047
vacancy_O2,O2 vacancy,tetrahedral,1,17,5.53521391,11.43,5.894786089999999,0.0425,0.2102,0.04820000000000001
vacancy_O2,O2 vacancy,tetrahedral,1,17,5.53521391,11.447,5.911786089999999,0.0423,0.21500000000000002,0.0492
vacancy_O2,O2 vacancy,tetrahedral,1,17,5.53521391,11.464,5.92878609,0.042,0.21989999999999998,0.050100000000000006
vacancy_O2,O2 vacancy,tetrahedral,1,17,5.53521391,11.4811,5.945886089999999,0.0417,0.22460000000000002,0.0513
vacancy_O2,O2 vacancy,tetrahedral,1,17,5.53521391,11.4981,5.9628860900000005,0.0416,0.2289,0.052099999999999994
vacancy_O2,O2 vacancy,tetrahedral,1,17,5.53521391,11.5151,5.97988609,0.0417,0.2323,0.0529
vacancy_O2,O2 vacancy,tetrahedral,1,17,5.53521391,11.5322,5.996986089999999,0.0423,0.23470000000000002,0.0533
vacancy_O2,O2 vacancy,tetrahedral,1,17,5.53521391,11.5492,6.01398609,0.0433,0.2359,0.0537
vacancy_O2,O2 vacancy,tetrahedral,1,17,5.53521391,11.5662,6.03098609,0.0448,0.23570000000000002,0.0538
vacancy_O2,O2 vacancy,tetrahedral,1,17,5.53521391,11.5833,6.048086089999999,0.0466,0.23420000000000002,0.0536
vacancy_O2,O2 vacancy,tetrahedral,1,17,5.53521391,11.6003,6.06508609,0.0486,0.23210000000000003,0.0533
vacancy_O2,O2 vacancy,tetrahedral,1,17,5.53521391,11.6174,6.0821860899999995,0.0503,0.2295,0.0527
vacancy_O2,O2 vacancy,tetrahedral,1,17,5.53521391,11.6344,6.099186089999999,0.0517,0.2275,0.0521
vacancy_O2,O2 vacancy,tetrahedral,1,17,5.53521391,11.6514,6.11618609,0.0526,0.22610000000000002,0.0516
vacancy_O2,O2 vacancy,tetrahedral,1,17,5.53521391,11.6685,6.1332860899999995,0.0528,0.22599999999999998,0.0514
vacancy_O2,O2 vacancy,tetrahedral,1,17,5.53521391,11.6855,6.150286089999999,0.0525,0.2272,0.0513
vacancy_O2,O2 vacancy,tetrahedral,1,17,5.53521391,11.7025,6.16728609,0.0518,0.22920000000000001,0.0513
vacancy_O2,O2 vacancy,tetrahedral,1,17,5.53521391,11.7196,6.184386089999999,0.0512,0.23149999999999998,0.05160000000000001
vacancy_O2,O2 vacancy,tetrahedral,1,17,5.53521391,11.7366,6.201386089999999,0.0507,0.23370000000000002,0.0517
vacancy_O2,O2 vacancy,tetrahedral,1,17,5.53521391,11.7537,6.21848609,0.0509,0.2351,0.0521
vacancy_O2,O2 vacancy,tetrahedral,1,17,5.53521391,11.7707,6.235486089999999,0.0516,0.2354,0.0523
vacancy_O2,O2 vacancy,tetrahedral,1,17,5.53521391,11.7877,6.252486089999999,0.053,0.2351,0.052599999999999994
vacancy_O2,O2 vacancy,tetrahedral,1,17,5.53521391,11.8048,6.26958609,0.0549,0.2349,0.053200000000000004
vacancy_O2,O2 vacancy,tetrahedral,1,17,5.53521391,11.8218,6.286586089999999,0.0569,0.2358,0.054099999999999995
vacancy_O2,O2 vacancy,tetrahedral,1,17,5.53521391,11.8388,6.3035860900000005,0.0588,0.2394,0.0558
vacancy_O2,O2 vacancy,tetrahedral,1,17,5.53521391,11.8559,6.32068609,0.0603,0.24680000000000002,0.057999999999999996
vacancy_O2,O2 vacancy,tetrahedral,1,17,5.53521391,11.8729,6.337686089999999,0.0613,0.2585,0.06129999999999999
vacancy_O2,O2 vacancy,tetrahedral,1,17,5.53521391,11.8899,6.35468609,0.0619,0.2746,0.0653
vacancy_O2,O2 vacancy,tetrahedral,1,17,5.53521391,11.907,6.37178609,0.0621,0.2938,0.06989999999999999
vacancy_O2,O2 vacancy,tetrahedral,1,17,5.53521391,11.924,6.388786089999999,0.0622,0.314,0.0746
vacancy_O2,O2 vacancy,tetrahedral,1,17,5.53521391,11.9411,6.40588609,0.0622,0.33280000000000004,0.07919999999999999
vacancy_O2,O2 vacancy,tetrahedral,1,17,5.53521391,11.9581,6.4228860899999995,0.0622,0.34790000000000004,0.08299999999999999
vacancy_O2,O2 vacancy,tetrahedral,1,17,5.53521391,11.9751,6.439886089999999,0.0623,0.3573,0.0857
vacancy_O2,O2 vacancy,tetrahedral,1,17,5.53521391,11.9922,6.45698609,0.0623,0.36029999999999995,0.087
vacancy_O2,O2 vacancy,tetrahedral,1,17,5.53521391,12.0092,6.4739860899999995,0.0624,0.3569,0.087
vacancy_O2,O2 vacancy,tetrahedral,1,17,5.53521391,12.0262,6.490986089999999,0.0623,0.3482,0.0861
vacancy_O2,O2 vacancy,tetrahedral,1,17,5.53521391,12.0433,6.50808609,0.0623,0.336,0.0844
vacancy_O2,O2 vacancy,tetrahedral,1,17,5.53521391,12.0603,6.525086089999999,0.0622,0.3219,0.0822
vacancy_O2,O2 vacancy,tetrahedral,1,17,5.53521391,12.0774,6.54218609,0.0621,0.30720000000000003,0.0801
vacancy_O2,O2 vacancy,tetrahedral,1,17,5.53521391,12.0944,6.55918609,0.062,0.2932,0.0779
vacancy_O2,O2 vacancy,tetrahedral,1,17,5.53521391,12.1114,6.576186089999999,0.0618,0.27999999999999997,0.07579999999999999
vacancy_O2,O2 vacancy,tetrahedral,1,17,5.53521391,12.1285,6.59328609,0.0614,0.2679,0.0737
vacancy_O2,O2 vacancy,tetrahedral,1,17,5.53521391,12.1455,6.61028609,0.0606,0.257,0.0716
vacancy_O2,O2 vacancy,tetrahedral,1,17,5.53521391,12.1625,6.627286089999999,0.0596,0.2469,0.0697
vacancy_O2,O2 vacancy,tetrahedral,1,17,5.53521391,12.1796,6.64438609,0.0584,0.2383,0.0676
vacancy_O2,O2 vacancy,tetrahedral,1,17,5.53521391,12.1966,6.66138609,0.0571,0.231,0.0654
vacancy_O2,O2 vacancy,tetrahedral,1,17,5.53521391,12.2136,6.678386089999999,0.056,0.22560000000000002,0.0635
vacancy_O2,O2 vacancy,tetrahedral,1,17,5.53521391,12.2307,6.69548609,0.0552,0.2222,0.0616
vacancy_O2,O2 vacancy,tetrahedral,1,17,5.53521391,12.2477,6.71248609,0.0548,0.2208,0.0596
vacancy_O2,O2 vacancy,tetrahedral,1,17,5.53521391,12.2648,6.729586089999999,0.0548,0.2208,0.0579
vacancy_O2,O2 vacancy,tetrahedral,1,17,5.53521391,12.2818,6.74658609,0.055,0.2217,0.0562
vacancy_O2,O2 vacancy,tetrahedral,1,17,5.53521391,12.2988,6.7635860899999996,0.0553,0.2227,0.054599999999999996
vacancy_O2,O2 vacancy,tetrahedral,1,17,5.53521391,12.3159,6.780686089999999,0.0554,0.2227,0.053000000000000005
vacancy_O2,O2 vacancy,tetrahedral,1,17,5.53521391,12.3329,6.79768609,0.0552,0.2213,0.051100000000000007
vacancy_O2,O2 vacancy,tetrahedral,1,17,5.53521391,12.3499,6.8146860899999995,0.0547,0.21839999999999998,0.0491
vacancy_O2,O2 vacancy,tetrahedral,1,17,5.53521391,12.367,6.8317860900000005,0.054,0.2141,0.0471
vacancy_O2,O2 vacancy,tetrahedral,1,17,5.53521391,12.384,6.84878609,0.0534,0.209,0.0452
vacancy_O2,O2 vacancy,tetrahedral,1,17,5.53521391,12.4011,6.865886089999999,0.0533,0.20400000000000001,0.0436
vacancy_O2,O2 vacancy,tetrahedral,1,17,5.53521391,12.4181,6.88288609,0.0541,0.19979999999999998,0.0423
vacancy_O2,O2 vacancy,tetrahedral,1,17,5.53521391,12.4351,6.89988609,0.056,0.1972,0.0417
vacancy_O2,O2 vacancy,tetrahedral,1,17,5.53521391,12.4522,6.916986089999999,0.0592,0.19669999999999999,0.041800000000000004
vacancy_O2,O2 vacancy,tetrahedral,1,17,5.53521391,12.4692,6.93398609,0.0636,0.1983,0.0422
vacancy_O2,O2 vacancy,tetrahedral,1,17,5.53521391,12.4862,6.95098609,0.0688,0.2023,0.0434
vacancy_O2,O2 vacancy,tetrahedral,1,17,5.53521391,12.5033,6.968086089999999,0.0742,0.2077,0.044899999999999995
vacancy_O2,O2 vacancy,tetrahedral,1,17,5.53521391,12.5203,6.98508609,0.079,0.2139,0.046799999999999994
vacancy_O2,O2 vacancy,tetrahedral,1,17,5.53521391,12.5373,7.00208609,0.0827,0.2201,0.048600000000000004
vacancy_O2,O2 vacancy,tetrahedral,1,17,5.53521391,12.5544,7.019186089999999,0.0848,0.2252,0.0502
vacancy_O2,O2 vacancy,tetrahedral,1,17,5.53521391,12.5714,7.03618609,0.085,0.2283,0.05129999999999999
vacancy_O2,O2 vacancy,tetrahedral,1,17,5.53521391,12.5885,7.053286089999999,0.0836,0.22860000000000003,0.052000000000000005
vacancy_O2,O2 vacancy,tetrahedral,1,17,5.53521391,12.6055,7.070286089999999,0.0807,0.2259,0.051899999999999995
vacancy_O2,O2 vacancy,tetrahedral,1,17,5.53521391,12.6225,7.08728609,0.0771,0.2203,0.05109999999999999
vacancy_O2,O2 vacancy,tetrahedral,1,17,5.53521391,12.6396,7.104386089999999,0.0733,0.21239999999999998,0.05
vacancy_O2,O2 vacancy,tetrahedral,1,17,5.53521391,12.6566,7.121386089999999,0.0699,0.2032,0.04850000000000001
vacancy_O2,O2 vacancy,tetrahedral,1,17,5.53521391,12.6736,7.13838609,0.0674,0.1938,0.047
vacancy_O2,O2 vacancy,tetrahedral,1,17,5.53521391,12.6907,7.155486089999999,0.0662,0.1853,0.0456
vacancy_O2,O2 vacancy,tetrahedral,1,17,5.53521391,12.7077,7.1724860900000005,0.0662,0.1785,0.0446
vacancy_O2,O2 vacancy,tetrahedral,1,17,5.53521391,12.7248,7.18958609,0.0675,0.174,0.043699999999999996
vacancy_O2,O2 vacancy,tetrahedral,1,17,5.53521391,12.7418,7.206586089999999,0.0698,0.1719,0.0436
vacancy_O2,O2 vacancy,tetrahedral,1,17,5.53521391,12.7588,7.22358609,0.0726,0.172,0.0436
vacancy_O2,O2 vacancy,tetrahedral,1,17,5.53521391,12.7759,7.24068609,0.0756,0.17359999999999998,0.043899999999999995
vacancy_O2,O2 vacancy,tetrahedral,1,17,5.53521391,12.7929,7.257686089999999,0.0784,0.17620000000000002,0.0445
vacancy_O2,O2 vacancy,tetrahedral,1,17,5.53521391,12.8099,7.27468609,0.0808,0.179,0.045099999999999994
vacancy_O2,O2 vacancy,tetrahedral,1,17,5.53521391,12.827,7.2917860899999996,0.0827,0.1812,0.046
vacancy_O2,O2 vacancy,tetrahedral,1,17,5.53521391,12.844,7.308786089999999,0.0841,0.18259999999999998,0.0466
vacancy_O2,O2 vacancy,tetrahedral,1,17,5.53521391,12.861,7.32578609,0.0852,0.18280000000000002,0.0471
vacancy_O2,O2 vacancy,tetrahedral,1,17,5.53521391,12.8781,7.3428860899999995,0.0858,0.1816,0.0475
vacancy_O2,O2 vacancy,tetrahedral,1,17,5.53521391,12.8951,7.359886089999999,0.0861,0.1795,0.0477
vacancy_O2,O2 vacancy,tetrahedral,1,17,5.53521391,12.9122,7.37698609,0.0859,0.1761,0.0474
vacancy_O2,O2 vacancy,tetrahedral,1,17,5.53521391,12.9292,7.393986089999999,0.085,0.172,0.0468
vacancy_O2,O2 vacancy,tetrahedral,1,17,5.53521391,12.9462,7.410986089999999,0.0833,0.1671,0.04599999999999999
vacancy_O2,O2 vacancy,tetrahedral,1,17,5.53521391,12.9633,7.42808609,0.081,0.1617,0.044800000000000006
vacancy_O2,O2 vacancy,tetrahedral,1,17,5.53521391,12.9803,7.445086089999999,0.0783,0.1558,0.0432
vacancy_O2,O2 vacancy,tetrahedral,1,17,5.53521391,12.9973,7.462086089999999,0.0753,0.1497,0.041400000000000006
vacancy_O2,O2 vacancy,tetrahedral,1,17,5.53521391,13.0144,7.47918609,0.0724,0.14350000000000002,0.03939999999999999
vacancy_O2,O2 vacancy,tetrahedral,1,17,5.53521391,13.0314,7.496186089999999,0.0699,0.1373,0.037200000000000004
vacancy_O2,O2 vacancy,tetrahedral,1,17,5.53521391,13.0485,7.51328609,0.0679,0.13140000000000002,0.034999999999999996
vacancy_O2,O2 vacancy,tetrahedral,1,17,5.53521391,13.0655,7.53028609,0.0664,0.1262,0.033
vacancy_O2,O2 vacancy,tetrahedral,1,17,5.53521391,13.0825,7.547286089999999,0.0652,0.1222,0.031400000000000004
vacancy_O2,O2 vacancy,tetrahedral,1,17,5.53521391,13.0996,7.56438609,0.0642,0.11960000000000001,0.030199999999999998
vacancy_O2,O2 vacancy,tetrahedral,1,17,5.53521391,13.1166,7.58138609,0.0633,0.1193,0.0296
vacancy_O2,O2 vacancy,tetrahedral,1,17,5.53521391,13.1336,7.598386089999999,0.0627,0.12129999999999999,0.0297
vacancy_O2,O2 vacancy,tetrahedral,1,17,5.53521391,13.1507,7.61548609,0.0623,0.1258,0.0305
vacancy_O2,O2 vacancy,tetrahedral,1,17,5.53521391,13.1677,7.63248609,0.0624,0.13269999999999998,0.0321
vacancy_O2,O2 vacancy,tetrahedral,1,17,5.53521391,13.1847,7.649486089999999,0.0631,0.14129999999999998,0.0338
vacancy_O2,O2 vacancy,tetrahedral,1,17,5.53521391,13.2018,7.66658609,0.0644,0.1508,0.0358
vacancy_O2,O2 vacancy,tetrahedral,1,17,5.53521391,13.2188,7.6835860899999995,0.0662,0.15990000000000001,0.0379
vacancy_O2,O2 vacancy,tetrahedral,1,17,5.53521391,13.2359,7.7006860900000005,0.0685,0.1676,0.0397
vacancy_O2,O2 vacancy,tetrahedral,1,17,5.53521391,13.2529,7.71768609,0.0708,0.1733,0.041
vacancy_O2,O2 vacancy,tetrahedral,1,17,5.53521391,13.2699,7.734686089999999,0.0729,0.1763,0.0419
vacancy_O2,O2 vacancy,tetrahedral,1,17,5.53521391,13.287,7.75178609,0.0745,0.177,0.04240000000000001
vacancy_O2,O2 vacancy,tetrahedral,1,17,5.53521391,13.304,7.76878609,0.0754,0.1757,0.0427
vacancy_O2,O2 vacancy,tetrahedral,1,17,5.53521391,13.321,7.785786089999999,0.0754,0.173,0.0426
vacancy_O2,O2 vacancy,tetrahedral,1,17,5.53521391,13.3381,7.80288609,0.0747,0.16929999999999998,0.04240000000000001
vacancy_O2,O2 vacancy,tetrahedral,1,17,5.53521391,13.3551,7.81988609,0.0732,0.1654,0.04239999999999999
vacancy_O2,O2 vacancy,tetrahedral,1,17,5.53521391,13.3722,7.836986089999999,0.0711,0.1615,0.0424
vacancy_O2,O2 vacancy,tetrahedral,1,17,5.53521391,13.3892,7.85398609,0.0687,0.1581,0.0424
vacancy_O2,O2 vacancy,tetrahedral,1,17,5.53521391,13.4062,7.87098609,0.0659,0.1552,0.0424
vacancy_O2,O2 vacancy,tetrahedral,1,17,5.53521391,13.4233,7.888086089999999,0.0631,0.1528,0.0426
vacancy_O2,O2 vacancy,tetrahedral,1,17,5.53521391,13.4403,7.90508609,0.0602,0.1513,0.0427
vacancy_O2,O2 vacancy,tetrahedral,1,17,5.53521391,13.4573,7.92208609,0.0574,0.15059999999999998,0.042800000000000005
vacancy_O2,O2 vacancy,tetrahedral,1,17,5.53521391,13.4744,7.939186089999999,0.0547,0.1508,0.0428
vacancy_O2,O2 vacancy,tetrahedral,1,17,5.53521391,13.4914,7.95618609,0.0521,0.1513,0.0427
vacancy_O2,O2 vacancy,tetrahedral,1,17,5.53521391,13.5084,7.97318609,0.0495,0.152,0.0426
vacancy_O2,O2 vacancy,tetrahedral,1,17,5.53521391,13.5255,7.990286089999999,0.0471,0.1525,0.0421
vacancy_O2,O2 vacancy,tetrahedral,1,17,5.53521391,13.5425,8.007286090000001,0.0448,0.1527,0.0415
vacancy_O2,O2 vacancy,tetrahedral,1,17,5.53521391,13.5596,8.02438609,0.0428,0.1522,0.0407
vacancy_O2,O2 vacancy,tetrahedral,1,17,5.53521391,13.5766,8.04138609,0.0412,0.15150000000000002,0.0398
vacancy_O2,O2 vacancy,tetrahedral,1,17,5.53521391,13.5936,8.058386089999999,0.0402,0.15089999999999998,0.0393
vacancy_O2,O2 vacancy,tetrahedral,1,17,5.53521391,13.6107,8.075486089999998,0.0399,0.1508,0.038599999999999995
vacancy_O2,O2 vacancy,tetrahedral,1,17,5.53521391,13.6277,8.092486090000001,0.0404,0.15200000000000002,0.038099999999999995
vacancy_O2,O2 vacancy,tetrahedral,1,17,5.53521391,13.6447,8.10948609,0.0415,0.1546,0.0377
vacancy_O2,O2 vacancy,tetrahedral,1,17,5.53521391,13.6618,8.12658609,0.0431,0.1585,0.0377
vacancy_O2,O2 vacancy,tetrahedral,1,17,5.53521391,13.6788,8.14358609,0.0449,0.1633,0.0376
vacancy_O2,O2 vacancy,tetrahedral,1,17,5.53521391,13.6959,8.160686089999999,0.0467,0.16829999999999998,0.0374
vacancy_O2,O2 vacancy,tetrahedral,1,17,5.53521391,13.7129,8.177686089999998,0.0482,0.17279999999999998,0.036699999999999997
vacancy_O2,O2 vacancy,tetrahedral,1,17,5.53521391,13.7299,8.194686090000001,0.0491,0.1759,0.0361
vacancy_O2,O2 vacancy,tetrahedral,1,17,5.53521391,13.747,8.21178609,0.0493,0.17729999999999999,0.035
vacancy_O2,O2 vacancy,tetrahedral,1,17,5.53521391,13.764,8.22878609,0.0488,0.1765,0.0336
vacancy_O2,O2 vacancy,tetrahedral,1,17,5.53521391,13.781,8.24578609,0.0478,0.1738,0.032100000000000004
vacancy_O2,O2 vacancy,tetrahedral,1,17,5.53521391,13.7981,8.262886089999999,0.0464,0.1694,0.0305
vacancy_O2,O2 vacancy,tetrahedral,1,17,5.53521391,13.8151,8.279886089999998,0.0449,0.1643,0.0288
vacancy_O2,O2 vacancy,tetrahedral,1,17,5.53521391,13.8321,8.296886090000001,0.0435,0.1585,0.0273
vacancy_O2,O2 vacancy,tetrahedral,1,17,5.53521391,13.8492,8.31398609,0.0422,0.1527,0.026099999999999998
vacancy_O2,O2 vacancy,tetrahedral,1,17,5.53521391,13.8662,8.33098609,0.0413,0.1467,0.0249
vacancy_O2,O2 vacancy,tetrahedral,1,17,5.53521391,13.8833,8.348086089999999,0.0407,0.1408,0.0243
vacancy_O2,O2 vacancy,tetrahedral,1,17,5.53521391,13.9003,8.365086089999998,0.0403,0.1347,0.0237
vacancy_O2,O2 vacancy,tetrahedral,1,17,5.53521391,13.9173,8.382086089999998,0.0402,0.1286,0.0239
vacancy_O2,O2 vacancy,tetrahedral,1,17,5.53521391,13.9344,8.39918609,0.0402,0.1226,0.024100000000000003
vacancy_O2,O2 vacancy,tetrahedral,1,17,5.53521391,13.9514,8.41618609,0.0405,0.11680000000000001,0.024800000000000003
vacancy_O2,O2 vacancy,tetrahedral,1,17,5.53521391,13.9684,8.43318609,0.041,0.11120000000000001,0.025800000000000003
vacancy_O2,O2 vacancy,tetrahedral,1,17,5.53521391,13.9855,8.450286089999999,0.0417,0.1061,0.0272
vacancy_O2,O2 vacancy,tetrahedral,1,17,5.53521391,14.0025,8.467286089999998,0.0426,0.1017,0.028699999999999996
vacancy_O2,O2 vacancy,tetrahedral,1,17,5.53521391,14.0195,8.484286090000001,0.0434,0.09809999999999999,0.030400000000000003
vacancy_O2,O2 vacancy,tetrahedral,1,17,5.53521391,14.0366,8.50138609,0.0441,0.09519999999999999,0.031700000000000006
vacancy_O2,O2 vacancy,tetrahedral,1,17,5.53521391,14.0536,8.51838609,0.0447,0.0931,0.0332
vacancy_O2,O2 vacancy,tetrahedral,1,17,5.53521391,14.0707,8.53548609,0.0451,0.0921,0.0344
vacancy_O2,O2 vacancy,tetrahedral,1,17,5.53521391,14.0877,8.552486089999999,0.0454,0.0922,0.0355
vacancy_O2,O2 vacancy,tetrahedral,1,17,5.53521391,14.1047,8.569486089999998,0.0456,0.0937,0.0364
vacancy_O2,O2 vacancy,tetrahedral,1,17,5.53521391,14.1218,8.58658609,0.0459,0.09659999999999999,0.037399999999999996
vacancy_O2,O2 vacancy,tetrahedral,1,17,5.53521391,14.1388,8.60358609,0.0462,0.101,0.0383
vacancy_O2,O2 vacancy,tetrahedral,1,17,5.53521391,14.1558,8.62058609,0.0466,0.1069,0.039299999999999995
vacancy_O2,O2 vacancy,tetrahedral,1,17,5.53521391,14.1729,8.637686089999999,0.047,0.1137,0.0405
vacancy_O2,O2 vacancy,tetrahedral,1,17,5.53521391,14.1899,8.654686089999998,0.0473,0.1216,0.0419
vacancy_O2,O2 vacancy,tetrahedral,1,17,5.53521391,14.207,8.671786090000001,0.0473,0.1299,0.0433
vacancy_O2,O2 vacancy,tetrahedral,1,17,5.53521391,14.224,8.68878609,0.0471,0.1384,0.0445
vacancy_O2,O2 vacancy,tetrahedral,1,17,5.53521391,14.241,8.70578609,0.0465,0.1464,0.0455
vacancy_O2,O2 vacancy,tetrahedral,1,17,5.53521391,14.2581,8.72288609,0.0457,0.1536,0.046
vacancy_O2,O2 vacancy,tetrahedral,1,17,5.53521391,14.2751,8.739886089999999,0.0447,0.15990000000000001,0.0457
vacancy_O2,O2 vacancy,tetrahedral,1,17,5.53521391,14.2921,8.756886089999998,0.0436,0.16499999999999998,0.044899999999999995
vacancy_O2,O2 vacancy,tetrahedral,1,17,5.53521391,14.3092,8.773986090000001,0.0427,0.1691,0.0437
vacancy_O2,O2 vacancy,tetrahedral,1,17,5.53521391,14.3262,8.79098609,0.042,0.17200000000000001,0.042300000000000004
vacancy_O2,O2 vacancy,tetrahedral,1,17,5.53521391,14.3432,8.80798609,0.0417,0.17409999999999998,0.040999999999999995
vacancy_O2,O2 vacancy,tetrahedral,1,17,5.53521391,14.3603,8.82508609,0.0418,0.17559999999999998,0.0398
vacancy_O2,O2 vacancy,tetrahedral,1,17,5.53521391,14.3773,8.842086089999999,0.0423,0.1765,0.039
vacancy_O2,O2 vacancy,tetrahedral,1,17,5.53521391,14.3944,8.859186089999998,0.0432,0.1768,0.038400000000000004
vacancy_O2,O2 vacancy,tetrahedral,1,17,5.53521391,14.4114,8.876186090000001,0.0446,0.17659999999999998,0.0381
vacancy_O2,O2 vacancy,tetrahedral,1,17,5.53521391,14.4284,8.89318609,0.0462,0.176,0.0381
vacancy_O2,O2 vacancy,tetrahedral,1,17,5.53521391,14.4455,8.91028609,0.0481,0.175,0.038
vacancy_O2,O2 vacancy,tetrahedral,1,17,5.53521391,14.4625,8.927286089999999,0.05,0.1737,0.038099999999999995
vacancy_O2,O2 vacancy,tetrahedral,1,17,5.53521391,14.4795,8.944286089999999,0.0517,0.17220000000000002,0.03810000000000001
vacancy_O2,O2 vacancy,tetrahedral,1,17,5.53521391,14.4966,8.961386090000001,0.0531,0.1705,0.0381
vacancy_O2,O2 vacancy,tetrahedral,1,17,5.53521391,14.5136,8.97838609,0.0539,0.1686,0.0377
vacancy_O2,O2 vacancy,tetrahedral,1,17,5.53521391,14.5307,8.99548609,0.0542,0.16699999999999998,0.0373
vacancy_O2,O2 vacancy,tetrahedral,1,17,5.53521391,14.5477,9.01248609,0.0541,0.16570000000000001,0.0368
vacancy_O2,O2 vacancy,tetrahedral,1,17,5.53521391,14.5647,9.029486089999999,0.054,0.1652,0.0359
vacancy_O2,O2 vacancy,tetrahedral,1,17,5.53521391,14.5818,9.046586089999998,0.0539,0.1663,0.0351
vacancy_O2,O2 vacancy,tetrahedral,1,17,5.53521391,14.5988,9.063586090000001,0.0544,0.16949999999999998,0.0345
vacancy_O2,O2 vacancy,tetrahedral,1,17,5.53521391,14.6158,9.08058609,0.0554,0.17529999999999998,0.0339
vacancy_O2,O2 vacancy,tetrahedral,1,17,5.53521391,14.6329,9.09768609,0.057,0.18380000000000002,0.0339
vacancy_O2,O2 vacancy,tetrahedral,1,17,5.53521391,14.6499,9.11468609,0.0589,0.1949,0.0341
vacancy_O2,O2 vacancy,tetrahedral,1,17,5.53521391,14.6669,9.131686089999999,0.061,0.2081,0.034600000000000006
vacancy_O2,O2 vacancy,tetrahedral,1,17,5.53521391,14.684,9.148786089999998,0.063,0.22249999999999998,0.0354
vacancy_O2,O2 vacancy,tetrahedral,1,17,5.53521391,14.701,9.165786090000001,0.0649,0.2373,0.0365
vacancy_O2,O2 vacancy,tetrahedral,1,17,5.53521391,14.7181,9.18288609,0.0668,0.2514,0.0377
vacancy_O2,O2 vacancy,tetrahedral,1,17,5.53521391,14.7351,9.19988609,0.0687,0.2646,0.0389
vacancy_O2,O2 vacancy,tetrahedral,1,17,5.53521391,14.7521,9.21688609,0.071,0.27590000000000003,0.0402
vacancy_O2,O2 vacancy,tetrahedral,1,17,5.53521391,14.7692,9.233986089999998,0.0738,0.28550000000000003,0.0412
vacancy_O2,O2 vacancy,tetrahedral,1,17,5.53521391,14.7862,9.250986089999998,0.077,0.2932,0.0421
vacancy_O2,O2 vacancy,tetrahedral,1,17,5.53521391,14.8032,9.26798609,0.0804,0.29919999999999997,0.0427
vacancy_O2,O2 vacancy,tetrahedral,1,17,5.53521391,14.8203,9.28508609,0.0837,0.3037,0.043399999999999994
vacancy_O2,O2 vacancy,tetrahedral,1,17,5.53521391,14.8373,9.30208609,0.0864,0.30679999999999996,0.0438
vacancy_O2,O2 vacancy,tetrahedral,1,17,5.53521391,14.8544,9.319186089999999,0.0882,0.3092,0.043899999999999995
vacancy_O2,O2 vacancy,tetrahedral,1,17,5.53521391,14.8714,9.336186089999998,0.0889,0.311,0.044
vacancy_O2,O2 vacancy,tetrahedral,1,17,5.53521391,14.8884,9.353186090000001,0.0885,0.31279999999999997,0.044
vacancy_O2,O2 vacancy,tetrahedral,1,17,5.53521391,14.9055,9.37028609,0.0872,0.31479999999999997,0.0439
vacancy_O2,O2 vacancy,tetrahedral,1,17,5.53521391,14.9225,9.38728609,0.0854,0.3173,0.043699999999999996
vacancy_O2,O2 vacancy,tetrahedral,1,17,5.53521391,14.9395,9.40428609,0.0834,0.3204,0.0435
vacancy_O2,O2 vacancy,tetrahedral,1,17,5.53521391,14.9566,9.421386089999999,0.0816,0.3238,0.0432
vacancy_O2,O2 vacancy,tetrahedral,1,17,5.53521391,14.9736,9.438386089999998,0.08,0.3272,0.0427
vacancy_O2,O2 vacancy,tetrahedral,1,17,5.53521391,14.9906,9.455386090000001,0.0788,0.33030000000000004,0.0426
vacancy_O2,O2 vacancy,tetrahedral,1,17,5.53521391,15.0077,9.47248609,0.0778,0.33299999999999996,0.0422
vacancy_O2,O2 vacancy,tetrahedral,1,17,5.53521391,15.0247,9.48948609,0.0771,0.3354,0.0421
vacancy_O2,O2 vacancy,tetrahedral,1,17,5.53521391,15.0418,9.506586089999999,0.0765,0.3375,0.0423
vacancy_O2,O2 vacancy,tetrahedral,1,17,5.53521391,15.0588,9.523586089999998,0.076,0.3396,0.0423
vacancy_O2,O2 vacancy,tetrahedral,1,17,5.53521391,15.0758,9.540586089999998,0.0757,0.34219999999999995,0.042800000000000005
vacancy_O2,O2 vacancy,tetrahedral,1,17,5.53521391,15.0929,9.55768609,0.0756,0.3445,0.043300000000000005
vacancy_O2,O2 vacancy,tetrahedral,1,17,5.53521391,15.1099,9.57468609,0.0756,0.3467,0.0442
vacancy_O2,O2 vacancy,tetrahedral,1,17,5.53521391,15.1269,9.59168609,0.0757,0.3478,0.0451
vacancy_O2,O2 vacancy,tetrahedral,1,17,5.53521391,15.144,9.608786089999999,0.0758,0.3477,0.045700000000000005
vacancy_O2,O2 vacancy,tetrahedral,1,17,5.53521391,15.161,9.625786089999998,0.0757,0.3457,0.04630000000000001
vacancy_O2,O2 vacancy,tetrahedral,1,17,5.53521391,15.1781,9.642886090000001,0.0754,0.34199999999999997,0.04680000000000001
vacancy_O2,O2 vacancy,tetrahedral,1,17,5.53521391,15.1951,9.65988609,0.0748,0.3365,0.0469
vacancy_O2,O2 vacancy,tetrahedral,1,17,5.53521391,15.2121,9.67688609,0.0738,0.32920000000000005,0.04680000000000001
vacancy_O2,O2 vacancy,tetrahedral,1,17,5.53521391,15.2292,9.69398609,0.0723,0.3206,0.0462
vacancy_O2,O2 vacancy,tetrahedral,1,17,5.53521391,15.2462,9.710986089999999,0.0704,0.3104,0.045399999999999996
vacancy_O2,O2 vacancy,tetrahedral,1,17,5.53521391,15.2632,9.727986089999998,0.0681,0.2986,0.044
vacancy_O2,O2 vacancy,tetrahedral,1,17,5.53521391,15.2803,9.745086090000001,0.0654,0.2857,0.0424
vacancy_O2,O2 vacancy,tetrahedral,1,17,5.53521391,15.2973,9.76208609,0.0626,0.2716,0.0406
vacancy_O2,O2 vacancy,tetrahedral,1,17,5.53521391,15.3143,9.77908609,0.0595,0.2566,0.0383
vacancy_O2,O2 vacancy,tetrahedral,1,17,5.53521391,15.3314,9.796186089999999,0.0565,0.24130000000000001,0.036000000000000004
vacancy_O2,O2 vacancy,tetrahedral,1,17,5.53521391,15.3484,9.813186089999999,0.0534,0.2258,0.033600000000000005
vacancy_O2,O2 vacancy,tetrahedral,1,17,5.53521391,15.3655,9.830286090000001,0.0504,0.2106,0.0312
vacancy_O2,O2 vacancy,tetrahedral,1,17,5.53521391,15.3825,9.84728609,0.0474,0.19619999999999999,0.0288
vacancy_O2,O2 vacancy,tetrahedral,1,17,5.53521391,15.3995,9.86428609,0.0444,0.183,0.0267
vacancy_O2,O2 vacancy,tetrahedral,1,17,5.53521391,15.4166,9.88138609,0.0417,0.1711,0.0247
vacancy_O2,O2 vacancy,tetrahedral,1,17,5.53521391,15.4336,9.898386089999999,0.0393,0.1608,0.023
vacancy_O2,O2 vacancy,tetrahedral,1,17,5.53521391,15.4506,9.915386089999998,0.0373,0.1522,0.021500000000000002
vacancy_O2,O2 vacancy,tetrahedral,1,17,5.53521391,15.4677,9.932486090000001,0.0357,0.14479999999999998,0.0204
vacancy_O2,O2 vacancy,tetrahedral,1,17,5.53521391,15.4847,9.94948609,0.0346,0.13879999999999998,0.0196
vacancy_O2,O2 vacancy,tetrahedral,1,17,5.53521391,15.5018,9.96658609,0.0338,0.13340000000000002,0.0189
vacancy_O2,O2 vacancy,tetrahedral,1,17,5.53521391,15.5188,9.98358609,0.0333,0.1286,0.0183
vacancy_O2,O2 vacancy,tetrahedral,1,17,5.53521391,15.5358,10.000586089999999,0.0329,0.1238,0.018
vacancy_O2,O2 vacancy,tetrahedral,1,17,5.53521391,15.5529,10.017686089999998,0.0325,0.11860000000000001,0.017800000000000003
vacancy_O2,O2 vacancy,tetrahedral,1,17,5.53521391,15.5699,10.034686090000001,0.0318,0.1132,0.0176
vacancy_O2,O2 vacancy,tetrahedral,1,17,5.53521391,15.5869,10.05168609,0.0309,0.10740000000000001,0.0173
vacancy_O2,O2 vacancy,tetrahedral,1,17,5.53521391,15.604,10.06878609,0.0296,0.1011,0.016900000000000002
vacancy_O2,O2 vacancy,tetrahedral,1,17,5.53521391,15.621,10.08578609,0.0279,0.0945,0.0168
vacancy_O2,O2 vacancy,tetrahedral,1,17,5.53521391,15.638,10.102786089999999,0.0259,0.0875,0.016099999999999996
vacancy_O2,O2 vacancy,tetrahedral,1,17,5.53521391,15.6551,10.119886089999998,0.0236,0.0804,0.015600000000000001
vacancy_O2,O2 vacancy,tetrahedral,1,17,5.53521391,15.6721,10.13688609,0.0211,0.0732,0.015000000000000001
vacancy_O2,O2 vacancy,tetrahedral,1,17,5.53521391,15.6892,10.15398609,0.0187,0.06609999999999999,0.014199999999999999
vacancy_O2,O2 vacancy,tetrahedral,1,17,5.53521391,15.7062,10.17098609,0.0164,0.0592,0.013399999999999999
vacancy_O2,O2 vacancy,tetrahedral,1,17,5.53521391,15.7232,10.187986089999999,0.0144,0.0527,0.0124
vacancy_O2,O2 vacancy,tetrahedral,1,17,5.53521391,15.7403,10.205086089999998,0.0128,0.047,0.0114
vacancy_O2,O2 vacancy,tetrahedral,1,17,5.53521391,15.7573,10.222086090000001,0.0116,0.041999999999999996,0.0105
vacancy_O2,O2 vacancy,tetrahedral,1,17,5.53521391,15.7743,10.23908609,0.0107,0.0379,0.0095
vacancy_O2,O2 vacancy,tetrahedral,1,17,5.53521391,15.7914,10.25618609,0.0099,0.0342,0.0085
vacancy_O2,O2 vacancy,tetrahedral,1,17,5.53521391,15.8084,10.27318609,0.0092,0.031100000000000003,0.0076
vacancy_O2,O2 vacancy,tetrahedral,1,17,5.53521391,15.8255,10.290286089999999,0.0085,0.0279,0.0066
vacancy_O2,O2 vacancy,tetrahedral,1,17,5.53521391,15.8425,10.307286089999998,0.0076,0.024800000000000003,0.0058
vacancy_O2,O2 vacancy,tetrahedral,1,17,5.53521391,15.8595,10.324286090000001,0.0066,0.0215,0.0049
vacancy_O2,O2 vacancy,tetrahedral,1,17,5.53521391,15.8766,10.34138609,0.0055,0.018099999999999998,0.004
vacancy_O2,O2 vacancy,tetrahedral,1,17,5.53521391,15.8936,10.35838609,0.0044,0.014600000000000002,0.0031000000000000003
vacancy_O2,O2 vacancy,tetrahedral,1,17,5.53521391,15.9106,10.37538609,0.0034,0.0114,0.0024000000000000002
vacancy_O2,O2 vacancy,tetrahedral,1,17,5.53521391,15.9277,10.392486089999998,0.0024,0.0086,0.0018
vacancy_O2,O2 vacancy,tetrahedral,1,17,5.53521391,15.9447,10.409486089999998,0.0017,0.005999999999999999,0.0013
vacancy_O2,O2 vacancy,tetrahedral,1,17,5.53521391,15.9617,10.426486090000001,0.0011,0.0041,0.0007
vacancy_O2,O2 vacancy,tetrahedral,1,17,5.53521391,15.9788,10.44358609,0.0007,0.0026,0.0007
vacancy_O2,O2 vacancy,tetrahedral,1,17,5.53521391,15.9958,10.46058609,0.0004,0.0016,0.0002
vacancy_O2,O2 vacancy,tetrahedral,1,17,5.53521391,16.0129,10.477686089999999,0.0002,0.0009,0.0002
vacancy_O2,O2 vacancy,tetrahedral,1,17,5.53521391,16.0299,10.494686090000002,0.0001,0.0005,0.0
vacancy_O2,O2 vacancy,tetrahedral,1,17,5.53521391,16.0469,10.511686090000001,0.0001,0.00030000000000000003,0.0
vacancy_O2,O2 vacancy,tetrahedral,1,17,5.53521391,16.064,10.52878609,0.0,0.0001,0.0
vacancy_O2,O2 vacancy,tetrahedral,1,17,5.53521391,16.081,10.54578609,0.0,0.0,0.0
vacancy_O2,O2 vacancy,tetrahedral,1,17,5.53521391,16.098,10.56278609,0.0,0.0,0.0
vacancy_O2,O2 vacancy,tetrahedral,1,17,5.53521391,16.1151,10.579886090000002,0.0,0.0,0.0
vacancy_O2,O2 vacancy,tetrahedral,1,17,5.53521391,16.1321,10.596886090000002,0.0,0.0,0.0
vacancy_O2,O2 vacancy,tetrahedral,1,17,5.53521391,16.1492,10.613986090000001,0.0,0.0,0.0
vacancy_O2,O2 vacancy,tetrahedral,1,17,5.53521391,16.1662,10.63098609,0.0,0.0,0.0
vacancy_O2,O2 vacancy,tetrahedral,1,17,5.53521391,16.1832,10.64798609,0.0,0.0,0.0
vacancy_O2,O2 vacancy,tetrahedral,1,17,5.53521391,16.2003,10.665086089999999,0.0,0.0,0.0
vacancy_O2,O2 vacancy,tetrahedral,1,17,5.53521391,16.2173,10.682086090000002,0.0,0.0,0.0
vacancy_O2,O2 vacancy,tetrahedral,1,17,5.53521391,16.2343,10.699086090000002,0.0,0.0,0.0
vacancy_O2,O2 vacancy,tetrahedral,1,17,5.53521391,16.2514,10.71618609,0.0,0.0,0.0
vacancy_O2,O2 vacancy,tetrahedral,1,17,5.53521391,16.2684,10.73318609,0.0,0.0,0.0
vacancy_O2,O2 vacancy,tetrahedral,1,17,5.53521391,16.2854,10.75018609,0.0,0.0,0.0
vacancy_O2,O2 vacancy,tetrahedral,1,17,5.53521391,16.3025,10.767286089999999,0.0,0.0,0.0
vacancy_O2,O2 vacancy,tetrahedral,1,17,5.53521391,16.3195,10.784286090000002,0.0,0.0,0.0
vacancy_O2,O2 vacancy,tetrahedral,1,17,5.53521391,16.3366,10.801386090000001,0.0,0.0,0.0
vacancy_O2,O2 vacancy,tetrahedral,1,17,5.53521391,16.3536,10.81838609,0.0,0.0,0.0
vacancy_O2,O2 vacancy,tetrahedral,1,17,5.53521391,16.3706,10.83538609,0.0,0.0,0.0
vacancy_O2,O2 vacancy,tetrahedral,1,17,5.53521391,16.3877,10.85248609,0.0,0.0,0.0
vacancy_O2,O2 vacancy,tetrahedral,1,17,5.53521391,16.4047,10.869486089999999,0.0,0.0,0.0
vacancy_O2,O2 vacancy,tetrahedral,1,17,5.53521391,16.4217,10.886486090000002,0.0,0.0,0.0
vacancy_O2,O2 vacancy,tetrahedral,1,17,5.53521391,16.4388,10.903586090000001,0.0,0.0,0.0
vacancy_O2,O2 vacancy,tetrahedral,1,17,5.53521391,16.4558,10.92058609,0.0,0.0,0.0
vacancy_O2,O2 vacancy,tetrahedral,1,17,5.53521391,16.4729,10.93768609,0.0,0.0,0.0
vacancy_O2,O2 vacancy,tetrahedral,1,17,5.53521391,16.4899,10.95468609,0.0,0.0,0.0
vacancy_O2,O2 vacancy,tetrahedral,1,17,5.53521391,16.5069,10.971686090000002,0.0,0.0,0.0
vacancy_O2,O2 vacancy,tetrahedral,1,17,5.53521391,16.524,10.988786090000001,0.0,0.0,0.0
vacancy_O2,O2 vacancy,tetrahedral,1,17,5.53521391,16.541,11.00578609,0.0,0.0,0.0
vacancy_O2,O2 vacancy,tetrahedral,1,17,5.53521391,16.558,11.02278609,0.0,0.0,0.0
vacancy_O2,O2 vacancy,tetrahedral,1,17,5.53521391,16.5751,11.03988609,0.0,0.0,0.0
vacancy_O2,O2 vacancy,tetrahedral,1,17,5.53521391,16.5921,11.056886089999999,0.0,0.0,0.0
vacancy_O2,O2 vacancy,tetrahedral,1,17,5.53521391,16.6091,11.073886090000002,0.0,0.0,0.0
vacancy_O2,O2 vacancy,tetrahedral,1,17,5.53521391,16.6262,11.090986090000001,0.0,0.0,0.0
vacancy_O2,O2 vacancy,tetrahedral,1,17,5.53521391,16.6432,11.10798609,0.0,0.0,0.0
vacancy_O2,O2 vacancy,tetrahedral,1,17,5.53521391,16.6603,11.12508609,0.0,0.0,0.0
vacancy_O2,O2 vacancy,tetrahedral,1,17,5.53521391,16.6773,11.14208609,0.0,0.0,0.0
vacancy_O2,O2 vacancy,tetrahedral,1,17,5.53521391,16.6943,11.159086089999999,0.0,0.0,0.0
vacancy_O2,O2 vacancy,tetrahedral,1,17,5.53521391,16.7114,11.176186090000002,0.0,0.0,0.0
vacancy_O2,O2 vacancy,tetrahedral,1,17,5.53521391,16.7284,11.193186090000001,0.0,0.0,0.0
vacancy_O2,O2 vacancy,tetrahedral,1,17,5.53521391,16.7454,11.21018609,0.0,0.0,0.0
vacancy_O2,O2 vacancy,tetrahedral,1,17,5.53521391,16.7625,11.22728609,0.0,0.0,0.0
vacancy_O2,O2 vacancy,tetrahedral,1,17,5.53521391,16.7795,11.24428609,0.0,0.0,0.0
vacancy_O2,O2 vacancy,tetrahedral,1,17,5.53521391,16.7966,11.261386090000002,0.0,0.0,0.0
vacancy_O2,O2 vacancy,tetrahedral,1,17,5.53521391,16.8136,11.278386090000001,0.0,0.0,0.0
vacancy_O2,O2 vacancy,tetrahedral,1,17,5.53521391,16.8306,11.295386090000001,0.0,0.0,0.0
vacancy_O2,O2 vacancy,tetrahedral,1,17,5.53521391,16.8477,11.31248609,0.0,0.0,0.0
vacancy_O2,O2 vacancy,tetrahedral,1,17,5.53521391,16.8647,11.32948609,0.0,0.0,0.0
vacancy_O2,O2 vacancy,tetrahedral,1,17,5.53521391,16.8817,11.346486089999999,0.0,0.0,0.0
vacancy_O2,O2 vacancy,tetrahedral,1,17,5.53521391,16.8988,11.363586090000002,0.0,0.0,0.0
vacancy_O2,O2 vacancy,tetrahedral,1,17,5.53521391,16.9158,11.380586090000001,0.0,0.0,0.0
vacancy_O2,O2 vacancy,tetrahedral,1,17,5.53521391,16.9328,11.39758609,0.0,0.0,0.0
vacancy_O2,O2 vacancy,tetrahedral,1,17,5.53521391,16.9499,11.41468609,0.0,0.0,0.0
vacancy_O2,O2 vacancy,tetrahedral,1,17,5.53521391,16.9669,11.43168609,0.0,0.0,0.0
vacancy_O2,O2 vacancy,tetrahedral,1,17,5.53521391,16.984,11.448786090000002,0.0,0.0,0.0
vacancy_O2,O2 vacancy,tetrahedral,1,17,5.53521391,17.001,11.465786090000002,0.0,0.0,0.0
vacancy_O2,O2 vacancy,tetrahedral,1,17,5.53521391,17.018,11.482786090000001,0.0,0.0,0.0
vacancy_O2,O2 vacancy,tetrahedral,1,17,5.53521391,17.0351,11.49988609,0.0,0.0,0.0
vacancy_O2,O2 vacancy,tetrahedral,1,17,5.53521391,17.0521,11.51688609,0.0,0.0,0.0
vacancy_O2,O2 vacancy,tetrahedral,1,17,5.53521391,17.0691,11.53388609,0.0,0.0,0.0
vacancy_O2,O2 vacancy,tetrahedral,1,17,5.53521391,17.0862,11.550986090000002,0.0,0.0,0.0
vacancy_O2,O2 vacancy,tetrahedral,1,17,5.53521391,17.1032,11.567986090000002,0.0,0.0,0.0
vacancy_O2,O2 vacancy,tetrahedral,1,17,5.53521391,17.1203,11.58508609,0.0,0.0,0.0
vacancy_O2,O2 vacancy,tetrahedral,1,17,5.53521391,17.1373,11.60208609,0.0,0.0,0.0
vacancy_O2,O2 vacancy,tetrahedral,1,17,5.53521391,17.1543,11.61908609,0.0,0.0,0.0
vacancy_O2,O2 vacancy,tetrahedral,1,17,5.53521391,17.1714,11.636186089999999,0.0,0.0,0.0
vacancy_O2,O2 vacancy,tetrahedral,1,17,5.53521391,17.1884,11.653186090000002,0.0,0.0,0.0
vacancy_O2,O2 vacancy,tetrahedral,1,17,5.53521391,17.2054,11.670186090000001,0.0,0.0,0.0
vacancy_O2,O2 vacancy,tetrahedral,1,17,5.53521391,17.2225,11.68728609,0.0,0.0,0.0
vacancy_O2,O2 vacancy,tetrahedral,1,17,5.53521391,17.2395,11.70428609,0.0,0.0,0.0
vacancy_O2,O2 vacancy,tetrahedral,1,17,5.53521391,17.2565,11.72128609,0.0,0.0,0.0
vacancy_O2,O2 vacancy,tetrahedral,1,17,5.53521391,17.2736,11.738386089999999,0.0,0.0,0.0
vacancy_O2,O2 vacancy,tetrahedral,1,17,5.53521391,17.2906,11.755386090000002,0.0,0.0,0.0
vacancy_O2,O2 vacancy,tetrahedral,1,17,5.53521391,17.3077,11.772486090000001,0.0,0.0,0.0
vacancy_O2,O2 vacancy,tetrahedral,1,17,5.53521391,17.3247,11.78948609,0.0,0.0,0.0
vacancy_O2,O2 vacancy,tetrahedral,1,17,5.53521391,17.3417,11.80648609,0.0,0.0,0.0
vacancy_O2,O2 vacancy,tetrahedral,1,17,5.53521391,17.3588,11.82358609,0.0,0.0,0.0
vacancy_O2,O2 vacancy,tetrahedral,1,17,5.53521391,17.3758,11.840586090000002,0.0,0.0,0.0
vacancy_O2,O2 vacancy,tetrahedral,1,17,5.53521391,17.3928,11.857586090000002,0.0,0.0,0.0
vacancy_O2,O2 vacancy,tetrahedral,1,17,5.53521391,17.4099,11.87468609,0.0,0.0,0.0
vacancy_O2,O2 vacancy,octahedral,3,9;1;5,5.53521391,-16.6638,-22.199013909999998,0.0,0.0,0.0
vacancy_O2,O2 vacancy,octahedral,3,9;1;5,5.53521391,-16.6467,-22.18191391,0.0,0.0,0.0
vacancy_O2,O2 vacancy,octahedral,3,9;1;5,5.53521391,-16.6297,-22.16491391,0.0,0.0,0.0
vacancy_O2,O2 vacancy,octahedral,3,9;1;5,5.53521391,-16.6127,-22.14791391,0.0,0.0,0.0
vacancy_O2,O2 vacancy,octahedral,3,9;1;5,5.53521391,-16.5956,-22.13081391,0.0,0.0,0.0
vacancy_O2,O2 vacancy,octahedral,3,9;1;5,5.53521391,-16.5786,-22.11381391,0.0,0.0,0.0
vacancy_O2,O2 vacancy,octahedral,3,9;1;5,5.53521391,-16.5615,-22.09671391,0.0,0.0,0.0
vacancy_O2,O2 vacancy,octahedral,3,9;1;5,5.53521391,-16.5445,-22.07971391,0.0,0.0,0.0
vacancy_O2,O2 vacancy,octahedral,3,9;1;5,5.53521391,-16.5275,-22.06271391,0.0,0.0,0.0
vacancy_O2,O2 vacancy,octahedral,3,9;1;5,5.53521391,-16.5104,-22.04561391,0.0,0.0,0.0
vacancy_O2,O2 vacancy,octahedral,3,9;1;5,5.53521391,-16.4934,-22.02861391,0.0,0.0,0.0
vacancy_O2,O2 vacancy,octahedral,3,9;1;5,5.53521391,-16.4764,-22.01161391,0.0,0.0,0.0
vacancy_O2,O2 vacancy,octahedral,3,9;1;5,5.53521391,-16.4593,-21.99451391,0.0,0.0,0.0
vacancy_O2,O2 vacancy,octahedral,3,9;1;5,5.53521391,-16.4423,-21.97751391,0.0,0.0,0.0
vacancy_O2,O2 vacancy,octahedral,3,9;1;5,5.53521391,-16.4252,-21.96041391,0.0,0.0,0.0
vacancy_O2,O2 vacancy,octahedral,3,9;1;5,5.53521391,-16.4082,-21.94341391,0.0,0.0,0.0
vacancy_O2,O2 vacancy,octahedral,3,9;1;5,5.53521391,-16.3912,-21.92641391,0.0,0.0,0.0
vacancy_O2,O2 vacancy,octahedral,3,9;1;5,5.53521391,-16.3741,-21.909313909999998,0.0,0.0,0.0
vacancy_O2,O2 vacancy,octahedral,3,9;1;5,5.53521391,-16.3571,-21.89231391,0.0,0.0,0.0
vacancy_O2,O2 vacancy,octahedral,3,9;1;5,5.53521391,-16.3401,-21.87531391,0.0,0.0,0.0
vacancy_O2,O2 vacancy,octahedral,3,9;1;5,5.53521391,-16.323,-21.85821391,0.0,0.0,0.0
vacancy_O2,O2 vacancy,octahedral,3,9;1;5,5.53521391,-16.306,-21.84121391,0.0,0.0,0.0
vacancy_O2,O2 vacancy,octahedral,3,9;1;5,5.53521391,-16.289,-21.82421391,0.0,0.0,0.0
vacancy_O2,O2 vacancy,octahedral,3,9;1;5,5.53521391,-16.2719,-21.807113909999998,0.0,0.0,0.0
vacancy_O2,O2 vacancy,octahedral,3,9;1;5,5.53521391,-16.2549,-21.79011391,0.0,0.0,0.0
vacancy_O2,O2 vacancy,octahedral,3,9;1;5,5.53521391,-16.2378,-21.77301391,0.0,0.0,0.0
vacancy_O2,O2 vacancy,octahedral,3,9;1;5,5.53521391,-16.2208,-21.75601391,0.0,0.0,0.0
vacancy_O2,O2 vacancy,octahedral,3,9;1;5,5.53521391,-16.2038,-21.73901391,0.0,0.0,0.0
vacancy_O2,O2 vacancy,octahedral,3,9;1;5,5.53521391,-16.1867,-21.721913909999998,0.0,0.0,0.0
vacancy_O2,O2 vacancy,octahedral,3,9;1;5,5.53521391,-16.1697,-21.70491391,0.0,0.0,0.0
vacancy_O2,O2 vacancy,octahedral,3,9;1;5,5.53521391,-16.1527,-21.68791391,0.0,0.0,0.0
vacancy_O2,O2 vacancy,octahedral,3,9;1;5,5.53521391,-16.1356,-21.67081391,0.0,0.0,0.0
vacancy_O2,O2 vacancy,octahedral,3,9;1;5,5.53521391,-16.1186,-21.65381391,0.0,0.0,0.0
vacancy_O2,O2 vacancy,octahedral,3,9;1;5,5.53521391,-16.1015,-21.63671391,0.0,0.0,0.0
vacancy_O2,O2 vacancy,octahedral,3,9;1;5,5.53521391,-16.0845,-21.619713909999998,0.0,0.0,0.0
vacancy_O2,O2 vacancy,octahedral,3,9;1;5,5.53521391,-16.0675,-21.60271391,0.0,0.0,0.0
vacancy_O2,O2 vacancy,octahedral,3,9;1;5,5.53521391,-16.0504,-21.58561391,0.0,0.0,0.0
vacancy_O2,O2 vacancy,octahedral,3,9;1;5,5.53521391,-16.0334,-21.56861391,0.0,0.0,0.0
vacancy_O2,O2 vacancy,octahedral,3,9;1;5,5.53521391,-16.0164,-21.55161391,0.0,0.0,0.0
vacancy_O2,O2 vacancy,octahedral,3,9;1;5,5.53521391,-15.9993,-21.53451391,0.0,0.0,0.0
vacancy_O2,O2 vacancy,octahedral,3,9;1;5,5.53521391,-15.9823,-21.51751391,0.0,0.0,0.0
vacancy_O2,O2 vacancy,octahedral,3,9;1;5,5.53521391,-15.9653,-21.50051391,0.0,0.0,0.0
vacancy_O2,O2 vacancy,octahedral,3,9;1;5,5.53521391,-15.9482,-21.48341391,0.0,0.0,0.0
vacancy_O2,O2 vacancy,octahedral,3,9;1;5,5.53521391,-15.9312,-21.46641391,0.0,0.0,0.0
vacancy_O2,O2 vacancy,octahedral,3,9;1;5,5.53521391,-15.9141,-21.44931391,0.0,0.0,0.0
vacancy_O2,O2 vacancy,octahedral,3,9;1;5,5.53521391,-15.8971,-21.43231391,0.0,0.0,0.0
vacancy_O2,O2 vacancy,octahedral,3,9;1;5,5.53521391,-15.8801,-21.415313910000002,0.0,0.0,0.0
vacancy_O2,O2 vacancy,octahedral,3,9;1;5,5.53521391,-15.863,-21.39821391,0.0,0.0,0.0
vacancy_O2,O2 vacancy,octahedral,3,9;1;5,5.53521391,-15.846,-21.38121391,0.0,0.0,0.0
vacancy_O2,O2 vacancy,octahedral,3,9;1;5,5.53521391,-15.829,-21.36421391,0.0,0.0,0.0
vacancy_O2,O2 vacancy,octahedral,3,9;1;5,5.53521391,-15.8119,-21.34711391,0.0,0.0,0.0
vacancy_O2,O2 vacancy,octahedral,3,9;1;5,5.53521391,-15.7949,-21.33011391,0.0,0.0,0.0
vacancy_O2,O2 vacancy,octahedral,3,9;1;5,5.53521391,-15.7778,-21.31301391,0.0,0.0,0.0
vacancy_O2,O2 vacancy,octahedral,3,9;1;5,5.53521391,-15.7608,-21.29601391,0.0,0.0,0.0
vacancy_O2,O2 vacancy,octahedral,3,9;1;5,5.53521391,-15.7438,-21.27901391,0.0,0.0,0.0
vacancy_O2,O2 vacancy,octahedral,3,9;1;5,5.53521391,-15.7267,-21.26191391,0.0,0.0,0.0
vacancy_O2,O2 vacancy,octahedral,3,9;1;5,5.53521391,-15.7097,-21.24491391,0.0,0.0,0.0
vacancy_O2,O2 vacancy,octahedral,3,9;1;5,5.53521391,-15.6927,-21.22791391,0.0,0.0,0.0
vacancy_O2,O2 vacancy,octahedral,3,9;1;5,5.53521391,-15.6756,-21.21081391,0.0,0.0,0.0
vacancy_O2,O2 vacancy,octahedral,3,9;1;5,5.53521391,-15.6586,-21.19381391,0.0,0.0,0.0
vacancy_O2,O2 vacancy,octahedral,3,9;1;5,5.53521391,-15.6416,-21.17681391,0.0,0.0,0.0
vacancy_O2,O2 vacancy,octahedral,3,9;1;5,5.53521391,-15.6245,-21.15971391,0.0,0.0,0.0
vacancy_O2,O2 vacancy,octahedral,3,9;1;5,5.53521391,-15.6075,-21.14271391,0.0,0.0,0.0
vacancy_O2,O2 vacancy,octahedral,3,9;1;5,5.53521391,-15.5904,-21.125613910000002,0.0,0.0,0.0
vacancy_O2,O2 vacancy,octahedral,3,9;1;5,5.53521391,-15.5734,-21.10861391,0.0,0.0,0.0
vacancy_O2,O2 vacancy,octahedral,3,9;1;5,5.53521391,-15.5564,-21.09161391,0.0,0.0,0.0
vacancy_O2,O2 vacancy,octahedral,3,9;1;5,5.53521391,-15.5393,-21.07451391,0.0,0.0,0.0
vacancy_O2,O2 vacancy,octahedral,3,9;1;5,5.53521391,-15.5223,-21.05751391,0.0,0.0,0.0
vacancy_O2,O2 vacancy,octahedral,3,9;1;5,5.53521391,-15.5053,-21.04051391,0.0,0.0,0.0
vacancy_O2,O2 vacancy,octahedral,3,9;1;5,5.53521391,-15.4882,-21.023413910000002,0.0,0.0,0.0
vacancy_O2,O2 vacancy,octahedral,3,9;1;5,5.53521391,-15.4712,-21.00641391,0.0,0.0,0.0
vacancy_O2,O2 vacancy,octahedral,3,9;1;5,5.53521391,-15.4541,-20.98931391,0.0,0.0,0.0
vacancy_O2,O2 vacancy,octahedral,3,9;1;5,5.53521391,-15.4371,-20.97231391,0.0,0.0,0.0
vacancy_O2,O2 vacancy,octahedral,3,9;1;5,5.53521391,-15.4201,-20.95531391,0.0,0.0,0.0
vacancy_O2,O2 vacancy,octahedral,3,9;1;5,5.53521391,-15.403,-20.93821391,0.0,0.0,0.0
vacancy_O2,O2 vacancy,octahedral,3,9;1;5,5.53521391,-15.386,-20.92121391,0.0,0.0,0.0
vacancy_O2,O2 vacancy,octahedral,3,9;1;5,5.53521391,-15.369,-20.90421391,0.0,0.0,0.0
vacancy_O2,O2 vacancy,octahedral,3,9;1;5,5.53521391,-15.3519,-20.88711391,0.0,0.0,0.0
vacancy_O2,O2 vacancy,octahedral,3,9;1;5,5.53521391,-15.3349,-20.87011391,0.0,0.0,0.0
vacancy_O2,O2 vacancy,octahedral,3,9;1;5,5.53521391,-15.3179,-20.85311391,0.0,0.0,0.0
vacancy_O2,O2 vacancy,octahedral,3,9;1;5,5.53521391,-15.3008,-20.836013910000002,6.666666666666667e-05,0.0,0.0
vacancy_O2,O2 vacancy,octahedral,3,9;1;5,5.53521391,-15.2838,-20.81901391,0.0001,0.0,0.0
vacancy_O2,O2 vacancy,octahedral,3,9;1;5,5.53521391,-15.2667,-20.80191391,0.0002666666666666666,0.0,0.0
vacancy_O2,O2 vacancy,octahedral,3,9;1;5,5.53521391,-15.2497,-20.78491391,0.00046666666666666666,0.0,0.0
vacancy_O2,O2 vacancy,octahedral,3,9;1;5,5.53521391,-15.2327,-20.76791391,0.0008333333333333332,0.0,0.0
vacancy_O2,O2 vacancy,octahedral,3,9;1;5,5.53521391,-15.2156,-20.75081391,0.0014000000000000002,0.0,0.0001
vacancy_O2,O2 vacancy,octahedral,3,9;1;5,5.53521391,-15.1986,-20.733813910000002,0.0023,3.3333333333333335e-05,0.00016666666666666666
vacancy_O2,O2 vacancy,octahedral,3,9;1;5,5.53521391,-15.1816,-20.71681391,0.0036666666666666666,0.0001,0.00046666666666666666
vacancy_O2,O2 vacancy,octahedral,3,9;1;5,5.53521391,-15.1645,-20.69971391,0.005600000000000001,0.0002,0.0005666666666666667
vacancy_O2,O2 vacancy,octahedral,3,9;1;5,5.53521391,-15.1475,-20.68271391,0.008233333333333334,0.00030000000000000003,0.0008333333333333335
vacancy_O2,O2 vacancy,octahedral,3,9;1;5,5.53521391,-15.1304,-20.66561391,0.011533333333333333,0.0004,0.0012666666666666668
vacancy_O2,O2 vacancy,octahedral,3,9;1;5,5.53521391,-15.1134,-20.64861391,0.015466666666666665,0.0005666666666666667,0.0016666666666666663
vacancy_O2,O2 vacancy,octahedral,3,9;1;5,5.53521391,-15.0964,-20.63161391,0.020033333333333334,0.0009000000000000001,0.0022333333333333333
vacancy_O2,O2 vacancy,octahedral,3,9;1;5,5.53521391,-15.0793,-20.61451391,0.025033333333333335,0.0010666666666666667,0.002766666666666667
vacancy_O2,O2 vacancy,octahedral,3,9;1;5,5.53521391,-15.0623,-20.59751391,0.030199999999999994,0.0013666666666666669,0.0034333333333333334
vacancy_O2,O2 vacancy,octahedral,3,9;1;5,5.53521391,-15.0453,-20.58051391,0.035366666666666664,0.0017000000000000001,0.004
vacancy_O2,O2 vacancy,octahedral,3,9;1;5,5.53521391,-15.0282,-20.56341391,0.04033333333333333,0.002133333333333333,0.004533333333333334
vacancy_O2,O2 vacancy,octahedral,3,9;1;5,5.53521391,-15.0112,-20.546413910000002,0.044866666666666666,0.0025,0.005266666666666667
vacancy_O2,O2 vacancy,octahedral,3,9;1;5,5.53521391,-14.9942,-20.52941391,0.048999999999999995,0.0029333333333333334,0.005866666666666666
vacancy_O2,O2 vacancy,octahedral,3,9;1;5,5.53521391,-14.9771,-20.51231391,0.05280000000000001,0.0034,0.0064333333333333334
vacancy_O2,O2 vacancy,octahedral,3,9;1;5,5.53521391,-14.9601,-20.49531391,0.05619999999999999,0.003966666666666667,0.006933333333333333
vacancy_O2,O2 vacancy,octahedral,3,9;1;5,5.53521391,-14.943,-20.47821391,0.05933333333333333,0.004566666666666667,0.0075
vacancy_O2,O2 vacancy,octahedral,3,9;1;5,5.53521391,-14.926,-20.46121391,0.06216666666666667,0.0051333333333333335,0.008066666666666666
vacancy_O2,O2 vacancy,octahedral,3,9;1;5,5.53521391,-14.909,-20.444213910000002,0.0647,0.0058,0.008566666666666665
vacancy_O2,O2 vacancy,octahedral,3,9;1;5,5.53521391,-14.8919,-20.42711391,0.06686666666666667,0.006533333333333333,0.009099999999999999
vacancy_O2,O2 vacancy,octahedral,3,9;1;5,5.53521391,-14.8749,-20.41011391,0.0685,0.0071666666666666675,0.009533333333333333
vacancy_O2,O2 vacancy,octahedral,3,9;1;5,5.53521391,-14.8579,-20.39311391,0.06956666666666667,0.0078000000000000005,0.009866666666666668
vacancy_O2,O2 vacancy,octahedral,3,9;1;5,5.53521391,-14.8408,-20.37601391,0.07013333333333334,0.008466666666666666,0.010266666666666667
vacancy_O2,O2 vacancy,octahedral,3,9;1;5,5.53521391,-14.8238,-20.35901391,0.07026666666666667,0.009066666666666666,0.010533333333333334
vacancy_O2,O2 vacancy,octahedral,3,9;1;5,5.53521391,-14.8067,-20.34191391,0.0701,0.0098,0.010733333333333336
vacancy_O2,O2 vacancy,octahedral,3,9;1;5,5.53521391,-14.7897,-20.32491391,0.06966666666666667,0.010433333333333331,0.010966666666666666
vacancy_O2,O2 vacancy,octahedral,3,9;1;5,5.53521391,-14.7727,-20.30791391,0.06893333333333333,0.011000000000000001,0.011033333333333334
vacancy_O2,O2 vacancy,octahedral,3,9;1;5,5.53521391,-14.7556,-20.29081391,0.06783333333333334,0.011500000000000002,0.011133333333333335
vacancy_O2,O2 vacancy,octahedral,3,9;1;5,5.53521391,-14.7386,-20.27381391,0.06616666666666667,0.011866666666666666,0.011000000000000001
vacancy_O2,O2 vacancy,octahedral,3,9;1;5,5.53521391,-14.7216,-20.25681391,0.0639,0.011866666666666666,0.010966666666666666
vacancy_O2,O2 vacancy,octahedral,3,9;1;5,5.53521391,-14.7045,-20.23971391,0.06096666666666666,0.0118,0.010733333333333333
vacancy_O2,O2 vacancy,octahedral,3,9;1;5,5.53521391,-14.6875,-20.22271391,0.057466666666666666,0.011500000000000002,0.0105
vacancy_O2,O2 vacancy,octahedral,3,9;1;5,5.53521391,-14.6705,-20.20571391,0.053700000000000005,0.011066666666666667,0.0101
vacancy_O2,O2 vacancy,octahedral,3,9;1;5,5.53521391,-14.6534,-20.18861391,0.04986666666666667,0.010566666666666667,0.009766666666666667
vacancy_O2,O2 vacancy,octahedral,3,9;1;5,5.53521391,-14.6364,-20.17161391,0.04643333333333333,0.010233333333333334,0.009566666666666666
vacancy_O2,O2 vacancy,octahedral,3,9;1;5,5.53521391,-14.6193,-20.154513910000002,0.043466666666666674,0.009966666666666667,0.009333333333333332
vacancy_O2,O2 vacancy,octahedral,3,9;1;5,5.53521391,-14.6023,-20.13751391,0.04133333333333333,0.009866666666666668,0.009266666666666668
vacancy_O2,O2 vacancy,octahedral,3,9;1;5,5.53521391,-14.5853,-20.12051391,0.04006666666666667,0.01,0.009366666666666667
vacancy_O2,O2 vacancy,octahedral,3,9;1;5,5.53521391,-14.5682,-20.10341391,0.03983333333333333,0.010299999999999998,0.0097
vacancy_O2,O2 vacancy,octahedral,3,9;1;5,5.53521391,-14.5512,-20.08641391,0.0406,0.010833333333333334,0.010366666666666666
vacancy_O2,O2 vacancy,octahedral,3,9;1;5,5.53521391,-14.5342,-20.06941391,0.04243333333333333,0.011633333333333334,0.011466666666666667
vacancy_O2,O2 vacancy,octahedral,3,9;1;5,5.53521391,-14.5171,-20.05231391,0.04516666666666667,0.012633333333333335,0.012833333333333334
vacancy_O2,O2 vacancy,octahedral,3,9;1;5,5.53521391,-14.5001,-20.03531391,0.0487,0.013866666666666666,0.014566666666666665
vacancy_O2,O2 vacancy,octahedral,3,9;1;5,5.53521391,-14.483,-20.01821391,0.05276666666666666,0.0152,0.016633333333333333
vacancy_O2,O2 vacancy,octahedral,3,9;1;5,5.53521391,-14.466,-20.00121391,0.056933333333333336,0.0166,0.018966666666666666
vacancy_O2,O2 vacancy,octahedral,3,9;1;5,5.53521391,-14.449,-19.98421391,0.06096666666666667,0.018033333333333335,0.021333333333333333
vacancy_O2,O2 vacancy,octahedral,3,9;1;5,5.53521391,-14.4319,-19.967113910000002,0.06436666666666667,0.01933333333333333,0.023666666666666666
vacancy_O2,O2 vacancy,octahedral,3,9;1;5,5.53521391,-14.4149,-19.95011391,0.06679999999999998,0.020533333333333334,0.02576666666666667
vacancy_O2,O2 vacancy,octahedral,3,9;1;5,5.53521391,-14.3979,-19.93311391,0.0682,0.021500000000000002,0.027700000000000002
vacancy_O2,O2 vacancy,octahedral,3,9;1;5,5.53521391,-14.3808,-19.91601391,0.0684,0.022433333333333333,0.029333333333333333
vacancy_O2,O2 vacancy,octahedral,3,9;1;5,5.53521391,-14.3638,-19.89901391,0.06756666666666666,0.02323333333333333,0.030766666666666664
vacancy_O2,O2 vacancy,octahedral,3,9;1;5,5.53521391,-14.3468,-19.88201391,0.06613333333333334,0.0241,0.032400000000000005
vacancy_O2,O2 vacancy,octahedral,3,9;1;5,5.53521391,-14.3297,-19.864913910000002,0.06433333333333334,0.0251,0.034333333333333334
vacancy_O2,O2 vacancy,octahedral,3,9;1;5,5.53521391,-14.3127,-19.84791391,0.06253333333333333,0.02623333333333333,0.03676666666666666
vacancy_O2,O2 vacancy,octahedral,3,9;1;5,5.53521391,-14.2956,-19.83081391,0.06113333333333334,0.027666666666666662,0.04016666666666666
vacancy_O2,O2 vacancy,octahedral,3,9;1;5,5.53521391,-14.2786,-19.81381391,0.060200000000000004,0.029266666666666667,0.044533333333333334
vacancy_O2,O2 vacancy,octahedral,3,9;1;5,5.53521391,-14.2616,-19.79681391,0.0598,0.03106666666666667,0.049966666666666666
vacancy_O2,O2 vacancy,octahedral,3,9;1;5,5.53521391,-14.2445,-19.77971391,0.05986666666666667,0.032999999999999995,0.05636666666666667
vacancy_O2,O2 vacancy,octahedral,3,9;1;5,5.53521391,-14.2275,-19.76271391,0.06016666666666667,0.03493333333333334,0.0635
vacancy_O2,O2 vacancy,octahedral,3,9;1;5,5.53521391,-14.2105,-19.74571391,0.06039999999999999,0.03696666666666667,0.07136666666666666
vacancy_O2,O2 vacancy,octahedral,3,9;1;5,5.53521391,-14.1934,-19.72861391,0.0604,0.03903333333333333,0.07963333333333333
vacancy_O2,O2 vacancy,octahedral,3,9;1;5,5.53521391,-14.1764,-19.71161391,0.05990000000000001,0.04103333333333333,0.08816666666666667
vacancy_O2,O2 vacancy,octahedral,3,9;1;5,5.53521391,-14.1593,-19.69451391,0.059,0.043000000000000003,0.0968
vacancy_O2,O2 vacancy,octahedral,3,9;1;5,5.53521391,-14.1423,-19.677513910000002,0.0577,0.045099999999999994,0.1055
vacancy_O2,O2 vacancy,octahedral,3,9;1;5,5.53521391,-14.1253,-19.66051391,0.055966666666666665,0.0473,0.11396666666666667
vacancy_O2,O2 vacancy,octahedral,3,9;1;5,5.53521391,-14.1082,-19.64341391,0.05396666666666666,0.049499999999999995,0.12190000000000001
vacancy_O2,O2 vacancy,octahedral,3,9;1;5,5.53521391,-14.0912,-19.62641391,0.051833333333333335,0.051733333333333326,0.12903333333333333
vacancy_O2,O2 vacancy,octahedral,3,9;1;5,5.53521391,-14.0742,-19.60941391,0.049466666666666666,0.05396666666666666,0.13523333333333332
vacancy_O2,O2 vacancy,octahedral,3,9;1;5,5.53521391,-14.0571,-19.59231391,0.0471,0.05623333333333334,0.14053333333333334
vacancy_O2,O2 vacancy,octahedral,3,9;1;5,5.53521391,-14.0401,-19.575313910000002,0.044800000000000006,0.05836666666666666,0.14526666666666666
vacancy_O2,O2 vacancy,octahedral,3,9;1;5,5.53521391,-14.0231,-19.55831391,0.04263333333333333,0.060533333333333335,0.14996666666666666
vacancy_O2,O2 vacancy,octahedral,3,9;1;5,5.53521391,-14.006,-19.54121391,0.04086666666666667,0.06283333333333334,0.15553333333333333
vacancy_O2,O2 vacancy,octahedral,3,9;1;5,5.53521391,-13.989,-19.52421391,0.03956666666666667,0.0653,0.1627333333333333
vacancy_O2,O2 vacancy,octahedral,3,9;1;5,5.53521391,-13.9719,-19.50711391,0.03886666666666667,0.06806666666666666,0.1722
vacancy_O2,O2 vacancy,octahedral,3,9;1;5,5.53521391,-13.9549,-19.49011391,0.0388,0.07106666666666667,0.18436666666666668
vacancy_O2,O2 vacancy,octahedral,3,9;1;5,5.53521391,-13.9379,-19.473113910000002,0.0393,0.07450000000000001,0.19899999999999998
vacancy_O2,O2 vacancy,octahedral,3,9;1;5,5.53521391,-13.9208,-19.45601391,0.0402,0.07809999999999999,0.21603333333333333
vacancy_O2,O2 vacancy,octahedral,3,9;1;5,5.53521391,-13.9038,-19.43901391,0.04133333333333333,0.08203333333333332,0.2348
vacancy_O2,O2 vacancy,octahedral,3,9;1;5,5.53521391,-13.8868,-19.42201391,0.04246666666666667,0.08626666666666667,0.25476666666666664
vacancy_O2,O2 vacancy,octahedral,3,9;1;5,5.53521391,-13.8697,-19.40491391,0.04343333333333333,0.09063333333333334,0.2751333333333334
vacancy_O2,O2 vacancy,octahedral,3,9;1;5,5.53521391,-13.8527,-19.38791391,0.04396666666666666,0.09516666666666666,0.29566666666666674
vacancy_O2,O2 vacancy,octahedral,3,9;1;5,5.53521391,-13.8356,-19.37081391,0.0441,0.09970000000000001,0.31616666666666665
vacancy_O2,O2 vacancy,octahedral,3,9;1;5,5.53521391,-13.8186,-19.35381391,0.04373333333333334,0.10416666666666667,0.33646666666666664
vacancy_O2,O2 vacancy,octahedral,3,9;1;5,5.53521391,-13.8016,-19.33681391,0.042899999999999994,0.10806666666666669,0.35600000000000004
vacancy_O2,O2 vacancy,octahedral,3,9;1;5,5.53521391,-13.7845,-19.31971391,0.041633333333333335,0.11120000000000001,0.3739333333333333
vacancy_O2,O2 vacancy,octahedral,3,9;1;5,5.53521391,-13.7675,-19.30271391,0.04003333333333333,0.11316666666666668,0.3891
vacancy_O2,O2 vacancy,octahedral,3,9;1;5,5.53521391,-13.7505,-19.285713910000002,0.038033333333333336,0.11369999999999998,0.4000666666666666
vacancy_O2,O2 vacancy,octahedral,3,9;1;5,5.53521391,-13.7334,-19.26861391,0.03573333333333333,0.11263333333333332,0.40549999999999997
vacancy_O2,O2 vacancy,octahedral,3,9;1;5,5.53521391,-13.7164,-19.25161391,0.03323333333333334,0.11026666666666668,0.4051
vacancy_O2,O2 vacancy,octahedral,3,9;1;5,5.53521391,-13.6994,-19.23461391,0.03056666666666667,0.10686666666666667,0.39916666666666667
vacancy_O2,O2 vacancy,octahedral,3,9;1;5,5.53521391,-13.6823,-19.21751391,0.027899999999999998,0.10310000000000001,0.3895333333333333
vacancy_O2,O2 vacancy,octahedral,3,9;1;5,5.53521391,-13.6653,-19.20051391,0.025333333333333333,0.09946666666666666,0.37833333333333335
vacancy_O2,O2 vacancy,octahedral,3,9;1;5,5.53521391,-13.6482,-19.18341391,0.023033333333333333,0.0968,0.3680666666666667
vacancy_O2,O2 vacancy,octahedral,3,9;1;5,5.53521391,-13.6312,-19.16641391,0.021033333333333334,0.09506666666666667,0.3604333333333334
vacancy_O2,O2 vacancy,octahedral,3,9;1;5,5.53521391,-13.6142,-19.14941391,0.019433333333333334,0.0944,0.35570000000000007
vacancy_O2,O2 vacancy,octahedral,3,9;1;5,5.53521391,-13.5971,-19.13231391,0.018066666666666665,0.09396666666666668,0.3525333333333333
vacancy_O2,O2 vacancy,octahedral,3,9;1;5,5.53521391,-13.5801,-19.11531391,0.016966666666666668,0.09333333333333334,0.3488
vacancy_O2,O2 vacancy,octahedral,3,9;1;5,5.53521391,-13.5631,-19.09831391,0.0159,0.09146666666666665,0.34149999999999997
vacancy_O2,O2 vacancy,octahedral,3,9;1;5,5.53521391,-13.546,-19.08121391,0.014866666666666665,0.08786666666666666,0.3280333333333333
vacancy_O2,O2 vacancy,octahedral,3,9;1;5,5.53521391,-13.529,-19.06421391,0.013733333333333334,0.0821,0.3074666666666667
vacancy_O2,O2 vacancy,octahedral,3,9;1;5,5.53521391,-13.5119,-19.04711391,0.012566666666666665,0.0747,0.2799
vacancy_O2,O2 vacancy,octahedral,3,9;1;5,5.53521391,-13.4949,-19.03011391,0.011333333333333334,0.0659,0.2472333333333333
vacancy_O2,O2 vacancy,octahedral,3,9;1;5,5.53521391,-13.4779,-19.01311391,0.0102,0.0565,0.21210000000000004
vacancy_O2,O2 vacancy,octahedral,3,9;1;5,5.53521391,-13.4608,-18.996013910000002,0.009066666666666667,0.0473,0.17726666666666668
vacancy_O2,O2 vacancy,octahedral,3,9;1;5,5.53521391,-13.4438,-18.97901391,0.008066666666666666,0.03883333333333333,0.1449
vacancy_O2,O2 vacancy,octahedral,3,9;1;5,5.53521391,-13.4268,-18.96201391,0.007166666666666666,0.03146666666666667,0.11683333333333334
vacancy_O2,O2 vacancy,octahedral,3,9;1;5,5.53521391,-13.4097,-18.94491391,0.006333333333333333,0.0253,0.0934
vacancy_O2,O2 vacancy,octahedral,3,9;1;5,5.53521391,-13.3927,-18.92791391,0.005566666666666667,0.0203,0.07453333333333334
vacancy_O2,O2 vacancy,octahedral,3,9;1;5,5.53521391,-13.3757,-18.91091391,0.004833333333333333,0.0163,0.0597
vacancy_O2,O2 vacancy,octahedral,3,9;1;5,5.53521391,-13.3586,-18.89381391,0.0041333333333333335,0.0131,0.04800000000000001
vacancy_O2,O2 vacancy,octahedral,3,9;1;5,5.53521391,-13.3416,-18.87681391,0.0034333333333333334,0.010433333333333334,0.038766666666666665
vacancy_O2,O2 vacancy,octahedral,3,9;1;5,5.53521391,-13.3245,-18.85971391,0.002766666666666667,0.0084,0.03133333333333333
vacancy_O2,O2 vacancy,octahedral,3,9;1;5,5.53521391,-13.3075,-18.84271391,0.002266666666666667,0.0067,0.025400000000000002
vacancy_O2,O2 vacancy,octahedral,3,9;1;5,5.53521391,-13.2905,-18.82571391,0.0017666666666666666,0.005366666666666666,0.02073333333333333
vacancy_O2,O2 vacancy,octahedral,3,9;1;5,5.53521391,-13.2734,-18.808613910000002,0.0014000000000000002,0.004333333333333334,0.017
vacancy_O2,O2 vacancy,octahedral,3,9;1;5,5.53521391,-13.2564,-18.79161391,0.0011333333333333332,0.0034999999999999996,0.013933333333333334
vacancy_O2,O2 vacancy,octahedral,3,9;1;5,5.53521391,-13.2394,-18.77461391,0.0009000000000000001,0.0029,0.011466666666666667
vacancy_O2,O2 vacancy,octahedral,3,9;1;5,5.53521391,-13.2223,-18.75751391,0.0008,0.0024333333333333334,0.009466666666666667
vacancy_O2,O2 vacancy,octahedral,3,9;1;5,5.53521391,-13.2053,-18.74051391,0.0006333333333333333,0.0019333333333333336,0.007733333333333335
vacancy_O2,O2 vacancy,octahedral,3,9;1;5,5.53521391,-13.1883,-18.72351391,0.0005,0.0015666666666666667,0.006166666666666667
vacancy_O2,O2 vacancy,octahedral,3,9;1;5,5.53521391,-13.1712,-18.706413910000002,0.0004,0.0012333333333333335,0.004866666666666668
vacancy_O2,O2 vacancy,octahedral,3,9;1;5,5.53521391,-13.1542,-18.68941391,0.0003,0.0009333333333333333,0.0036666666666666666
vacancy_O2,O2 vacancy,octahedral,3,9;1;5,5.53521391,-13.1371,-18.67231391,0.0002,0.0006666666666666666,0.0026666666666666666
vacancy_O2,O2 vacancy,octahedral,3,9;1;5,5.53521391,-13.1201,-18.65531391,0.0002,0.00046666666666666666,0.0019666666666666665
vacancy_O2,O2 vacancy,octahedral,3,9;1;5,5.53521391,-13.1031,-18.63831391,0.0001,0.0003333333333333333,0.0012333333333333335
vacancy_O2,O2 vacancy,octahedral,3,9;1;5,5.53521391,-13.086,-18.62121391,0.0001,0.00016666666666666666,0.0008666666666666666
vacancy_O2,O2 vacancy,octahedral,3,9;1;5,5.53521391,-13.069,-18.604213910000002,0.0001,0.00013333333333333334,0.00046666666666666666
vacancy_O2,O2 vacancy,octahedral,3,9;1;5,5.53521391,-13.052,-18.58721391,0.0,3.3333333333333335e-05,0.0002666666666666667
vacancy_O2,O2 vacancy,octahedral,3,9;1;5,5.53521391,-13.0349,-18.57011391,3.3333333333333335e-05,0.0,0.00016666666666666666
vacancy_O2,O2 vacancy,octahedral,3,9;1;5,5.53521391,-13.0179,-18.55311391,3.3333333333333335e-05,0.0,0.0001
vacancy_O2,O2 vacancy,octahedral,3,9;1;5,5.53521391,-13.0008,-18.53601391,3.3333333333333335e-05,3.3333333333333335e-05,0.00013333333333333334
vacancy_O2,O2 vacancy,octahedral,3,9;1;5,5.53521391,-12.9838,-18.51901391,6.666666666666667e-05,3.3333333333333335e-05,0.00016666666666666666
vacancy_O2,O2 vacancy,octahedral,3,9;1;5,5.53521391,-12.9668,-18.50201391,9.999999999999999e-05,6.666666666666667e-05,0.0002666666666666667
vacancy_O2,O2 vacancy,octahedral,3,9;1;5,5.53521391,-12.9497,-18.48491391,0.00013333333333333334,6.666666666666667e-05,0.0004
vacancy_O2,O2 vacancy,octahedral,3,9;1;5,5.53521391,-12.9327,-18.46791391,0.00016666666666666666,9.999999999999999e-05,0.0006000000000000001
vacancy_O2,O2 vacancy,octahedral,3,9;1;5,5.53521391,-12.9157,-18.45091391,0.00019999999999999998,0.00013333333333333334,0.0007666666666666667
vacancy_O2,O2 vacancy,octahedral,3,9;1;5,5.53521391,-12.8986,-18.43381391,0.00023333333333333333,0.00013333333333333334,0.0008333333333333334
vacancy_O2,O2 vacancy,octahedral,3,9;1;5,5.53521391,-12.8816,-18.416813910000002,0.0002666666666666667,0.00016666666666666666,0.0009333333333333332
vacancy_O2,O2 vacancy,octahedral,3,9;1;5,5.53521391,-12.8646,-18.39981391,0.0002666666666666667,0.00016666666666666666,0.0009666666666666666
vacancy_O2,O2 vacancy,octahedral,3,9;1;5,5.53521391,-12.8475,-18.38271391,0.0002666666666666667,0.00016666666666666666,0.0009666666666666666
vacancy_O2,O2 vacancy,octahedral,3,9;1;5,5.53521391,-12.8305,-18.36571391,0.00023333333333333333,0.00013333333333333334,0.0009333333333333332
vacancy_O2,O2 vacancy,octahedral,3,9;1;5,5.53521391,-12.8134,-18.34861391,0.00019999999999999998,0.00013333333333333334,0.0008333333333333334
vacancy_O2,O2 vacancy,octahedral,3,9;1;5,5.53521391,-12.7964,-18.33161391,0.00016666666666666666,9.999999999999999e-05,0.0006666666666666666
vacancy_O2,O2 vacancy,octahedral,3,9;1;5,5.53521391,-12.7794,-18.314613910000002,0.00013333333333333334,9.999999999999999e-05,0.0005333333333333334
vacancy_O2,O2 vacancy,octahedral,3,9;1;5,5.53521391,-12.7623,-18.29751391,9.999999999999999e-05,6.666666666666667e-05,0.0003333333333333333
vacancy_O2,O2 vacancy,octahedral,3,9;1;5,5.53521391,-12.7453,-18.28051391,6.666666666666667e-05,3.3333333333333335e-05,0.0002
vacancy_O2,O2 vacancy,octahedral,3,9;1;5,5.53521391,-12.7283,-18.26351391,3.3333333333333335e-05,3.3333333333333335e-05,0.00013333333333333334
vacancy_O2,O2 vacancy,octahedral,3,9;1;5,5.53521391,-12.7112,-18.24641391,3.3333333333333335e-05,3.3333333333333335e-05,0.0001
vacancy_O2,O2 vacancy,octahedral,3,9;1;5,5.53521391,-12.6942,-18.22941391,3.3333333333333335e-05,0.0,3.3333333333333335e-05
vacancy_O2,O2 vacancy,octahedral,3,9;1;5,5.53521391,-12.6771,-18.21231391,0.0,0.0,0.0
vacancy_O2,O2 vacancy,octahedral,3,9;1;5,5.53521391,-12.6601,-18.19531391,0.0,0.0,0.0
vacancy_O2,O2 vacancy,octahedral,3,9;1;5,5.53521391,-12.6431,-18.17831391,0.0,0.0,0.0
vacancy_O2,O2 vacancy,octahedral,3,9;1;5,5.53521391,-12.626,-18.16121391,0.0,0.0,0.0
vacancy_O2,O2 vacancy,octahedral,3,9;1;5,5.53521391,-12.609,-18.14421391,0.0,0.0,0.0
vacancy_O2,O2 vacancy,octahedral,3,9;1;5,5.53521391,-12.592,-18.127213910000002,0.0,0.0,0.0
vacancy_O2,O2 vacancy,octahedral,3,9;1;5,5.53521391,-12.5749,-18.11011391,0.0,0.0,0.0
vacancy_O2,O2 vacancy,octahedral,3,9;1;5,5.53521391,-12.5579,-18.09311391,0.0,0.0,0.0
vacancy_O2,O2 vacancy,octahedral,3,9;1;5,5.53521391,-12.5409,-18.07611391,0.0,0.0,0.0
vacancy_O2,O2 vacancy,octahedral,3,9;1;5,5.53521391,-12.5238,-18.05901391,0.0,0.0,0.0
vacancy_O2,O2 vacancy,octahedral,3,9;1;5,5.53521391,-12.5068,-18.04201391,0.0,0.0,0.0
vacancy_O2,O2 vacancy,octahedral,3,9;1;5,5.53521391,-12.4897,-18.02491391,0.0,0.0,0.0
vacancy_O2,O2 vacancy,octahedral,3,9;1;5,5.53521391,-12.4727,-18.00791391,0.0,0.0,0.0
vacancy_O2,O2 vacancy,octahedral,3,9;1;5,5.53521391,-12.4557,-17.99091391,0.0,0.0,0.0
vacancy_O2,O2 vacancy,octahedral,3,9;1;5,5.53521391,-12.4386,-17.97381391,0.0,0.0,0.0
vacancy_O2,O2 vacancy,octahedral,3,9;1;5,5.53521391,-12.4216,-17.95681391,0.0,0.0,0.0
vacancy_O2,O2 vacancy,octahedral,3,9;1;5,5.53521391,-12.4046,-17.93981391,0.0,0.0,0.0
vacancy_O2,O2 vacancy,octahedral,3,9;1;5,5.53521391,-12.3875,-17.92271391,0.0,0.0,0.0
vacancy_O2,O2 vacancy,octahedral,3,9;1;5,5.53521391,-12.3705,-17.90571391,0.0,0.0,0.0
vacancy_O2,O2 vacancy,octahedral,3,9;1;5,5.53521391,-12.3534,-17.88861391,0.0,0.0,0.0
vacancy_O2,O2 vacancy,octahedral,3,9;1;5,5.53521391,-12.3364,-17.87161391,0.0,0.0,0.0
vacancy_O2,O2 vacancy,octahedral,3,9;1;5,5.53521391,-12.3194,-17.85461391,0.0,0.0,0.0
vacancy_O2,O2 vacancy,octahedral,3,9;1;5,5.53521391,-12.3023,-17.837513910000002,0.0,0.0,0.0
vacancy_O2,O2 vacancy,octahedral,3,9;1;5,5.53521391,-12.2853,-17.82051391,0.0,0.0,0.0
vacancy_O2,O2 vacancy,octahedral,3,9;1;5,5.53521391,-12.2683,-17.80351391,0.0,0.0,0.0
vacancy_O2,O2 vacancy,octahedral,3,9;1;5,5.53521391,-12.2512,-17.78641391,0.0,0.0,0.0
vacancy_O2,O2 vacancy,octahedral,3,9;1;5,5.53521391,-12.2342,-17.76941391,0.0,0.0,0.0
vacancy_O2,O2 vacancy,octahedral,3,9;1;5,5.53521391,-12.2172,-17.75241391,0.0,0.0,0.0
vacancy_O2,O2 vacancy,octahedral,3,9;1;5,5.53521391,-12.2001,-17.735313910000002,0.0,0.0,0.0
vacancy_O2,O2 vacancy,octahedral,3,9;1;5,5.53521391,-12.1831,-17.71831391,0.0,0.0,0.0
vacancy_O2,O2 vacancy,octahedral,3,9;1;5,5.53521391,-12.166,-17.70121391,0.0,0.0,0.0
vacancy_O2,O2 vacancy,octahedral,3,9;1;5,5.53521391,-12.149,-17.68421391,0.0,0.0,0.0
vacancy_O2,O2 vacancy,octahedral,3,9;1;5,5.53521391,-12.132,-17.66721391,0.0,0.0,0.0
vacancy_O2,O2 vacancy,octahedral,3,9;1;5,5.53521391,-12.1149,-17.65011391,0.0,0.0,0.0
vacancy_O2,O2 vacancy,octahedral,3,9;1;5,5.53521391,-12.0979,-17.63311391,0.0,0.0,0.0
vacancy_O2,O2 vacancy,octahedral,3,9;1;5,5.53521391,-12.0809,-17.61611391,0.0,0.0,0.0
vacancy_O2,O2 vacancy,octahedral,3,9;1;5,5.53521391,-12.0638,-17.59901391,0.0,0.0,0.0
vacancy_O2,O2 vacancy,octahedral,3,9;1;5,5.53521391,-12.0468,-17.58201391,0.0,0.0,0.0
vacancy_O2,O2 vacancy,octahedral,3,9;1;5,5.53521391,-12.0297,-17.56491391,0.0,0.0,0.0
vacancy_O2,O2 vacancy,octahedral,3,9;1;5,5.53521391,-12.0127,-17.547913910000002,0.0,0.0,0.0
vacancy_O2,O2 vacancy,octahedral,3,9;1;5,5.53521391,-11.9957,-17.53091391,0.0,0.0,0.0
vacancy_O2,O2 vacancy,octahedral,3,9;1;5,5.53521391,-11.9786,-17.51381391,0.0,0.0,0.0
vacancy_O2,O2 vacancy,octahedral,3,9;1;5,5.53521391,-11.9616,-17.49681391,0.0,0.0,0.0
vacancy_O2,O2 vacancy,octahedral,3,9;1;5,5.53521391,-11.9446,-17.47981391,0.0,0.0,0.0
vacancy_O2,O2 vacancy,octahedral,3,9;1;5,5.53521391,-11.9275,-17.46271391,0.0,0.0,0.0
vacancy_O2,O2 vacancy,octahedral,3,9;1;5,5.53521391,-11.9105,-17.445713910000002,0.0,0.0,0.0
vacancy_O2,O2 vacancy,octahedral,3,9;1;5,5.53521391,-11.8935,-17.42871391,0.0,0.0,0.0
vacancy_O2,O2 vacancy,octahedral,3,9;1;5,5.53521391,-11.8764,-17.41161391,0.0,0.0,0.0
vacancy_O2,O2 vacancy,octahedral,3,9;1;5,5.53521391,-11.8594,-17.39461391,0.0,0.0,0.0
vacancy_O2,O2 vacancy,octahedral,3,9;1;5,5.53521391,-11.8423,-17.37751391,0.0,0.0,0.0
vacancy_O2,O2 vacancy,octahedral,3,9;1;5,5.53521391,-11.8253,-17.36051391,0.0,0.0,0.0
vacancy_O2,O2 vacancy,octahedral,3,9;1;5,5.53521391,-11.8083,-17.34351391,0.0,0.0,0.0
vacancy_O2,O2 vacancy,octahedral,3,9;1;5,5.53521391,-11.7912,-17.32641391,0.0,0.0,0.0
vacancy_O2,O2 vacancy,octahedral,3,9;1;5,5.53521391,-11.7742,-17.30941391,0.0,0.0,0.0
vacancy_O2,O2 vacancy,octahedral,3,9;1;5,5.53521391,-11.7572,-17.29241391,0.0,0.0,0.0
vacancy_O2,O2 vacancy,octahedral,3,9;1;5,5.53521391,-11.7401,-17.27531391,0.0,0.0,0.0
vacancy_O2,O2 vacancy,octahedral,3,9;1;5,5.53521391,-11.7231,-17.258313910000002,0.0,0.0,0.0
vacancy_O2,O2 vacancy,octahedral,3,9;1;5,5.53521391,-11.706,-17.24121391,0.0,0.0,0.0
vacancy_O2,O2 vacancy,octahedral,3,9;1;5,5.53521391,-11.689,-17.22421391,0.0,0.0,0.0
vacancy_O2,O2 vacancy,octahedral,3,9;1;5,5.53521391,-11.672,-17.20721391,0.0,0.0,0.0
vacancy_O2,O2 vacancy,octahedral,3,9;1;5,5.53521391,-11.6549,-17.19011391,0.0,0.0,0.0
vacancy_O2,O2 vacancy,octahedral,3,9;1;5,5.53521391,-11.6379,-17.17311391,0.0,0.0,0.0
vacancy_O2,O2 vacancy,octahedral,3,9;1;5,5.53521391,-11.6209,-17.156113910000002,0.0,0.0,0.0
vacancy_O2,O2 vacancy,octahedral,3,9;1;5,5.53521391,-11.6038,-17.13901391,0.0,0.0,0.0
vacancy_O2,O2 vacancy,octahedral,3,9;1;5,5.53521391,-11.5868,-17.12201391,0.0,0.0,0.0
vacancy_O2,O2 vacancy,octahedral,3,9;1;5,5.53521391,-11.5698,-17.10501391,0.0,0.0,0.0
vacancy_O2,O2 vacancy,octahedral,3,9;1;5,5.53521391,-11.5527,-17.08791391,0.0,0.0,0.0
vacancy_O2,O2 vacancy,octahedral,3,9;1;5,5.53521391,-11.5357,-17.07091391,0.0,0.0,0.0
vacancy_O2,O2 vacancy,octahedral,3,9;1;5,5.53521391,-11.5186,-17.05381391,0.0,0.0,0.0
vacancy_O2,O2 vacancy,octahedral,3,9;1;5,5.53521391,-11.5016,-17.03681391,0.0,0.0,0.0
vacancy_O2,O2 vacancy,octahedral,3,9;1;5,5.53521391,-11.4846,-17.01981391,0.0,0.0,0.0
vacancy_O2,O2 vacancy,octahedral,3,9;1;5,5.53521391,-11.4675,-17.00271391,0.0,0.0,0.0
vacancy_O2,O2 vacancy,octahedral,3,9;1;5,5.53521391,-11.4505,-16.98571391,0.0,0.0,0.0
vacancy_O2,O2 vacancy,octahedral,3,9;1;5,5.53521391,-11.4335,-16.96871391,0.0,0.0,0.0
vacancy_O2,O2 vacancy,octahedral,3,9;1;5,5.53521391,-11.4164,-16.95161391,0.0,0.0,0.0
vacancy_O2,O2 vacancy,octahedral,3,9;1;5,5.53521391,-11.3994,-16.93461391,0.0,0.0,0.0
vacancy_O2,O2 vacancy,octahedral,3,9;1;5,5.53521391,-11.3823,-16.91751391,0.0,0.0,0.0
vacancy_O2,O2 vacancy,octahedral,3,9;1;5,5.53521391,-11.3653,-16.90051391,0.0,0.0,0.0
vacancy_O2,O2 vacancy,octahedral,3,9;1;5,5.53521391,-11.3483,-16.88351391,0.0,0.0,0.0
vacancy_O2,O2 vacancy,octahedral,3,9;1;5,5.53521391,-11.3312,-16.866413910000002,0.0,0.0,0.0
vacancy_O2,O2 vacancy,octahedral,3,9;1;5,5.53521391,-11.3142,-16.84941391,0.0,0.0,0.0
vacancy_O2,O2 vacancy,octahedral,3,9;1;5,5.53521391,-11.2972,-16.83241391,0.0,0.0,0.0
vacancy_O2,O2 vacancy,octahedral,3,9;1;5,5.53521391,-11.2801,-16.81531391,0.0,0.0,0.0
vacancy_O2,O2 vacancy,octahedral,3,9;1;5,5.53521391,-11.2631,-16.79831391,0.0,0.0,0.0
vacancy_O2,O2 vacancy,octahedral,3,9;1;5,5.53521391,-11.2461,-16.78131391,0.0,0.0,0.0
vacancy_O2,O2 vacancy,octahedral,3,9;1;5,5.53521391,-11.229,-16.76421391,0.0,0.0,0.0
vacancy_O2,O2 vacancy,octahedral,3,9;1;5,5.53521391,-11.212,-16.74721391,0.0,0.0,0.0
vacancy_O2,O2 vacancy,octahedral,3,9;1;5,5.53521391,-11.1949,-16.73011391,0.0,0.0,0.0
vacancy_O2,O2 vacancy,octahedral,3,9;1;5,5.53521391,-11.1779,-16.71311391,0.0,0.0,0.0
vacancy_O2,O2 vacancy,octahedral,3,9;1;5,5.53521391,-11.1609,-16.69611391,0.0,0.0,0.0
vacancy_O2,O2 vacancy,octahedral,3,9;1;5,5.53521391,-11.1438,-16.679013910000002,0.0,0.0,0.0
vacancy_O2,O2 vacancy,octahedral,3,9;1;5,5.53521391,-11.1268,-16.66201391,0.0,0.0,0.0
vacancy_O2,O2 vacancy,octahedral,3,9;1;5,5.53521391,-11.1098,-16.64501391,0.0,0.0,0.0
vacancy_O2,O2 vacancy,octahedral,3,9;1;5,5.53521391,-11.0927,-16.62791391,0.0,0.0,0.0
vacancy_O2,O2 vacancy,octahedral,3,9;1;5,5.53521391,-11.0757,-16.61091391,0.0,0.0,0.0
vacancy_O2,O2 vacancy,octahedral,3,9;1;5,5.53521391,-11.0586,-16.59381391,0.0,0.0,0.0
vacancy_O2,O2 vacancy,octahedral,3,9;1;5,5.53521391,-11.0416,-16.576813910000002,0.0,0.0,0.0
vacancy_O2,O2 vacancy,octahedral,3,9;1;5,5.53521391,-11.0246,-16.55981391,0.0,0.0,0.0
vacancy_O2,O2 vacancy,octahedral,3,9;1;5,5.53521391,-11.0075,-16.54271391,0.0,0.0,0.0
vacancy_O2,O2 vacancy,octahedral,3,9;1;5,5.53521391,-10.9905,-16.52571391,0.0,0.0,0.0
vacancy_O2,O2 vacancy,octahedral,3,9;1;5,5.53521391,-10.9735,-16.50871391,0.0,0.0,0.0
vacancy_O2,O2 vacancy,octahedral,3,9;1;5,5.53521391,-10.9564,-16.49161391,0.0,0.0,0.0
vacancy_O2,O2 vacancy,octahedral,3,9;1;5,5.53521391,-10.9394,-16.47461391,0.0,0.0,0.0
vacancy_O2,O2 vacancy,octahedral,3,9;1;5,5.53521391,-10.9224,-16.45761391,0.0,0.0,0.0
vacancy_O2,O2 vacancy,octahedral,3,9;1;5,5.53521391,-10.9053,-16.44051391,0.0,0.0,0.0
vacancy_O2,O2 vacancy,octahedral,3,9;1;5,5.53521391,-10.8883,-16.42351391,0.0,0.0,0.0
vacancy_O2,O2 vacancy,octahedral,3,9;1;5,5.53521391,-10.8712,-16.40641391,0.0,0.0,0.0
vacancy_O2,O2 vacancy,octahedral,3,9;1;5,5.53521391,-10.8542,-16.389413910000002,0.0,0.0,0.0
vacancy_O2,O2 vacancy,octahedral,3,9;1;5,5.53521391,-10.8372,-16.37241391,0.0,0.0,0.0
vacancy_O2,O2 vacancy,octahedral,3,9;1;5,5.53521391,-10.8201,-16.35531391,0.0,0.0,0.0
vacancy_O2,O2 vacancy,octahedral,3,9;1;5,5.53521391,-10.8031,-16.33831391,0.0,0.0,0.0
vacancy_O2,O2 vacancy,octahedral,3,9;1;5,5.53521391,-10.7861,-16.32131391,0.0,0.0,0.0
vacancy_O2,O2 vacancy,octahedral,3,9;1;5,5.53521391,-10.769,-16.30421391,0.0,0.0,0.0
vacancy_O2,O2 vacancy,octahedral,3,9;1;5,5.53521391,-10.752,-16.287213910000002,0.0,0.0,0.0
vacancy_O2,O2 vacancy,octahedral,3,9;1;5,5.53521391,-10.7349,-16.27011391,0.0,0.0,0.0
vacancy_O2,O2 vacancy,octahedral,3,9;1;5,5.53521391,-10.7179,-16.25311391,0.0,0.0,0.0
vacancy_O2,O2 vacancy,octahedral,3,9;1;5,5.53521391,-10.7009,-16.23611391,0.0,0.0,0.0
vacancy_O2,O2 vacancy,octahedral,3,9;1;5,5.53521391,-10.6838,-16.21901391,0.0,0.0,0.0
vacancy_O2,O2 vacancy,octahedral,3,9;1;5,5.53521391,-10.6668,-16.20201391,0.0,0.0,0.0
vacancy_O2,O2 vacancy,octahedral,3,9;1;5,5.53521391,-10.6498,-16.185013910000002,0.0,0.0,0.0
vacancy_O2,O2 vacancy,octahedral,3,9;1;5,5.53521391,-10.6327,-16.16791391,0.0,0.0,0.0
vacancy_O2,O2 vacancy,octahedral,3,9;1;5,5.53521391,-10.6157,-16.15091391,0.0,0.0,0.0
vacancy_O2,O2 vacancy,octahedral,3,9;1;5,5.53521391,-10.5987,-16.13391391,0.0,0.0,0.0
vacancy_O2,O2 vacancy,octahedral,3,9;1;5,5.53521391,-10.5816,-16.11681391,0.0,0.0,0.0
vacancy_O2,O2 vacancy,octahedral,3,9;1;5,5.53521391,-10.5646,-16.09981391,0.0,0.0,0.0
vacancy_O2,O2 vacancy,octahedral,3,9;1;5,5.53521391,-10.5475,-16.08271391,0.0,0.0,0.0
vacancy_O2,O2 vacancy,octahedral,3,9;1;5,5.53521391,-10.5305,-16.06571391,0.0,0.0,0.0
vacancy_O2,O2 vacancy,octahedral,3,9;1;5,5.53521391,-10.5135,-16.04871391,0.0,0.0,0.0
vacancy_O2,O2 vacancy,octahedral,3,9;1;5,5.53521391,-10.4964,-16.03161391,0.0,0.0,0.0
vacancy_O2,O2 vacancy,octahedral,3,9;1;5,5.53521391,-10.4794,-16.01461391,0.0,0.0,0.0
vacancy_O2,O2 vacancy,octahedral,3,9;1;5,5.53521391,-10.4624,-15.997613910000002,0.0,0.0,0.0
vacancy_O2,O2 vacancy,octahedral,3,9;1;5,5.53521391,-10.4453,-15.980513909999999,0.0,0.0,0.0
vacancy_O2,O2 vacancy,octahedral,3,9;1;5,5.53521391,-10.4283,-15.96351391,0.0,0.0,0.0
vacancy_O2,O2 vacancy,octahedral,3,9;1;5,5.53521391,-10.4112,-15.94641391,0.0,0.0,0.0
vacancy_O2,O2 vacancy,octahedral,3,9;1;5,5.53521391,-10.3942,-15.929413910000001,0.0,0.0,0.0
vacancy_O2,O2 vacancy,octahedral,3,9;1;5,5.53521391,-10.3772,-15.912413910000001,0.0,0.0,0.0
vacancy_O2,O2 vacancy,octahedral,3,9;1;5,5.53521391,-10.3601,-15.895313909999999,0.0,0.0,0.0
vacancy_O2,O2 vacancy,octahedral,3,9;1;5,5.53521391,-10.3431,-15.87831391,0.0,0.0,0.0
vacancy_O2,O2 vacancy,octahedral,3,9;1;5,5.53521391,-10.3261,-15.86131391,0.0,0.0,0.0
vacancy_O2,O2 vacancy,octahedral,3,9;1;5,5.53521391,-10.309,-15.84421391,0.0,0.0,0.0
vacancy_O2,O2 vacancy,octahedral,3,9;1;5,5.53521391,-10.292,-15.827213910000001,0.0,0.0,0.0
vacancy_O2,O2 vacancy,octahedral,3,9;1;5,5.53521391,-10.275,-15.810213910000002,0.0,0.0,0.0
vacancy_O2,O2 vacancy,octahedral,3,9;1;5,5.53521391,-10.2579,-15.793113909999999,0.0,0.0,0.0
vacancy_O2,O2 vacancy,octahedral,3,9;1;5,5.53521391,-10.2409,-15.77611391,0.0,0.0,0.0
vacancy_O2,O2 vacancy,octahedral,3,9;1;5,5.53521391,-10.2238,-15.75901391,0.0,0.0,0.0
vacancy_O2,O2 vacancy,octahedral,3,9;1;5,5.53521391,-10.2068,-15.74201391,0.0,0.0,0.0
vacancy_O2,O2 vacancy,octahedral,3,9;1;5,5.53521391,-10.1898,-15.725013910000001,0.0,0.0,0.0
vacancy_O2,O2 vacancy,octahedral,3,9;1;5,5.53521391,-10.1727,-15.707913910000002,0.0,0.0,0.0
vacancy_O2,O2 vacancy,octahedral,3,9;1;5,5.53521391,-10.1557,-15.690913909999999,0.0,0.0,0.0
vacancy_O2,O2 vacancy,octahedral,3,9;1;5,5.53521391,-10.1387,-15.67391391,0.0,0.0,0.0
vacancy_O2,O2 vacancy,octahedral,3,9;1;5,5.53521391,-10.1216,-15.65681391,0.0,0.0,0.0
vacancy_O2,O2 vacancy,octahedral,3,9;1;5,5.53521391,-10.1046,-15.63981391,0.0,0.0,0.0
vacancy_O2,O2 vacancy,octahedral,3,9;1;5,5.53521391,-10.0875,-15.622713910000002,0.0,0.0,0.0
vacancy_O2,O2 vacancy,octahedral,3,9;1;5,5.53521391,-10.0705,-15.605713909999999,0.0,0.0,0.0
vacancy_O2,O2 vacancy,octahedral,3,9;1;5,5.53521391,-10.0535,-15.58871391,0.0,0.0,0.0
vacancy_O2,O2 vacancy,octahedral,3,9;1;5,5.53521391,-10.0364,-15.57161391,0.0,0.0,0.0
vacancy_O2,O2 vacancy,octahedral,3,9;1;5,5.53521391,-10.0194,-15.55461391,0.0,0.0,0.0
vacancy_O2,O2 vacancy,octahedral,3,9;1;5,5.53521391,-10.0024,-15.537613910000001,0.0,0.0,0.0
vacancy_O2,O2 vacancy,octahedral,3,9;1;5,5.53521391,-9.9853,-15.520513910000002,0.0,0.0,0.0
vacancy_O2,O2 vacancy,octahedral,3,9;1;5,5.53521391,-9.9683,-15.503513909999999,0.0,0.0,0.0
vacancy_O2,O2 vacancy,octahedral,3,9;1;5,5.53521391,-9.9513,-15.48651391,0.0,0.0,0.0
vacancy_O2,O2 vacancy,octahedral,3,9;1;5,5.53521391,-9.9342,-15.46941391,0.0,0.0,0.0
vacancy_O2,O2 vacancy,octahedral,3,9;1;5,5.53521391,-9.9172,-15.45241391,0.0,0.0,0.0
vacancy_O2,O2 vacancy,octahedral,3,9;1;5,5.53521391,-9.9001,-15.435313910000001,0.0,0.0,0.0
vacancy_O2,O2 vacancy,octahedral,3,9;1;5,5.53521391,-9.8831,-15.418313910000002,0.0,0.0,0.0
vacancy_O2,O2 vacancy,octahedral,3,9;1;5,5.53521391,-9.8661,-15.401313909999999,0.0,0.0,0.0
vacancy_O2,O2 vacancy,octahedral,3,9;1;5,5.53521391,-9.849,-15.38421391,0.0,0.0,0.0
vacancy_O2,O2 vacancy,octahedral,3,9;1;5,5.53521391,-9.832,-15.36721391,0.0,0.0,0.0
vacancy_O2,O2 vacancy,octahedral,3,9;1;5,5.53521391,-9.815,-15.35021391,0.0,0.0,0.0
vacancy_O2,O2 vacancy,octahedral,3,9;1;5,5.53521391,-9.7979,-15.333113910000002,0.0,0.0,0.0
vacancy_O2,O2 vacancy,octahedral,3,9;1;5,5.53521391,-9.7809,-15.316113910000002,0.0,0.0,0.0
vacancy_O2,O2 vacancy,octahedral,3,9;1;5,5.53521391,-9.7638,-15.29901391,0.0,0.0,0.0
vacancy_O2,O2 vacancy,octahedral,3,9;1;5,5.53521391,-9.7468,-15.28201391,0.0,0.0,0.0
vacancy_O2,O2 vacancy,octahedral,3,9;1;5,5.53521391,-9.7298,-15.26501391,0.0,0.0,0.0
vacancy_O2,O2 vacancy,octahedral,3,9;1;5,5.53521391,-9.7127,-15.247913910000001,0.0,0.0,0.0
vacancy_O2,O2 vacancy,octahedral,3,9;1;5,5.53521391,-9.6957,-15.230913910000002,0.0,0.0,0.0
vacancy_O2,O2 vacancy,octahedral,3,9;1;5,5.53521391,-9.6787,-15.213913909999999,0.0,0.0,0.0
vacancy_O2,O2 vacancy,octahedral,3,9;1;5,5.53521391,-9.6616,-15.19681391,0.0,0.0,0.0
vacancy_O2,O2 vacancy,octahedral,3,9;1;5,5.53521391,-9.6446,-15.17981391,0.0,0.0,0.0
vacancy_O2,O2 vacancy,octahedral,3,9;1;5,5.53521391,-9.6276,-15.16281391,0.0,0.0,0.0
vacancy_O2,O2 vacancy,octahedral,3,9;1;5,5.53521391,-9.6105,-15.145713910000001,0.0,0.0,0.0
vacancy_O2,O2 vacancy,octahedral,3,9;1;5,5.53521391,-9.5935,-15.128713910000002,0.0,0.0,0.00013333333333333334
vacancy_O2,O2 vacancy,octahedral,3,9;1;5,5.53521391,-9.5764,-15.111613909999999,0.0,0.0,0.0003333333333333333
vacancy_O2,O2 vacancy,octahedral,3,9;1;5,5.53521391,-9.5594,-15.09461391,0.0,0.0,0.0009333333333333333
vacancy_O2,O2 vacancy,octahedral,3,9;1;5,5.53521391,-9.5424,-15.07761391,0.0,0.0,0.002133333333333333
vacancy_O2,O2 vacancy,octahedral,3,9;1;5,5.53521391,-9.5253,-15.060513910000001,0.0,0.0,0.005333333333333333
vacancy_O2,O2 vacancy,octahedral,3,9;1;5,5.53521391,-9.5083,-15.043513910000001,0.0,0.0,0.011866666666666666
vacancy_O2,O2 vacancy,octahedral,3,9;1;5,5.53521391,-9.4913,-15.026513910000002,0.0,0.0,0.025566666666666665
vacancy_O2,O2 vacancy,octahedral,3,9;1;5,5.53521391,-9.4742,-15.00941391,0.0,0.0,0.05213333333333333
vacancy_O2,O2 vacancy,octahedral,3,9;1;5,5.53521391,-9.4572,-14.99241391,0.0,3.3333333333333335e-05,0.10159999999999998
vacancy_O2,O2 vacancy,octahedral,3,9;1;5,5.53521391,-9.4401,-14.97531391,0.0001,6.666666666666667e-05,0.18886666666666665
vacancy_O2,O2 vacancy,octahedral,3,9;1;5,5.53521391,-9.4231,-14.958313910000001,0.00016666666666666666,0.00013333333333333334,0.33536666666666665
vacancy_O2,O2 vacancy,octahedral,3,9;1;5,5.53521391,-9.4061,-14.941313910000002,0.0002666666666666666,0.0003,0.5701999999999999
vacancy_O2,O2 vacancy,octahedral,3,9;1;5,5.53521391,-9.389,-14.924213909999999,0.0005,0.00046666666666666666,0.9288333333333334
vacancy_O2,O2 vacancy,octahedral,3,9;1;5,5.53521391,-9.372,-14.90721391,0.0008333333333333334,0.0007000000000000001,1.4522666666666666
vacancy_O2,O2 vacancy,octahedral,3,9;1;5,5.53521391,-9.355,-14.89021391,0.0013,0.0011,2.1819666666666664
vacancy_O2,O2 vacancy,octahedral,3,9;1;5,5.53521391,-9.3379,-14.87311391,0.002033333333333333,0.0014999999999999998,3.1545
vacancy_O2,O2 vacancy,octahedral,3,9;1;5,5.53521391,-9.3209,-14.856113910000001,0.0030333333333333336,0.0021333333333333334,4.393966666666667
vacancy_O2,O2 vacancy,octahedral,3,9;1;5,5.53521391,-9.3039,-14.839113910000002,0.0042,0.0028666666666666667,5.904
vacancy_O2,O2 vacancy,octahedral,3,9;1;5,5.53521391,-9.2868,-14.822013909999999,0.0057,0.0037333333333333337,7.662333333333334
vacancy_O2,O2 vacancy,octahedral,3,9;1;5,5.53521391,-9.2698,-14.80501391,0.007333333333333333,0.004733333333333333,9.6169
vacancy_O2,O2 vacancy,octahedral,3,9;1;5,5.53521391,-9.2527,-14.78791391,0.009099999999999999,0.005666666666666667,11.689033333333333
vacancy_O2,O2 vacancy,octahedral,3,9;1;5,5.53521391,-9.2357,-14.77091391,0.010833333333333334,0.006666666666666667,13.778933333333333
vacancy_O2,O2 vacancy,octahedral,3,9;1;5,5.53521391,-9.2187,-14.753913910000001,0.012499999999999999,0.007566666666666666,15.778799999999999
vacancy_O2,O2 vacancy,octahedral,3,9;1;5,5.53521391,-9.2016,-14.736813909999999,0.013966666666666667,0.008366666666666666,17.5848
vacancy_O2,O2 vacancy,octahedral,3,9;1;5,5.53521391,-9.1846,-14.71981391,0.015166666666666667,0.009066666666666667,19.111233333333335
vacancy_O2,O2 vacancy,octahedral,3,9;1;5,5.53521391,-9.1676,-14.70281391,0.016066666666666663,0.009666666666666665,20.3006
vacancy_O2,O2 vacancy,octahedral,3,9;1;5,5.53521391,-9.1505,-14.68571391,0.016699999999999996,0.01,21.129499999999997
vacancy_O2,O2 vacancy,octahedral,3,9;1;5,5.53521391,-9.1335,-14.668713910000001,0.017033333333333334,0.010333333333333333,21.609033333333333
vacancy_O2,O2 vacancy,octahedral,3,9;1;5,5.53521391,-9.1165,-14.651713910000002,0.017066666666666664,0.0106,21.780600000000003
vacancy_O2,O2 vacancy,octahedral,3,9;1;5,5.53521391,-9.0994,-14.634613909999999,0.01693333333333333,0.010633333333333333,21.70713333333333
vacancy_O2,O2 vacancy,octahedral,3,9;1;5,5.53521391,-9.0824,-14.61761391,0.016766666666666666,0.010700000000000001,21.460733333333334
vacancy_O2,O2 vacancy,octahedral,3,9;1;5,5.53521391,-9.0653,-14.60051391,0.01643333333333333,0.010666666666666666,21.109333333333332
vacancy_O2,O2 vacancy,octahedral,3,9;1;5,5.53521391,-9.0483,-14.58351391,0.016166666666666666,0.010733333333333333,20.702899999999996
vacancy_O2,O2 vacancy,octahedral,3,9;1;5,5.53521391,-9.0313,-14.566513910000001,0.016033333333333333,0.010633333333333333,20.263066666666663
vacancy_O2,O2 vacancy,octahedral,3,9;1;5,5.53521391,-9.0142,-14.549413910000002,0.015966666666666667,0.010733333333333333,19.779966666666667
vacancy_O2,O2 vacancy,octahedral,3,9;1;5,5.53521391,-8.9972,-14.532413909999999,0.01606666666666667,0.010766666666666667,19.2167
vacancy_O2,O2 vacancy,octahedral,3,9;1;5,5.53521391,-8.9802,-14.51541391,0.016166666666666666,0.0109,18.5223
vacancy_O2,O2 vacancy,octahedral,3,9;1;5,5.53521391,-8.9631,-14.49831391,0.016433333333333335,0.011066666666666664,17.650233333333333
vacancy_O2,O2 vacancy,octahedral,3,9;1;5,5.53521391,-8.9461,-14.48131391,0.016766666666666666,0.011166666666666667,16.574766666666665
vacancy_O2,O2 vacancy,octahedral,3,9;1;5,5.53521391,-8.929,-14.464213910000002,0.016999999999999998,0.011366666666666669,15.303033333333332
vacancy_O2,O2 vacancy,octahedral,3,9;1;5,5.53521391,-8.912,-14.447213910000002,0.017266666666666666,0.011566666666666664,13.874366666666667
vacancy_O2,O2 vacancy,octahedral,3,9;1;5,5.53521391,-8.895,-14.430213909999999,0.0174,0.011766666666666667,12.352766666666666
vacancy_O2,O2 vacancy,octahedral,3,9;1;5,5.53521391,-8.8779,-14.41311391,0.0174,0.011866666666666666,10.811966666666669
vacancy_O2,O2 vacancy,octahedral,3,9;1;5,5.53521391,-8.8609,-14.39611391,0.0173,0.012033333333333333,9.320599999999999
vacancy_O2,O2 vacancy,octahedral,3,9;1;5,5.53521391,-8.8439,-14.379113910000001,0.017066666666666664,0.012133333333333335,7.932433333333333
vacancy_O2,O2 vacancy,octahedral,3,9;1;5,5.53521391,-8.8268,-14.362013910000002,0.01676666666666667,0.012066666666666665,6.6814
vacancy_O2,O2 vacancy,octahedral,3,9;1;5,5.53521391,-8.8098,-14.345013909999999,0.01643333333333333,0.011999999999999999,5.584233333333333
vacancy_O2,O2 vacancy,octahedral,3,9;1;5,5.53521391,-8.7928,-14.32801391,0.01606666666666667,0.012033333333333333,4.644866666666667
vacancy_O2,O2 vacancy,octahedral,3,9;1;5,5.53521391,-8.7757,-14.31091391,0.015799999999999998,0.011966666666666667,3.858966666666666
vacancy_O2,O2 vacancy,octahedral,3,9;1;5,5.53521391,-8.7587,-14.29391391,0.015633333333333332,0.011966666666666667,3.2181666666666664
vacancy_O2,O2 vacancy,octahedral,3,9;1;5,5.53521391,-8.7416,-14.276813910000001,0.015633333333333336,0.011933333333333332,2.7112
vacancy_O2,O2 vacancy,octahedral,3,9;1;5,5.53521391,-8.7246,-14.259813910000002,0.015799999999999998,0.012166666666666666,2.3247
vacancy_O2,O2 vacancy,octahedral,3,9;1;5,5.53521391,-8.7076,-14.242813909999999,0.0162,0.012266666666666667,2.0431666666666666
vacancy_O2,O2 vacancy,octahedral,3,9;1;5,5.53521391,-8.6905,-14.22571391,0.016733333333333333,0.0126,1.8497333333333332
vacancy_O2,O2 vacancy,octahedral,3,9;1;5,5.53521391,-8.6735,-14.20871391,0.017333333333333336,0.0129,1.727266666666667
vacancy_O2,O2 vacancy,octahedral,3,9;1;5,5.53521391,-8.6565,-14.19171391,0.018000000000000002,0.013266666666666668,1.6592666666666667
vacancy_O2,O2 vacancy,octahedral,3,9;1;5,5.53521391,-8.6394,-14.174613910000001,0.01863333333333333,0.013699999999999999,1.6311
vacancy_O2,O2 vacancy,octahedral,3,9;1;5,5.53521391,-8.6224,-14.157613910000002,0.01916666666666667,0.014100000000000001,1.6306
vacancy_O2,O2 vacancy,octahedral,3,9;1;5,5.53521391,-8.6053,-14.14051391,0.0195,0.014533333333333334,1.6485
vacancy_O2,O2 vacancy,octahedral,3,9;1;5,5.53521391,-8.5883,-14.12351391,0.01966666666666667,0.014933333333333335,1.6776
vacancy_O2,O2 vacancy,octahedral,3,9;1;5,5.53521391,-8.5713,-14.10651391,0.019533333333333333,0.015366666666666667,1.7127
vacancy_O2,O2 vacancy,octahedral,3,9;1;5,5.53521391,-8.5542,-14.089413910000001,0.01916666666666667,0.015833333333333335,1.7503333333333335
vacancy_O2,O2 vacancy,octahedral,3,9;1;5,5.53521391,-8.5372,-14.072413910000002,0.018733333333333334,0.016233333333333332,1.7877666666666665
vacancy_O2,O2 vacancy,octahedral,3,9;1;5,5.53521391,-8.5202,-14.055413910000002,0.018066666666666665,0.016733333333333333,1.8231000000000002
vacancy_O2,O2 vacancy,octahedral,3,9;1;5,5.53521391,-8.5031,-14.03831391,0.017433333333333332,0.017166666666666667,1.8549333333333333
vacancy_O2,O2 vacancy,octahedral,3,9;1;5,5.53521391,-8.4861,-14.02131391,0.016766666666666666,0.017666666666666667,1.8816
vacancy_O2,O2 vacancy,octahedral,3,9;1;5,5.53521391,-8.4691,-14.00431391,0.016166666666666666,0.018066666666666665,1.9014999999999997
vacancy_O2,O2 vacancy,octahedral,3,9;1;5,5.53521391,-8.452,-13.987213910000001,0.015633333333333332,0.018400000000000003,1.9127333333333334
vacancy_O2,O2 vacancy,octahedral,3,9;1;5,5.53521391,-8.435,-13.970213910000002,0.0151,0.0186,1.9131333333333334
vacancy_O2,O2 vacancy,octahedral,3,9;1;5,5.53521391,-8.4179,-13.953113909999999,0.014633333333333333,0.018666666666666668,1.9007333333333332
vacancy_O2,O2 vacancy,octahedral,3,9;1;5,5.53521391,-8.4009,-13.93611391,0.014100000000000001,0.018566666666666665,1.8746999999999998
vacancy_O2,O2 vacancy,octahedral,3,9;1;5,5.53521391,-8.3839,-13.91911391,0.013466666666666667,0.018166666666666668,1.8351333333333333
vacancy_O2,O2 vacancy,octahedral,3,9;1;5,5.53521391,-8.3668,-13.90201391,0.012799999999999999,0.017766666666666667,1.7836999999999998
vacancy_O2,O2 vacancy,octahedral,3,9;1;5,5.53521391,-8.3498,-13.885013910000001,0.012033333333333333,0.017166666666666667,1.7238666666666667
vacancy_O2,O2 vacancy,octahedral,3,9;1;5,5.53521391,-8.3328,-13.868013910000002,0.0113,0.016433333333333335,1.6602999999999997
vacancy_O2,O2 vacancy,octahedral,3,9;1;5,5.53521391,-8.3157,-13.85091391,0.010533333333333334,0.015666666666666666,1.5983333333333334
vacancy_O2,O2 vacancy,octahedral,3,9;1;5,5.53521391,-8.2987,-13.83391391,0.009833333333333333,0.014933333333333333,1.5431333333333335
vacancy_O2,O2 vacancy,octahedral,3,9;1;5,5.53521391,-8.2816,-13.81681391,0.0092,0.014266666666666665,1.4989999999999997
vacancy_O2,O2 vacancy,octahedral,3,9;1;5,5.53521391,-8.2646,-13.799813910000001,0.008633333333333333,0.013533333333333333,1.4694666666666667
vacancy_O2,O2 vacancy,octahedral,3,9;1;5,5.53521391,-8.2476,-13.782813910000002,0.008166666666666668,0.012966666666666668,1.455733333333333
vacancy_O2,O2 vacancy,octahedral,3,9;1;5,5.53521391,-8.2305,-13.765713909999999,0.007833333333333333,0.012533333333333334,1.4566999999999999
vacancy_O2,O2 vacancy,octahedral,3,9;1;5,5.53521391,-8.2135,-13.74871391,0.0076,0.012266666666666667,1.468633333333333
vacancy_O2,O2 vacancy,octahedral,3,9;1;5,5.53521391,-8.1965,-13.73171391,0.0075,0.011966666666666667,1.4851
vacancy_O2,O2 vacancy,octahedral,3,9;1;5,5.53521391,-8.1794,-13.71461391,0.0074333333333333335,0.0117,1.4979666666666667
vacancy_O2,O2 vacancy,octahedral,3,9;1;5,5.53521391,-8.1624,-13.697613910000001,0.007366666666666667,0.011499999999999998,1.4982333333333333
vacancy_O2,O2 vacancy,octahedral,3,9;1;5,5.53521391,-8.1454,-13.680613910000002,0.007266666666666667,0.011133333333333334,1.4776
vacancy_O2,O2 vacancy,octahedral,3,9;1;5,5.53521391,-8.1283,-13.663513909999999,0.007166666666666666,0.010766666666666666,1.4307333333333334
vacancy_O2,O2 vacancy,octahedral,3,9;1;5,5.53521391,-8.1113,-13.64651391,0.006933333333333333,0.010366666666666666,1.3559
vacancy_O2,O2 vacancy,octahedral,3,9;1;5,5.53521391,-8.0942,-13.62941391,0.006633333333333334,0.009666666666666667,1.2554666666666667
vacancy_O2,O2 vacancy,octahedral,3,9;1;5,5.53521391,-8.0772,-13.61241391,0.006266666666666667,0.008966666666666666,1.1356
vacancy_O2,O2 vacancy,octahedral,3,9;1;5,5.53521391,-8.0602,-13.595413910000001,0.005866666666666666,0.008133333333333334,1.0044666666666666
vacancy_O2,O2 vacancy,octahedral,3,9;1;5,5.53521391,-8.0431,-13.578313910000002,0.005399999999999999,0.007366666666666667,0.871
vacancy_O2,O2 vacancy,octahedral,3,9;1;5,5.53521391,-8.0261,-13.561313909999999,0.004866666666666667,0.0065,0.7428666666666667
vacancy_O2,O2 vacancy,octahedral,3,9;1;5,5.53521391,-8.0091,-13.54431391,0.004366666666666667,0.005666666666666666,0.6257
vacancy_O2,O2 vacancy,octahedral,3,9;1;5,5.53521391,-7.992,-13.52721391,0.0038,0.0049,0.5226000000000001
vacancy_O2,O2 vacancy,octahedral,3,9;1;5,5.53521391,-7.975,-13.510213910000001,0.0032999999999999995,0.004333333333333334,0.43483333333333335
vacancy_O2,O2 vacancy,octahedral,3,9;1;5,5.53521391,-7.9579,-13.493113910000002,0.0028666666666666667,0.0037,0.3616
vacancy_O2,O2 vacancy,octahedral,3,9;1;5,5.53521391,-7.9409,-13.47611391,0.0023666666666666662,0.0031666666666666666,0.30119999999999997
vacancy_O2,O2 vacancy,octahedral,3,9;1;5,5.53521391,-7.9239,-13.45911391,0.0019333333333333331,0.0027333333333333337,0.2517666666666667
vacancy_O2,O2 vacancy,octahedral,3,9;1;5,5.53521391,-7.9068,-13.44201391,0.0016,0.0024,0.21126666666666669
vacancy_O2,O2 vacancy,octahedral,3,9;1;5,5.53521391,-7.8898,-13.42501391,0.0013,0.002033333333333333,0.17790000000000003
vacancy_O2,O2 vacancy,octahedral,3,9;1;5,5.53521391,-7.8728,-13.408013910000001,0.0010666666666666665,0.0017333333333333333,0.15006666666666668
vacancy_O2,O2 vacancy,octahedral,3,9;1;5,5.53521391,-7.8557,-13.39091391,0.0008666666666666666,0.0015333333333333334,0.12673333333333334
vacancy_O2,O2 vacancy,octahedral,3,9;1;5,5.53521391,-7.8387,-13.37391391,0.0006666666666666666,0.0013000000000000002,0.10686666666666665
vacancy_O2,O2 vacancy,octahedral,3,9;1;5,5.53521391,-7.8217,-13.35691391,0.0005666666666666666,0.0011333333333333334,0.0898
vacancy_O2,O2 vacancy,octahedral,3,9;1;5,5.53521391,-7.8046,-13.33981391,0.0004333333333333333,0.0009000000000000001,0.07493333333333334
vacancy_O2,O2 vacancy,octahedral,3,9;1;5,5.53521391,-7.7876,-13.32281391,0.0003333333333333333,0.0008333333333333332,0.0618
vacancy_O2,O2 vacancy,octahedral,3,9;1;5,5.53521391,-7.7705,-13.305713910000001,0.0003,0.0006666666666666666,0.050133333333333335
vacancy_O2,O2 vacancy,octahedral,3,9;1;5,5.53521391,-7.7535,-13.28871391,0.0002,0.0005,0.039799999999999995
vacancy_O2,O2 vacancy,octahedral,3,9;1;5,5.53521391,-7.7365,-13.27171391,0.00016666666666666666,0.00036666666666666667,0.030800000000000004
vacancy_O2,O2 vacancy,octahedral,3,9;1;5,5.53521391,-7.7194,-13.25461391,0.00013333333333333334,0.00030000000000000003,0.0231
vacancy_O2,O2 vacancy,octahedral,3,9;1;5,5.53521391,-7.7024,-13.23761391,3.3333333333333335e-05,0.0002,0.016666666666666666
vacancy_O2,O2 vacancy,octahedral,3,9;1;5,5.53521391,-7.6854,-13.22061391,3.3333333333333335e-05,0.0001,0.011633333333333334
vacancy_O2,O2 vacancy,octahedral,3,9;1;5,5.53521391,-7.6683,-13.203513910000002,3.3333333333333335e-05,0.0,0.0077333333333333325
vacancy_O2,O2 vacancy,octahedral,3,9;1;5,5.53521391,-7.6513,-13.18651391,0.0,0.0,0.0049
vacancy_O2,O2 vacancy,octahedral,3,9;1;5,5.53521391,-7.6342,-13.16941391,0.0,0.0,0.0029999999999999996
vacancy_O2,O2 vacancy,octahedral,3,9;1;5,5.53521391,-7.6172,-13.15241391,0.0,0.0,0.0018000000000000002
vacancy_O2,O2 vacancy,octahedral,3,9;1;5,5.53521391,-7.6002,-13.13541391,0.0,0.0,0.0009000000000000001
vacancy_O2,O2 vacancy,octahedral,3,9;1;5,5.53521391,-7.5831,-13.118313910000001,0.0,0.0,0.0005
vacancy_O2,O2 vacancy,octahedral,3,9;1;5,5.53521391,-7.5661,-13.10131391,0.0,0.0,0.0002
vacancy_O2,O2 vacancy,octahedral,3,9;1;5,5.53521391,-7.5491,-13.08431391,0.0,0.0,0.0001
vacancy_O2,O2 vacancy,octahedral,3,9;1;5,5.53521391,-7.532,-13.06721391,0.0,0.0,0.0
vacancy_O2,O2 vacancy,octahedral,3,9;1;5,5.53521391,-7.515,-13.05021391,0.0,0.0,0.0
vacancy_O2,O2 vacancy,octahedral,3,9;1;5,5.53521391,-7.498,-13.03321391,0.0,0.0,0.0
vacancy_O2,O2 vacancy,octahedral,3,9;1;5,5.53521391,-7.4809,-13.016113910000001,0.0,0.0,0.0
vacancy_O2,O2 vacancy,octahedral,3,9;1;5,5.53521391,-7.4639,-12.99911391,0.0,0.0,0.0
vacancy_O2,O2 vacancy,octahedral,3,9;1;5,5.53521391,-7.4468,-12.98201391,0.0,0.0,0.0
vacancy_O2,O2 vacancy,octahedral,3,9;1;5,5.53521391,-7.4298,-12.96501391,0.0,0.0,0.0
vacancy_O2,O2 vacancy,octahedral,3,9;1;5,5.53521391,-7.4128,-12.94801391,0.0,0.0,0.0
vacancy_O2,O2 vacancy,octahedral,3,9;1;5,5.53521391,-7.3957,-12.930913910000001,0.0,0.0,0.0
vacancy_O2,O2 vacancy,octahedral,3,9;1;5,5.53521391,-7.3787,-12.913913910000002,0.0,0.0,0.0
vacancy_O2,O2 vacancy,octahedral,3,9;1;5,5.53521391,-7.3617,-12.89691391,0.0,0.0,0.0
vacancy_O2,O2 vacancy,octahedral,3,9;1;5,5.53521391,-7.3446,-12.87981391,0.0,0.0,0.0
vacancy_O2,O2 vacancy,octahedral,3,9;1;5,5.53521391,-7.3276,-12.86281391,0.0,0.0,0.0
vacancy_O2,O2 vacancy,octahedral,3,9;1;5,5.53521391,-7.3105,-12.84571391,0.0,0.0,0.0
vacancy_O2,O2 vacancy,octahedral,3,9;1;5,5.53521391,-7.2935,-12.828713910000001,0.0,0.0,0.0
vacancy_O2,O2 vacancy,octahedral,3,9;1;5,5.53521391,-7.2765,-12.811713910000002,0.0,0.0,0.0
vacancy_O2,O2 vacancy,octahedral,3,9;1;5,5.53521391,-7.2594,-12.79461391,0.0,0.0,0.0
vacancy_O2,O2 vacancy,octahedral,3,9;1;5,5.53521391,-7.2424,-12.77761391,0.0,0.0,0.0
vacancy_O2,O2 vacancy,octahedral,3,9;1;5,5.53521391,-7.2254,-12.76061391,0.0,0.0,0.0
vacancy_O2,O2 vacancy,octahedral,3,9;1;5,5.53521391,-7.2083,-12.74351391,0.0,0.0,0.0
vacancy_O2,O2 vacancy,octahedral,3,9;1;5,5.53521391,-7.1913,-12.726513910000001,0.0,0.0,0.0
vacancy_O2,O2 vacancy,octahedral,3,9;1;5,5.53521391,-7.1743,-12.70951391,0.0,0.0,0.0
vacancy_O2,O2 vacancy,octahedral,3,9;1;5,5.53521391,-7.1572,-12.692413909999999,0.0,0.0,0.0
vacancy_O2,O2 vacancy,octahedral,3,9;1;5,5.53521391,-7.1402,-12.67541391,0.0,0.0,0.0
vacancy_O2,O2 vacancy,octahedral,3,9;1;5,5.53521391,-7.1231,-12.65831391,0.0,0.0,0.0
vacancy_O2,O2 vacancy,octahedral,3,9;1;5,5.53521391,-7.1061,-12.641313910000001,0.0,0.0,0.0
vacancy_O2,O2 vacancy,octahedral,3,9;1;5,5.53521391,-7.0891,-12.624313910000001,0.0,0.0,0.0
vacancy_O2,O2 vacancy,octahedral,3,9;1;5,5.53521391,-7.072,-12.60721391,0.0,0.0,0.0
vacancy_O2,O2 vacancy,octahedral,3,9;1;5,5.53521391,-7.055,-12.59021391,0.0,0.0,0.0
vacancy_O2,O2 vacancy,octahedral,3,9;1;5,5.53521391,-7.038,-12.57321391,0.0,0.0,0.0
vacancy_O2,O2 vacancy,octahedral,3,9;1;5,5.53521391,-7.0209,-12.55611391,0.0,0.0,0.0
vacancy_O2,O2 vacancy,octahedral,3,9;1;5,5.53521391,-7.0039,-12.539113910000001,0.0,0.0,0.0
vacancy_O2,O2 vacancy,octahedral,3,9;1;5,5.53521391,-6.9868,-12.52201391,0.0,0.0,0.0
vacancy_O2,O2 vacancy,octahedral,3,9;1;5,5.53521391,-6.9698,-12.50501391,0.0,0.0,0.0
vacancy_O2,O2 vacancy,octahedral,3,9;1;5,5.53521391,-6.9528,-12.48801391,0.0,0.0,0.0
vacancy_O2,O2 vacancy,octahedral,3,9;1;5,5.53521391,-6.9357,-12.47091391,0.0,0.0,0.0
vacancy_O2,O2 vacancy,octahedral,3,9;1;5,5.53521391,-6.9187,-12.45391391,0.0,0.0,0.0
vacancy_O2,O2 vacancy,octahedral,3,9;1;5,5.53521391,-6.9017,-12.436913910000001,0.0,0.0,0.0
vacancy_O2,O2 vacancy,octahedral,3,9;1;5,5.53521391,-6.8846,-12.41981391,0.0,0.0,0.0
vacancy_O2,O2 vacancy,octahedral,3,9;1;5,5.53521391,-6.8676,-12.40281391,0.0,0.0,0.0
vacancy_O2,O2 vacancy,octahedral,3,9;1;5,5.53521391,-6.8506,-12.38581391,0.0,0.0,0.0
vacancy_O2,O2 vacancy,octahedral,3,9;1;5,5.53521391,-6.8335,-12.36871391,0.0,0.0,0.0
vacancy_O2,O2 vacancy,octahedral,3,9;1;5,5.53521391,-6.8165,-12.35171391,0.0,0.0,0.0
vacancy_O2,O2 vacancy,octahedral,3,9;1;5,5.53521391,-6.7994,-12.334613910000002,0.0,0.0,0.0
vacancy_O2,O2 vacancy,octahedral,3,9;1;5,5.53521391,-6.7824,-12.31761391,0.0,0.0,0.0
vacancy_O2,O2 vacancy,octahedral,3,9;1;5,5.53521391,-6.7654,-12.30061391,0.0,0.0,0.0
vacancy_O2,O2 vacancy,octahedral,3,9;1;5,5.53521391,-6.7483,-12.28351391,0.0,0.0,0.0
vacancy_O2,O2 vacancy,octahedral,3,9;1;5,5.53521391,-6.7313,-12.26651391,0.0,0.0,0.0
vacancy_O2,O2 vacancy,octahedral,3,9;1;5,5.53521391,-6.7143,-12.249513910000001,0.0,0.0,0.0
vacancy_O2,O2 vacancy,octahedral,3,9;1;5,5.53521391,-6.6972,-12.23241391,0.0,0.0,0.0
vacancy_O2,O2 vacancy,octahedral,3,9;1;5,5.53521391,-6.6802,-12.21541391,0.0,0.0,0.0
vacancy_O2,O2 vacancy,octahedral,3,9;1;5,5.53521391,-6.6631,-12.19831391,0.0,0.0,0.0
vacancy_O2,O2 vacancy,octahedral,3,9;1;5,5.53521391,-6.6461,-12.18131391,0.0,0.0,0.0
vacancy_O2,O2 vacancy,octahedral,3,9;1;5,5.53521391,-6.6291,-12.16431391,0.0,0.0,0.0
vacancy_O2,O2 vacancy,octahedral,3,9;1;5,5.53521391,-6.612,-12.147213910000001,0.0,0.0,0.0
vacancy_O2,O2 vacancy,octahedral,3,9;1;5,5.53521391,-6.595,-12.13021391,0.0,0.0,0.0
vacancy_O2,O2 vacancy,octahedral,3,9;1;5,5.53521391,-6.578,-12.11321391,0.0,0.0,0.0
vacancy_O2,O2 vacancy,octahedral,3,9;1;5,5.53521391,-6.5609,-12.09611391,0.0,0.0,0.0
vacancy_O2,O2 vacancy,octahedral,3,9;1;5,5.53521391,-6.5439,-12.07911391,0.0,0.0,0.0
vacancy_O2,O2 vacancy,octahedral,3,9;1;5,5.53521391,-6.5269,-12.06211391,0.0,0.0,0.0
vacancy_O2,O2 vacancy,octahedral,3,9;1;5,5.53521391,-6.5098,-12.045013910000002,0.0,0.0,0.0
vacancy_O2,O2 vacancy,octahedral,3,9;1;5,5.53521391,-6.4928,-12.02801391,0.0,0.0,0.0
vacancy_O2,O2 vacancy,octahedral,3,9;1;5,5.53521391,-6.4757,-12.01091391,0.0,0.0,0.0
vacancy_O2,O2 vacancy,octahedral,3,9;1;5,5.53521391,-6.4587,-11.99391391,0.0,0.0,0.0
vacancy_O2,O2 vacancy,octahedral,3,9;1;5,5.53521391,-6.4417,-11.97691391,0.0,0.0,0.0
vacancy_O2,O2 vacancy,octahedral,3,9;1;5,5.53521391,-6.4246,-11.959813910000001,0.0,0.0,0.0
vacancy_O2,O2 vacancy,octahedral,3,9;1;5,5.53521391,-6.4076,-11.942813910000002,0.0,0.0,0.0
vacancy_O2,O2 vacancy,octahedral,3,9;1;5,5.53521391,-6.3906,-11.92581391,0.0,0.0,0.0
vacancy_O2,O2 vacancy,octahedral,3,9;1;5,5.53521391,-6.3735,-11.90871391,0.0,0.0,0.0
vacancy_O2,O2 vacancy,octahedral,3,9;1;5,5.53521391,-6.3565,-11.89171391,0.0,0.0,0.0
vacancy_O2,O2 vacancy,octahedral,3,9;1;5,5.53521391,-6.3394,-11.87461391,0.0,0.0,0.0
vacancy_O2,O2 vacancy,octahedral,3,9;1;5,5.53521391,-6.3224,-11.857613910000001,0.0,0.0,0.0
vacancy_O2,O2 vacancy,octahedral,3,9;1;5,5.53521391,-6.3054,-11.84061391,0.0,0.0,0.0
vacancy_O2,O2 vacancy,octahedral,3,9;1;5,5.53521391,-6.2883,-11.823513909999999,0.0,0.0,0.0
vacancy_O2,O2 vacancy,octahedral,3,9;1;5,5.53521391,-6.2713,-11.80651391,0.0,0.0,0.0
vacancy_O2,O2 vacancy,octahedral,3,9;1;5,5.53521391,-6.2543,-11.78951391,0.0,0.0,0.0
vacancy_O2,O2 vacancy,octahedral,3,9;1;5,5.53521391,-6.2372,-11.772413910000001,0.0,0.0,0.0
vacancy_O2,O2 vacancy,octahedral,3,9;1;5,5.53521391,-6.2202,-11.755413910000001,0.0,0.0,0.0
vacancy_O2,O2 vacancy,octahedral,3,9;1;5,5.53521391,-6.2032,-11.73841391,0.0,0.0,0.0
vacancy_O2,O2 vacancy,octahedral,3,9;1;5,5.53521391,-6.1861,-11.72131391,0.0,0.0,0.0
vacancy_O2,O2 vacancy,octahedral,3,9;1;5,5.53521391,-6.1691,-11.70431391,0.0,0.0,0.0
vacancy_O2,O2 vacancy,octahedral,3,9;1;5,5.53521391,-6.152,-11.68721391,0.0,0.0,0.0
vacancy_O2,O2 vacancy,octahedral,3,9;1;5,5.53521391,-6.135,-11.670213910000001,0.0,0.0,0.0
vacancy_O2,O2 vacancy,octahedral,3,9;1;5,5.53521391,-6.118,-11.653213910000002,0.0,0.0,0.0
vacancy_O2,O2 vacancy,octahedral,3,9;1;5,5.53521391,-6.1009,-11.63611391,0.0,0.0,0.0
vacancy_O2,O2 vacancy,octahedral,3,9;1;5,5.53521391,-6.0839,-11.61911391,0.0,0.0,0.0
vacancy_O2,O2 vacancy,octahedral,3,9;1;5,5.53521391,-6.0669,-11.60211391,0.0,0.0,0.0
vacancy_O2,O2 vacancy,octahedral,3,9;1;5,5.53521391,-6.0498,-11.58501391,0.0,0.0,0.0
vacancy_O2,O2 vacancy,octahedral,3,9;1;5,5.53521391,-6.0328,-11.568013910000001,0.0,0.0,0.0
vacancy_O2,O2 vacancy,octahedral,3,9;1;5,5.53521391,-6.0157,-11.55091391,0.0,0.0,0.0
vacancy_O2,O2 vacancy,octahedral,3,9;1;5,5.53521391,-5.9987,-11.53391391,0.0,0.0,0.0
vacancy_O2,O2 vacancy,octahedral,3,9;1;5,5.53521391,-5.9817,-11.51691391,0.0,0.0,0.0
vacancy_O2,O2 vacancy,octahedral,3,9;1;5,5.53521391,-5.9646,-11.49981391,0.0,0.0,0.0
vacancy_O2,O2 vacancy,octahedral,3,9;1;5,5.53521391,-5.9476,-11.48281391,0.0,0.0,0.0
vacancy_O2,O2 vacancy,octahedral,3,9;1;5,5.53521391,-5.9306,-11.465813910000001,0.0,0.0,0.0
vacancy_O2,O2 vacancy,octahedral,3,9;1;5,5.53521391,-5.9135,-11.44871391,0.0,0.0,0.0
vacancy_O2,O2 vacancy,octahedral,3,9;1;5,5.53521391,-5.8965,-11.43171391,0.0,0.0,0.0
vacancy_O2,O2 vacancy,octahedral,3,9;1;5,5.53521391,-5.8795,-11.41471391,0.0,0.0,0.0
vacancy_O2,O2 vacancy,octahedral,3,9;1;5,5.53521391,-5.8624,-11.39761391,0.0,0.0,0.0
vacancy_O2,O2 vacancy,octahedral,3,9;1;5,5.53521391,-5.8454,-11.380613910000001,0.0,0.0,0.0
vacancy_O2,O2 vacancy,octahedral,3,9;1;5,5.53521391,-5.8283,-11.36351391,0.0,0.0,0.0
vacancy_O2,O2 vacancy,octahedral,3,9;1;5,5.53521391,-5.8113,-11.34651391,0.0,0.0,0.0
vacancy_O2,O2 vacancy,octahedral,3,9;1;5,5.53521391,-5.7943,-11.32951391,0.0,0.0,0.0
vacancy_O2,O2 vacancy,octahedral,3,9;1;5,5.53521391,-5.7772,-11.31241391,0.0,0.0,0.0
vacancy_O2,O2 vacancy,octahedral,3,9;1;5,5.53521391,-5.7602,-11.29541391,0.0,0.0,0.0
vacancy_O2,O2 vacancy,octahedral,3,9;1;5,5.53521391,-5.7432,-11.278413910000001,0.0,0.0,0.0
vacancy_O2,O2 vacancy,octahedral,3,9;1;5,5.53521391,-5.7261,-11.26131391,0.0,0.0,0.0
vacancy_O2,O2 vacancy,octahedral,3,9;1;5,5.53521391,-5.7091,-11.24431391,0.0,0.0,0.0
vacancy_O2,O2 vacancy,octahedral,3,9;1;5,5.53521391,-5.692,-11.22721391,0.0,0.0,0.0
vacancy_O2,O2 vacancy,octahedral,3,9;1;5,5.53521391,-5.675,-11.21021391,0.0,0.0,0.0
vacancy_O2,O2 vacancy,octahedral,3,9;1;5,5.53521391,-5.658,-11.19321391,0.0,0.0,0.0
vacancy_O2,O2 vacancy,octahedral,3,9;1;5,5.53521391,-5.6409,-11.176113910000002,0.0,0.0,0.0
vacancy_O2,O2 vacancy,octahedral,3,9;1;5,5.53521391,-5.6239,-11.15911391,0.0,0.0,0.0
vacancy_O2,O2 vacancy,octahedral,3,9;1;5,5.53521391,-5.6069,-11.14211391,0.0,0.0,0.0
vacancy_O2,O2 vacancy,octahedral,3,9;1;5,5.53521391,-5.5898,-11.12501391,0.0,0.0,0.0
vacancy_O2,O2 vacancy,octahedral,3,9;1;5,5.53521391,-5.5728,-11.10801391,0.0,0.0,0.0
vacancy_O2,O2 vacancy,octahedral,3,9;1;5,5.53521391,-5.5558,-11.091013910000001,0.0,0.0,0.0
vacancy_O2,O2 vacancy,octahedral,3,9;1;5,5.53521391,-5.5387,-11.073913910000002,0.0,0.0,0.0
vacancy_O2,O2 vacancy,octahedral,3,9;1;5,5.53521391,-5.5217,-11.05691391,0.0,0.0,0.0
vacancy_O2,O2 vacancy,octahedral,3,9;1;5,5.53521391,-5.5046,-11.03981391,0.0,0.0,0.0
vacancy_O2,O2 vacancy,octahedral,3,9;1;5,5.53521391,-5.4876,-11.02281391,0.0,0.0,0.0
vacancy_O2,O2 vacancy,octahedral,3,9;1;5,5.53521391,-5.4706,-11.00581391,0.0,0.0,0.0
vacancy_O2,O2 vacancy,octahedral,3,9;1;5,5.53521391,-5.4535,-10.988713910000001,0.0,0.0,0.0
vacancy_O2,O2 vacancy,octahedral,3,9;1;5,5.53521391,-5.4365,-10.97171391,0.0,0.0,0.0
vacancy_O2,O2 vacancy,octahedral,3,9;1;5,5.53521391,-5.4195,-10.95471391,0.0,0.0,0.0
vacancy_O2,O2 vacancy,octahedral,3,9;1;5,5.53521391,-5.4024,-10.93761391,0.0,0.0,0.0
vacancy_O2,O2 vacancy,octahedral,3,9;1;5,5.53521391,-5.3854,-10.92061391,0.0,0.0,0.0
vacancy_O2,O2 vacancy,octahedral,3,9;1;5,5.53521391,-5.3684,-10.90361391,0.0,0.0,0.0
vacancy_O2,O2 vacancy,octahedral,3,9;1;5,5.53521391,-5.3513,-10.886513910000001,0.0,0.0,0.0
vacancy_O2,O2 vacancy,octahedral,3,9;1;5,5.53521391,-5.3343,-10.86951391,0.0,0.0,0.0
vacancy_O2,O2 vacancy,octahedral,3,9;1;5,5.53521391,-5.3172,-10.85241391,0.0,0.0,0.0
vacancy_O2,O2 vacancy,octahedral,3,9;1;5,5.53521391,-5.3002,-10.83541391,0.0,0.0,0.0
vacancy_O2,O2 vacancy,octahedral,3,9;1;5,5.53521391,-5.2832,-10.81841391,0.0,0.0,0.0
vacancy_O2,O2 vacancy,octahedral,3,9;1;5,5.53521391,-5.2661,-10.801313910000001,0.0,0.0,0.0
vacancy_O2,O2 vacancy,octahedral,3,9;1;5,5.53521391,-5.2491,-10.784313910000002,0.0,0.0,0.0
vacancy_O2,O2 vacancy,octahedral,3,9;1;5,5.53521391,-5.2321,-10.76731391,0.0,0.0,0.0
vacancy_O2,O2 vacancy,octahedral,3,9;1;5,5.53521391,-5.215,-10.75021391,0.0,0.0,0.0
vacancy_O2,O2 vacancy,octahedral,3,9;1;5,5.53521391,-5.198,-10.73321391,0.0,0.0,0.0
vacancy_O2,O2 vacancy,octahedral,3,9;1;5,5.53521391,-5.1809,-10.71611391,0.0,0.0,0.0
vacancy_O2,O2 vacancy,octahedral,3,9;1;5,5.53521391,-5.1639,-10.699113910000001,0.0,0.0,0.0
vacancy_O2,O2 vacancy,octahedral,3,9;1;5,5.53521391,-5.1469,-10.68211391,0.0,0.0,0.0
vacancy_O2,O2 vacancy,octahedral,3,9;1;5,5.53521391,-5.1298,-10.66501391,0.0,0.0,0.0
vacancy_O2,O2 vacancy,octahedral,3,9;1;5,5.53521391,-5.1128,-10.64801391,0.0,0.0,0.0
vacancy_O2,O2 vacancy,octahedral,3,9;1;5,5.53521391,-5.0958,-10.63101391,0.0,0.0,0.0
vacancy_O2,O2 vacancy,octahedral,3,9;1;5,5.53521391,-5.0787,-10.61391391,0.0,0.0,0.0
vacancy_O2,O2 vacancy,octahedral,3,9;1;5,5.53521391,-5.0617,-10.596913910000001,0.0,0.0,0.0
vacancy_O2,O2 vacancy,octahedral,3,9;1;5,5.53521391,-5.0447,-10.57991391,0.0,0.0,0.0
vacancy_O2,O2 vacancy,octahedral,3,9;1;5,5.53521391,-5.0276,-10.56281391,0.0,0.0,0.0
vacancy_O2,O2 vacancy,octahedral,3,9;1;5,5.53521391,-5.0106,-10.54581391,0.0,0.0,0.0
vacancy_O2,O2 vacancy,octahedral,3,9;1;5,5.53521391,-4.9935,-10.52871391,0.0,0.0,0.0
vacancy_O2,O2 vacancy,octahedral,3,9;1;5,5.53521391,-4.9765,-10.511713910000001,0.0,0.0,0.0
vacancy_O2,O2 vacancy,octahedral,3,9;1;5,5.53521391,-4.9595,-10.494713910000002,0.0,0.0,0.0
vacancy_O2,O2 vacancy,octahedral,3,9;1;5,5.53521391,-4.9424,-10.47761391,0.0,0.0,0.0
vacancy_O2,O2 vacancy,octahedral,3,9;1;5,5.53521391,-4.9254,-10.46061391,0.0,0.0,0.0
vacancy_O2,O2 vacancy,octahedral,3,9;1;5,5.53521391,-4.9084,-10.44361391,0.0,0.0,0.0
vacancy_O2,O2 vacancy,octahedral,3,9;1;5,5.53521391,-4.8913,-10.42651391,0.0,0.0,0.0
vacancy_O2,O2 vacancy,octahedral,3,9;1;5,5.53521391,-4.8743,-10.409513910000001,0.0,0.0,0.0
vacancy_O2,O2 vacancy,octahedral,3,9;1;5,5.53521391,-4.8572,-10.39241391,0.0,0.0,0.0
vacancy_O2,O2 vacancy,octahedral,3,9;1;5,5.53521391,-4.8402,-10.37541391,0.0,0.0,0.0
vacancy_O2,O2 vacancy,octahedral,3,9;1;5,5.53521391,-4.8232,-10.35841391,0.0,0.0,0.0
vacancy_O2,O2 vacancy,octahedral,3,9;1;5,5.53521391,-4.8061,-10.34131391,0.0,0.0,0.0
vacancy_O2,O2 vacancy,octahedral,3,9;1;5,5.53521391,-4.7891,-10.32431391,0.0,0.0,0.0
vacancy_O2,O2 vacancy,octahedral,3,9;1;5,5.53521391,-4.7721,-10.307313910000001,0.0,0.0,0.0
vacancy_O2,O2 vacancy,octahedral,3,9;1;5,5.53521391,-4.755,-10.29021391,0.0,0.0,0.0
vacancy_O2,O2 vacancy,octahedral,3,9;1;5,5.53521391,-4.738,-10.27321391,0.0,0.0,0.0
vacancy_O2,O2 vacancy,octahedral,3,9;1;5,5.53521391,-4.721,-10.25621391,0.0,0.0,0.0
vacancy_O2,O2 vacancy,octahedral,3,9;1;5,5.53521391,-4.7039,-10.23911391,0.0,0.0,0.0
vacancy_O2,O2 vacancy,octahedral,3,9;1;5,5.53521391,-4.6869,-10.222113910000001,0.0,0.0,0.0
vacancy_O2,O2 vacancy,octahedral,3,9;1;5,5.53521391,-4.6698,-10.205013910000002,0.0,0.0,0.0
vacancy_O2,O2 vacancy,octahedral,3,9;1;5,5.53521391,-4.6528,-10.18801391,0.0,0.0,0.0
vacancy_O2,O2 vacancy,octahedral,3,9;1;5,5.53521391,-4.6358,-10.17101391,0.0,0.0,0.0
vacancy_O2,O2 vacancy,octahedral,3,9;1;5,5.53521391,-4.6187,-10.15391391,0.0,0.0,0.0
vacancy_O2,O2 vacancy,octahedral,3,9;1;5,5.53521391,-4.6017,-10.13691391,0.0,0.0,0.0
vacancy_O2,O2 vacancy,octahedral,3,9;1;5,5.53521391,-4.5847,-10.119913910000001,0.0,0.0,0.0
vacancy_O2,O2 vacancy,octahedral,3,9;1;5,5.53521391,-4.5676,-10.10281391,0.0,0.0,0.0
vacancy_O2,O2 vacancy,octahedral,3,9;1;5,5.53521391,-4.5506,-10.08581391,0.0,0.0,0.0
vacancy_O2,O2 vacancy,octahedral,3,9;1;5,5.53521391,-4.5335,-10.06871391,0.0,0.0,0.0
vacancy_O2,O2 vacancy,octahedral,3,9;1;5,5.53521391,-4.5165,-10.05171391,0.0,0.0,0.0
vacancy_O2,O2 vacancy,octahedral,3,9;1;5,5.53521391,-4.4995,-10.03471391,0.0,0.0,0.0
vacancy_O2,O2 vacancy,octahedral,3,9;1;5,5.53521391,-4.4824,-10.017613910000001,0.0,0.0,0.0
vacancy_O2,O2 vacancy,octahedral,3,9;1;5,5.53521391,-4.4654,-10.00061391,0.0,0.0,0.0
vacancy_O2,O2 vacancy,octahedral,3,9;1;5,5.53521391,-4.4484,-9.98361391,0.0,0.0,0.0
vacancy_O2,O2 vacancy,octahedral,3,9;1;5,5.53521391,-4.4313,-9.96651391,0.0,0.0,0.0
vacancy_O2,O2 vacancy,octahedral,3,9;1;5,5.53521391,-4.4143,-9.94951391,0.0,0.0,0.0
vacancy_O2,O2 vacancy,octahedral,3,9;1;5,5.53521391,-4.3973,-9.93251391,0.0,0.0,0.0
vacancy_O2,O2 vacancy,octahedral,3,9;1;5,5.53521391,-4.3802,-9.915413910000002,0.0,0.0,0.0
vacancy_O2,O2 vacancy,octahedral,3,9;1;5,5.53521391,-4.3632,-9.89841391,0.0,0.0,0.0
vacancy_O2,O2 vacancy,octahedral,3,9;1;5,5.53521391,-4.3461,-9.88131391,0.0,0.0,0.0
vacancy_O2,O2 vacancy,octahedral,3,9;1;5,5.53521391,-4.3291,-9.86431391,0.0,0.0,0.0
vacancy_O2,O2 vacancy,octahedral,3,9;1;5,5.53521391,-4.3121,-9.84731391,0.0,0.0,0.0
vacancy_O2,O2 vacancy,octahedral,3,9;1;5,5.53521391,-4.295,-9.830213910000001,0.0,0.0,0.0
vacancy_O2,O2 vacancy,octahedral,3,9;1;5,5.53521391,-4.278,-9.81321391,0.0,0.0,0.0
vacancy_O2,O2 vacancy,octahedral,3,9;1;5,5.53521391,-4.261,-9.79621391,0.0,0.0,0.0
vacancy_O2,O2 vacancy,octahedral,3,9;1;5,5.53521391,-4.2439,-9.77911391,0.0,0.0,0.0
vacancy_O2,O2 vacancy,octahedral,3,9;1;5,5.53521391,-4.2269,-9.76211391,0.0,0.0,0.0
vacancy_O2,O2 vacancy,octahedral,3,9;1;5,5.53521391,-4.2098,-9.74501391,0.0,0.0,0.0
vacancy_O2,O2 vacancy,octahedral,3,9;1;5,5.53521391,-4.1928,-9.728013910000001,0.0,0.0,0.0
vacancy_O2,O2 vacancy,octahedral,3,9;1;5,5.53521391,-4.1758,-9.71101391,0.0,0.0,0.0
vacancy_O2,O2 vacancy,octahedral,3,9;1;5,5.53521391,-4.1587,-9.69391391,0.0,0.0,0.0
vacancy_O2,O2 vacancy,octahedral,3,9;1;5,5.53521391,-4.1417,-9.67691391,0.0,0.0,0.0
vacancy_O2,O2 vacancy,octahedral,3,9;1;5,5.53521391,-4.1247,-9.65991391,0.0,0.0,0.0
vacancy_O2,O2 vacancy,octahedral,3,9;1;5,5.53521391,-4.1076,-9.642813910000001,0.0,0.0,0.0
vacancy_O2,O2 vacancy,octahedral,3,9;1;5,5.53521391,-4.0906,-9.625813910000002,0.0,0.0,0.0
vacancy_O2,O2 vacancy,octahedral,3,9;1;5,5.53521391,-4.0736,-9.60881391,0.0,0.0,0.0
vacancy_O2,O2 vacancy,octahedral,3,9;1;5,5.53521391,-4.0565,-9.59171391,0.0,0.0,0.0
vacancy_O2,O2 vacancy,octahedral,3,9;1;5,5.53521391,-4.0395,-9.57471391,0.0,0.0,0.0
vacancy_O2,O2 vacancy,octahedral,3,9;1;5,5.53521391,-4.0224,-9.55761391,0.0,0.0,0.0
vacancy_O2,O2 vacancy,octahedral,3,9;1;5,5.53521391,-4.0054,-9.540613910000001,0.0,0.0,0.0
vacancy_O2,O2 vacancy,octahedral,3,9;1;5,5.53521391,-3.9884,-9.52361391,0.0,0.0,0.0
vacancy_O2,O2 vacancy,octahedral,3,9;1;5,5.53521391,-3.9713,-9.50651391,0.0,0.0,0.0
vacancy_O2,O2 vacancy,octahedral,3,9;1;5,5.53521391,-3.9543,-9.48951391,0.0,0.0,0.0
vacancy_O2,O2 vacancy,octahedral,3,9;1;5,5.53521391,-3.9373,-9.47251391,0.0,0.0,0.0
vacancy_O2,O2 vacancy,octahedral,3,9;1;5,5.53521391,-3.9202,-9.45541391,0.0,0.0,0.0
vacancy_O2,O2 vacancy,octahedral,3,9;1;5,5.53521391,-3.9032,-9.438413910000001,0.0,0.0,0.0
vacancy_O2,O2 vacancy,octahedral,3,9;1;5,5.53521391,-3.8861,-9.42131391,0.0,0.0,0.0
vacancy_O2,O2 vacancy,octahedral,3,9;1;5,5.53521391,-3.8691,-9.40431391,0.0,0.0,0.0
vacancy_O2,O2 vacancy,octahedral,3,9;1;5,5.53521391,-3.8521,-9.38731391,0.0,0.0,0.0
vacancy_O2,O2 vacancy,octahedral,3,9;1;5,5.53521391,-3.835,-9.37021391,0.0,0.0,0.0
vacancy_O2,O2 vacancy,octahedral,3,9;1;5,5.53521391,-3.818,-9.353213910000001,0.0,0.0,0.0
vacancy_O2,O2 vacancy,octahedral,3,9;1;5,5.53521391,-3.801,-9.336213910000001,0.0,0.0,0.0
vacancy_O2,O2 vacancy,octahedral,3,9;1;5,5.53521391,-3.7839,-9.31911391,0.0,0.0,0.0
vacancy_O2,O2 vacancy,octahedral,3,9;1;5,5.53521391,-3.7669,-9.302113910000001,0.0,0.0,0.0
vacancy_O2,O2 vacancy,octahedral,3,9;1;5,5.53521391,-3.7499,-9.28511391,0.0,0.0,0.0
vacancy_O2,O2 vacancy,octahedral,3,9;1;5,5.53521391,-3.7328,-9.26801391,0.0,0.0,0.0
vacancy_O2,O2 vacancy,octahedral,3,9;1;5,5.53521391,-3.7158,-9.251013910000001,0.0,0.0,0.0
vacancy_O2,O2 vacancy,octahedral,3,9;1;5,5.53521391,-3.6987,-9.23391391,0.0,0.0,0.0
vacancy_O2,O2 vacancy,octahedral,3,9;1;5,5.53521391,-3.6817,-9.21691391,0.0,0.0,0.0
vacancy_O2,O2 vacancy,octahedral,3,9;1;5,5.53521391,-3.6647,-9.19991391,0.0,0.0,0.0
vacancy_O2,O2 vacancy,octahedral,3,9;1;5,5.53521391,-3.6476,-9.18281391,0.0,0.0,0.0
vacancy_O2,O2 vacancy,octahedral,3,9;1;5,5.53521391,-3.6306,-9.16581391,0.0,0.0,0.0
vacancy_O2,O2 vacancy,octahedral,3,9;1;5,5.53521391,-3.6136,-9.148813910000001,0.0,0.0,0.0
vacancy_O2,O2 vacancy,octahedral,3,9;1;5,5.53521391,-3.5965,-9.13171391,0.0,0.0,0.0
vacancy_O2,O2 vacancy,octahedral,3,9;1;5,5.53521391,-3.5795,-9.11471391,0.0,0.0,0.0
vacancy_O2,O2 vacancy,octahedral,3,9;1;5,5.53521391,-3.5624,-9.09761391,0.0,0.0,0.0
vacancy_O2,O2 vacancy,octahedral,3,9;1;5,5.53521391,-3.5454,-9.08061391,0.0,0.0,0.0
vacancy_O2,O2 vacancy,octahedral,3,9;1;5,5.53521391,-3.5284,-9.06361391,0.0,0.0,0.0
vacancy_O2,O2 vacancy,octahedral,3,9;1;5,5.53521391,-3.5113,-9.04651391,3.3333333333333335e-05,0.0,0.0
vacancy_O2,O2 vacancy,octahedral,3,9;1;5,5.53521391,-3.4943,-9.02951391,3.3333333333333335e-05,0.0,0.0
vacancy_O2,O2 vacancy,octahedral,3,9;1;5,5.53521391,-3.4773,-9.012513910000001,9.999999999999999e-05,0.0,0.0
vacancy_O2,O2 vacancy,octahedral,3,9;1;5,5.53521391,-3.4602,-8.99541391,0.00019999999999999998,0.0,3.3333333333333335e-05
vacancy_O2,O2 vacancy,octahedral,3,9;1;5,5.53521391,-3.4432,-8.97841391,0.00046666666666666666,0.0,3.3333333333333335e-05
vacancy_O2,O2 vacancy,octahedral,3,9;1;5,5.53521391,-3.4262,-8.961413910000001,0.0007999999999999999,0.0,6.666666666666667e-05
vacancy_O2,O2 vacancy,octahedral,3,9;1;5,5.53521391,-3.4091,-8.94431391,0.0014666666666666667,0.0,0.0001333333333333333
vacancy_O2,O2 vacancy,octahedral,3,9;1;5,5.53521391,-3.3921,-8.92731391,0.002533333333333333,0.0,0.0002666666666666667
vacancy_O2,O2 vacancy,octahedral,3,9;1;5,5.53521391,-3.375,-8.91021391,0.0042,0.0001,0.0005666666666666667
vacancy_O2,O2 vacancy,octahedral,3,9;1;5,5.53521391,-3.358,-8.89321391,0.006566666666666666,0.0002666666666666667,0.0009666666666666668
vacancy_O2,O2 vacancy,octahedral,3,9;1;5,5.53521391,-3.341,-8.87621391,0.009933333333333334,0.0003333333333333333,0.0013
vacancy_O2,O2 vacancy,octahedral,3,9;1;5,5.53521391,-3.3239,-8.859113910000001,0.014566666666666665,0.00046666666666666666,0.0018333333333333333
vacancy_O2,O2 vacancy,octahedral,3,9;1;5,5.53521391,-3.3069,-8.84211391,0.020566666666666667,0.0007333333333333332,0.0026333333333333334
vacancy_O2,O2 vacancy,octahedral,3,9;1;5,5.53521391,-3.2899,-8.82511391,0.0281,0.001,0.0035
vacancy_O2,O2 vacancy,octahedral,3,9;1;5,5.53521391,-3.2728,-8.80801391,0.0373,0.0014,0.0046
vacancy_O2,O2 vacancy,octahedral,3,9;1;5,5.53521391,-3.2558,-8.79101391,0.048100000000000004,0.0018333333333333333,0.005833333333333333
vacancy_O2,O2 vacancy,octahedral,3,9;1;5,5.53521391,-3.2387,-8.773913910000001,0.06043333333333333,0.0023,0.007233333333333334
vacancy_O2,O2 vacancy,octahedral,3,9;1;5,5.53521391,-3.2217,-8.75691391,0.07383333333333333,0.0029333333333333334,0.0086
vacancy_O2,O2 vacancy,octahedral,3,9;1;5,5.53521391,-3.2047,-8.73991391,0.08800000000000001,0.0034999999999999996,0.0101
vacancy_O2,O2 vacancy,octahedral,3,9;1;5,5.53521391,-3.1876,-8.722813910000001,0.1024,0.004166666666666667,0.011466666666666667
vacancy_O2,O2 vacancy,octahedral,3,9;1;5,5.53521391,-3.1706,-8.70581391,0.11663333333333332,0.004833333333333333,0.012666666666666668
vacancy_O2,O2 vacancy,octahedral,3,9;1;5,5.53521391,-3.1536,-8.68881391,0.13056666666666666,0.005466666666666666,0.0138
vacancy_O2,O2 vacancy,octahedral,3,9;1;5,5.53521391,-3.1365,-8.671713910000001,0.14433333333333334,0.006099999999999999,0.014633333333333333
vacancy_O2,O2 vacancy,octahedral,3,9;1;5,5.53521391,-3.1195,-8.65471391,0.15830000000000002,0.0067666666666666665,0.015400000000000002
vacancy_O2,O2 vacancy,octahedral,3,9;1;5,5.53521391,-3.1025,-8.63771391,0.1731666666666667,0.007466666666666667,0.016166666666666666
vacancy_O2,O2 vacancy,octahedral,3,9;1;5,5.53521391,-3.0854,-8.62061391,0.18946666666666667,0.008266666666666667,0.016933333333333335
vacancy_O2,O2 vacancy,octahedral,3,9;1;5,5.53521391,-3.0684,-8.60361391,0.20750000000000002,0.0092,0.017766666666666667
vacancy_O2,O2 vacancy,octahedral,3,9;1;5,5.53521391,-3.0513,-8.58651391,0.22703333333333334,0.010266666666666667,0.018766666666666668
vacancy_O2,O2 vacancy,octahedral,3,9;1;5,5.53521391,-3.0343,-8.569513910000001,0.24750000000000003,0.011399999999999999,0.0198
vacancy_O2,O2 vacancy,octahedral,3,9;1;5,5.53521391,-3.0173,-8.55251391,0.26776666666666665,0.0126,0.020833333333333332
vacancy_O2,O2 vacancy,octahedral,3,9;1;5,5.53521391,-3.0002,-8.53541391,0.2865333333333333,0.013766666666666668,0.021833333333333333
vacancy_O2,O2 vacancy,octahedral,3,9;1;5,5.53521391,-2.9832,-8.51841391,0.3025,0.014933333333333333,0.022633333333333335
vacancy_O2,O2 vacancy,octahedral,3,9;1;5,5.53521391,-2.9662,-8.50141391,0.3145,0.016,0.02316666666666667
vacancy_O2,O2 vacancy,octahedral,3,9;1;5,5.53521391,-2.9491,-8.484313910000001,0.3217666666666667,0.01693333333333333,0.0236
vacancy_O2,O2 vacancy,octahedral,3,9;1;5,5.53521391,-2.9321,-8.467313910000001,0.32406666666666667,0.017766666666666667,0.023633333333333336
vacancy_O2,O2 vacancy,octahedral,3,9;1;5,5.53521391,-2.915,-8.45021391,0.3217,0.018533333333333336,0.023533333333333333
vacancy_O2,O2 vacancy,octahedral,3,9;1;5,5.53521391,-2.898,-8.433213910000001,0.3157,0.019233333333333335,0.023333333333333334
vacancy_O2,O2 vacancy,octahedral,3,9;1;5,5.53521391,-2.881,-8.41621391,0.3075333333333333,0.020033333333333337,0.022933333333333333
vacancy_O2,O2 vacancy,octahedral,3,9;1;5,5.53521391,-2.8639,-8.39911391,0.29893333333333333,0.02093333333333333,0.02266666666666667
vacancy_O2,O2 vacancy,octahedral,3,9;1;5,5.53521391,-2.8469,-8.382113910000001,0.29136666666666666,0.021833333333333333,0.022433333333333333
vacancy_O2,O2 vacancy,octahedral,3,9;1;5,5.53521391,-2.8299,-8.36511391,0.28613333333333335,0.023000000000000003,0.022266666666666667
vacancy_O2,O2 vacancy,octahedral,3,9;1;5,5.53521391,-2.8128,-8.34801391,0.2837,0.024233333333333332,0.022166666666666668
vacancy_O2,O2 vacancy,octahedral,3,9;1;5,5.53521391,-2.7958,-8.33101391,0.28413333333333335,0.025366666666666666,0.022266666666666667
vacancy_O2,O2 vacancy,octahedral,3,9;1;5,5.53521391,-2.7788,-8.31401391,0.287,0.0266,0.022466666666666663
vacancy_O2,O2 vacancy,octahedral,3,9;1;5,5.53521391,-2.7617,-8.29691391,0.29163333333333336,0.027700000000000002,0.022633333333333335
vacancy_O2,O2 vacancy,octahedral,3,9;1;5,5.53521391,-2.7447,-8.279913910000001,0.29740000000000005,0.028733333333333333,0.022766666666666668
vacancy_O2,O2 vacancy,octahedral,3,9;1;5,5.53521391,-2.7276,-8.26281391,0.3039,0.029833333333333333,0.022933333333333333
vacancy_O2,O2 vacancy,octahedral,3,9;1;5,5.53521391,-2.7106,-8.24581391,0.3109,0.031,0.023000000000000003
vacancy_O2,O2 vacancy,octahedral,3,9;1;5,5.53521391,-2.6936,-8.22881391,0.3181,0.032233333333333336,0.0231
vacancy_O2,O2 vacancy,octahedral,3,9;1;5,5.53521391,-2.6765,-8.21171391,0.32543333333333335,0.033633333333333335,0.023266666666666668
vacancy_O2,O2 vacancy,octahedral,3,9;1;5,5.53521391,-2.6595,-8.19471391,0.3326,0.035133333333333336,0.02333333333333333
vacancy_O2,O2 vacancy,octahedral,3,9;1;5,5.53521391,-2.6425,-8.177713910000001,0.33919999999999995,0.03663333333333334,0.023500000000000004
vacancy_O2,O2 vacancy,octahedral,3,9;1;5,5.53521391,-2.6254,-8.16061391,0.34493333333333337,0.0381,0.023666666666666666
vacancy_O2,O2 vacancy,octahedral,3,9;1;5,5.53521391,-2.6084,-8.143613910000001,0.34929999999999994,0.0395,0.0239
vacancy_O2,O2 vacancy,octahedral,3,9;1;5,5.53521391,-2.5913,-8.12651391,0.3520666666666667,0.04073333333333334,0.02413333333333333
vacancy_O2,O2 vacancy,octahedral,3,9;1;5,5.53521391,-2.5743,-8.10951391,0.3529,0.04173333333333334,0.024466666666666664
vacancy_O2,O2 vacancy,octahedral,3,9;1;5,5.53521391,-2.5573,-8.092513910000001,0.35169999999999996,0.04253333333333333,0.024899999999999995
vacancy_O2,O2 vacancy,octahedral,3,9;1;5,5.53521391,-2.5402,-8.07541391,0.34863333333333335,0.043166666666666666,0.0253
vacancy_O2,O2 vacancy,octahedral,3,9;1;5,5.53521391,-2.5232,-8.05841391,0.3439666666666667,0.043666666666666666,0.02576666666666667
vacancy_O2,O2 vacancy,octahedral,3,9;1;5,5.53521391,-2.5062,-8.041413910000001,0.3381,0.04416666666666667,0.0263
vacancy_O2,O2 vacancy,octahedral,3,9;1;5,5.53521391,-2.4891,-8.02431391,0.33163333333333334,0.04476666666666667,0.027
vacancy_O2,O2 vacancy,octahedral,3,9;1;5,5.53521391,-2.4721,-8.00731391,0.3251,0.045533333333333335,0.027733333333333332
vacancy_O2,O2 vacancy,octahedral,3,9;1;5,5.53521391,-2.4551,-7.99031391,0.3189,0.046566666666666666,0.0286
vacancy_O2,O2 vacancy,octahedral,3,9;1;5,5.53521391,-2.438,-7.97321391,0.3133,0.047999999999999994,0.029733333333333334
vacancy_O2,O2 vacancy,octahedral,3,9;1;5,5.53521391,-2.421,-7.956213910000001,0.30823333333333336,0.049633333333333335,0.030833333333333334
vacancy_O2,O2 vacancy,octahedral,3,9;1;5,5.53521391,-2.4039,-7.9391139100000006,0.3037666666666667,0.051333333333333335,0.03213333333333333
vacancy_O2,O2 vacancy,octahedral,3,9;1;5,5.53521391,-2.3869,-7.92211391,0.2997,0.05306666666666667,0.033466666666666665
vacancy_O2,O2 vacancy,octahedral,3,9;1;5,5.53521391,-2.3699,-7.905113910000001,0.29596666666666666,0.05456666666666667,0.03493333333333334
vacancy_O2,O2 vacancy,octahedral,3,9;1;5,5.53521391,-2.3528,-7.88801391,0.29263333333333336,0.05573333333333333,0.036300000000000006
vacancy_O2,O2 vacancy,octahedral,3,9;1;5,5.53521391,-2.3358,-7.87101391,0.2895666666666667,0.056466666666666665,0.03763333333333333
vacancy_O2,O2 vacancy,octahedral,3,9;1;5,5.53521391,-2.3188,-7.854013910000001,0.28683333333333333,0.05683333333333334,0.038766666666666665
vacancy_O2,O2 vacancy,octahedral,3,9;1;5,5.53521391,-2.3017,-7.83691391,0.28436666666666666,0.05676666666666667,0.03986666666666666
vacancy_O2,O2 vacancy,octahedral,3,9;1;5,5.53521391,-2.2847,-7.81991391,0.2821,0.05653333333333333,0.040633333333333334
vacancy_O2,O2 vacancy,octahedral,3,9;1;5,5.53521391,-2.2676,-7.80281391,0.2798,0.05616666666666667,0.041299999999999996
vacancy_O2,O2 vacancy,octahedral,3,9;1;5,5.53521391,-2.2506,-7.78581391,0.2773666666666667,0.055700000000000006,0.0416
vacancy_O2,O2 vacancy,octahedral,3,9;1;5,5.53521391,-2.2336,-7.76881391,0.27466666666666667,0.05533333333333334,0.041666666666666664
vacancy_O2,O2 vacancy,octahedral,3,9;1;5,5.53521391,-2.2165,-7.75171391,0.27163333333333334,0.054966666666666664,0.04153333333333333
vacancy_O2,O2 vacancy,octahedral,3,9;1;5,5.53521391,-2.1995,-7.73471391,0.2682666666666667,0.054433333333333334,0.04116666666666667
vacancy_O2,O2 vacancy,octahedral,3,9;1;5,5.53521391,-2.1825,-7.7177139100000005,0.26476666666666665,0.05393333333333333,0.04066666666666666
vacancy_O2,O2 vacancy,octahedral,3,9;1;5,5.53521391,-2.1654,-7.70061391,0.26113333333333333,0.05313333333333333,0.039933333333333335
vacancy_O2,O2 vacancy,octahedral,3,9;1;5,5.53521391,-2.1484,-7.68361391,0.2576333333333333,0.05223333333333333,0.03913333333333333
vacancy_O2,O2 vacancy,octahedral,3,9;1;5,5.53521391,-2.1314,-7.666613910000001,0.25429999999999997,0.0512,0.03816666666666667
vacancy_O2,O2 vacancy,octahedral,3,9;1;5,5.53521391,-2.1143,-7.6495139100000005,0.25110000000000005,0.04993333333333333,0.037233333333333334
vacancy_O2,O2 vacancy,octahedral,3,9;1;5,5.53521391,-2.0973,-7.63251391,0.24796666666666667,0.04853333333333334,0.036033333333333334
vacancy_O2,O2 vacancy,octahedral,3,9;1;5,5.53521391,-2.0802,-7.615413910000001,0.24476666666666666,0.0472,0.034866666666666664
vacancy_O2,O2 vacancy,octahedral,3,9;1;5,5.53521391,-2.0632,-7.5984139100000005,0.24136666666666665,0.04586666666666667,0.03376666666666667
vacancy_O2,O2 vacancy,octahedral,3,9;1;5,5.53521391,-2.0462,-7.58141391,0.23763333333333334,0.04466666666666667,0.032466666666666665
vacancy_O2,O2 vacancy,octahedral,3,9;1;5,5.53521391,-2.0291,-7.564313910000001,0.23349999999999996,0.043800000000000006,0.03133333333333333
vacancy_O2,O2 vacancy,octahedral,3,9;1;5,5.53521391,-2.0121,-7.547313910000001,0.22899999999999998,0.04313333333333333,0.030300000000000004
vacancy_O2,O2 vacancy,octahedral,3,9;1;5,5.53521391,-1.9951,-7.53031391,0.22419999999999998,0.042966666666666674,0.02953333333333333
vacancy_O2,O2 vacancy,octahedral,3,9;1;5,5.53521391,-1.978,-7.51321391,0.2191,0.04306666666666667,0.028833333333333332
vacancy_O2,O2 vacancy,octahedral,3,9;1;5,5.53521391,-1.961,-7.496213910000001,0.21386666666666668,0.043500000000000004,0.028433333333333335
vacancy_O2,O2 vacancy,octahedral,3,9;1;5,5.53521391,-1.9439,-7.479113910000001,0.2085,0.0441,0.0281
vacancy_O2,O2 vacancy,octahedral,3,9;1;5,5.53521391,-1.9269,-7.46211391,0.20303333333333332,0.0448,0.027933333333333334
vacancy_O2,O2 vacancy,octahedral,3,9;1;5,5.53521391,-1.9099,-7.44511391,0.19756666666666667,0.04533333333333334,0.027733333333333332
vacancy_O2,O2 vacancy,octahedral,3,9;1;5,5.53521391,-1.8928,-7.428013910000001,0.19213333333333335,0.045566666666666665,0.02766666666666667
vacancy_O2,O2 vacancy,octahedral,3,9;1;5,5.53521391,-1.8758,-7.41101391,0.18666666666666668,0.04533333333333334,0.027433333333333334
vacancy_O2,O2 vacancy,octahedral,3,9;1;5,5.53521391,-1.8588,-7.39401391,0.18130000000000002,0.04466666666666667,0.027
vacancy_O2,O2 vacancy,octahedral,3,9;1;5,5.53521391,-1.8417,-7.376913910000001,0.17613333333333334,0.0436,0.026566666666666666
vacancy_O2,O2 vacancy,octahedral,3,9;1;5,5.53521391,-1.8247,-7.35991391,0.17123333333333335,0.0421,0.025933333333333336
vacancy_O2,O2 vacancy,octahedral,3,9;1;5,5.53521391,-1.8077,-7.34291391,0.16656666666666667,0.0405,0.02526666666666667
vacancy_O2,O2 vacancy,octahedral,3,9;1;5,5.53521391,-1.7906,-7.325813910000001,0.16213333333333332,0.03886666666666667,0.024566666666666667
vacancy_O2,O2 vacancy,octahedral,3,9;1;5,5.53521391,-1.7736,-7.3088139100000005,0.15789999999999998,0.0374,0.02383333333333333
vacancy_O2,O2 vacancy,octahedral,3,9;1;5,5.53521391,-1.7565,-7.29171391,0.1537666666666667,0.03626666666666667,0.02313333333333333
vacancy_O2,O2 vacancy,octahedral,3,9;1;5,5.53521391,-1.7395,-7.274713910000001,0.14983333333333335,0.0356,0.022500000000000003
vacancy_O2,O2 vacancy,octahedral,3,9;1;5,5.53521391,-1.7225,-7.2577139100000005,0.14613333333333334,0.03543333333333334,0.022066666666666665
vacancy_O2,O2 vacancy,octahedral,3,9;1;5,5.53521391,-1.7054,-7.24061391,0.14286666666666667,0.03576666666666667,0.0218
vacancy_O2,O2 vacancy,octahedral,3,9;1;5,5.53521391,-1.6884,-7.22361391,0.1401,0.03663333333333333,0.021633333333333327
vacancy_O2,O2 vacancy,octahedral,3,9;1;5,5.53521391,-1.6714,-7.206613910000001,0.1379,0.037866666666666667,0.021699999999999997
vacancy_O2,O2 vacancy,octahedral,3,9;1;5,5.53521391,-1.6543,-7.1895139100000005,0.1362,0.03946666666666667,0.021866666666666663
vacancy_O2,O2 vacancy,octahedral,3,9;1;5,5.53521391,-1.6373,-7.17251391,0.13476666666666667,0.04116666666666667,0.022133333333333328
vacancy_O2,O2 vacancy,octahedral,3,9;1;5,5.53521391,-1.6203,-7.155513910000001,0.1334,0.04303333333333333,0.022500000000000003
vacancy_O2,O2 vacancy,octahedral,3,9;1;5,5.53521391,-1.6032,-7.138413910000001,0.13193333333333332,0.044866666666666666,0.022833333333333334
vacancy_O2,O2 vacancy,octahedral,3,9;1;5,5.53521391,-1.5862,-7.12141391,0.13026666666666667,0.04683333333333333,0.023266666666666668
vacancy_O2,O2 vacancy,octahedral,3,9;1;5,5.53521391,-1.5691,-7.10431391,0.12836666666666666,0.0489,0.02376666666666667
vacancy_O2,O2 vacancy,octahedral,3,9;1;5,5.53521391,-1.5521,-7.087313910000001,0.12633333333333333,0.05106666666666667,0.02416666666666667
vacancy_O2,O2 vacancy,octahedral,3,9;1;5,5.53521391,-1.5351,-7.07031391,0.12430000000000001,0.05333333333333332,0.02463333333333333
vacancy_O2,O2 vacancy,octahedral,3,9;1;5,5.53521391,-1.518,-7.05321391,0.12236666666666668,0.055766666666666666,0.024966666666666665
vacancy_O2,O2 vacancy,octahedral,3,9;1;5,5.53521391,-1.501,-7.036213910000001,0.1206,0.058033333333333326,0.025233333333333333
vacancy_O2,O2 vacancy,octahedral,3,9;1;5,5.53521391,-1.484,-7.01921391,0.119,0.06010000000000001,0.025366666666666666
vacancy_O2,O2 vacancy,octahedral,3,9;1;5,5.53521391,-1.4669,-7.00211391,0.11743333333333333,0.061900000000000004,0.02523333333333333
vacancy_O2,O2 vacancy,octahedral,3,9;1;5,5.53521391,-1.4499,-6.985113910000001,0.11586666666666667,0.06333333333333334,0.024866666666666665
vacancy_O2,O2 vacancy,octahedral,3,9;1;5,5.53521391,-1.4328,-6.968013910000001,0.11426666666666667,0.0645,0.02426666666666667
vacancy_O2,O2 vacancy,octahedral,3,9;1;5,5.53521391,-1.4158,-6.95101391,0.11263333333333335,0.06546666666666667,0.023466666666666663
vacancy_O2,O2 vacancy,octahedral,3,9;1;5,5.53521391,-1.3988,-6.934013910000001,0.11120000000000001,0.06633333333333334,0.022566666666666665
vacancy_O2,O2 vacancy,octahedral,3,9;1;5,5.53521391,-1.3817,-6.91691391,0.11006666666666666,0.06733333333333333,0.021566666666666665
vacancy_O2,O2 vacancy,octahedral,3,9;1;5,5.53521391,-1.3647,-6.89991391,0.1095,0.06863333333333334,0.0208
vacancy_O2,O2 vacancy,octahedral,3,9;1;5,5.53521391,-1.3477,-6.88291391,0.10959999999999999,0.07006666666666667,0.020066666666666667
vacancy_O2,O2 vacancy,octahedral,3,9;1;5,5.53521391,-1.3306,-6.86581391,0.11043333333333334,0.0717,0.0197
vacancy_O2,O2 vacancy,octahedral,3,9;1;5,5.53521391,-1.3136,-6.8488139100000005,0.11170000000000001,0.07336666666666668,0.019433333333333334
vacancy_O2,O2 vacancy,octahedral,3,9;1;5,5.53521391,-1.2966,-6.83181391,0.11313333333333335,0.0751,0.0194
vacancy_O2,O2 vacancy,octahedral,3,9;1;5,5.53521391,-1.2795,-6.81471391,0.1144,0.07686666666666667,0.0195
vacancy_O2,O2 vacancy,octahedral,3,9;1;5,5.53521391,-1.2625,-6.797713910000001,0.11516666666666668,0.0784,0.019533333333333333
vacancy_O2,O2 vacancy,octahedral,3,9;1;5,5.53521391,-1.2454,-6.7806139100000005,0.11513333333333332,0.07989999999999998,0.019733333333333335
vacancy_O2,O2 vacancy,octahedral,3,9;1;5,5.53521391,-1.2284,-6.76361391,0.11413333333333335,0.08126666666666667,0.0198
vacancy_O2,O2 vacancy,octahedral,3,9;1;5,5.53521391,-1.2114,-6.746613910000001,0.11223333333333334,0.08253333333333333,0.019833333333333335
vacancy_O2,O2 vacancy,octahedral,3,9;1;5,5.53521391,-1.1943,-6.7295139100000005,0.10953333333333333,0.08356666666666666,0.019733333333333335
vacancy_O2,O2 vacancy,octahedral,3,9;1;5,5.53521391,-1.1773,-6.71251391,0.10610000000000001,0.08439999999999999,0.019599999999999996
vacancy_O2,O2 vacancy,octahedral,3,9;1;5,5.53521391,-1.1603,-6.695513910000001,0.10203333333333332,0.08490000000000002,0.019466666666666667
vacancy_O2,O2 vacancy,octahedral,3,9;1;5,5.53521391,-1.1432,-6.678413910000001,0.09746666666666666,0.08496666666666668,0.019266666666666665
vacancy_O2,O2 vacancy,octahedral,3,9;1;5,5.53521391,-1.1262,-6.66141391,0.09256666666666667,0.0845,0.0189
vacancy_O2,O2 vacancy,octahedral,3,9;1;5,5.53521391,-1.1091,-6.64431391,0.0873,0.08373333333333333,0.018733333333333334
vacancy_O2,O2 vacancy,octahedral,3,9;1;5,5.53521391,-1.0921,-6.627313910000001,0.08193333333333332,0.0827,0.0185
vacancy_O2,O2 vacancy,octahedral,3,9;1;5,5.53521391,-1.0751,-6.61031391,0.07653333333333333,0.08156666666666666,0.0184
vacancy_O2,O2 vacancy,octahedral,3,9;1;5,5.53521391,-1.058,-6.59321391,0.0714,0.08076666666666667,0.0183
vacancy_O2,O2 vacancy,octahedral,3,9;1;5,5.53521391,-1.041,-6.57621391,0.06663333333333334,0.08033333333333333,0.0186
vacancy_O2,O2 vacancy,octahedral,3,9;1;5,5.53521391,-1.024,-6.55921391,0.06246666666666666,0.08056666666666666,0.019100000000000002
vacancy_O2,O2 vacancy,octahedral,3,9;1;5,5.53521391,-1.0069,-6.54211391,0.059,0.08146666666666667,0.01966666666666667
vacancy_O2,O2 vacancy,octahedral,3,9;1;5,5.53521391,-0.9899,-6.52511391,0.056299999999999996,0.08316666666666665,0.0205
vacancy_O2,O2 vacancy,octahedral,3,9;1;5,5.53521391,-0.9729,-6.5081139100000005,0.054433333333333334,0.08546666666666668,0.021566666666666668
vacancy_O2,O2 vacancy,octahedral,3,9;1;5,5.53521391,-0.9558,-6.49101391,0.053266666666666664,0.08826666666666666,0.022699999999999998
vacancy_O2,O2 vacancy,octahedral,3,9;1;5,5.53521391,-0.9388,-6.47401391,0.05266666666666667,0.0913,0.02383333333333333
vacancy_O2,O2 vacancy,octahedral,3,9;1;5,5.53521391,-0.9217,-6.456913910000001,0.05246666666666666,0.09453333333333334,0.025033333333333335
vacancy_O2,O2 vacancy,octahedral,3,9;1;5,5.53521391,-0.9047,-6.4399139100000005,0.052300000000000006,0.09786666666666666,0.026033333333333335
vacancy_O2,O2 vacancy,octahedral,3,9;1;5,5.53521391,-0.8877,-6.42291391,0.05216666666666667,0.10103333333333335,0.0268
vacancy_O2,O2 vacancy,octahedral,3,9;1;5,5.53521391,-0.8706,-6.405813910000001,0.05173333333333333,0.10416666666666667,0.027533333333333337
vacancy_O2,O2 vacancy,octahedral,3,9;1;5,5.53521391,-0.8536,-6.3888139100000005,0.05096666666666667,0.10713333333333334,0.028033333333333337
vacancy_O2,O2 vacancy,octahedral,3,9;1;5,5.53521391,-0.8366,-6.37181391,0.04986666666666667,0.10986666666666667,0.028399999999999998
vacancy_O2,O2 vacancy,octahedral,3,9;1;5,5.53521391,-0.8195,-6.35471391,0.04850000000000001,0.1123,0.028533333333333338
vacancy_O2,O2 vacancy,octahedral,3,9;1;5,5.53521391,-0.8025,-6.337713910000001,0.04700000000000001,0.1146,0.028633333333333334
vacancy_O2,O2 vacancy,octahedral,3,9;1;5,5.53521391,-0.7854,-6.3206139100000005,0.04549999999999999,0.11666666666666665,0.028633333333333334
vacancy_O2,O2 vacancy,octahedral,3,9;1;5,5.53521391,-0.7684,-6.30361391,0.0441,0.11866666666666666,0.028633333333333334
vacancy_O2,O2 vacancy,octahedral,3,9;1;5,5.53521391,-0.7514,-6.286613910000001,0.0429,0.1208,0.028633333333333334
vacancy_O2,O2 vacancy,octahedral,3,9;1;5,5.53521391,-0.7343,-6.269513910000001,0.042,0.12303333333333333,0.028766666666666663
vacancy_O2,O2 vacancy,octahedral,3,9;1;5,5.53521391,-0.7173,-6.25251391,0.04133333333333333,0.12560000000000002,0.028999999999999998
vacancy_O2,O2 vacancy,octahedral,3,9;1;5,5.53521391,-0.7003,-6.235513910000001,0.041,0.12826666666666667,0.029333333333333333
vacancy_O2,O2 vacancy,octahedral,3,9;1;5,5.53521391,-0.6832,-6.218413910000001,0.0409,0.13093333333333335,0.029733333333333334
vacancy_O2,O2 vacancy,octahedral,3,9;1;5,5.53521391,-0.6662,-6.20141391,0.040933333333333335,0.1332,0.03013333333333333
vacancy_O2,O2 vacancy,octahedral,3,9;1;5,5.53521391,-0.6492,-6.18441391,0.041,0.13490000000000002,0.0306
vacancy_O2,O2 vacancy,octahedral,3,9;1;5,5.53521391,-0.6321,-6.167313910000001,0.040966666666666665,0.13560000000000003,0.0309
vacancy_O2,O2 vacancy,octahedral,3,9;1;5,5.53521391,-0.6151,-6.15031391,0.040799999999999996,0.13523333333333332,0.03106666666666667
vacancy_O2,O2 vacancy,octahedral,3,9;1;5,5.53521391,-0.598,-6.13321391,0.0403,0.13356666666666667,0.031133333333333336
vacancy_O2,O2 vacancy,octahedral,3,9;1;5,5.53521391,-0.581,-6.116213910000001,0.03953333333333334,0.1308,0.031033333333333333
vacancy_O2,O2 vacancy,octahedral,3,9;1;5,5.53521391,-0.564,-6.0992139100000005,0.038433333333333326,0.12726666666666667,0.030766666666666668
vacancy_O2,O2 vacancy,octahedral,3,9;1;5,5.53521391,-0.5469,-6.08211391,0.03726666666666667,0.12323333333333335,0.03046666666666667
vacancy_O2,O2 vacancy,octahedral,3,9;1;5,5.53521391,-0.5299,-6.065113910000001,0.03596666666666667,0.1193,0.030133333333333335
vacancy_O2,O2 vacancy,octahedral,3,9;1;5,5.53521391,-0.5129,-6.0481139100000005,0.0347,0.11586666666666667,0.02996666666666667
vacancy_O2,O2 vacancy,octahedral,3,9;1;5,5.53521391,-0.4958,-6.03101391,0.033666666666666664,0.11320000000000001,0.03003333333333333
vacancy_O2,O2 vacancy,octahedral,3,9;1;5,5.53521391,-0.4788,-6.01401391,0.032766666666666666,0.11159999999999999,0.030266666666666664
vacancy_O2,O2 vacancy,octahedral,3,9;1;5,5.53521391,-0.4617,-5.99691391,0.03203333333333333,0.11106666666666666,0.03056666666666667
vacancy_O2,O2 vacancy,octahedral,3,9;1;5,5.53521391,-0.4447,-5.9799139100000005,0.031466666666666664,0.11146666666666667,0.0311
vacancy_O2,O2 vacancy,octahedral,3,9;1;5,5.53521391,-0.4277,-5.96291391,0.031033333333333333,0.11273333333333334,0.03186666666666666
vacancy_O2,O2 vacancy,octahedral,3,9;1;5,5.53521391,-0.4106,-5.94581391,0.030666666666666665,0.11469999999999998,0.0328
vacancy_O2,O2 vacancy,octahedral,3,9;1;5,5.53521391,-0.3936,-5.928813910000001,0.0304,0.11716666666666666,0.0337
vacancy_O2,O2 vacancy,octahedral,3,9;1;5,5.53521391,-0.3766,-5.91181391,0.0302,0.1201,0.03466666666666667
vacancy_O2,O2 vacancy,octahedral,3,9;1;5,5.53521391,-0.3595,-5.89471391,0.030133333333333335,0.12346666666666667,0.03583333333333333
vacancy_O2,O2 vacancy,octahedral,3,9;1;5,5.53521391,-0.3425,-5.877713910000001,0.0302,0.12723333333333334,0.037
vacancy_O2,O2 vacancy,octahedral,3,9;1;5,5.53521391,-0.3255,-5.86071391,0.030366666666666667,0.13096666666666668,0.03813333333333333
vacancy_O2,O2 vacancy,octahedral,3,9;1;5,5.53521391,-0.3084,-5.84361391,0.030633333333333335,0.13473333333333332,0.03913333333333333
vacancy_O2,O2 vacancy,octahedral,3,9;1;5,5.53521391,-0.2914,-5.826613910000001,0.031,0.13813333333333333,0.03993333333333334
vacancy_O2,O2 vacancy,octahedral,3,9;1;5,5.53521391,-0.2743,-5.809513910000001,0.03136666666666666,0.14086666666666667,0.04066666666666666
vacancy_O2,O2 vacancy,octahedral,3,9;1;5,5.53521391,-0.2573,-5.79251391,0.031733333333333336,0.14303333333333335,0.0412
vacancy_O2,O2 vacancy,octahedral,3,9;1;5,5.53521391,-0.2403,-5.775513910000001,0.032,0.14446666666666666,0.04189999999999999
vacancy_O2,O2 vacancy,octahedral,3,9;1;5,5.53521391,-0.2232,-5.758413910000001,0.032233333333333336,0.14563333333333336,0.042366666666666664
vacancy_O2,O2 vacancy,octahedral,3,9;1;5,5.53521391,-0.2062,-5.74141391,0.032433333333333335,0.1469,0.0431
vacancy_O2,O2 vacancy,octahedral,3,9;1;5,5.53521391,-0.1892,-5.72441391,0.0327,0.1486,0.044000000000000004
vacancy_O2,O2 vacancy,octahedral,3,9;1;5,5.53521391,-0.1721,-5.707313910000001,0.03303333333333333,0.15093333333333334,0.04516666666666667
vacancy_O2,O2 vacancy,octahedral,3,9;1;5,5.53521391,-0.1551,-5.69031391,0.033433333333333336,0.15406666666666666,0.04643333333333333
vacancy_O2,O2 vacancy,octahedral,3,9;1;5,5.53521391,-0.138,-5.67321391,0.033999999999999996,0.15773333333333336,0.04783333333333334
vacancy_O2,O2 vacancy,octahedral,3,9;1;5,5.53521391,-0.121,-5.65621391,0.03463333333333333,0.1617333333333333,0.04903333333333334
vacancy_O2,O2 vacancy,octahedral,3,9;1;5,5.53521391,-0.104,-5.6392139100000005,0.035300000000000005,0.1653666666666667,0.05006666666666667
vacancy_O2,O2 vacancy,octahedral,3,9;1;5,5.53521391,-0.0869,-5.62211391,0.03593333333333334,0.16840000000000002,0.05076666666666666
vacancy_O2,O2 vacancy,octahedral,3,9;1;5,5.53521391,-0.0699,-5.60511391,0.03646666666666667,0.17049999999999998,0.05113333333333333
vacancy_O2,O2 vacancy,octahedral,3,9;1;5,5.53521391,-0.0529,-5.588113910000001,0.03696666666666667,0.17153333333333334,0.051166666666666666
vacancy_O2,O2 vacancy,octahedral,3,9;1;5,5.53521391,-0.0358,-5.5710139100000005,0.03733333333333333,0.17156666666666665,0.051
vacancy_O2,O2 vacancy,octahedral,3,9;1;5,5.53521391,-0.0188,-5.55401391,0.037700000000000004,0.1708333333333333,0.05063333333333333
vacancy_O2,O2 vacancy,octahedral,3,9;1;5,5.53521391,-0.0018,-5.537013910000001,0.038066666666666665,0.1698666666666667,0.05043333333333333
vacancy_O2,O2 vacancy,octahedral,3,9;1;5,5.53521391,0.0153,-5.5199139100000005,0.038566666666666666,0.16863333333333333,0.050300000000000004
vacancy_O2,O2 vacancy,octahedral,3,9;1;5,5.53521391,0.0323,-5.50291391,0.03913333333333333,0.1676333333333333,0.05026666666666666
vacancy_O2,O2 vacancy,octahedral,3,9;1;5,5.53521391,0.0494,-5.48581391,0.039733333333333336,0.16706666666666667,0.050333333333333334
vacancy_O2,O2 vacancy,octahedral,3,9;1;5,5.53521391,0.0664,-5.468813910000001,0.0404,0.167,0.05046666666666667
vacancy_O2,O2 vacancy,octahedral,3,9;1;5,5.53521391,0.0834,-5.45181391,0.04096666666666667,0.1676,0.0506
vacancy_O2,O2 vacancy,octahedral,3,9;1;5,5.53521391,0.1005,-5.43471391,0.04156666666666666,0.1689333333333333,0.0506
vacancy_O2,O2 vacancy,octahedral,3,9;1;5,5.53521391,0.1175,-5.417713910000001,0.04203333333333333,0.1709333333333333,0.05053333333333334
vacancy_O2,O2 vacancy,octahedral,3,9;1;5,5.53521391,0.1345,-5.40071391,0.04243333333333333,0.17353333333333332,0.050300000000000004
vacancy_O2,O2 vacancy,octahedral,3,9;1;5,5.53521391,0.1516,-5.38361391,0.042833333333333334,0.17656666666666668,0.0501
vacancy_O2,O2 vacancy,octahedral,3,9;1;5,5.53521391,0.1686,-5.366613910000001,0.043166666666666666,0.17959999999999998,0.049666666666666665
vacancy_O2,O2 vacancy,octahedral,3,9;1;5,5.53521391,0.1857,-5.349513910000001,0.043466666666666674,0.18250000000000002,0.04929999999999999
vacancy_O2,O2 vacancy,octahedral,3,9;1;5,5.53521391,0.2027,-5.33251391,0.04376666666666667,0.18473333333333333,0.04876666666666666
vacancy_O2,O2 vacancy,octahedral,3,9;1;5,5.53521391,0.2197,-5.31551391,0.044033333333333334,0.1863,0.048100000000000004
vacancy_O2,O2 vacancy,octahedral,3,9;1;5,5.53521391,0.2368,-5.298413910000001,0.044233333333333326,0.18730000000000002,0.04763333333333333
vacancy_O2,O2 vacancy,octahedral,3,9;1;5,5.53521391,0.2538,-5.28141391,0.044366666666666665,0.18800000000000003,0.04726666666666667
vacancy_O2,O2 vacancy,octahedral,3,9;1;5,5.53521391,0.2708,-5.26441391,0.044399999999999995,0.18866666666666665,0.04696666666666668
vacancy_O2,O2 vacancy,octahedral,3,9;1;5,5.53521391,0.2879,-5.247313910000001,0.044366666666666665,0.18966666666666668,0.0467
vacancy_O2,O2 vacancy,octahedral,3,9;1;5,5.53521391,0.3049,-5.2303139100000005,0.044333333333333336,0.19106666666666663,0.04676666666666667
vacancy_O2,O2 vacancy,octahedral,3,9;1;5,5.53521391,0.3219,-5.21331391,0.0443,0.19286666666666666,0.04680000000000001
vacancy_O2,O2 vacancy,octahedral,3,9;1;5,5.53521391,0.339,-5.19621391,0.044199999999999996,0.1949,0.04716666666666667
vacancy_O2,O2 vacancy,octahedral,3,9;1;5,5.53521391,0.356,-5.1792139100000005,0.0441,0.1968,0.04753333333333334
vacancy_O2,O2 vacancy,octahedral,3,9;1;5,5.53521391,0.3731,-5.16211391,0.04393333333333333,0.19826666666666667,0.04793333333333333
vacancy_O2,O2 vacancy,octahedral,3,9;1;5,5.53521391,0.3901,-5.14511391,0.043699999999999996,0.19896666666666665,0.04836666666666667
vacancy_O2,O2 vacancy,octahedral,3,9;1;5,5.53521391,0.4071,-5.128113910000001,0.043333333333333335,0.1988,0.04876666666666667
vacancy_O2,O2 vacancy,octahedral,3,9;1;5,5.53521391,0.4242,-5.1110139100000005,0.042899999999999994,0.19766666666666668,0.049133333333333334
vacancy_O2,O2 vacancy,octahedral,3,9;1;5,5.53521391,0.4412,-5.09401391,0.042333333333333334,0.19573333333333331,0.049466666666666666
vacancy_O2,O2 vacancy,octahedral,3,9;1;5,5.53521391,0.4582,-5.077013910000001,0.041699999999999994,0.1932,0.04986666666666667
vacancy_O2,O2 vacancy,octahedral,3,9;1;5,5.53521391,0.4753,-5.059913910000001,0.04093333333333333,0.19049999999999997,0.05023333333333333
vacancy_O2,O2 vacancy,octahedral,3,9;1;5,5.53521391,0.4923,-5.04291391,0.04013333333333333,0.1878,0.05056666666666667
vacancy_O2,O2 vacancy,octahedral,3,9;1;5,5.53521391,0.5094,-5.02581391,0.039200000000000006,0.18560000000000001,0.05093333333333333
vacancy_O2,O2 vacancy,octahedral,3,9;1;5,5.53521391,0.5264,-5.008813910000001,0.03833333333333333,0.18406666666666668,0.05133333333333334
vacancy_O2,O2 vacancy,octahedral,3,9;1;5,5.53521391,0.5434,-4.99181391,0.03753333333333333,0.1834,0.051699999999999996
vacancy_O2,O2 vacancy,octahedral,3,9;1;5,5.53521391,0.5605,-4.97471391,0.036866666666666666,0.1834,0.0521
vacancy_O2,O2 vacancy,octahedral,3,9;1;5,5.53521391,0.5775,-4.957713910000001,0.036399999999999995,0.18400000000000002,0.05246666666666667
vacancy_O2,O2 vacancy,octahedral,3,9;1;5,5.53521391,0.5945,-4.94071391,0.03626666666666667,0.18506666666666668,0.0529
vacancy_O2,O2 vacancy,octahedral,3,9;1;5,5.53521391,0.6116,-4.92361391,0.03633333333333333,0.1863,0.0532
vacancy_O2,O2 vacancy,octahedral,3,9;1;5,5.53521391,0.6286,-4.906613910000001,0.036566666666666664,0.18746666666666667,0.05356666666666667
vacancy_O2,O2 vacancy,octahedral,3,9;1;5,5.53521391,0.6456,-4.8896139100000005,0.036899999999999995,0.18836666666666665,0.05383333333333334
vacancy_O2,O2 vacancy,octahedral,3,9;1;5,5.53521391,0.6627,-4.87251391,0.03716666666666667,0.18876666666666667,0.05406666666666667
vacancy_O2,O2 vacancy,octahedral,3,9;1;5,5.53521391,0.6797,-4.855513910000001,0.03733333333333333,0.18866666666666668,0.05416666666666667
vacancy_O2,O2 vacancy,octahedral,3,9;1;5,5.53521391,0.6968,-4.838413910000001,0.0373,0.18823333333333334,0.05416666666666667
vacancy_O2,O2 vacancy,octahedral,3,9;1;5,5.53521391,0.7138,-4.82141391,0.037033333333333335,0.1874,0.05433333333333334
vacancy_O2,O2 vacancy,octahedral,3,9;1;5,5.53521391,0.7308,-4.80441391,0.036533333333333334,0.18653333333333333,0.054266666666666664
vacancy_O2,O2 vacancy,octahedral,3,9;1;5,5.53521391,0.7479,-4.78731391,0.035866666666666665,0.18566666666666667,0.05430000000000001
vacancy_O2,O2 vacancy,octahedral,3,9;1;5,5.53521391,0.7649,-4.7703139100000005,0.0351,0.18499999999999997,0.05430000000000001
vacancy_O2,O2 vacancy,octahedral,3,9;1;5,5.53521391,0.7819,-4.75331391,0.03423333333333333,0.18463333333333332,0.054299999999999994
vacancy_O2,O2 vacancy,octahedral,3,9;1;5,5.53521391,0.799,-4.73621391,0.03333333333333333,0.18416666666666667,0.05436666666666667
vacancy_O2,O2 vacancy,octahedral,3,9;1;5,5.53521391,0.816,-4.719213910000001,0.032433333333333335,0.18363333333333334,0.054333333333333324
vacancy_O2,O2 vacancy,octahedral,3,9;1;5,5.53521391,0.8331,-4.7021139100000005,0.03146666666666667,0.1828,0.054266666666666664
vacancy_O2,O2 vacancy,octahedral,3,9;1;5,5.53521391,0.8501,-4.68511391,0.030433333333333337,0.18156666666666665,0.05416666666666667
vacancy_O2,O2 vacancy,octahedral,3,9;1;5,5.53521391,0.8671,-4.668113910000001,0.0294,0.18003333333333335,0.05399999999999999
vacancy_O2,O2 vacancy,octahedral,3,9;1;5,5.53521391,0.8842,-4.6510139100000005,0.02836666666666667,0.17820000000000003,0.05386666666666667
vacancy_O2,O2 vacancy,octahedral,3,9;1;5,5.53521391,0.9012,-4.63401391,0.027366666666666668,0.1765,0.053766666666666664
vacancy_O2,O2 vacancy,octahedral,3,9;1;5,5.53521391,0.9182,-4.617013910000001,0.026466666666666666,0.1751,0.05363333333333334
vacancy_O2,O2 vacancy,octahedral,3,9;1;5,5.53521391,0.9353,-4.599913910000001,0.0257,0.17423333333333332,0.05366666666666666
vacancy_O2,O2 vacancy,octahedral,3,9;1;5,5.53521391,0.9523,-4.58291391,0.025066666666666668,0.17400000000000002,0.053799999999999994
vacancy_O2,O2 vacancy,octahedral,3,9;1;5,5.53521391,0.9693,-4.565913910000001,0.0247,0.17436666666666667,0.05413333333333334
vacancy_O2,O2 vacancy,octahedral,3,9;1;5,5.53521391,0.9864,-4.548813910000001,0.024466666666666664,0.1752,0.05453333333333333
vacancy_O2,O2 vacancy,octahedral,3,9;1;5,5.53521391,1.0034,-4.53181391,0.0244,0.17623333333333333,0.05513333333333334
vacancy_O2,O2 vacancy,octahedral,3,9;1;5,5.53521391,1.0205,-4.51471391,0.024433333333333335,0.17726666666666666,0.056
vacancy_O2,O2 vacancy,octahedral,3,9;1;5,5.53521391,1.0375,-4.49771391,0.024566666666666667,0.17800000000000002,0.056966666666666665
vacancy_O2,O2 vacancy,octahedral,3,9;1;5,5.53521391,1.0545,-4.48071391,0.02466666666666667,0.17836666666666665,0.058100000000000006
vacancy_O2,O2 vacancy,octahedral,3,9;1;5,5.53521391,1.0716,-4.46361391,0.02476666666666667,0.17826666666666666,0.05946666666666667
vacancy_O2,O2 vacancy,octahedral,3,9;1;5,5.53521391,1.0886,-4.44661391,0.024833333333333332,0.17753333333333332,0.06106666666666666
vacancy_O2,O2 vacancy,octahedral,3,9;1;5,5.53521391,1.1056,-4.4296139100000005,0.024833333333333336,0.17623333333333335,0.06256666666666667
vacancy_O2,O2 vacancy,octahedral,3,9;1;5,5.53521391,1.1227,-4.41251391,0.024866666666666665,0.1742,0.06406666666666666
vacancy_O2,O2 vacancy,octahedral,3,9;1;5,5.53521391,1.1397,-4.39551391,0.0248,0.17149999999999999,0.0654
vacancy_O2,O2 vacancy,octahedral,3,9;1;5,5.53521391,1.1568,-4.378413910000001,0.0247,0.16793333333333335,0.06653333333333333
vacancy_O2,O2 vacancy,octahedral,3,9;1;5,5.53521391,1.1738,-4.3614139100000004,0.024566666666666667,0.16366666666666665,0.0672
vacancy_O2,O2 vacancy,octahedral,3,9;1;5,5.53521391,1.1908,-4.34441391,0.024333333333333332,0.15846666666666667,0.0674
vacancy_O2,O2 vacancy,octahedral,3,9;1;5,5.53521391,1.2079,-4.327313910000001,0.024066666666666667,0.15273333333333333,0.0674
vacancy_O2,O2 vacancy,octahedral,3,9;1;5,5.53521391,1.2249,-4.3103139100000005,0.0236,0.14643333333333333,0.06693333333333333
vacancy_O2,O2 vacancy,octahedral,3,9;1;5,5.53521391,1.2419,-4.29331391,0.0231,0.13999999999999999,0.06643333333333333
vacancy_O2,O2 vacancy,octahedral,3,9;1;5,5.53521391,1.259,-4.276213910000001,0.022500000000000003,0.1336,0.06596666666666666
vacancy_O2,O2 vacancy,octahedral,3,9;1;5,5.53521391,1.276,-4.259213910000001,0.021833333333333333,0.12783333333333335,0.06583333333333333
vacancy_O2,O2 vacancy,octahedral,3,9;1;5,5.53521391,1.293,-4.24221391,0.021099999999999997,0.12286666666666667,0.066
vacancy_O2,O2 vacancy,octahedral,3,9;1;5,5.53521391,1.3101,-4.22511391,0.020399999999999998,0.11903333333333334,0.06673333333333333
vacancy_O2,O2 vacancy,octahedral,3,9;1;5,5.53521391,1.3271,-4.208113910000001,0.01976666666666667,0.11616666666666668,0.0678
vacancy_O2,O2 vacancy,octahedral,3,9;1;5,5.53521391,1.3442,-4.191013910000001,0.0192,0.11443333333333335,0.0694
vacancy_O2,O2 vacancy,octahedral,3,9;1;5,5.53521391,1.3612,-4.17401391,0.018666666666666668,0.11353333333333333,0.07136666666666665
vacancy_O2,O2 vacancy,octahedral,3,9;1;5,5.53521391,1.3782,-4.15701391,0.018199999999999997,0.11323333333333334,0.07333333333333335
vacancy_O2,O2 vacancy,octahedral,3,9;1;5,5.53521391,1.3953,-4.139913910000001,0.017733333333333334,0.11333333333333334,0.0754
vacancy_O2,O2 vacancy,octahedral,3,9;1;5,5.53521391,1.4123,-4.12291391,0.017333333333333336,0.11370000000000001,0.07726666666666666
vacancy_O2,O2 vacancy,octahedral,3,9;1;5,5.53521391,1.4293,-4.10591391,0.0169,0.11403333333333333,0.079
vacancy_O2,O2 vacancy,octahedral,3,9;1;5,5.53521391,1.4464,-4.088813910000001,0.016566666666666667,0.11453333333333333,0.08046666666666666
vacancy_O2,O2 vacancy,octahedral,3,9;1;5,5.53521391,1.4634,-4.07181391,0.016233333333333332,0.11516666666666668,0.0818
vacancy_O2,O2 vacancy,octahedral,3,9;1;5,5.53521391,1.4805,-4.05471391,0.015966666666666667,0.11593333333333333,0.08303333333333333
vacancy_O2,O2 vacancy,octahedral,3,9;1;5,5.53521391,1.4975,-4.037713910000001,0.015733333333333332,0.11673333333333334,0.0842
vacancy_O2,O2 vacancy,octahedral,3,9;1;5,5.53521391,1.5145,-4.0207139100000004,0.015533333333333335,0.11776666666666667,0.08526666666666667
vacancy_O2,O2 vacancy,octahedral,3,9;1;5,5.53521391,1.5316,-4.00361391,0.015366666666666667,0.1186,0.0863
vacancy_O2,O2 vacancy,octahedral,3,9;1;5,5.53521391,1.5486,-3.9866139100000004,0.0152,0.1193,0.08723333333333333
vacancy_O2,O2 vacancy,octahedral,3,9;1;5,5.53521391,1.5656,-3.9696139100000005,0.015,0.11953333333333334,0.08796666666666668
vacancy_O2,O2 vacancy,octahedral,3,9;1;5,5.53521391,1.5827,-3.9525139100000004,0.014733333333333333,0.11936666666666668,0.08850000000000001
vacancy_O2,O2 vacancy,octahedral,3,9;1;5,5.53521391,1.5997,-3.9355139100000005,0.014466666666666664,0.1186,0.08876666666666666
vacancy_O2,O2 vacancy,octahedral,3,9;1;5,5.53521391,1.6167,-3.9185139100000006,0.014166666666666668,0.11720000000000001,0.08873333333333333
vacancy_O2,O2 vacancy,octahedral,3,9;1;5,5.53521391,1.6338,-3.9014139100000005,0.013866666666666666,0.11526666666666667,0.08853333333333334
vacancy_O2,O2 vacancy,octahedral,3,9;1;5,5.53521391,1.6508,-3.88441391,0.013533333333333333,0.11296666666666666,0.08813333333333333
vacancy_O2,O2 vacancy,octahedral,3,9;1;5,5.53521391,1.6679,-3.8673139100000005,0.013266666666666668,0.1105,0.0876
vacancy_O2,O2 vacancy,octahedral,3,9;1;5,5.53521391,1.6849,-3.8503139100000006,0.012933333333333333,0.10803333333333333,0.08693333333333335
vacancy_O2,O2 vacancy,octahedral,3,9;1;5,5.53521391,1.7019,-3.83331391,0.012566666666666665,0.1055,0.08616666666666666
vacancy_O2,O2 vacancy,octahedral,3,9;1;5,5.53521391,1.719,-3.81621391,0.012233333333333332,0.10316666666666667,0.08513333333333332
vacancy_O2,O2 vacancy,octahedral,3,9;1;5,5.53521391,1.736,-3.7992139100000006,0.011933333333333332,0.10110000000000001,0.08413333333333334
vacancy_O2,O2 vacancy,octahedral,3,9;1;5,5.53521391,1.753,-3.7822139100000003,0.011633333333333334,0.09933333333333334,0.08283333333333333
vacancy_O2,O2 vacancy,octahedral,3,9;1;5,5.53521391,1.7701,-3.76511391,0.011366666666666669,0.09786666666666666,0.0813
vacancy_O2,O2 vacancy,octahedral,3,9;1;5,5.53521391,1.7871,-3.7481139100000007,0.011066666666666667,0.09666666666666668,0.07976666666666667
vacancy_O2,O2 vacancy,octahedral,3,9;1;5,5.53521391,1.8042,-3.7310139100000006,0.0109,0.09576666666666667,0.078
vacancy_O2,O2 vacancy,octahedral,3,9;1;5,5.53521391,1.8212,-3.7140139100000003,0.010700000000000001,0.09503333333333334,0.0765
vacancy_O2,O2 vacancy,octahedral,3,9;1;5,5.53521391,1.8382,-3.6970139100000003,0.010466666666666666,0.09453333333333332,0.07496666666666667
vacancy_O2,O2 vacancy,octahedral,3,9;1;5,5.53521391,1.8553,-3.6799139100000007,0.0102,0.09403333333333334,0.07363333333333333
vacancy_O2,O2 vacancy,octahedral,3,9;1;5,5.53521391,1.8723,-3.6629139100000003,0.009866666666666668,0.09349999999999999,0.07256666666666667
vacancy_O2,O2 vacancy,octahedral,3,9;1;5,5.53521391,1.8893,-3.6459139100000004,0.009466666666666667,0.09283333333333332,0.0719
vacancy_O2,O2 vacancy,octahedral,3,9;1;5,5.53521391,1.9064,-3.6288139100000003,0.009033333333333332,0.09183333333333332,0.07136666666666668
vacancy_O2,O2 vacancy,octahedral,3,9;1;5,5.53521391,1.9234,-3.6118139100000004,0.008533333333333332,0.09056666666666667,0.07113333333333333
vacancy_O2,O2 vacancy,octahedral,3,9;1;5,5.53521391,1.9404,-3.5948139100000005,0.008,0.08893333333333332,0.0714
vacancy_O2,O2 vacancy,octahedral,3,9;1;5,5.53521391,1.9575,-3.5777139100000004,0.007533333333333334,0.08703333333333334,0.0719
vacancy_O2,O2 vacancy,octahedral,3,9;1;5,5.53521391,1.9745,-3.5607139100000005,0.0070999999999999995,0.08493333333333335,0.07293333333333334
vacancy_O2,O2 vacancy,octahedral,3,9;1;5,5.53521391,1.9916,-3.5436139100000004,0.0067666666666666665,0.0828,0.07453333333333334
vacancy_O2,O2 vacancy,octahedral,3,9;1;5,5.53521391,2.0086,-3.5266139100000005,0.0064333333333333334,0.0808,0.07676666666666666
vacancy_O2,O2 vacancy,octahedral,3,9;1;5,5.53521391,2.0256,-3.5096139100000006,0.0062,0.079,0.07926666666666667
vacancy_O2,O2 vacancy,octahedral,3,9;1;5,5.53521391,2.0427,-3.4925139100000004,0.006000000000000001,0.07766666666666666,0.08239999999999999
vacancy_O2,O2 vacancy,octahedral,3,9;1;5,5.53521391,2.0597,-3.4755139100000005,0.0059,0.0766,0.08573333333333333
vacancy_O2,O2 vacancy,octahedral,3,9;1;5,5.53521391,2.0767,-3.45851391,0.0058,0.076,0.08936666666666666
vacancy_O2,O2 vacancy,octahedral,3,9;1;5,5.53521391,2.0938,-3.4414139100000005,0.005733333333333333,0.07576666666666666,0.09313333333333333
vacancy_O2,O2 vacancy,octahedral,3,9;1;5,5.53521391,2.1108,-3.4244139100000006,0.005666666666666667,0.07596666666666667,0.09693333333333333
vacancy_O2,O2 vacancy,octahedral,3,9;1;5,5.53521391,2.1279,-3.4073139100000005,0.005699999999999999,0.07643333333333334,0.10113333333333334
vacancy_O2,O2 vacancy,octahedral,3,9;1;5,5.53521391,2.1449,-3.3903139100000006,0.005666666666666667,0.0773,0.10556666666666666
vacancy_O2,O2 vacancy,octahedral,3,9;1;5,5.53521391,2.1619,-3.3733139100000002,0.005633333333333333,0.07826666666666666,0.11009999999999999
vacancy_O2,O2 vacancy,octahedral,3,9;1;5,5.53521391,2.179,-3.3562139100000006,0.0056,0.0794,0.11496666666666666
vacancy_O2,O2 vacancy,octahedral,3,9;1;5,5.53521391,2.196,-3.3392139100000002,0.005566666666666667,0.08046666666666667,0.11996666666666667
vacancy_O2,O2 vacancy,octahedral,3,9;1;5,5.53521391,2.213,-3.3222139100000003,0.005533333333333332,0.08143333333333332,0.12476666666666668
vacancy_O2,O2 vacancy,octahedral,3,9;1;5,5.53521391,2.2301,-3.30511391,0.0055000000000000005,0.082,0.12933333333333333
vacancy_O2,O2 vacancy,octahedral,3,9;1;5,5.53521391,2.2471,-3.2881139100000003,0.0055000000000000005,0.08216666666666667,0.13349999999999998
vacancy_O2,O2 vacancy,octahedral,3,9;1;5,5.53521391,2.2641,-3.2711139100000004,0.005566666666666667,0.08199999999999999,0.1371
vacancy_O2,O2 vacancy,octahedral,3,9;1;5,5.53521391,2.2812,-3.2540139100000003,0.005666666666666667,0.08143333333333333,0.14006666666666664
vacancy_O2,O2 vacancy,octahedral,3,9;1;5,5.53521391,2.2982,-3.2370139100000004,0.005733333333333333,0.08073333333333334,0.14246666666666666
vacancy_O2,O2 vacancy,octahedral,3,9;1;5,5.53521391,2.3153,-3.2199139100000003,0.005833333333333333,0.0798,0.14426666666666668
vacancy_O2,O2 vacancy,octahedral,3,9;1;5,5.53521391,2.3323,-3.2029139100000004,0.005966666666666666,0.07886666666666665,0.14559999999999998
vacancy_O2,O2 vacancy,octahedral,3,9;1;5,5.53521391,2.3493,-3.1859139100000005,0.006066666666666667,0.078,0.1464
vacancy_O2,O2 vacancy,octahedral,3,9;1;5,5.53521391,2.3664,-3.1688139100000003,0.006166666666666667,0.07723333333333333,0.1469
vacancy_O2,O2 vacancy,octahedral,3,9;1;5,5.53521391,2.3834,-3.1518139100000004,0.0063,0.07640000000000001,0.14709999999999998
vacancy_O2,O2 vacancy,octahedral,3,9;1;5,5.53521391,2.4004,-3.1348139100000005,0.0063999999999999994,0.07556666666666666,0.14713333333333334
vacancy_O2,O2 vacancy,octahedral,3,9;1;5,5.53521391,2.4175,-3.1177139100000004,0.0065,0.0748,0.14739999999999998
vacancy_O2,O2 vacancy,octahedral,3,9;1;5,5.53521391,2.4345,-3.1007139100000005,0.006599999999999999,0.07403333333333334,0.14796666666666666
vacancy_O2,O2 vacancy,octahedral,3,9;1;5,5.53521391,2.4515,-3.0837139100000006,0.006666666666666665,0.0731,0.14883333333333335
vacancy_O2,O2 vacancy,octahedral,3,9;1;5,5.53521391,2.4686,-3.0666139100000005,0.006733333333333334,0.0721,0.15023333333333333
vacancy_O2,O2 vacancy,octahedral,3,9;1;5,5.53521391,2.4856,-3.0496139100000006,0.0068000000000000005,0.07083333333333332,0.15193333333333334
vacancy_O2,O2 vacancy,octahedral,3,9;1;5,5.53521391,2.5027,-3.0325139100000005,0.0067666666666666665,0.06956666666666667,0.15406666666666666
vacancy_O2,O2 vacancy,octahedral,3,9;1;5,5.53521391,2.5197,-3.0155139100000006,0.0068,0.06806666666666666,0.15613333333333332
vacancy_O2,O2 vacancy,octahedral,3,9;1;5,5.53521391,2.5367,-2.9985139100000002,0.006733333333333333,0.06623333333333334,0.15813333333333332
vacancy_O2,O2 vacancy,octahedral,3,9;1;5,5.53521391,2.5538,-2.9814139100000006,0.006666666666666667,0.06433333333333334,0.15986666666666668
vacancy_O2,O2 vacancy,octahedral,3,9;1;5,5.53521391,2.5708,-2.96441391,0.006600000000000001,0.0622,0.161
vacancy_O2,O2 vacancy,octahedral,3,9;1;5,5.53521391,2.5878,-2.9474139100000003,0.006533333333333333,0.05983333333333333,0.1617333333333333
vacancy_O2,O2 vacancy,octahedral,3,9;1;5,5.53521391,2.6049,-2.93031391,0.006466666666666667,0.0574,0.16193333333333335
vacancy_O2,O2 vacancy,octahedral,3,9;1;5,5.53521391,2.6219,-2.9133139100000003,0.006366666666666666,0.05486666666666667,0.16146666666666665
vacancy_O2,O2 vacancy,octahedral,3,9;1;5,5.53521391,2.639,-2.8962139100000006,0.006366666666666666,0.05246666666666666,0.16083333333333336
vacancy_O2,O2 vacancy,octahedral,3,9;1;5,5.53521391,2.656,-2.8792139100000003,0.006333333333333334,0.05006666666666667,0.15960000000000002
vacancy_O2,O2 vacancy,octahedral,3,9;1;5,5.53521391,2.673,-2.8622139100000004,0.0063,0.04783333333333334,0.15803333333333336
vacancy_O2,O2 vacancy,octahedral,3,9;1;5,5.53521391,2.6901,-2.8451139100000002,0.006266666666666666,0.04566666666666667,0.15603333333333333
vacancy_O2,O2 vacancy,octahedral,3,9;1;5,5.53521391,2.7071,-2.8281139100000003,0.0063,0.043733333333333325,0.15366666666666665
vacancy_O2,O2 vacancy,octahedral,3,9;1;5,5.53521391,2.7241,-2.8111139100000004,0.006266666666666667,0.04193333333333333,0.1507333333333333
vacancy_O2,O2 vacancy,octahedral,3,9;1;5,5.53521391,2.7412,-2.7940139100000003,0.006266666666666667,0.0403,0.14753333333333332
vacancy_O2,O2 vacancy,octahedral,3,9;1;5,5.53521391,2.7582,-2.7770139100000004,0.006233333333333334,0.03893333333333333,0.14416666666666667
vacancy_O2,O2 vacancy,octahedral,3,9;1;5,5.53521391,2.7752,-2.7600139100000005,0.006266666666666667,0.0376,0.1406333333333333
vacancy_O2,O2 vacancy,octahedral,3,9;1;5,5.53521391,2.7923,-2.7429139100000004,0.006266666666666667,0.0365,0.13723333333333335
vacancy_O2,O2 vacancy,octahedral,3,9;1;5,5.53521391,2.8093,-2.7259139100000005,0.006266666666666667,0.03553333333333333,0.1339
vacancy_O2,O2 vacancy,octahedral,3,9;1;5,5.53521391,2.8264,-2.7088139100000004,0.006266666666666667,0.0347,0.1308666666666667
vacancy_O2,O2 vacancy,octahedral,3,9;1;5,5.53521391,2.8434,-2.6918139100000005,0.0063,0.03386666666666666,0.12773333333333334
vacancy_O2,O2 vacancy,octahedral,3,9;1;5,5.53521391,2.8604,-2.6748139100000006,0.006366666666666666,0.03313333333333333,0.12456666666666666
vacancy_O2,O2 vacancy,octahedral,3,9;1;5,5.53521391,2.8775,-2.6577139100000005,0.0064,0.03233333333333333,0.12126666666666668
vacancy_O2,O2 vacancy,octahedral,3,9;1;5,5.53521391,2.8945,-2.6407139100000006,0.006366666666666666,0.031599999999999996,0.11736666666666666
vacancy_O2,O2 vacancy,octahedral,3,9;1;5,5.53521391,2.9115,-2.62371391,0.0064,0.0307,0.1133
vacancy_O2,O2 vacancy,octahedral,3,9;1;5,5.53521391,2.9286,-2.6066139100000005,0.006366666666666666,0.029833333333333333,0.10873333333333335
vacancy_O2,O2 vacancy,octahedral,3,9;1;5,5.53521391,2.9456,-2.58961391,0.006333333333333333,0.02896666666666667,0.10383333333333333
vacancy_O2,O2 vacancy,octahedral,3,9;1;5,5.53521391,2.9627,-2.5725139100000005,0.006266666666666667,0.02803333333333333,0.0988
vacancy_O2,O2 vacancy,octahedral,3,9;1;5,5.53521391,2.9797,-2.5555139100000006,0.0061666666666666675,0.026966666666666667,0.0938
vacancy_O2,O2 vacancy,octahedral,3,9;1;5,5.53521391,2.9967,-2.5385139100000003,0.006066666666666667,0.025899999999999996,0.08889999999999999
vacancy_O2,O2 vacancy,octahedral,3,9;1;5,5.53521391,3.0138,-2.5214139100000006,0.005933333333333333,0.024833333333333336,0.08443333333333332
vacancy_O2,O2 vacancy,octahedral,3,9;1;5,5.53521391,3.0308,-2.5044139100000002,0.005833333333333334,0.02383333333333333,0.08026666666666665
vacancy_O2,O2 vacancy,octahedral,3,9;1;5,5.53521391,3.0478,-2.4874139100000003,0.005733333333333333,0.022833333333333334,0.07643333333333334
vacancy_O2,O2 vacancy,octahedral,3,9;1;5,5.53521391,3.0649,-2.4703139100000002,0.005666666666666667,0.021833333333333333,0.073
vacancy_O2,O2 vacancy,octahedral,3,9;1;5,5.53521391,3.0819,-2.4533139100000003,0.005666666666666667,0.021066666666666664,0.06986666666666667
vacancy_O2,O2 vacancy,octahedral,3,9;1;5,5.53521391,3.0989,-2.4363139100000004,0.005666666666666667,0.020266666666666665,0.06676666666666665
vacancy_O2,O2 vacancy,octahedral,3,9;1;5,5.53521391,3.116,-2.4192139100000003,0.005633333333333333,0.019566666666666666,0.0639
vacancy_O2,O2 vacancy,octahedral,3,9;1;5,5.53521391,3.133,-2.4022139100000004,0.005633333333333333,0.0189,0.06106666666666666
vacancy_O2,O2 vacancy,octahedral,3,9;1;5,5.53521391,3.1501,-2.3851139100000003,0.005666666666666667,0.018233333333333334,0.058066666666666676
vacancy_O2,O2 vacancy,octahedral,3,9;1;5,5.53521391,3.1671,-2.3681139100000004,0.005633333333333333,0.0176,0.05503333333333333
vacancy_O2,O2 vacancy,octahedral,3,9;1;5,5.53521391,3.1841,-2.3511139100000005,0.0056,0.016966666666666668,0.05163333333333334
vacancy_O2,O2 vacancy,octahedral,3,9;1;5,5.53521391,3.2012,-2.3340139100000004,0.005533333333333334,0.01633333333333333,0.0481
vacancy_O2,O2 vacancy,octahedral,3,9;1;5,5.53521391,3.2182,-2.3170139100000005,0.005433333333333334,0.0157,0.04463333333333334
vacancy_O2,O2 vacancy,octahedral,3,9;1;5,5.53521391,3.2352,-2.3000139100000005,0.005333333333333333,0.014933333333333335,0.04099999999999999
vacancy_O2,O2 vacancy,octahedral,3,9;1;5,5.53521391,3.2523,-2.2829139100000004,0.0052,0.014199999999999999,0.037399999999999996
vacancy_O2,O2 vacancy,octahedral,3,9;1;5,5.53521391,3.2693,-2.2659139100000005,0.005033333333333333,0.0134,0.033933333333333336
vacancy_O2,O2 vacancy,octahedral,3,9;1;5,5.53521391,3.2864,-2.2488139100000004,0.004866666666666666,0.012500000000000002,0.03056666666666667
vacancy_O2,O2 vacancy,octahedral,3,9;1;5,5.53521391,3.3034,-2.2318139100000005,0.004733333333333333,0.011566666666666668,0.027466666666666667
vacancy_O2,O2 vacancy,octahedral,3,9;1;5,5.53521391,3.3204,-2.2148139100000006,0.0045000000000000005,0.010599999999999998,0.02463333333333333
vacancy_O2,O2 vacancy,octahedral,3,9;1;5,5.53521391,3.3375,-2.1977139100000005,0.004266666666666666,0.009633333333333334,0.022033333333333335
vacancy_O2,O2 vacancy,octahedral,3,9;1;5,5.53521391,3.3545,-2.1807139100000006,0.004,0.008766666666666667,0.019600000000000003
vacancy_O2,O2 vacancy,octahedral,3,9;1;5,5.53521391,3.3715,-2.1637139100000002,0.0036999999999999997,0.007833333333333333,0.017433333333333332
vacancy_O2,O2 vacancy,octahedral,3,9;1;5,5.53521391,3.3886,-2.1466139100000006,0.0033333333333333335,0.007066666666666668,0.015633333333333332
vacancy_O2,O2 vacancy,octahedral,3,9;1;5,5.53521391,3.4056,-2.12961391,0.0029999999999999996,0.006333333333333333,0.014166666666666666
vacancy_O2,O2 vacancy,octahedral,3,9;1;5,5.53521391,3.4226,-2.1126139100000003,0.0026999999999999997,0.005766666666666666,0.012999999999999998
vacancy_O2,O2 vacancy,octahedral,3,9;1;5,5.53521391,3.4397,-2.09551391,0.0024,0.005333333333333333,0.0122
vacancy_O2,O2 vacancy,octahedral,3,9;1;5,5.53521391,3.4567,-2.0785139100000003,0.002133333333333333,0.004933333333333333,0.011633333333333334
vacancy_O2,O2 vacancy,octahedral,3,9;1;5,5.53521391,3.4738,-2.06141391,0.0019333333333333331,0.004733333333333333,0.011500000000000002
vacancy_O2,O2 vacancy,octahedral,3,9;1;5,5.53521391,3.4908,-2.0444139100000003,0.0017000000000000001,0.004633333333333333,0.011533333333333331
vacancy_O2,O2 vacancy,octahedral,3,9;1;5,5.53521391,3.5078,-2.0274139100000004,0.0014999999999999998,0.004633333333333334,0.0118
vacancy_O2,O2 vacancy,octahedral,3,9;1;5,5.53521391,3.5249,-2.0103139100000003,0.0013666666666666664,0.004566666666666667,0.012166666666666666
vacancy_O2,O2 vacancy,octahedral,3,9;1;5,5.53521391,3.5419,-1.9933139100000004,0.0013,0.004566666666666667,0.012533333333333332
vacancy_O2,O2 vacancy,octahedral,3,9;1;5,5.53521391,3.5589,-1.9763139100000005,0.0011666666666666668,0.0045,0.013
vacancy_O2,O2 vacancy,octahedral,3,9;1;5,5.53521391,3.576,-1.9592139100000003,0.0010666666666666665,0.0044666666666666665,0.013266666666666668
vacancy_O2,O2 vacancy,octahedral,3,9;1;5,5.53521391,3.593,-1.9422139100000004,0.0010333333333333334,0.0044,0.013533333333333333
vacancy_O2,O2 vacancy,octahedral,3,9;1;5,5.53521391,3.6101,-1.9251139100000003,0.0009333333333333333,0.004266666666666666,0.013499999999999998
vacancy_O2,O2 vacancy,octahedral,3,9;1;5,5.53521391,3.6271,-1.9081139100000004,0.0009000000000000001,0.004033333333333333,0.013533333333333333
vacancy_O2,O2 vacancy,octahedral,3,9;1;5,5.53521391,3.6441,-1.8911139100000005,0.0008666666666666666,0.0037999999999999996,0.013300000000000001
vacancy_O2,O2 vacancy,octahedral,3,9;1;5,5.53521391,3.6612,-1.8740139100000004,0.0008666666666666666,0.003533333333333333,0.012866666666666665
vacancy_O2,O2 vacancy,octahedral,3,9;1;5,5.53521391,3.6782,-1.8570139100000005,0.0008333333333333332,0.0034,0.012433333333333333
vacancy_O2,O2 vacancy,octahedral,3,9;1;5,5.53521391,3.6952,-1.8400139100000006,0.0008333333333333332,0.0032,0.011933333333333332
vacancy_O2,O2 vacancy,octahedral,3,9;1;5,5.53521391,3.7123,-1.8229139100000005,0.0008,0.0031333333333333335,0.011233333333333336
vacancy_O2,O2 vacancy,octahedral,3,9;1;5,5.53521391,3.7293,-1.8059139100000006,0.0008,0.0030000000000000005,0.010566666666666663
vacancy_O2,O2 vacancy,octahedral,3,9;1;5,5.53521391,3.7463,-1.7889139100000002,0.0008,0.0028333333333333335,0.009766666666666667
vacancy_O2,O2 vacancy,octahedral,3,9;1;5,5.53521391,3.7634,-1.7718139100000005,0.0007666666666666667,0.0026333333333333334,0.008966666666666666
vacancy_O2,O2 vacancy,octahedral,3,9;1;5,5.53521391,3.7804,-1.7548139100000002,0.0007666666666666667,0.002433333333333334,0.007933333333333334
vacancy_O2,O2 vacancy,octahedral,3,9;1;5,5.53521391,3.7975,-1.7377139100000005,0.0006666666666666666,0.002166666666666667,0.006833333333333333
vacancy_O2,O2 vacancy,octahedral,3,9;1;5,5.53521391,3.8145,-1.7207139100000006,0.0006,0.0018666666666666666,0.005733333333333333
vacancy_O2,O2 vacancy,octahedral,3,9;1;5,5.53521391,3.8315,-1.7037139100000003,0.0005,0.0016,0.004566666666666667
vacancy_O2,O2 vacancy,octahedral,3,9;1;5,5.53521391,3.8486,-1.6866139100000006,0.0004,0.0013,0.0035999999999999995
vacancy_O2,O2 vacancy,octahedral,3,9;1;5,5.53521391,3.8656,-1.6696139100000003,0.0003333333333333333,0.0009333333333333333,0.0025666666666666667
vacancy_O2,O2 vacancy,octahedral,3,9;1;5,5.53521391,3.8826,-1.6526139100000004,0.0002333333333333333,0.0006333333333333333,0.0018666666666666669
vacancy_O2,O2 vacancy,octahedral,3,9;1;5,5.53521391,3.8997,-1.6355139100000002,0.00016666666666666666,0.00046666666666666666,0.0012333333333333335
vacancy_O2,O2 vacancy,octahedral,3,9;1;5,5.53521391,3.9167,-1.6185139100000003,0.0001,0.0002666666666666666,0.0008
vacancy_O2,O2 vacancy,octahedral,3,9;1;5,5.53521391,3.9338,-1.6014139100000002,6.666666666666667e-05,0.00016666666666666666,0.00036666666666666667
vacancy_O2,O2 vacancy,octahedral,3,9;1;5,5.53521391,3.9508,-1.5844139100000003,0.0,0.0001,0.00023333333333333333
vacancy_O2,O2 vacancy,octahedral,3,9;1;5,5.53521391,3.9678,-1.5674139100000004,0.0,3.3333333333333335e-05,0.0001
vacancy_O2,O2 vacancy,octahedral,3,9;1;5,5.53521391,3.9849,-1.5503139100000003,0.0,0.0,3.3333333333333335e-05
vacancy_O2,O2 vacancy,octahedral,3,9;1;5,5.53521391,4.0019,-1.5333139100000004,0.0,0.0,0.0
vacancy_O2,O2 vacancy,octahedral,3,9;1;5,5.53521391,4.0189,-1.51631391,0.0,0.0,0.0
vacancy_O2,O2 vacancy,octahedral,3,9;1;5,5.53521391,4.036,-1.4992139100000008,0.0,0.0,0.0
vacancy_O2,O2 vacancy,octahedral,3,9;1;5,5.53521391,4.053,-1.4822139100000005,0.0,0.0,0.0
vacancy_O2,O2 vacancy,octahedral,3,9;1;5,5.53521391,4.07,-1.4652139100000001,0.0,0.0,0.0
vacancy_O2,O2 vacancy,octahedral,3,9;1;5,5.53521391,4.0871,-1.44811391,0.0,0.0,0.0
vacancy_O2,O2 vacancy,octahedral,3,9;1;5,5.53521391,4.1041,-1.4311139100000005,0.0,0.0,0.0
vacancy_O2,O2 vacancy,octahedral,3,9;1;5,5.53521391,4.1212,-1.4140139100000004,0.0,0.0,0.0
vacancy_O2,O2 vacancy,octahedral,3,9;1;5,5.53521391,4.1382,-1.39701391,0.0,0.0,0.0
vacancy_O2,O2 vacancy,octahedral,3,9;1;5,5.53521391,4.1552,-1.3800139100000006,0.0,0.0,0.0
vacancy_O2,O2 vacancy,octahedral,3,9;1;5,5.53521391,4.1723,-1.3629139100000005,0.0,0.0,0.0
vacancy_O2,O2 vacancy,octahedral,3,9;1;5,5.53521391,4.1893,-1.3459139100000002,0.0,0.0,0.0
vacancy_O2,O2 vacancy,octahedral,3,9;1;5,5.53521391,4.2063,-1.3289139100000007,0.0,0.0,0.0
vacancy_O2,O2 vacancy,octahedral,3,9;1;5,5.53521391,4.2234,-1.3118139100000006,0.0,0.0,0.0
vacancy_O2,O2 vacancy,octahedral,3,9;1;5,5.53521391,4.2404,-1.2948139100000002,0.0,0.0,0.0
vacancy_O2,O2 vacancy,octahedral,3,9;1;5,5.53521391,4.2575,-1.2777139100000001,0.0,0.0,0.0
vacancy_O2,O2 vacancy,octahedral,3,9;1;5,5.53521391,4.2745,-1.2607139100000007,0.0,0.0,0.0
vacancy_O2,O2 vacancy,octahedral,3,9;1;5,5.53521391,4.2915,-1.2437139100000003,0.0,0.0,0.0
vacancy_O2,O2 vacancy,octahedral,3,9;1;5,5.53521391,4.3086,-1.2266139100000002,0.0,0.0,0.0
vacancy_O2,O2 vacancy,octahedral,3,9;1;5,5.53521391,4.3256,-1.2096139100000007,3.3333333333333335e-05,0.0,0.0
vacancy_O2,O2 vacancy,octahedral,3,9;1;5,5.53521391,4.3426,-1.1926139100000004,0.0001,3.3333333333333335e-05,3.3333333333333335e-05
vacancy_O2,O2 vacancy,octahedral,3,9;1;5,5.53521391,4.3597,-1.1755139100000003,0.00013333333333333334,0.0001,6.666666666666667e-05
vacancy_O2,O2 vacancy,octahedral,3,9;1;5,5.53521391,4.3767,-1.1585139100000008,0.0002666666666666667,0.00013333333333333334,0.00016666666666666666
vacancy_O2,O2 vacancy,octahedral,3,9;1;5,5.53521391,4.3937,-1.1415139100000005,0.00046666666666666666,0.00030000000000000003,0.0003333333333333333
vacancy_O2,O2 vacancy,octahedral,3,9;1;5,5.53521391,4.4108,-1.1244139100000003,0.0006,0.00046666666666666666,0.00046666666666666666
vacancy_O2,O2 vacancy,octahedral,3,9;1;5,5.53521391,4.4278,-1.10741391,0.0008666666666666666,0.0006666666666666666,0.0006000000000000001
vacancy_O2,O2 vacancy,octahedral,3,9;1;5,5.53521391,4.4449,-1.0903139100000008,0.0012,0.0009000000000000001,0.0008
vacancy_O2,O2 vacancy,octahedral,3,9;1;5,5.53521391,4.4619,-1.0733139100000004,0.0014666666666666665,0.0011,0.0010333333333333334
vacancy_O2,O2 vacancy,octahedral,3,9;1;5,5.53521391,4.4789,-1.05631391,0.0018000000000000002,0.0013666666666666664,0.0012333333333333335
vacancy_O2,O2 vacancy,octahedral,3,9;1;5,5.53521391,4.496,-1.03921391,0.0020333333333333336,0.0015666666666666667,0.0014666666666666667
vacancy_O2,O2 vacancy,octahedral,3,9;1;5,5.53521391,4.513,-1.0222139100000005,0.0022666666666666664,0.0017999999999999997,0.0016
vacancy_O2,O2 vacancy,octahedral,3,9;1;5,5.53521391,4.53,-1.0052139100000002,0.0025,0.002033333333333333,0.0018333333333333335
vacancy_O2,O2 vacancy,octahedral,3,9;1;5,5.53521391,4.5471,-0.98811391,0.002766666666666667,0.0023666666666666667,0.002133333333333334
vacancy_O2,O2 vacancy,octahedral,3,9;1;5,5.53521391,4.5641,-0.9711139100000006,0.0031666666666666666,0.0029333333333333334,0.0025666666666666667
vacancy_O2,O2 vacancy,octahedral,3,9;1;5,5.53521391,4.5812,-0.9540139100000005,0.0038,0.0037666666666666664,0.0032666666666666664
vacancy_O2,O2 vacancy,octahedral,3,9;1;5,5.53521391,4.5982,-0.9370139100000001,0.0048,0.004933333333333333,0.0042
vacancy_O2,O2 vacancy,octahedral,3,9;1;5,5.53521391,4.6152,-0.9200139100000007,0.006200000000000001,0.006633333333333334,0.0057
vacancy_O2,O2 vacancy,octahedral,3,9;1;5,5.53521391,4.6323,-0.9029139100000005,0.0081,0.008866666666666667,0.007633333333333333
vacancy_O2,O2 vacancy,octahedral,3,9;1;5,5.53521391,4.6493,-0.8859139100000002,0.010366666666666668,0.0117,0.009966666666666667
vacancy_O2,O2 vacancy,octahedral,3,9;1;5,5.53521391,4.6663,-0.8689139100000007,0.013033333333333333,0.014866666666666667,0.012566666666666665
vacancy_O2,O2 vacancy,octahedral,3,9;1;5,5.53521391,4.6834,-0.8518139100000006,0.0159,0.018366666666666667,0.015633333333333336
vacancy_O2,O2 vacancy,octahedral,3,9;1;5,5.53521391,4.7004,-0.8348139100000003,0.0188,0.022000000000000002,0.018699999999999998
vacancy_O2,O2 vacancy,octahedral,3,9;1;5,5.53521391,4.7174,-0.8178139100000008,0.021599999999999998,0.025566666666666665,0.0218
vacancy_O2,O2 vacancy,octahedral,3,9;1;5,5.53521391,4.7345,-0.8007139100000007,0.02413333333333333,0.028999999999999998,0.024733333333333333
vacancy_O2,O2 vacancy,octahedral,3,9;1;5,5.53521391,4.7515,-0.7837139100000003,0.02623333333333333,0.032,0.027266666666666665
vacancy_O2,O2 vacancy,octahedral,3,9;1;5,5.53521391,4.7686,-0.7666139100000002,0.027899999999999998,0.03453333333333333,0.0294
vacancy_O2,O2 vacancy,octahedral,3,9;1;5,5.53521391,4.7856,-0.7496139100000008,0.028933333333333335,0.03643333333333333,0.03103333333333333
vacancy_O2,O2 vacancy,octahedral,3,9;1;5,5.53521391,4.8026,-0.7326139100000004,0.0294,0.0376,0.03216666666666667
vacancy_O2,O2 vacancy,octahedral,3,9;1;5,5.53521391,4.8197,-0.7155139100000003,0.029233333333333333,0.03793333333333333,0.03253333333333334
vacancy_O2,O2 vacancy,octahedral,3,9;1;5,5.53521391,4.8367,-0.69851391,0.028566666666666667,0.03763333333333333,0.032400000000000005
vacancy_O2,O2 vacancy,octahedral,3,9;1;5,5.53521391,4.8537,-0.6815139100000005,0.027433333333333334,0.03683333333333333,0.03203333333333334
vacancy_O2,O2 vacancy,octahedral,3,9;1;5,5.53521391,4.8708,-0.6644139100000004,0.026199999999999998,0.035866666666666665,0.031466666666666664
vacancy_O2,O2 vacancy,octahedral,3,9;1;5,5.53521391,4.8878,-0.64741391,0.025033333333333335,0.0351,0.031233333333333335
vacancy_O2,O2 vacancy,octahedral,3,9;1;5,5.53521391,4.9049,-0.6303139100000008,0.024233333333333332,0.034866666666666664,0.03153333333333334
vacancy_O2,O2 vacancy,octahedral,3,9;1;5,5.53521391,4.9219,-0.6133139100000005,0.023866666666666665,0.0354,0.0325
vacancy_O2,O2 vacancy,octahedral,3,9;1;5,5.53521391,4.9389,-0.5963139100000001,0.024066666666666667,0.03666666666666666,0.0342
vacancy_O2,O2 vacancy,octahedral,3,9;1;5,5.53521391,4.956,-0.57921391,0.024633333333333337,0.03836666666666667,0.0362
vacancy_O2,O2 vacancy,octahedral,3,9;1;5,5.53521391,4.973,-0.5622139100000005,0.025333333333333333,0.040266666666666666,0.03846666666666667
vacancy_O2,O2 vacancy,octahedral,3,9;1;5,5.53521391,4.99,-0.5452139100000002,0.025899999999999996,0.04189999999999999,0.04043333333333333
vacancy_O2,O2 vacancy,octahedral,3,9;1;5,5.53521391,5.0071,-0.5281139100000001,0.026066666666666665,0.042800000000000005,0.0416
vacancy_O2,O2 vacancy,octahedral,3,9;1;5,5.53521391,5.0241,-0.5111139100000006,0.025666666666666667,0.042666666666666665,0.04166666666666666
vacancy_O2,O2 vacancy,octahedral,3,9;1;5,5.53521391,5.0411,-0.49411391000000027,0.024533333333333334,0.04133333333333333,0.04063333333333333
vacancy_O2,O2 vacancy,octahedral,3,9;1;5,5.53521391,5.0582,-0.47701391000000015,0.022799999999999997,0.03886666666666667,0.03846666666666667
vacancy_O2,O2 vacancy,octahedral,3,9;1;5,5.53521391,5.0752,-0.4600139100000007,0.020533333333333334,0.035399999999999994,0.03516666666666667
vacancy_O2,O2 vacancy,octahedral,3,9;1;5,5.53521391,5.0923,-0.4429139100000006,0.0179,0.031200000000000006,0.03123333333333333
vacancy_O2,O2 vacancy,octahedral,3,9;1;5,5.53521391,5.1093,-0.42591391000000023,0.0151,0.026633333333333332,0.0267
vacancy_O2,O2 vacancy,octahedral,3,9;1;5,5.53521391,5.1263,-0.40891391000000077,0.0123,0.021933333333333332,0.022166666666666668
vacancy_O2,O2 vacancy,octahedral,3,9;1;5,5.53521391,5.1434,-0.39181391000000065,0.0097,0.017433333333333335,0.017699999999999997
vacancy_O2,O2 vacancy,octahedral,3,9;1;5,5.53521391,5.1604,-0.3748139100000003,0.007366666666666666,0.013333333333333334,0.013666666666666666
vacancy_O2,O2 vacancy,octahedral,3,9;1;5,5.53521391,5.1774,-0.35781391000000085,0.005366666666666666,0.0098,0.010033333333333333
vacancy_O2,O2 vacancy,octahedral,3,9;1;5,5.53521391,5.1945,-0.34071391000000073,0.0037999999999999996,0.006933333333333333,0.007033333333333333
vacancy_O2,O2 vacancy,octahedral,3,9;1;5,5.53521391,5.2115,-0.3237139100000004,0.002533333333333333,0.0047,0.0048
vacancy_O2,O2 vacancy,octahedral,3,9;1;5,5.53521391,5.2286,-0.30661391000000027,0.0016,0.0030000000000000005,0.0030666666666666668
vacancy_O2,O2 vacancy,octahedral,3,9;1;5,5.53521391,5.2456,-0.2896139100000008,0.0009666666666666666,0.0018000000000000002,0.0018666666666666669
vacancy_O2,O2 vacancy,octahedral,3,9;1;5,5.53521391,5.2626,-0.27261391000000046,0.0006,0.0010666666666666667,0.0011
vacancy_O2,O2 vacancy,octahedral,3,9;1;5,5.53521391,5.2797,-0.25551391000000034,0.0003333333333333333,0.0005666666666666667,0.0005666666666666666
vacancy_O2,O2 vacancy,octahedral,3,9;1;5,5.53521391,5.2967,-0.23851391,0.00016666666666666666,0.0003,0.0003
vacancy_O2,O2 vacancy,octahedral,3,9;1;5,5.53521391,5.3137,-0.22151391000000054,3.3333333333333335e-05,0.00013333333333333334,0.00013333333333333334
vacancy_O2,O2 vacancy,octahedral,3,9;1;5,5.53521391,5.3308,-0.20441391000000042,3.3333333333333335e-05,3.3333333333333335e-05,6.666666666666667e-05
vacancy_O2,O2 vacancy,octahedral,3,9;1;5,5.53521391,5.3478,-0.18741391000000007,0.0,0.0,0.0
vacancy_O2,O2 vacancy,octahedral,3,9;1;5,5.53521391,5.3648,-0.1704139100000006,0.0,0.0,0.0
vacancy_O2,O2 vacancy,octahedral,3,9;1;5,5.53521391,5.3819,-0.1533139100000005,0.0,0.0,0.0
vacancy_O2,O2 vacancy,octahedral,3,9;1;5,5.53521391,5.3989,-0.13631391000000015,0.0,0.0,0.0
vacancy_O2,O2 vacancy,octahedral,3,9;1;5,5.53521391,5.416,-0.11921391000000003,0.0,0.0,0.0
vacancy_O2,O2 vacancy,octahedral,3,9;1;5,5.53521391,5.433,-0.10221391000000057,0.0,0.0,0.0
vacancy_O2,O2 vacancy,octahedral,3,9;1;5,5.53521391,5.45,-0.08521391000000023,0.0,0.0,0.0
vacancy_O2,O2 vacancy,octahedral,3,9;1;5,5.53521391,5.4671,-0.06811391000000011,0.0,0.0,0.0
vacancy_O2,O2 vacancy,octahedral,3,9;1;5,5.53521391,5.4841,-0.05111391000000065,0.0,0.0,0.0
vacancy_O2,O2 vacancy,octahedral,3,9;1;5,5.53521391,5.5011,-0.0341139100000003,0.0,0.0,0.0
vacancy_O2,O2 vacancy,octahedral,3,9;1;5,5.53521391,5.5182,-0.017013910000000187,0.0,0.0,0.0
vacancy_O2,O2 vacancy,octahedral,3,9;1;5,5.53521391,5.5352,-1.3910000000727507e-05,0.0,0.0,0.0
vacancy_O2,O2 vacancy,octahedral,3,9;1;5,5.53521391,5.5523,0.017086089999999388,0.0,0.0,0.0
vacancy_O2,O2 vacancy,octahedral,3,9;1;5,5.53521391,5.5693,0.034086089999999736,0.0,0.0,0.0
vacancy_O2,O2 vacancy,octahedral,3,9;1;5,5.53521391,5.5863,0.051086089999999196,0.0,0.0,0.0
vacancy_O2,O2 vacancy,octahedral,3,9;1;5,5.53521391,5.6034,0.06818608999999931,0.0,0.0,0.0
vacancy_O2,O2 vacancy,octahedral,3,9;1;5,5.53521391,5.6204,0.08518608999999966,0.0,0.0,0.0
vacancy_O2,O2 vacancy,octahedral,3,9;1;5,5.53521391,5.6374,0.10218609000000001,0.0,0.0,0.0
vacancy_O2,O2 vacancy,octahedral,3,9;1;5,5.53521391,5.6545,0.11928608999999923,0.0,0.0,0.0
vacancy_O2,O2 vacancy,octahedral,3,9;1;5,5.53521391,5.6715,0.13628608999999958,0.0,0.0,0.0
vacancy_O2,O2 vacancy,octahedral,3,9;1;5,5.53521391,5.6885,0.15328608999999993,0.0,0.0,0.0
vacancy_O2,O2 vacancy,octahedral,3,9;1;5,5.53521391,5.7056,0.17038608999999916,0.0,0.0,0.0
vacancy_O2,O2 vacancy,octahedral,3,9;1;5,5.53521391,5.7226,0.1873860899999995,0.0,0.0,0.0
vacancy_O2,O2 vacancy,octahedral,3,9;1;5,5.53521391,5.7397,0.20448608999999962,0.0,0.0,0.0
vacancy_O2,O2 vacancy,octahedral,3,9;1;5,5.53521391,5.7567,0.22148608999999997,0.0,0.0,0.0
vacancy_O2,O2 vacancy,octahedral,3,9;1;5,5.53521391,5.7737,0.23848608999999943,0.0,0.0,0.0
vacancy_O2,O2 vacancy,octahedral,3,9;1;5,5.53521391,5.7908,0.25558608999999954,0.0,0.0,0.0
vacancy_O2,O2 vacancy,octahedral,3,9;1;5,5.53521391,5.8078,0.2725860899999999,0.0,0.0,0.0
vacancy_O2,O2 vacancy,octahedral,3,9;1;5,5.53521391,5.8248,0.28958608999999935,0.0,0.0,0.0
vacancy_O2,O2 vacancy,octahedral,3,9;1;5,5.53521391,5.8419,0.30668608999999947,0.0,0.0,0.0
vacancy_O2,O2 vacancy,octahedral,3,9;1;5,5.53521391,5.8589,0.3236860899999998,0.0,0.0,0.0
vacancy_O2,O2 vacancy,octahedral,3,9;1;5,5.53521391,5.876,0.34078608999999993,0.0,0.0,0.0
vacancy_O2,O2 vacancy,octahedral,3,9;1;5,5.53521391,5.893,0.3577860899999994,0.0,0.0,0.0
vacancy_O2,O2 vacancy,octahedral,3,9;1;5,5.53521391,5.91,0.37478608999999974,0.0,0.0,0.0
vacancy_O2,O2 vacancy,octahedral,3,9;1;5,5.53521391,5.9271,0.39188608999999985,0.0,0.0,0.0
vacancy_O2,O2 vacancy,octahedral,3,9;1;5,5.53521391,5.9441,0.4088860899999993,0.0,0.0,0.0
vacancy_O2,O2 vacancy,octahedral,3,9;1;5,5.53521391,5.9611,0.42588608999999966,0.0,0.0,0.0
vacancy_O2,O2 vacancy,octahedral,3,9;1;5,5.53521391,5.9782,0.4429860899999998,0.0,0.0,0.0
vacancy_O2,O2 vacancy,octahedral,3,9;1;5,5.53521391,5.9952,0.45998608999999924,0.0,0.0,0.0
vacancy_O2,O2 vacancy,octahedral,3,9;1;5,5.53521391,6.0122,0.4769860899999996,0.0,0.0,0.0
vacancy_O2,O2 vacancy,octahedral,3,9;1;5,5.53521391,6.0293,0.4940860899999997,0.0,0.0,0.0
vacancy_O2,O2 vacancy,octahedral,3,9;1;5,5.53521391,6.0463,0.5110860899999992,0.0,0.0,0.0
vacancy_O2,O2 vacancy,octahedral,3,9;1;5,5.53521391,6.0634,0.5281860899999993,0.0,0.0,0.0
vacancy_O2,O2 vacancy,octahedral,3,9;1;5,5.53521391,6.0804,0.5451860899999996,0.0,0.0,0.0
vacancy_O2,O2 vacancy,octahedral,3,9;1;5,5.53521391,6.0974,0.56218609,0.0,0.0,0.0
vacancy_O2,O2 vacancy,octahedral,3,9;1;5,5.53521391,6.1145,0.5792860899999992,0.0,0.0,0.0
vacancy_O2,O2 vacancy,octahedral,3,9;1;5,5.53521391,6.1315,0.5962860899999995,0.0,0.0,0.0
vacancy_O2,O2 vacancy,octahedral,3,9;1;5,5.53521391,6.1485,0.6132860899999999,0.0,0.0,0.0
vacancy_O2,O2 vacancy,octahedral,3,9;1;5,5.53521391,6.1656,0.63038609,0.0,0.0,0.0
vacancy_O2,O2 vacancy,octahedral,3,9;1;5,5.53521391,6.1826,0.6473860899999995,0.0,0.0,0.0
vacancy_O2,O2 vacancy,octahedral,3,9;1;5,5.53521391,6.1996,0.6643860899999998,0.0,0.0,0.0
vacancy_O2,O2 vacancy,octahedral,3,9;1;5,5.53521391,6.2167,0.6814860899999999,0.0,0.0,0.0
vacancy_O2,O2 vacancy,octahedral,3,9;1;5,5.53521391,6.2337,0.6984860899999994,0.0,0.0,0.0
vacancy_O2,O2 vacancy,octahedral,3,9;1;5,5.53521391,6.2508,0.7155860899999995,0.0,0.0,0.0
vacancy_O2,O2 vacancy,octahedral,3,9;1;5,5.53521391,6.2678,0.7325860899999999,0.0,0.0,0.0
vacancy_O2,O2 vacancy,octahedral,3,9;1;5,5.53521391,6.2848,0.7495860899999993,0.0,0.0,0.0
vacancy_O2,O2 vacancy,octahedral,3,9;1;5,5.53521391,6.3019,0.7666860899999994,0.0,0.0,0.0
vacancy_O2,O2 vacancy,octahedral,3,9;1;5,5.53521391,6.3189,0.7836860899999998,0.0,3.3333333333333335e-05,0.0
vacancy_O2,O2 vacancy,octahedral,3,9;1;5,5.53521391,6.3359,0.8006860899999992,0.0001,0.0001,0.0
vacancy_O2,O2 vacancy,octahedral,3,9;1;5,5.53521391,6.353,0.8177860899999994,0.0001,0.00013333333333333334,3.3333333333333335e-05
vacancy_O2,O2 vacancy,octahedral,3,9;1;5,5.53521391,6.37,0.8347860899999997,0.00016666666666666666,0.00023333333333333333,3.3333333333333335e-05
vacancy_O2,O2 vacancy,octahedral,3,9;1;5,5.53521391,6.3871,0.8518860899999998,0.0002666666666666666,0.00030000000000000003,0.0001
vacancy_O2,O2 vacancy,octahedral,3,9;1;5,5.53521391,6.4041,0.8688860899999993,0.00036666666666666667,0.00046666666666666666,0.00016666666666666666
vacancy_O2,O2 vacancy,octahedral,3,9;1;5,5.53521391,6.4211,0.8858860899999996,0.00046666666666666666,0.0005666666666666667,0.00016666666666666666
vacancy_O2,O2 vacancy,octahedral,3,9;1;5,5.53521391,6.4382,0.9029860899999997,0.0005666666666666666,0.0006333333333333334,0.0002666666666666666
vacancy_O2,O2 vacancy,octahedral,3,9;1;5,5.53521391,6.4552,0.9199860899999992,0.0007,0.0008,0.0003
vacancy_O2,O2 vacancy,octahedral,3,9;1;5,5.53521391,6.4722,0.9369860899999995,0.0008666666666666666,0.0008333333333333334,0.00036666666666666667
vacancy_O2,O2 vacancy,octahedral,3,9;1;5,5.53521391,6.4893,0.9540860899999997,0.0011,0.0009333333333333333,0.0004
vacancy_O2,O2 vacancy,octahedral,3,9;1;5,5.53521391,6.5063,0.97108609,0.0014000000000000002,0.001,0.00046666666666666666
vacancy_O2,O2 vacancy,octahedral,3,9;1;5,5.53521391,6.5233,0.9880860899999995,0.0017999999999999997,0.0010666666666666665,0.00046666666666666666
vacancy_O2,O2 vacancy,octahedral,3,9;1;5,5.53521391,6.5404,1.0051860899999996,0.0023,0.0011,0.00046666666666666666
vacancy_O2,O2 vacancy,octahedral,3,9;1;5,5.53521391,6.5574,1.02218609,0.0029666666666666665,0.0012666666666666668,0.0005333333333333334
vacancy_O2,O2 vacancy,octahedral,3,9;1;5,5.53521391,6.5745,1.0392860899999992,0.0036666666666666666,0.0014,0.0005666666666666667
vacancy_O2,O2 vacancy,octahedral,3,9;1;5,5.53521391,6.5915,1.0562860899999995,0.004533333333333333,0.0016,0.0006
vacancy_O2,O2 vacancy,octahedral,3,9;1;5,5.53521391,6.6085,1.0732860899999999,0.005333333333333333,0.0018000000000000002,0.0007333333333333333
vacancy_O2,O2 vacancy,octahedral,3,9;1;5,5.53521391,6.6256,1.09038609,0.0061,0.002,0.0008666666666666666
vacancy_O2,O2 vacancy,octahedral,3,9;1;5,5.53521391,6.6426,1.1073860899999994,0.006733333333333333,0.0022666666666666664,0.0009000000000000001
vacancy_O2,O2 vacancy,octahedral,3,9;1;5,5.53521391,6.6596,1.1243860899999998,0.007233333333333332,0.0024333333333333334,0.0010666666666666667
vacancy_O2,O2 vacancy,octahedral,3,9;1;5,5.53521391,6.6767,1.14148609,0.007633333333333335,0.0026000000000000003,0.0011
vacancy_O2,O2 vacancy,octahedral,3,9;1;5,5.53521391,6.6937,1.1584860899999994,0.007933333333333332,0.002733333333333333,0.0011666666666666668
vacancy_O2,O2 vacancy,octahedral,3,9;1;5,5.53521391,6.7108,1.1755860899999995,0.008133333333333334,0.0028333333333333335,0.0012000000000000003
vacancy_O2,O2 vacancy,octahedral,3,9;1;5,5.53521391,6.7278,1.1925860899999998,0.0083,0.0029666666666666665,0.0012666666666666668
vacancy_O2,O2 vacancy,octahedral,3,9;1;5,5.53521391,6.7448,1.2095860899999993,0.0084,0.0030333333333333328,0.0013666666666666669
vacancy_O2,O2 vacancy,octahedral,3,9;1;5,5.53521391,6.7619,1.2266860899999994,0.008533333333333332,0.0030333333333333328,0.0014333333333333333
vacancy_O2,O2 vacancy,octahedral,3,9;1;5,5.53521391,6.7789,1.2436860899999997,0.008666666666666668,0.0030666666666666668,0.0014333333333333333
vacancy_O2,O2 vacancy,octahedral,3,9;1;5,5.53521391,6.7959,1.2606860899999992,0.008933333333333333,0.0030000000000000005,0.0013666666666666669
vacancy_O2,O2 vacancy,octahedral,3,9;1;5,5.53521391,6.813,1.2777860899999993,0.0094,0.002966666666666666,0.0013666666666666669
vacancy_O2,O2 vacancy,octahedral,3,9;1;5,5.53521391,6.83,1.2947860899999997,0.010133333333333334,0.0030333333333333336,0.0013333333333333333
vacancy_O2,O2 vacancy,octahedral,3,9;1;5,5.53521391,6.847,1.31178609,0.011166666666666667,0.0030333333333333336,0.0013333333333333333
vacancy_O2,O2 vacancy,octahedral,3,9;1;5,5.53521391,6.8641,1.3288860899999992,0.012633333333333331,0.0032333333333333333,0.0015000000000000002
vacancy_O2,O2 vacancy,octahedral,3,9;1;5,5.53521391,6.8811,1.3458860899999996,0.0143,0.0033333333333333335,0.0015666666666666667
vacancy_O2,O2 vacancy,octahedral,3,9;1;5,5.53521391,6.8982,1.3629860899999997,0.016066666666666663,0.003533333333333333,0.0017000000000000001
vacancy_O2,O2 vacancy,octahedral,3,9;1;5,5.53521391,6.9152,1.3799860899999992,0.0177,0.0038,0.0018000000000000002
vacancy_O2,O2 vacancy,octahedral,3,9;1;5,5.53521391,6.9322,1.3969860899999995,0.018966666666666666,0.004033333333333333,0.0019
vacancy_O2,O2 vacancy,octahedral,3,9;1;5,5.53521391,6.9493,1.4140860899999996,0.01966666666666667,0.004033333333333333,0.0019333333333333331
vacancy_O2,O2 vacancy,octahedral,3,9;1;5,5.53521391,6.9663,1.43108609,0.019799999999999998,0.004033333333333333,0.0019333333333333331
vacancy_O2,O2 vacancy,octahedral,3,9;1;5,5.53521391,6.9833,1.4480860899999994,0.019399999999999997,0.0038666666666666663,0.0019333333333333331
vacancy_O2,O2 vacancy,octahedral,3,9;1;5,5.53521391,7.0004,1.4651860899999996,0.018666666666666668,0.0036333333333333335,0.0017999999999999997
vacancy_O2,O2 vacancy,octahedral,3,9;1;5,5.53521391,7.0174,1.48218609,0.0178,0.0034333333333333334,0.0016
vacancy_O2,O2 vacancy,octahedral,3,9;1;5,5.53521391,7.0345,1.49928609,0.017133333333333334,0.0032666666666666664,0.0015000000000000002
vacancy_O2,O2 vacancy,octahedral,3,9;1;5,5.53521391,7.0515,1.5162860899999995,0.016633333333333333,0.0030000000000000005,0.0014333333333333333
vacancy_O2,O2 vacancy,octahedral,3,9;1;5,5.53521391,7.0685,1.5332860899999998,0.016466666666666668,0.002933333333333333,0.0013333333333333333
vacancy_O2,O2 vacancy,octahedral,3,9;1;5,5.53521391,7.0856,1.55038609,0.01643333333333333,0.002766666666666667,0.0012333333333333335
vacancy_O2,O2 vacancy,octahedral,3,9;1;5,5.53521391,7.1026,1.5673860899999994,0.01643333333333333,0.002733333333333333,0.0012000000000000001
vacancy_O2,O2 vacancy,octahedral,3,9;1;5,5.53521391,7.1196,1.5843860899999997,0.016333333333333335,0.002633333333333333,0.0011666666666666668
vacancy_O2,O2 vacancy,octahedral,3,9;1;5,5.53521391,7.1367,1.6014860899999999,0.016033333333333333,0.0025666666666666667,0.0011
vacancy_O2,O2 vacancy,octahedral,3,9;1;5,5.53521391,7.1537,1.6184860899999993,0.015466666666666665,0.0024,0.0010666666666666667
vacancy_O2,O2 vacancy,octahedral,3,9;1;5,5.53521391,7.1707,1.6354860899999997,0.014633333333333333,0.0022333333333333333,0.001
vacancy_O2,O2 vacancy,octahedral,3,9;1;5,5.53521391,7.1878,1.6525860899999998,0.013699999999999999,0.0020666666666666667,0.0008666666666666666
vacancy_O2,O2 vacancy,octahedral,3,9;1;5,5.53521391,7.2048,1.6695860899999992,0.0128,0.001966666666666667,0.0008
vacancy_O2,O2 vacancy,octahedral,3,9;1;5,5.53521391,7.2219,1.6866860899999994,0.0121,0.0018666666666666666,0.0007333333333333333
vacancy_O2,O2 vacancy,octahedral,3,9;1;5,5.53521391,7.2389,1.7036860899999997,0.011733333333333332,0.0017333333333333333,0.0007333333333333333
vacancy_O2,O2 vacancy,octahedral,3,9;1;5,5.53521391,7.2559,1.7206860899999992,0.011866666666666666,0.0018000000000000002,0.0007666666666666667
vacancy_O2,O2 vacancy,octahedral,3,9;1;5,5.53521391,7.273,1.7377860899999993,0.012666666666666666,0.0020333333333333336,0.0008
vacancy_O2,O2 vacancy,octahedral,3,9;1;5,5.53521391,7.29,1.7547860899999996,0.014266666666666669,0.0022999999999999995,0.0010333333333333334
vacancy_O2,O2 vacancy,octahedral,3,9;1;5,5.53521391,7.307,1.77178609,0.0166,0.002766666666666667,0.0012000000000000001
vacancy_O2,O2 vacancy,octahedral,3,9;1;5,5.53521391,7.3241,1.7888860899999992,0.019766666666666665,0.0033666666666666667,0.0015333333333333336
vacancy_O2,O2 vacancy,octahedral,3,9;1;5,5.53521391,7.3411,1.8058860899999996,0.02366666666666667,0.004033333333333333,0.0017666666666666666
vacancy_O2,O2 vacancy,octahedral,3,9;1;5,5.53521391,7.3582,1.8229860899999997,0.028133333333333333,0.0047666666666666664,0.0021
vacancy_O2,O2 vacancy,octahedral,3,9;1;5,5.53521391,7.3752,1.83998609,0.03303333333333334,0.0056,0.0025
vacancy_O2,O2 vacancy,octahedral,3,9;1;5,5.53521391,7.3922,1.8569860899999995,0.03816666666666666,0.0064333333333333334,0.002733333333333333
vacancy_O2,O2 vacancy,octahedral,3,9;1;5,5.53521391,7.4093,1.8740860899999996,0.043333333333333335,0.007133333333333334,0.0031333333333333335
vacancy_O2,O2 vacancy,octahedral,3,9;1;5,5.53521391,7.4263,1.89108609,0.04843333333333333,0.007966666666666665,0.0034666666666666665
vacancy_O2,O2 vacancy,octahedral,3,9;1;5,5.53521391,7.4433,1.9080860899999994,0.053233333333333334,0.008633333333333333,0.0038
vacancy_O2,O2 vacancy,octahedral,3,9;1;5,5.53521391,7.4604,1.9251860899999995,0.0577,0.009266666666666666,0.0041
vacancy_O2,O2 vacancy,octahedral,3,9;1;5,5.53521391,7.4774,1.9421860899999999,0.06166666666666667,0.009899999999999999,0.004366666666666666
vacancy_O2,O2 vacancy,octahedral,3,9;1;5,5.53521391,7.4944,1.9591860899999993,0.0651,0.0105,0.0046
vacancy_O2,O2 vacancy,octahedral,3,9;1;5,5.53521391,7.5115,1.9762860899999994,0.06796666666666668,0.011066666666666667,0.0047666666666666664
vacancy_O2,O2 vacancy,octahedral,3,9;1;5,5.53521391,7.5285,1.9932860899999998,0.07023333333333333,0.0116,0.004933333333333334
vacancy_O2,O2 vacancy,octahedral,3,9;1;5,5.53521391,7.5456,2.01038609,0.07196666666666666,0.011999999999999999,0.005
vacancy_O2,O2 vacancy,octahedral,3,9;1;5,5.53521391,7.5626,2.0273860899999994,0.07336666666666666,0.0124,0.0051333333333333335
vacancy_O2,O2 vacancy,octahedral,3,9;1;5,5.53521391,7.5796,2.0443860899999997,0.07453333333333333,0.012699999999999998,0.0051333333333333335
vacancy_O2,O2 vacancy,octahedral,3,9;1;5,5.53521391,7.5967,2.06148609,0.07586666666666668,0.013133333333333335,0.0052
vacancy_O2,O2 vacancy,octahedral,3,9;1;5,5.53521391,7.6137,2.0784860899999993,0.07776666666666666,0.013633333333333332,0.005266666666666666
vacancy_O2,O2 vacancy,octahedral,3,9;1;5,5.53521391,7.6307,2.0954860899999996,0.08053333333333333,0.014366666666666666,0.005399999999999999
vacancy_O2,O2 vacancy,octahedral,3,9;1;5,5.53521391,7.6478,2.1125860899999997,0.08436666666666666,0.015400000000000002,0.0056
vacancy_O2,O2 vacancy,octahedral,3,9;1;5,5.53521391,7.6648,2.129586089999999,0.0894,0.016866666666666665,0.0059
vacancy_O2,O2 vacancy,octahedral,3,9;1;5,5.53521391,7.6819,2.1466860899999993,0.09536666666666667,0.018766666666666668,0.0062
vacancy_O2,O2 vacancy,octahedral,3,9;1;5,5.53521391,7.6989,2.1636860899999997,0.10203333333333335,0.021099999999999997,0.006566666666666666
vacancy_O2,O2 vacancy,octahedral,3,9;1;5,5.53521391,7.7159,2.18068609,0.10903333333333333,0.02373333333333334,0.006966666666666667
vacancy_O2,O2 vacancy,octahedral,3,9;1;5,5.53521391,7.733,2.1977860899999992,0.1161,0.02673333333333333,0.0074
vacancy_O2,O2 vacancy,octahedral,3,9;1;5,5.53521391,7.75,2.2147860899999996,0.12323333333333335,0.029933333333333336,0.007766666666666667
vacancy_O2,O2 vacancy,octahedral,3,9;1;5,5.53521391,7.767,2.23178609,0.13033333333333333,0.03326666666666667,0.008333333333333333
vacancy_O2,O2 vacancy,octahedral,3,9;1;5,5.53521391,7.7841,2.248886089999999,0.13770000000000002,0.03663333333333333,0.008766666666666666
vacancy_O2,O2 vacancy,octahedral,3,9;1;5,5.53521391,7.8011,2.2658860899999995,0.14513333333333334,0.0399,0.0092
vacancy_O2,O2 vacancy,octahedral,3,9;1;5,5.53521391,7.8181,2.28288609,0.15243333333333334,0.042800000000000005,0.0097
vacancy_O2,O2 vacancy,octahedral,3,9;1;5,5.53521391,7.8352,2.29998609,0.159,0.04523333333333333,0.010166666666666666
vacancy_O2,O2 vacancy,octahedral,3,9;1;5,5.53521391,7.8522,2.3169860899999994,0.16423333333333334,0.04683333333333334,0.0105
vacancy_O2,O2 vacancy,octahedral,3,9;1;5,5.53521391,7.8693,2.3340860899999996,0.16733333333333333,0.04756666666666667,0.0107
vacancy_O2,O2 vacancy,octahedral,3,9;1;5,5.53521391,7.8863,2.35108609,0.1681,0.04733333333333334,0.0109
vacancy_O2,O2 vacancy,octahedral,3,9;1;5,5.53521391,7.9033,2.3680860899999994,0.16636666666666666,0.0464,0.010833333333333334
vacancy_O2,O2 vacancy,octahedral,3,9;1;5,5.53521391,7.9204,2.3851860899999995,0.1628,0.045000000000000005,0.010766666666666666
vacancy_O2,O2 vacancy,octahedral,3,9;1;5,5.53521391,7.9374,2.40218609,0.15826666666666667,0.043366666666666664,0.0105
vacancy_O2,O2 vacancy,octahedral,3,9;1;5,5.53521391,7.9544,2.4191860899999993,0.1538,0.04196666666666667,0.010466666666666666
vacancy_O2,O2 vacancy,octahedral,3,9;1;5,5.53521391,7.9715,2.4362860899999994,0.1506,0.041133333333333334,0.010333333333333333
vacancy_O2,O2 vacancy,octahedral,3,9;1;5,5.53521391,7.9885,2.4532860899999998,0.14946666666666666,0.041066666666666675,0.0103
vacancy_O2,O2 vacancy,octahedral,3,9;1;5,5.53521391,8.0056,2.470386089999999,0.15103333333333335,0.0419,0.010533333333333334
vacancy_O2,O2 vacancy,octahedral,3,9;1;5,5.53521391,8.0226,2.48738609,0.15546666666666667,0.0436,0.0109
vacancy_O2,O2 vacancy,octahedral,3,9;1;5,5.53521391,8.0396,2.5043860899999997,0.16256666666666666,0.046099999999999995,0.0113
vacancy_O2,O2 vacancy,octahedral,3,9;1;5,5.53521391,8.0567,2.521486089999999,0.17159999999999997,0.04926666666666666,0.011866666666666666
vacancy_O2,O2 vacancy,octahedral,3,9;1;5,5.53521391,8.0737,2.53848609,0.18166666666666667,0.05273333333333333,0.012566666666666665
vacancy_O2,O2 vacancy,octahedral,3,9;1;5,5.53521391,8.0907,2.5554860899999996,0.19153333333333333,0.056100000000000004,0.013133333333333332
vacancy_O2,O2 vacancy,octahedral,3,9;1;5,5.53521391,8.1078,2.572586089999999,0.2000333333333333,0.05906666666666668,0.013600000000000001
vacancy_O2,O2 vacancy,octahedral,3,9;1;5,5.53521391,8.1248,2.58958609,0.20613333333333336,0.061266666666666664,0.013966666666666667
vacancy_O2,O2 vacancy,octahedral,3,9;1;5,5.53521391,8.1418,2.6065860899999995,0.20906666666666665,0.0623,0.013966666666666667
vacancy_O2,O2 vacancy,octahedral,3,9;1;5,5.53521391,8.1589,2.6236860899999987,0.20853333333333332,0.062,0.0138
vacancy_O2,O2 vacancy,octahedral,3,9;1;5,5.53521391,8.1759,2.64068609,0.2048,0.06039999999999999,0.013266666666666668
vacancy_O2,O2 vacancy,octahedral,3,9;1;5,5.53521391,8.193,2.657786089999999,0.19856666666666667,0.05776666666666667,0.012566666666666665
vacancy_O2,O2 vacancy,octahedral,3,9;1;5,5.53521391,8.21,2.6747860900000004,0.19116666666666662,0.054433333333333334,0.011999999999999999
vacancy_O2,O2 vacancy,octahedral,3,9;1;5,5.53521391,8.227,2.69178609,0.18403333333333335,0.05103333333333334,0.0113
vacancy_O2,O2 vacancy,octahedral,3,9;1;5,5.53521391,8.2441,2.708886089999999,0.1788,0.048033333333333324,0.010799999999999999
vacancy_O2,O2 vacancy,octahedral,3,9;1;5,5.53521391,8.2611,2.7258860900000004,0.1766,0.046000000000000006,0.010433333333333334
vacancy_O2,O2 vacancy,octahedral,3,9;1;5,5.53521391,8.2781,2.74288609,0.1781,0.04526666666666667,0.010333333333333333
vacancy_O2,O2 vacancy,octahedral,3,9;1;5,5.53521391,8.2952,2.759986089999999,0.18323333333333333,0.045899999999999996,0.010333333333333333
vacancy_O2,O2 vacancy,octahedral,3,9;1;5,5.53521391,8.3122,2.7769860900000003,0.19113333333333335,0.0477,0.010633333333333333
vacancy_O2,O2 vacancy,octahedral,3,9;1;5,5.53521391,8.3293,2.7940860899999995,0.20053333333333334,0.05036666666666667,0.010966666666666666
vacancy_O2,O2 vacancy,octahedral,3,9;1;5,5.53521391,8.3463,2.811086089999999,0.20986666666666667,0.0535,0.011466666666666667
vacancy_O2,O2 vacancy,octahedral,3,9;1;5,5.53521391,8.3633,2.82808609,0.21756666666666666,0.056533333333333345,0.011866666666666666
vacancy_O2,O2 vacancy,octahedral,3,9;1;5,5.53521391,8.3804,2.8451860899999994,0.22269999999999998,0.059133333333333336,0.012133333333333335
vacancy_O2,O2 vacancy,octahedral,3,9;1;5,5.53521391,8.3974,2.862186089999999,0.2249,0.061,0.0124
vacancy_O2,O2 vacancy,octahedral,3,9;1;5,5.53521391,8.4144,2.87918609,0.2242333333333333,0.06193333333333334,0.012499999999999999
vacancy_O2,O2 vacancy,octahedral,3,9;1;5,5.53521391,8.4315,2.8962860899999994,0.22143333333333334,0.06193333333333334,0.012466666666666666
vacancy_O2,O2 vacancy,octahedral,3,9;1;5,5.53521391,8.4485,2.913286089999999,0.2172333333333333,0.061,0.012266666666666667
vacancy_O2,O2 vacancy,octahedral,3,9;1;5,5.53521391,8.4655,2.93028609,0.21233333333333335,0.05933333333333333,0.011966666666666667
vacancy_O2,O2 vacancy,octahedral,3,9;1;5,5.53521391,8.4826,2.9473860899999993,0.207,0.05703333333333333,0.011699999999999997
vacancy_O2,O2 vacancy,octahedral,3,9;1;5,5.53521391,8.4996,2.9643860899999988,0.20136666666666667,0.054299999999999994,0.011333333333333334
vacancy_O2,O2 vacancy,octahedral,3,9;1;5,5.53521391,8.5167,2.9814860899999998,0.19540000000000002,0.0514,0.010966666666666666
vacancy_O2,O2 vacancy,octahedral,3,9;1;5,5.53521391,8.5337,2.998486089999999,0.18910000000000002,0.0487,0.010700000000000001
vacancy_O2,O2 vacancy,octahedral,3,9;1;5,5.53521391,8.5507,3.0154860900000005,0.18300000000000002,0.04646666666666668,0.010299999999999998
vacancy_O2,O2 vacancy,octahedral,3,9;1;5,5.53521391,8.5678,3.0325860899999997,0.17800000000000002,0.0451,0.010199999999999999
vacancy_O2,O2 vacancy,octahedral,3,9;1;5,5.53521391,8.5848,3.049586089999999,0.17513333333333334,0.0451,0.010233333333333336
vacancy_O2,O2 vacancy,octahedral,3,9;1;5,5.53521391,8.6018,3.0665860900000004,0.1756333333333333,0.04666666666666667,0.010566666666666667
vacancy_O2,O2 vacancy,octahedral,3,9;1;5,5.53521391,8.6189,3.0836860899999996,0.18046666666666666,0.049966666666666666,0.011166666666666667
vacancy_O2,O2 vacancy,octahedral,3,9;1;5,5.53521391,8.6359,3.100686089999999,0.19006666666666663,0.054933333333333334,0.0121
vacancy_O2,O2 vacancy,octahedral,3,9;1;5,5.53521391,8.653,3.11778609,0.2040666666666667,0.0612,0.013233333333333333
vacancy_O2,O2 vacancy,octahedral,3,9;1;5,5.53521391,8.67,3.1347860899999995,0.22166666666666668,0.06833333333333333,0.014466666666666664
vacancy_O2,O2 vacancy,octahedral,3,9;1;5,5.53521391,8.687,3.151786089999999,0.24113333333333334,0.07576666666666666,0.015799999999999998
vacancy_O2,O2 vacancy,octahedral,3,9;1;5,5.53521391,8.7041,3.16888609,0.26063333333333333,0.08283333333333333,0.016966666666666668
vacancy_O2,O2 vacancy,octahedral,3,9;1;5,5.53521391,8.7211,3.1858860899999994,0.2782,0.08903333333333334,0.017933333333333332
vacancy_O2,O2 vacancy,octahedral,3,9;1;5,5.53521391,8.7381,3.202886089999999,0.2921666666666667,0.09383333333333332,0.018666666666666665
vacancy_O2,O2 vacancy,octahedral,3,9;1;5,5.53521391,8.7552,3.21998609,0.3015666666666667,0.09700000000000002,0.018966666666666666
vacancy_O2,O2 vacancy,octahedral,3,9;1;5,5.53521391,8.7722,3.2369860899999994,0.3062333333333333,0.09856666666666668,0.019066666666666666
vacancy_O2,O2 vacancy,octahedral,3,9;1;5,5.53521391,8.7892,3.253986089999999,0.30673333333333336,0.09889999999999999,0.01893333333333333
vacancy_O2,O2 vacancy,octahedral,3,9;1;5,5.53521391,8.8063,3.27108609,0.3043333333333333,0.09849999999999999,0.018666666666666665
vacancy_O2,O2 vacancy,octahedral,3,9;1;5,5.53521391,8.8233,3.2880860899999993,0.30036666666666667,0.09773333333333334,0.0184
vacancy_O2,O2 vacancy,octahedral,3,9;1;5,5.53521391,8.8404,3.3051860900000003,0.2961333333333333,0.09686666666666666,0.018166666666666664
vacancy_O2,O2 vacancy,octahedral,3,9;1;5,5.53521391,8.8574,3.3221860899999998,0.2921666666666667,0.09623333333333334,0.018099999999999998
vacancy_O2,O2 vacancy,octahedral,3,9;1;5,5.53521391,8.8744,3.339186089999999,0.28896666666666665,0.09570000000000001,0.01813333333333333
vacancy_O2,O2 vacancy,octahedral,3,9;1;5,5.53521391,8.8915,3.35628609,0.2864333333333333,0.09530000000000001,0.018166666666666668
vacancy_O2,O2 vacancy,octahedral,3,9;1;5,5.53521391,8.9085,3.3732860899999997,0.2848,0.09473333333333334,0.0182
vacancy_O2,O2 vacancy,octahedral,3,9;1;5,5.53521391,8.9255,3.390286089999999,0.2845333333333333,0.0944,0.0183
vacancy_O2,O2 vacancy,octahedral,3,9;1;5,5.53521391,8.9426,3.40738609,0.2865,0.0944,0.018466666666666662
vacancy_O2,O2 vacancy,octahedral,3,9;1;5,5.53521391,8.9596,3.4243860899999996,0.2916666666666667,0.09500000000000001,0.01873333333333333
vacancy_O2,O2 vacancy,octahedral,3,9;1;5,5.53521391,8.9767,3.441486089999999,0.30056666666666665,0.09653333333333332,0.019066666666666666
vacancy_O2,O2 vacancy,octahedral,3,9;1;5,5.53521391,8.9937,3.45848609,0.31273333333333336,0.09883333333333334,0.019666666666666666
vacancy_O2,O2 vacancy,octahedral,3,9;1;5,5.53521391,9.0107,3.4754860899999995,0.32676666666666665,0.10183333333333333,0.020266666666666665
vacancy_O2,O2 vacancy,octahedral,3,9;1;5,5.53521391,9.0278,3.4925860899999988,0.34,0.10483333333333333,0.02086666666666667
vacancy_O2,O2 vacancy,octahedral,3,9;1;5,5.53521391,9.0448,3.50958609,0.34936666666666666,0.10693333333333332,0.0213
vacancy_O2,O2 vacancy,octahedral,3,9;1;5,5.53521391,9.0618,3.5265860899999995,0.35203333333333336,0.1075,0.021333333333333333
vacancy_O2,O2 vacancy,octahedral,3,9;1;5,5.53521391,9.0789,3.5436860900000005,0.3461,0.10596666666666665,0.020966666666666665
vacancy_O2,O2 vacancy,octahedral,3,9;1;5,5.53521391,9.0959,3.56068609,0.3311,0.10216666666666667,0.020133333333333333
vacancy_O2,O2 vacancy,octahedral,3,9;1;5,5.53521391,9.1129,3.5776860899999994,0.30820000000000003,0.09626666666666667,0.018966666666666666
vacancy_O2,O2 vacancy,octahedral,3,9;1;5,5.53521391,9.13,3.5947860900000004,0.27976666666666666,0.08906666666666667,0.017533333333333335
vacancy_O2,O2 vacancy,octahedral,3,9;1;5,5.53521391,9.147,3.61178609,0.24883333333333335,0.08116666666666666,0.016033333333333333
vacancy_O2,O2 vacancy,octahedral,3,9;1;5,5.53521391,9.1641,3.628886089999999,0.21873333333333334,0.0737,0.014533333333333334
vacancy_O2,O2 vacancy,octahedral,3,9;1;5,5.53521391,9.1811,3.6458860900000003,0.1922,0.0674,0.0134
vacancy_O2,O2 vacancy,octahedral,3,9;1;5,5.53521391,9.1981,3.6628860899999998,0.17089999999999997,0.06266666666666668,0.012433333333333333
vacancy_O2,O2 vacancy,octahedral,3,9;1;5,5.53521391,9.2152,3.679986089999999,0.15586666666666665,0.05993333333333334,0.012066666666666665
vacancy_O2,O2 vacancy,octahedral,3,9;1;5,5.53521391,9.2322,3.6969860900000002,0.14673333333333333,0.05906666666666668,0.011999999999999997
vacancy_O2,O2 vacancy,octahedral,3,9;1;5,5.53521391,9.2492,3.7139860899999997,0.14263333333333333,0.05973333333333333,0.012266666666666667
vacancy_O2,O2 vacancy,octahedral,3,9;1;5,5.53521391,9.2663,3.731086089999999,0.142,0.0615,0.012700000000000001
vacancy_O2,O2 vacancy,octahedral,3,9;1;5,5.53521391,9.2833,3.74808609,0.14336666666666667,0.06383333333333334,0.013300000000000001
vacancy_O2,O2 vacancy,octahedral,3,9;1;5,5.53521391,9.3004,3.7651860899999994,0.14533333333333334,0.06630000000000001,0.0138
vacancy_O2,O2 vacancy,octahedral,3,9;1;5,5.53521391,9.3174,3.782186089999999,0.14706666666666665,0.0686,0.014299999999999998
vacancy_O2,O2 vacancy,octahedral,3,9;1;5,5.53521391,9.3344,3.79918609,0.14816666666666667,0.07063333333333333,0.014566666666666667
vacancy_O2,O2 vacancy,octahedral,3,9;1;5,5.53521391,9.3515,3.8162860899999993,0.14856666666666665,0.07233333333333333,0.014900000000000002
vacancy_O2,O2 vacancy,octahedral,3,9;1;5,5.53521391,9.3685,3.8332860899999988,0.1485,0.07393333333333334,0.015133333333333332
vacancy_O2,O2 vacancy,octahedral,3,9;1;5,5.53521391,9.3855,3.85028609,0.1483,0.07543333333333334,0.015233333333333333
vacancy_O2,O2 vacancy,octahedral,3,9;1;5,5.53521391,9.4026,3.867386089999999,0.1482,0.07700000000000001,0.015599999999999998
vacancy_O2,O2 vacancy,octahedral,3,9;1;5,5.53521391,9.4196,3.8843860900000005,0.14826666666666666,0.07869999999999999,0.015866666666666664
vacancy_O2,O2 vacancy,octahedral,3,9;1;5,5.53521391,9.4366,3.90138609,0.14856666666666665,0.08036666666666667,0.016100000000000003
vacancy_O2,O2 vacancy,octahedral,3,9;1;5,5.53521391,9.4537,3.918486089999999,0.149,0.0819,0.016533333333333334
vacancy_O2,O2 vacancy,octahedral,3,9;1;5,5.53521391,9.4707,3.9354860900000004,0.14953333333333332,0.08326666666666667,0.016833333333333336
vacancy_O2,O2 vacancy,octahedral,3,9;1;5,5.53521391,9.4878,3.9525860899999996,0.15016666666666667,0.0843,0.017166666666666667
vacancy_O2,O2 vacancy,octahedral,3,9;1;5,5.53521391,9.5048,3.969586089999999,0.15096666666666667,0.08503333333333334,0.0173
vacancy_O2,O2 vacancy,octahedral,3,9;1;5,5.53521391,9.5218,3.9865860900000003,0.152,0.08566666666666667,0.017433333333333332
vacancy_O2,O2 vacancy,octahedral,3,9;1;5,5.53521391,9.5389,4.0036860899999995,0.15346666666666667,0.08636666666666666,0.017566666666666664
vacancy_O2,O2 vacancy,octahedral,3,9;1;5,5.53521391,9.5559,4.020686089999999,0.1553,0.08719999999999999,0.017766666666666667
vacancy_O2,O2 vacancy,octahedral,3,9;1;5,5.53521391,9.5729,4.03768609,0.15743333333333331,0.08836666666666666,0.017833333333333333
vacancy_O2,O2 vacancy,octahedral,3,9;1;5,5.53521391,9.59,4.0547860899999995,0.15956666666666666,0.09003333333333334,0.018
vacancy_O2,O2 vacancy,octahedral,3,9;1;5,5.53521391,9.607,4.071786089999999,0.16143333333333335,0.0918,0.018133333333333335
vacancy_O2,O2 vacancy,octahedral,3,9;1;5,5.53521391,9.6241,4.08888609,0.16253333333333334,0.0937,0.018400000000000003
vacancy_O2,O2 vacancy,octahedral,3,9;1;5,5.53521391,9.6411,4.105886089999999,0.1626,0.09526666666666667,0.018533333333333332
vacancy_O2,O2 vacancy,octahedral,3,9;1;5,5.53521391,9.6581,4.122886089999999,0.1613,0.09613333333333333,0.01863333333333333
vacancy_O2,O2 vacancy,octahedral,3,9;1;5,5.53521391,9.6752,4.13998609,0.15863333333333332,0.09613333333333333,0.018600000000000002
vacancy_O2,O2 vacancy,octahedral,3,9;1;5,5.53521391,9.6922,4.156986089999999,0.1547,0.0951,0.018500000000000003
vacancy_O2,O2 vacancy,octahedral,3,9;1;5,5.53521391,9.7092,4.173986089999999,0.14983333333333335,0.0931,0.018166666666666668
vacancy_O2,O2 vacancy,octahedral,3,9;1;5,5.53521391,9.7263,4.19108609,0.14466666666666667,0.09016666666666667,0.017666666666666667
vacancy_O2,O2 vacancy,octahedral,3,9;1;5,5.53521391,9.7433,4.208086089999999,0.13953333333333331,0.08686666666666666,0.017066666666666667
vacancy_O2,O2 vacancy,octahedral,3,9;1;5,5.53521391,9.7603,4.2250860900000005,0.13506666666666667,0.08333333333333333,0.016466666666666668
vacancy_O2,O2 vacancy,octahedral,3,9;1;5,5.53521391,9.7774,4.24218609,0.1315333333333333,0.07996666666666667,0.0159
vacancy_O2,O2 vacancy,octahedral,3,9;1;5,5.53521391,9.7944,4.259186089999999,0.12903333333333333,0.07713333333333335,0.015266666666666666
vacancy_O2,O2 vacancy,octahedral,3,9;1;5,5.53521391,9.8115,4.27628609,0.12736666666666666,0.07483333333333334,0.0148
vacancy_O2,O2 vacancy,octahedral,3,9;1;5,5.53521391,9.8285,4.29328609,0.12626666666666667,0.0732,0.014466666666666668
vacancy_O2,O2 vacancy,octahedral,3,9;1;5,5.53521391,9.8455,4.310286089999999,0.12539999999999998,0.07210000000000001,0.0141
vacancy_O2,O2 vacancy,octahedral,3,9;1;5,5.53521391,9.8626,4.32738609,0.12456666666666667,0.07146666666666666,0.013966666666666667
vacancy_O2,O2 vacancy,octahedral,3,9;1;5,5.53521391,9.8796,4.3443860899999995,0.12356666666666667,0.07126666666666666,0.013833333333333331
vacancy_O2,O2 vacancy,octahedral,3,9;1;5,5.53521391,9.8966,4.361386089999999,0.12233333333333334,0.07133333333333335,0.013866666666666666
vacancy_O2,O2 vacancy,octahedral,3,9;1;5,5.53521391,9.9137,4.37848609,0.12096666666666667,0.07156666666666667,0.013933333333333334
vacancy_O2,O2 vacancy,octahedral,3,9;1;5,5.53521391,9.9307,4.3954860899999995,0.11943333333333334,0.0717,0.014033333333333333
vacancy_O2,O2 vacancy,octahedral,3,9;1;5,5.53521391,9.9477,4.412486089999999,0.11776666666666667,0.0718,0.0141
vacancy_O2,O2 vacancy,octahedral,3,9;1;5,5.53521391,9.9648,4.42958609,0.11593333333333333,0.07163333333333333,0.014199999999999999
vacancy_O2,O2 vacancy,octahedral,3,9;1;5,5.53521391,9.9818,4.446586089999999,0.11399999999999999,0.07123333333333333,0.014199999999999999
vacancy_O2,O2 vacancy,octahedral,3,9;1;5,5.53521391,9.9989,4.46368609,0.1119,0.07056666666666667,0.014166666666666668
vacancy_O2,O2 vacancy,octahedral,3,9;1;5,5.53521391,10.0159,4.48068609,0.10966666666666665,0.06973333333333333,0.014166666666666668
vacancy_O2,O2 vacancy,octahedral,3,9;1;5,5.53521391,10.0329,4.497686089999999,0.10743333333333334,0.06883333333333334,0.014100000000000001
vacancy_O2,O2 vacancy,octahedral,3,9;1;5,5.53521391,10.05,4.51478609,0.1053,0.068,0.013933333333333334
vacancy_O2,O2 vacancy,octahedral,3,9;1;5,5.53521391,10.067,4.53178609,0.10336666666666668,0.0674,0.013833333333333335
vacancy_O2,O2 vacancy,octahedral,3,9;1;5,5.53521391,10.084,4.548786089999999,0.10193333333333333,0.06706666666666666,0.013666666666666666
vacancy_O2,O2 vacancy,octahedral,3,9;1;5,5.53521391,10.1011,4.56588609,0.10106666666666668,0.06716666666666667,0.013666666666666666
vacancy_O2,O2 vacancy,octahedral,3,9;1;5,5.53521391,10.1181,4.58288609,0.10083333333333333,0.06743333333333333,0.013633333333333332
vacancy_O2,O2 vacancy,octahedral,3,9;1;5,5.53521391,10.1352,4.599986089999999,0.10126666666666666,0.06776666666666666,0.013766666666666668
vacancy_O2,O2 vacancy,octahedral,3,9;1;5,5.53521391,10.1522,4.61698609,0.1022,0.06806666666666666,0.013766666666666668
vacancy_O2,O2 vacancy,octahedral,3,9;1;5,5.53521391,10.1692,4.63398609,0.10360000000000001,0.06823333333333334,0.013866666666666666
vacancy_O2,O2 vacancy,octahedral,3,9;1;5,5.53521391,10.1863,4.651086089999999,0.10516666666666667,0.06813333333333334,0.013966666666666667
vacancy_O2,O2 vacancy,octahedral,3,9;1;5,5.53521391,10.2033,4.66808609,0.10676666666666666,0.06776666666666667,0.014100000000000001
vacancy_O2,O2 vacancy,octahedral,3,9;1;5,5.53521391,10.2203,4.6850860899999995,0.10816666666666667,0.06720000000000001,0.0143
vacancy_O2,O2 vacancy,octahedral,3,9;1;5,5.53521391,10.2374,4.702186089999999,0.10926666666666666,0.06656666666666668,0.014533333333333334
vacancy_O2,O2 vacancy,octahedral,3,9;1;5,5.53521391,10.2544,4.71918609,0.10976666666666667,0.06593333333333333,0.014633333333333333
vacancy_O2,O2 vacancy,octahedral,3,9;1;5,5.53521391,10.2714,4.7361860899999995,0.1097,0.06526666666666668,0.014733333333333334
vacancy_O2,O2 vacancy,octahedral,3,9;1;5,5.53521391,10.2885,4.7532860900000005,0.10880000000000001,0.06483333333333334,0.014799999999999999
vacancy_O2,O2 vacancy,octahedral,3,9;1;5,5.53521391,10.3055,4.77028609,0.10710000000000001,0.0643,0.014766666666666664
vacancy_O2,O2 vacancy,octahedral,3,9;1;5,5.53521391,10.3226,4.787386089999999,0.10463333333333334,0.06396666666666667,0.0146
vacancy_O2,O2 vacancy,octahedral,3,9;1;5,5.53521391,10.3396,4.80438609,0.10166666666666667,0.06366666666666666,0.014199999999999999
vacancy_O2,O2 vacancy,octahedral,3,9;1;5,5.53521391,10.3566,4.82138609,0.09860000000000001,0.0637,0.0138
vacancy_O2,O2 vacancy,octahedral,3,9;1;5,5.53521391,10.3737,4.838486089999999,0.0958,0.06380000000000001,0.013333333333333334
vacancy_O2,O2 vacancy,octahedral,3,9;1;5,5.53521391,10.3907,4.85548609,0.0938,0.06436666666666667,0.012799999999999999
vacancy_O2,O2 vacancy,octahedral,3,9;1;5,5.53521391,10.4077,4.87248609,0.0929,0.0653,0.012433333333333333
vacancy_O2,O2 vacancy,octahedral,3,9;1;5,5.53521391,10.4248,4.889586089999999,0.09303333333333334,0.06653333333333333,0.012166666666666668
vacancy_O2,O2 vacancy,octahedral,3,9;1;5,5.53521391,10.4418,4.90658609,0.09406666666666667,0.06793333333333333,0.012000000000000002
vacancy_O2,O2 vacancy,octahedral,3,9;1;5,5.53521391,10.4589,4.9236860899999995,0.09553333333333335,0.06933333333333334,0.011833333333333335
vacancy_O2,O2 vacancy,octahedral,3,9;1;5,5.53521391,10.4759,4.940686089999999,0.09693333333333333,0.0707,0.011666666666666665
vacancy_O2,O2 vacancy,octahedral,3,9;1;5,5.53521391,10.4929,4.95768609,0.0977,0.07173333333333333,0.011533333333333333
vacancy_O2,O2 vacancy,octahedral,3,9;1;5,5.53521391,10.51,4.974786089999999,0.09766666666666667,0.0727,0.011466666666666667
vacancy_O2,O2 vacancy,octahedral,3,9;1;5,5.53521391,10.527,4.991786089999999,0.09666666666666668,0.07343333333333334,0.011366666666666666
vacancy_O2,O2 vacancy,octahedral,3,9;1;5,5.53521391,10.544,5.00878609,0.09473333333333334,0.0743,0.0112
vacancy_O2,O2 vacancy,octahedral,3,9;1;5,5.53521391,10.5611,5.025886089999999,0.0921,0.0751,0.0111
vacancy_O2,O2 vacancy,octahedral,3,9;1;5,5.53521391,10.5781,5.042886089999999,0.08893333333333335,0.07590000000000001,0.010833333333333334
vacancy_O2,O2 vacancy,octahedral,3,9;1;5,5.53521391,10.5951,5.05988609,0.08546666666666665,0.07656666666666667,0.010700000000000001
vacancy_O2,O2 vacancy,octahedral,3,9;1;5,5.53521391,10.6122,5.076986089999999,0.0818,0.07696666666666667,0.0106
vacancy_O2,O2 vacancy,octahedral,3,9;1;5,5.53521391,10.6292,5.0939860900000005,0.07803333333333333,0.07696666666666667,0.010366666666666666
vacancy_O2,O2 vacancy,octahedral,3,9;1;5,5.53521391,10.6463,5.11108609,0.0743,0.07666666666666666,0.010233333333333332
vacancy_O2,O2 vacancy,octahedral,3,9;1;5,5.53521391,10.6633,5.128086089999999,0.07076666666666666,0.0761,0.0101
vacancy_O2,O2 vacancy,octahedral,3,9;1;5,5.53521391,10.6803,5.14508609,0.0677,0.0755,0.010166666666666666
vacancy_O2,O2 vacancy,octahedral,3,9;1;5,5.53521391,10.6974,5.16218609,0.06536666666666667,0.0752,0.010133333333333334
vacancy_O2,O2 vacancy,octahedral,3,9;1;5,5.53521391,10.7144,5.179186089999999,0.06416666666666666,0.07540000000000001,0.010299999999999998
vacancy_O2,O2 vacancy,octahedral,3,9;1;5,5.53521391,10.7314,5.19618609,0.06433333333333334,0.07640000000000001,0.010733333333333333
vacancy_O2,O2 vacancy,octahedral,3,9;1;5,5.53521391,10.7485,5.2132860899999995,0.06606666666666666,0.0783,0.0111
vacancy_O2,O2 vacancy,octahedral,3,9;1;5,5.53521391,10.7655,5.230286089999999,0.0693,0.08109999999999999,0.011833333333333335
vacancy_O2,O2 vacancy,octahedral,3,9;1;5,5.53521391,10.7826,5.24738609,0.07393333333333334,0.08443333333333335,0.0124
vacancy_O2,O2 vacancy,octahedral,3,9;1;5,5.53521391,10.7996,5.2643860899999995,0.07946666666666667,0.0882,0.013166666666666669
vacancy_O2,O2 vacancy,octahedral,3,9;1;5,5.53521391,10.8166,5.281386089999999,0.08539999999999999,0.09200000000000001,0.013633333333333336
vacancy_O2,O2 vacancy,octahedral,3,9;1;5,5.53521391,10.8337,5.29848609,0.0911,0.09539999999999998,0.014199999999999999
vacancy_O2,O2 vacancy,octahedral,3,9;1;5,5.53521391,10.8507,5.315486089999999,0.09606666666666668,0.09823333333333334,0.014499999999999999
vacancy_O2,O2 vacancy,octahedral,3,9;1;5,5.53521391,10.8677,5.332486089999999,0.09986666666666667,0.1002,0.014600000000000002
vacancy_O2,O2 vacancy,octahedral,3,9;1;5,5.53521391,10.8848,5.34958609,0.10220000000000001,0.10153333333333332,0.014533333333333334
vacancy_O2,O2 vacancy,octahedral,3,9;1;5,5.53521391,10.9018,5.366586089999999,0.10313333333333334,0.10213333333333334,0.014433333333333334
vacancy_O2,O2 vacancy,octahedral,3,9;1;5,5.53521391,10.9188,5.383586089999999,0.10270000000000001,0.1024,0.014199999999999999
vacancy_O2,O2 vacancy,octahedral,3,9;1;5,5.53521391,10.9359,5.40068609,0.1014,0.10256666666666665,0.013966666666666667
vacancy_O2,O2 vacancy,octahedral,3,9;1;5,5.53521391,10.9529,5.417686089999999,0.09943333333333333,0.10270000000000001,0.013699999999999999
vacancy_O2,O2 vacancy,octahedral,3,9;1;5,5.53521391,10.97,5.43478609,0.09716666666666667,0.10303333333333332,0.013333333333333336
vacancy_O2,O2 vacancy,octahedral,3,9;1;5,5.53521391,10.987,5.45178609,0.09483333333333333,0.1037,0.013133333333333335
vacancy_O2,O2 vacancy,octahedral,3,9;1;5,5.53521391,11.004,5.468786089999999,0.0926,0.1047,0.012966666666666668
vacancy_O2,O2 vacancy,octahedral,3,9;1;5,5.53521391,11.0211,5.48588609,0.09053333333333334,0.10603333333333333,0.012733333333333333
vacancy_O2,O2 vacancy,octahedral,3,9;1;5,5.53521391,11.0381,5.50288609,0.08856666666666667,0.10773333333333333,0.012566666666666665
vacancy_O2,O2 vacancy,octahedral,3,9;1;5,5.53521391,11.0551,5.519886089999999,0.0867,0.10943333333333333,0.012533333333333332
vacancy_O2,O2 vacancy,octahedral,3,9;1;5,5.53521391,11.0722,5.53698609,0.08506666666666667,0.1113,0.012666666666666666
vacancy_O2,O2 vacancy,octahedral,3,9;1;5,5.53521391,11.0892,5.5539860899999995,0.08366666666666667,0.11286666666666667,0.012799999999999999
vacancy_O2,O2 vacancy,octahedral,3,9;1;5,5.53521391,11.1063,5.571086089999999,0.0826,0.1141,0.0131
vacancy_O2,O2 vacancy,octahedral,3,9;1;5,5.53521391,11.1233,5.58808609,0.08206666666666666,0.11473333333333334,0.0134
vacancy_O2,O2 vacancy,octahedral,3,9;1;5,5.53521391,11.1403,5.6050860899999995,0.08213333333333334,0.11473333333333334,0.013833333333333335
vacancy_O2,O2 vacancy,octahedral,3,9;1;5,5.53521391,11.1574,5.6221860900000005,0.08273333333333334,0.11393333333333333,0.014100000000000001
vacancy_O2,O2 vacancy,octahedral,3,9;1;5,5.53521391,11.1744,5.63918609,0.08386666666666666,0.11239999999999999,0.014499999999999999
vacancy_O2,O2 vacancy,octahedral,3,9;1;5,5.53521391,11.1914,5.656186089999999,0.0853,0.11016666666666668,0.014666666666666666
vacancy_O2,O2 vacancy,octahedral,3,9;1;5,5.53521391,11.2085,5.67328609,0.08676666666666666,0.10746666666666665,0.014699999999999998
vacancy_O2,O2 vacancy,octahedral,3,9;1;5,5.53521391,11.2255,5.69028609,0.08806666666666667,0.10446666666666667,0.014600000000000002
vacancy_O2,O2 vacancy,octahedral,3,9;1;5,5.53521391,11.2425,5.707286089999999,0.08900000000000001,0.10139999999999999,0.0143
vacancy_O2,O2 vacancy,octahedral,3,9;1;5,5.53521391,11.2596,5.72438609,0.08946666666666665,0.09859999999999998,0.014066666666666667
vacancy_O2,O2 vacancy,octahedral,3,9;1;5,5.53521391,11.2766,5.74138609,0.08943333333333332,0.09623333333333334,0.013600000000000001
vacancy_O2,O2 vacancy,octahedral,3,9;1;5,5.53521391,11.2937,5.758486089999999,0.0891,0.0946,0.013233333333333333
vacancy_O2,O2 vacancy,octahedral,3,9;1;5,5.53521391,11.3107,5.77548609,0.08863333333333334,0.0937,0.012933333333333333
vacancy_O2,O2 vacancy,octahedral,3,9;1;5,5.53521391,11.3277,5.79248609,0.08826666666666667,0.09383333333333332,0.012633333333333335
vacancy_O2,O2 vacancy,octahedral,3,9;1;5,5.53521391,11.3448,5.809586089999999,0.08826666666666667,0.09473333333333334,0.012533333333333332
vacancy_O2,O2 vacancy,octahedral,3,9;1;5,5.53521391,11.3618,5.82658609,0.08883333333333332,0.09660000000000002,0.012633333333333331
vacancy_O2,O2 vacancy,octahedral,3,9;1;5,5.53521391,11.3788,5.84358609,0.0899,0.09923333333333334,0.012766666666666667
vacancy_O2,O2 vacancy,octahedral,3,9;1;5,5.53521391,11.3959,5.860686089999999,0.09149999999999998,0.10226666666666667,0.013066666666666666
vacancy_O2,O2 vacancy,octahedral,3,9;1;5,5.53521391,11.4129,5.87768609,0.0934,0.1055,0.0133
vacancy_O2,O2 vacancy,octahedral,3,9;1;5,5.53521391,11.43,5.894786089999999,0.09516666666666666,0.10853333333333333,0.013600000000000001
vacancy_O2,O2 vacancy,octahedral,3,9;1;5,5.53521391,11.447,5.911786089999999,0.09663333333333333,0.11113333333333335,0.013833333333333331
vacancy_O2,O2 vacancy,octahedral,3,9;1;5,5.53521391,11.464,5.92878609,0.09749999999999999,0.11299999999999999,0.013999999999999999
vacancy_O2,O2 vacancy,octahedral,3,9;1;5,5.53521391,11.4811,5.945886089999999,0.09770000000000001,0.11423333333333334,0.014133333333333331
vacancy_O2,O2 vacancy,octahedral,3,9;1;5,5.53521391,11.4981,5.9628860900000005,0.09726666666666667,0.11483333333333333,0.014133333333333336
vacancy_O2,O2 vacancy,octahedral,3,9;1;5,5.53521391,11.5151,5.97988609,0.09653333333333332,0.11506666666666666,0.014133333333333331
vacancy_O2,O2 vacancy,octahedral,3,9;1;5,5.53521391,11.5322,5.996986089999999,0.09566666666666666,0.1154,0.014166666666666668
vacancy_O2,O2 vacancy,octahedral,3,9;1;5,5.53521391,11.5492,6.01398609,0.0951,0.1158,0.014166666666666668
vacancy_O2,O2 vacancy,octahedral,3,9;1;5,5.53521391,11.5662,6.03098609,0.09496666666666666,0.11666666666666665,0.014266666666666665
vacancy_O2,O2 vacancy,octahedral,3,9;1;5,5.53521391,11.5833,6.048086089999999,0.09536666666666667,0.11769999999999999,0.014433333333333334
vacancy_O2,O2 vacancy,octahedral,3,9;1;5,5.53521391,11.6003,6.06508609,0.09623333333333334,0.1188,0.014666666666666666
vacancy_O2,O2 vacancy,octahedral,3,9;1;5,5.53521391,11.6174,6.0821860899999995,0.09716666666666667,0.1196,0.01476666666666667
vacancy_O2,O2 vacancy,octahedral,3,9;1;5,5.53521391,11.6344,6.099186089999999,0.0979,0.11970000000000001,0.015
vacancy_O2,O2 vacancy,octahedral,3,9;1;5,5.53521391,11.6514,6.11618609,0.09799999999999999,0.11869999999999999,0.015100000000000002
vacancy_O2,O2 vacancy,octahedral,3,9;1;5,5.53521391,11.6685,6.1332860899999995,0.0971,0.11646666666666666,0.015166666666666667
vacancy_O2,O2 vacancy,octahedral,3,9;1;5,5.53521391,11.6855,6.150286089999999,0.09523333333333334,0.11320000000000001,0.015133333333333334
vacancy_O2,O2 vacancy,octahedral,3,9;1;5,5.53521391,11.7025,6.16728609,0.09233333333333334,0.1092,0.015033333333333334
vacancy_O2,O2 vacancy,octahedral,3,9;1;5,5.53521391,11.7196,6.184386089999999,0.08866666666666667,0.10493333333333334,0.014900000000000002
vacancy_O2,O2 vacancy,octahedral,3,9;1;5,5.53521391,11.7366,6.201386089999999,0.08453333333333334,0.10113333333333334,0.014866666666666667
vacancy_O2,O2 vacancy,octahedral,3,9;1;5,5.53521391,11.7537,6.21848609,0.08043333333333333,0.0983,0.01476666666666667
vacancy_O2,O2 vacancy,octahedral,3,9;1;5,5.53521391,11.7707,6.235486089999999,0.07686666666666667,0.09686666666666666,0.014900000000000002
vacancy_O2,O2 vacancy,octahedral,3,9;1;5,5.53521391,11.7877,6.252486089999999,0.07429999999999999,0.09700000000000002,0.015133333333333332
vacancy_O2,O2 vacancy,octahedral,3,9;1;5,5.53521391,11.8048,6.26958609,0.07336666666666666,0.09860000000000001,0.015533333333333335
vacancy_O2,O2 vacancy,octahedral,3,9;1;5,5.53521391,11.8218,6.286586089999999,0.07466666666666667,0.10130000000000002,0.016
vacancy_O2,O2 vacancy,octahedral,3,9;1;5,5.53521391,11.8388,6.3035860900000005,0.07866666666666666,0.1048,0.016666666666666666
vacancy_O2,O2 vacancy,octahedral,3,9;1;5,5.53521391,11.8559,6.32068609,0.08583333333333333,0.10836666666666665,0.0173
vacancy_O2,O2 vacancy,octahedral,3,9;1;5,5.53521391,11.8729,6.337686089999999,0.09616666666666666,0.1119,0.018133333333333335
vacancy_O2,O2 vacancy,octahedral,3,9;1;5,5.53521391,11.8899,6.35468609,0.10946666666666667,0.11503333333333333,0.018966666666666663
vacancy_O2,O2 vacancy,octahedral,3,9;1;5,5.53521391,11.907,6.37178609,0.12480000000000001,0.11776666666666664,0.019799999999999998
vacancy_O2,O2 vacancy,octahedral,3,9;1;5,5.53521391,11.924,6.388786089999999,0.14106666666666667,0.12,0.020533333333333334
vacancy_O2,O2 vacancy,octahedral,3,9;1;5,5.53521391,11.9411,6.40588609,0.1567,0.12176666666666668,0.0213
vacancy_O2,O2 vacancy,octahedral,3,9;1;5,5.53521391,11.9581,6.4228860899999995,0.17023333333333332,0.1234,0.022033333333333335
vacancy_O2,O2 vacancy,octahedral,3,9;1;5,5.53521391,11.9751,6.439886089999999,0.18046666666666666,0.12469999999999999,0.022533333333333332
vacancy_O2,O2 vacancy,octahedral,3,9;1;5,5.53521391,11.9922,6.45698609,0.18683333333333332,0.12583333333333332,0.0229
vacancy_O2,O2 vacancy,octahedral,3,9;1;5,5.53521391,12.0092,6.4739860899999995,0.18926666666666667,0.12710000000000002,0.02323333333333333
vacancy_O2,O2 vacancy,octahedral,3,9;1;5,5.53521391,12.0262,6.490986089999999,0.18816666666666668,0.12843333333333334,0.023299999999999998
vacancy_O2,O2 vacancy,octahedral,3,9;1;5,5.53521391,12.0433,6.50808609,0.18426666666666666,0.13016666666666668,0.0234
vacancy_O2,O2 vacancy,octahedral,3,9;1;5,5.53521391,12.0603,6.525086089999999,0.17853333333333335,0.13226666666666667,0.0232
vacancy_O2,O2 vacancy,octahedral,3,9;1;5,5.53521391,12.0774,6.54218609,0.17173333333333332,0.13456666666666667,0.023066666666666666
vacancy_O2,O2 vacancy,octahedral,3,9;1;5,5.53521391,12.0944,6.55918609,0.1643,0.13683333333333333,0.022866666666666664
vacancy_O2,O2 vacancy,octahedral,3,9;1;5,5.53521391,12.1114,6.576186089999999,0.15653333333333333,0.1388,0.022533333333333336
vacancy_O2,O2 vacancy,octahedral,3,9;1;5,5.53521391,12.1285,6.59328609,0.14843333333333333,0.14,0.022033333333333332
vacancy_O2,O2 vacancy,octahedral,3,9;1;5,5.53521391,12.1455,6.61028609,0.14003333333333334,0.1403,0.021466666666666665
vacancy_O2,O2 vacancy,octahedral,3,9;1;5,5.53521391,12.1625,6.627286089999999,0.13136666666666666,0.13949999999999999,0.0208
vacancy_O2,O2 vacancy,octahedral,3,9;1;5,5.53521391,12.1796,6.64438609,0.1226,0.1379,0.0201
vacancy_O2,O2 vacancy,octahedral,3,9;1;5,5.53521391,12.1966,6.66138609,0.11410000000000002,0.13553333333333337,0.019466666666666667
vacancy_O2,O2 vacancy,octahedral,3,9;1;5,5.53521391,12.2136,6.678386089999999,0.10623333333333333,0.13273333333333334,0.018866666666666667
vacancy_O2,O2 vacancy,octahedral,3,9;1;5,5.53521391,12.2307,6.69548609,0.09923333333333333,0.12976666666666667,0.018433333333333333
vacancy_O2,O2 vacancy,octahedral,3,9;1;5,5.53521391,12.2477,6.71248609,0.0934,0.12686666666666666,0.01813333333333333
vacancy_O2,O2 vacancy,octahedral,3,9;1;5,5.53521391,12.2648,6.729586089999999,0.08889999999999999,0.12406666666666667,0.01796666666666667
vacancy_O2,O2 vacancy,octahedral,3,9;1;5,5.53521391,12.2818,6.74658609,0.08563333333333334,0.12136666666666668,0.018
vacancy_O2,O2 vacancy,octahedral,3,9;1;5,5.53521391,12.2988,6.7635860899999996,0.08363333333333334,0.11880000000000002,0.0181
vacancy_O2,O2 vacancy,octahedral,3,9;1;5,5.53521391,12.3159,6.780686089999999,0.0827,0.11643333333333335,0.018166666666666668
vacancy_O2,O2 vacancy,octahedral,3,9;1;5,5.53521391,12.3329,6.79768609,0.08266666666666667,0.1143,0.0183
vacancy_O2,O2 vacancy,octahedral,3,9;1;5,5.53521391,12.3499,6.8146860899999995,0.08343333333333332,0.1128,0.018366666666666667
vacancy_O2,O2 vacancy,octahedral,3,9;1;5,5.53521391,12.367,6.8317860900000005,0.08473333333333333,0.1119,0.01846666666666667
vacancy_O2,O2 vacancy,octahedral,3,9;1;5,5.53521391,12.384,6.84878609,0.08643333333333332,0.11176666666666667,0.018600000000000002
vacancy_O2,O2 vacancy,octahedral,3,9;1;5,5.53521391,12.4011,6.865886089999999,0.08836666666666666,0.11263333333333332,0.018766666666666664
vacancy_O2,O2 vacancy,octahedral,3,9;1;5,5.53521391,12.4181,6.88288609,0.09043333333333332,0.11433333333333334,0.018966666666666666
vacancy_O2,O2 vacancy,octahedral,3,9;1;5,5.53521391,12.4351,6.89988609,0.09250000000000001,0.11703333333333332,0.019533333333333333
vacancy_O2,O2 vacancy,octahedral,3,9;1;5,5.53521391,12.4522,6.916986089999999,0.0947,0.12036666666666666,0.02
vacancy_O2,O2 vacancy,octahedral,3,9;1;5,5.53521391,12.4692,6.93398609,0.0969,0.12430000000000001,0.020866666666666662
vacancy_O2,O2 vacancy,octahedral,3,9;1;5,5.53521391,12.4862,6.95098609,0.09916666666666667,0.12849999999999998,0.021666666666666667
vacancy_O2,O2 vacancy,octahedral,3,9;1;5,5.53521391,12.5033,6.968086089999999,0.1014,0.1327,0.02266666666666667
vacancy_O2,O2 vacancy,octahedral,3,9;1;5,5.53521391,12.5203,6.98508609,0.1035,0.1366666666666667,0.023566666666666666
vacancy_O2,O2 vacancy,octahedral,3,9;1;5,5.53521391,12.5373,7.00208609,0.10523333333333335,0.14003333333333334,0.024333333333333335
vacancy_O2,O2 vacancy,octahedral,3,9;1;5,5.53521391,12.5544,7.019186089999999,0.10629999999999999,0.14256666666666665,0.024900000000000002
vacancy_O2,O2 vacancy,octahedral,3,9;1;5,5.53521391,12.5714,7.03618609,0.1065,0.144,0.025333333333333336
vacancy_O2,O2 vacancy,octahedral,3,9;1;5,5.53521391,12.5885,7.053286089999999,0.10556666666666666,0.1441666666666667,0.025233333333333333
vacancy_O2,O2 vacancy,octahedral,3,9;1;5,5.53521391,12.6055,7.070286089999999,0.10366666666666667,0.1432,0.02513333333333333
vacancy_O2,O2 vacancy,octahedral,3,9;1;5,5.53521391,12.6225,7.08728609,0.10083333333333333,0.14116666666666666,0.0246
vacancy_O2,O2 vacancy,octahedral,3,9;1;5,5.53521391,12.6396,7.104386089999999,0.09763333333333334,0.13843333333333332,0.0239
vacancy_O2,O2 vacancy,octahedral,3,9;1;5,5.53521391,12.6566,7.121386089999999,0.09463333333333333,0.13573333333333334,0.023333333333333334
vacancy_O2,O2 vacancy,octahedral,3,9;1;5,5.53521391,12.6736,7.13838609,0.09236666666666667,0.13323333333333334,0.022866666666666664
vacancy_O2,O2 vacancy,octahedral,3,9;1;5,5.53521391,12.6907,7.155486089999999,0.0914,0.1317,0.022499999999999996
vacancy_O2,O2 vacancy,octahedral,3,9;1;5,5.53521391,12.7077,7.1724860900000005,0.0921,0.13133333333333333,0.022633333333333335
vacancy_O2,O2 vacancy,octahedral,3,9;1;5,5.53521391,12.7248,7.18958609,0.09453333333333334,0.1325333333333333,0.02313333333333333
vacancy_O2,O2 vacancy,octahedral,3,9;1;5,5.53521391,12.7418,7.206586089999999,0.09849999999999999,0.1351,0.0239
vacancy_O2,O2 vacancy,octahedral,3,9;1;5,5.53521391,12.7588,7.22358609,0.10360000000000001,0.1389,0.025033333333333335
vacancy_O2,O2 vacancy,octahedral,3,9;1;5,5.53521391,12.7759,7.24068609,0.1094,0.14356666666666665,0.0262
vacancy_O2,O2 vacancy,octahedral,3,9;1;5,5.53521391,12.7929,7.257686089999999,0.11533333333333333,0.14866666666666667,0.027433333333333327
vacancy_O2,O2 vacancy,octahedral,3,9;1;5,5.53521391,12.8099,7.27468609,0.12076666666666669,0.15376666666666663,0.028733333333333333
vacancy_O2,O2 vacancy,octahedral,3,9;1;5,5.53521391,12.827,7.2917860899999996,0.1254333333333333,0.15853333333333333,0.029766666666666667
vacancy_O2,O2 vacancy,octahedral,3,9;1;5,5.53521391,12.844,7.308786089999999,0.12890000000000001,0.16256666666666666,0.030800000000000004
vacancy_O2,O2 vacancy,octahedral,3,9;1;5,5.53521391,12.861,7.32578609,0.1309,0.166,0.031466666666666664
vacancy_O2,O2 vacancy,octahedral,3,9;1;5,5.53521391,12.8781,7.3428860899999995,0.13136666666666666,0.16823333333333332,0.03206666666666667
vacancy_O2,O2 vacancy,octahedral,3,9;1;5,5.53521391,12.8951,7.359886089999999,0.13016666666666665,0.16946666666666665,0.032266666666666666
vacancy_O2,O2 vacancy,octahedral,3,9;1;5,5.53521391,12.9122,7.37698609,0.12746666666666667,0.16946666666666665,0.0322
vacancy_O2,O2 vacancy,octahedral,3,9;1;5,5.53521391,12.9292,7.393986089999999,0.1234,0.16836666666666666,0.03183333333333333
vacancy_O2,O2 vacancy,octahedral,3,9;1;5,5.53521391,12.9462,7.410986089999999,0.1183,0.16626666666666665,0.031233333333333335
vacancy_O2,O2 vacancy,octahedral,3,9;1;5,5.53521391,12.9633,7.42808609,0.11259999999999999,0.16316666666666668,0.030433333333333337
vacancy_O2,O2 vacancy,octahedral,3,9;1;5,5.53521391,12.9803,7.445086089999999,0.10659999999999999,0.15926666666666667,0.0295
vacancy_O2,O2 vacancy,octahedral,3,9;1;5,5.53521391,12.9973,7.462086089999999,0.1007,0.15486666666666668,0.028399999999999998
vacancy_O2,O2 vacancy,octahedral,3,9;1;5,5.53521391,13.0144,7.47918609,0.0951,0.15006666666666668,0.0273
vacancy_O2,O2 vacancy,octahedral,3,9;1;5,5.53521391,13.0314,7.496186089999999,0.08993333333333332,0.14520000000000002,0.026366666666666667
vacancy_O2,O2 vacancy,octahedral,3,9;1;5,5.53521391,13.0485,7.51328609,0.08526666666666666,0.14043333333333333,0.0255
vacancy_O2,O2 vacancy,octahedral,3,9;1;5,5.53521391,13.0655,7.53028609,0.08123333333333334,0.13623333333333335,0.024666666666666667
vacancy_O2,O2 vacancy,octahedral,3,9;1;5,5.53521391,13.0825,7.547286089999999,0.07786666666666667,0.1328,0.0241
vacancy_O2,O2 vacancy,octahedral,3,9;1;5,5.53521391,13.0996,7.56438609,0.07533333333333334,0.13066666666666668,0.0237
vacancy_O2,O2 vacancy,octahedral,3,9;1;5,5.53521391,13.1166,7.58138609,0.07376666666666666,0.12993333333333335,0.023500000000000004
vacancy_O2,O2 vacancy,octahedral,3,9;1;5,5.53521391,13.1336,7.598386089999999,0.07336666666666668,0.1311,0.023666666666666666
vacancy_O2,O2 vacancy,octahedral,3,9;1;5,5.53521391,13.1507,7.61548609,0.0742,0.1344,0.024066666666666667
vacancy_O2,O2 vacancy,octahedral,3,9;1;5,5.53521391,13.1677,7.63248609,0.07623333333333333,0.14013333333333333,0.024733333333333333
vacancy_O2,O2 vacancy,octahedral,3,9;1;5,5.53521391,13.1847,7.649486089999999,0.07926666666666667,0.1479,0.0256
vacancy_O2,O2 vacancy,octahedral,3,9;1;5,5.53521391,13.2018,7.66658609,0.08293333333333333,0.15743333333333334,0.026833333333333334
vacancy_O2,O2 vacancy,octahedral,3,9;1;5,5.53521391,13.2188,7.6835860899999995,0.0868,0.16806666666666667,0.027933333333333334
vacancy_O2,O2 vacancy,octahedral,3,9;1;5,5.53521391,13.2359,7.7006860900000005,0.09033333333333333,0.1787,0.029166666666666664
vacancy_O2,O2 vacancy,octahedral,3,9;1;5,5.53521391,13.2529,7.71768609,0.0931,0.18853333333333336,0.03013333333333333
vacancy_O2,O2 vacancy,octahedral,3,9;1;5,5.53521391,13.2699,7.734686089999999,0.09483333333333333,0.19659999999999997,0.0309
vacancy_O2,O2 vacancy,octahedral,3,9;1;5,5.53521391,13.287,7.75178609,0.0954,0.20236666666666667,0.031266666666666665
vacancy_O2,O2 vacancy,octahedral,3,9;1;5,5.53521391,13.304,7.76878609,0.09493333333333333,0.20550000000000002,0.03133333333333333
vacancy_O2,O2 vacancy,octahedral,3,9;1;5,5.53521391,13.321,7.785786089999999,0.09353333333333332,0.2063,0.03106666666666667
vacancy_O2,O2 vacancy,octahedral,3,9;1;5,5.53521391,13.3381,7.80288609,0.09146666666666665,0.20496666666666666,0.0305
vacancy_O2,O2 vacancy,octahedral,3,9;1;5,5.53521391,13.3551,7.81988609,0.08906666666666667,0.20233333333333334,0.029766666666666667
vacancy_O2,O2 vacancy,octahedral,3,9;1;5,5.53521391,13.3722,7.836986089999999,0.08653333333333334,0.19886666666666666,0.02893333333333333
vacancy_O2,O2 vacancy,octahedral,3,9;1;5,5.53521391,13.3892,7.85398609,0.08416666666666667,0.1953666666666667,0.028133333333333333
vacancy_O2,O2 vacancy,octahedral,3,9;1;5,5.53521391,13.4062,7.87098609,0.08216666666666667,0.19216666666666668,0.02723333333333333
vacancy_O2,O2 vacancy,octahedral,3,9;1;5,5.53521391,13.4233,7.888086089999999,0.08066666666666666,0.18943333333333334,0.026433333333333336
vacancy_O2,O2 vacancy,octahedral,3,9;1;5,5.53521391,13.4403,7.90508609,0.07966666666666666,0.1874,0.025766666666666663
vacancy_O2,O2 vacancy,octahedral,3,9;1;5,5.53521391,13.4573,7.92208609,0.07926666666666667,0.18576666666666664,0.0252
vacancy_O2,O2 vacancy,octahedral,3,9;1;5,5.53521391,13.4744,7.939186089999999,0.0793,0.1842,0.02463333333333333
vacancy_O2,O2 vacancy,octahedral,3,9;1;5,5.53521391,13.4914,7.95618609,0.07953333333333333,0.18266666666666667,0.02413333333333333
vacancy_O2,O2 vacancy,octahedral,3,9;1;5,5.53521391,13.5084,7.97318609,0.07976666666666667,0.18083333333333332,0.02363333333333333
vacancy_O2,O2 vacancy,octahedral,3,9;1;5,5.53521391,13.5255,7.990286089999999,0.07983333333333333,0.1786,0.023266666666666668
vacancy_O2,O2 vacancy,octahedral,3,9;1;5,5.53521391,13.5425,8.007286090000001,0.07956666666666666,0.17620000000000002,0.022966666666666666
vacancy_O2,O2 vacancy,octahedral,3,9;1;5,5.53521391,13.5596,8.02438609,0.07909999999999999,0.17393333333333336,0.022766666666666668
vacancy_O2,O2 vacancy,octahedral,3,9;1;5,5.53521391,13.5766,8.04138609,0.07866666666666666,0.17233333333333334,0.022766666666666668
vacancy_O2,O2 vacancy,octahedral,3,9;1;5,5.53521391,13.5936,8.058386089999999,0.07853333333333333,0.17196666666666668,0.02316666666666667
vacancy_O2,O2 vacancy,octahedral,3,9;1;5,5.53521391,13.6107,8.075486089999998,0.07906666666666666,0.17326666666666668,0.0237
vacancy_O2,O2 vacancy,octahedral,3,9;1;5,5.53521391,13.6277,8.092486090000001,0.08033333333333334,0.17653333333333332,0.0246
vacancy_O2,O2 vacancy,octahedral,3,9;1;5,5.53521391,13.6447,8.10948609,0.08243333333333334,0.18159999999999998,0.025733333333333334
vacancy_O2,O2 vacancy,octahedral,3,9;1;5,5.53521391,13.6618,8.12658609,0.08496666666666668,0.18800000000000003,0.026933333333333337
vacancy_O2,O2 vacancy,octahedral,3,9;1;5,5.53521391,13.6788,8.14358609,0.0876,0.19499999999999998,0.028166666666666663
vacancy_O2,O2 vacancy,octahedral,3,9;1;5,5.53521391,13.6959,8.160686089999999,0.08983333333333332,0.20176666666666665,0.02903333333333333
vacancy_O2,O2 vacancy,octahedral,3,9;1;5,5.53521391,13.7129,8.177686089999998,0.09106666666666667,0.20743333333333333,0.0296
vacancy_O2,O2 vacancy,octahedral,3,9;1;5,5.53521391,13.7299,8.194686090000001,0.09103333333333334,0.21116666666666664,0.02993333333333333
vacancy_O2,O2 vacancy,octahedral,3,9;1;5,5.53521391,13.747,8.21178609,0.08946666666666665,0.21273333333333333,0.029733333333333334
vacancy_O2,O2 vacancy,octahedral,3,9;1;5,5.53521391,13.764,8.22878609,0.08646666666666665,0.212,0.029266666666666667
vacancy_O2,O2 vacancy,octahedral,3,9;1;5,5.53521391,13.781,8.24578609,0.08226666666666667,0.20923333333333335,0.0286
vacancy_O2,O2 vacancy,octahedral,3,9;1;5,5.53521391,13.7981,8.262886089999999,0.07716666666666666,0.20493333333333333,0.027566666666666666
vacancy_O2,O2 vacancy,octahedral,3,9;1;5,5.53521391,13.8151,8.279886089999998,0.07156666666666667,0.1997,0.02666666666666667
vacancy_O2,O2 vacancy,octahedral,3,9;1;5,5.53521391,13.8321,8.296886090000001,0.0658,0.19410000000000002,0.025666666666666667
vacancy_O2,O2 vacancy,octahedral,3,9;1;5,5.53521391,13.8492,8.31398609,0.06013333333333334,0.18856666666666666,0.02476666666666667
vacancy_O2,O2 vacancy,octahedral,3,9;1;5,5.53521391,13.8662,8.33098609,0.054766666666666665,0.18346666666666667,0.024033333333333334
vacancy_O2,O2 vacancy,octahedral,3,9;1;5,5.53521391,13.8833,8.348086089999999,0.049833333333333334,0.1790333333333333,0.02323333333333333
vacancy_O2,O2 vacancy,octahedral,3,9;1;5,5.53521391,13.9003,8.365086089999998,0.04546666666666666,0.1755,0.0226
vacancy_O2,O2 vacancy,octahedral,3,9;1;5,5.53521391,13.9173,8.382086089999998,0.04176666666666667,0.17289999999999997,0.022000000000000002
vacancy_O2,O2 vacancy,octahedral,3,9;1;5,5.53521391,13.9344,8.39918609,0.03883333333333333,0.1716,0.021533333333333335
vacancy_O2,O2 vacancy,octahedral,3,9;1;5,5.53521391,13.9514,8.41618609,0.03693333333333334,0.1718666666666667,0.0212
vacancy_O2,O2 vacancy,octahedral,3,9;1;5,5.53521391,13.9684,8.43318609,0.036033333333333334,0.17390000000000003,0.021133333333333337
vacancy_O2,O2 vacancy,octahedral,3,9;1;5,5.53521391,13.9855,8.450286089999999,0.0361,0.17766666666666667,0.021233333333333337
vacancy_O2,O2 vacancy,octahedral,3,9;1;5,5.53521391,14.0025,8.467286089999998,0.03716666666666666,0.18299999999999997,0.021500000000000002
vacancy_O2,O2 vacancy,octahedral,3,9;1;5,5.53521391,14.0195,8.484286090000001,0.03886666666666667,0.1895,0.02186666666666667
vacancy_O2,O2 vacancy,octahedral,3,9;1;5,5.53521391,14.0366,8.50138609,0.04106666666666667,0.19683333333333333,0.02236666666666667
vacancy_O2,O2 vacancy,octahedral,3,9;1;5,5.53521391,14.0536,8.51838609,0.043366666666666664,0.20450000000000002,0.022999999999999996
vacancy_O2,O2 vacancy,octahedral,3,9;1;5,5.53521391,14.0707,8.53548609,0.0457,0.21213333333333337,0.023500000000000004
vacancy_O2,O2 vacancy,octahedral,3,9;1;5,5.53521391,14.0877,8.552486089999999,0.04783333333333334,0.21963333333333335,0.0242
vacancy_O2,O2 vacancy,octahedral,3,9;1;5,5.53521391,14.1047,8.569486089999998,0.049800000000000004,0.22696666666666665,0.024833333333333336
vacancy_O2,O2 vacancy,octahedral,3,9;1;5,5.53521391,14.1218,8.58658609,0.051666666666666666,0.23450000000000001,0.025433333333333336
vacancy_O2,O2 vacancy,octahedral,3,9;1;5,5.53521391,14.1388,8.60358609,0.05346666666666666,0.24243333333333336,0.02613333333333333
vacancy_O2,O2 vacancy,octahedral,3,9;1;5,5.53521391,14.1558,8.62058609,0.055466666666666664,0.25133333333333335,0.027166666666666672
vacancy_O2,O2 vacancy,octahedral,3,9;1;5,5.53521391,14.1729,8.637686089999999,0.057633333333333335,0.26130000000000003,0.0282
vacancy_O2,O2 vacancy,octahedral,3,9;1;5,5.53521391,14.1899,8.654686089999998,0.05996666666666667,0.27216666666666667,0.029433333333333336
vacancy_O2,O2 vacancy,octahedral,3,9;1;5,5.53521391,14.207,8.671786090000001,0.06223333333333333,0.2833666666666667,0.030766666666666664
vacancy_O2,O2 vacancy,octahedral,3,9;1;5,5.53521391,14.224,8.68878609,0.06413333333333333,0.2939333333333333,0.032133333333333326
vacancy_O2,O2 vacancy,octahedral,3,9;1;5,5.53521391,14.241,8.70578609,0.06526666666666665,0.30276666666666663,0.03323333333333334
vacancy_O2,O2 vacancy,octahedral,3,9;1;5,5.53521391,14.2581,8.72288609,0.06533333333333334,0.3086333333333333,0.03413333333333333
vacancy_O2,O2 vacancy,octahedral,3,9;1;5,5.53521391,14.2751,8.739886089999999,0.0642,0.31099999999999994,0.03473333333333333
vacancy_O2,O2 vacancy,octahedral,3,9;1;5,5.53521391,14.2921,8.756886089999998,0.06196666666666667,0.3099,0.03493333333333334
vacancy_O2,O2 vacancy,octahedral,3,9;1;5,5.53521391,14.3092,8.773986090000001,0.05896666666666667,0.30596666666666666,0.03473333333333333
vacancy_O2,O2 vacancy,octahedral,3,9;1;5,5.53521391,14.3262,8.79098609,0.055766666666666666,0.3004666666666667,0.034466666666666666
vacancy_O2,O2 vacancy,octahedral,3,9;1;5,5.53521391,14.3432,8.80798609,0.05280000000000001,0.29486666666666667,0.03426666666666667
vacancy_O2,O2 vacancy,octahedral,3,9;1;5,5.53521391,14.3603,8.82508609,0.05043333333333333,0.2906666666666667,0.0341
vacancy_O2,O2 vacancy,octahedral,3,9;1;5,5.53521391,14.3773,8.842086089999999,0.048966666666666665,0.28873333333333334,0.03413333333333333
vacancy_O2,O2 vacancy,octahedral,3,9;1;5,5.53521391,14.3944,8.859186089999998,0.04836666666666667,0.28996666666666665,0.0346
vacancy_O2,O2 vacancy,octahedral,3,9;1;5,5.53521391,14.4114,8.876186090000001,0.0486,0.2942,0.03526666666666667
vacancy_O2,O2 vacancy,octahedral,3,9;1;5,5.53521391,14.4284,8.89318609,0.04943333333333333,0.3012666666666666,0.0363
vacancy_O2,O2 vacancy,octahedral,3,9;1;5,5.53521391,14.4455,8.91028609,0.05066666666666667,0.3105,0.03746666666666667
vacancy_O2,O2 vacancy,octahedral,3,9;1;5,5.53521391,14.4625,8.927286089999999,0.05200000000000001,0.32093333333333335,0.03883333333333333
vacancy_O2,O2 vacancy,octahedral,3,9;1;5,5.53521391,14.4795,8.944286089999999,0.053366666666666666,0.33126666666666665,0.04006666666666667
vacancy_O2,O2 vacancy,octahedral,3,9;1;5,5.53521391,14.4966,8.961386090000001,0.05446666666666666,0.3401666666666667,0.041166666666666664
vacancy_O2,O2 vacancy,octahedral,3,9;1;5,5.53521391,14.5136,8.97838609,0.05516666666666666,0.3463,0.04193333333333333
vacancy_O2,O2 vacancy,octahedral,3,9;1;5,5.53521391,14.5307,8.99548609,0.055299999999999995,0.3487,0.042333333333333334
vacancy_O2,O2 vacancy,octahedral,3,9;1;5,5.53521391,14.5477,9.01248609,0.054833333333333324,0.3469333333333333,0.042199999999999994
vacancy_O2,O2 vacancy,octahedral,3,9;1;5,5.53521391,14.5647,9.029486089999999,0.0537,0.34126666666666666,0.04156666666666667
vacancy_O2,O2 vacancy,octahedral,3,9;1;5,5.53521391,14.5818,9.046586089999998,0.05206666666666667,0.33276666666666666,0.040633333333333334
vacancy_O2,O2 vacancy,octahedral,3,9;1;5,5.53521391,14.5988,9.063586090000001,0.0502,0.3227666666666667,0.03963333333333333
vacancy_O2,O2 vacancy,octahedral,3,9;1;5,5.53521391,14.6158,9.08058609,0.0483,0.31306666666666666,0.03856666666666667
vacancy_O2,O2 vacancy,octahedral,3,9;1;5,5.53521391,14.6329,9.09768609,0.046533333333333336,0.30463333333333337,0.037766666666666664
vacancy_O2,O2 vacancy,octahedral,3,9;1;5,5.53521391,14.6499,9.11468609,0.045033333333333335,0.29846666666666666,0.037333333333333336
vacancy_O2,O2 vacancy,octahedral,3,9;1;5,5.53521391,14.6669,9.131686089999999,0.0438,0.2947333333333333,0.037200000000000004
vacancy_O2,O2 vacancy,octahedral,3,9;1;5,5.53521391,14.684,9.148786089999998,0.042800000000000005,0.2932666666666667,0.037366666666666666
vacancy_O2,O2 vacancy,octahedral,3,9;1;5,5.53521391,14.701,9.165786090000001,0.04186666666666666,0.2936666666666667,0.037866666666666667
vacancy_O2,O2 vacancy,octahedral,3,9;1;5,5.53521391,14.7181,9.18288609,0.04093333333333333,0.29529999999999995,0.03853333333333333
vacancy_O2,O2 vacancy,octahedral,3,9;1;5,5.53521391,14.7351,9.19988609,0.04003333333333333,0.29783333333333334,0.03936666666666667
vacancy_O2,O2 vacancy,octahedral,3,9;1;5,5.53521391,14.7521,9.21688609,0.039200000000000006,0.3008,0.040299999999999996
vacancy_O2,O2 vacancy,octahedral,3,9;1;5,5.53521391,14.7692,9.233986089999998,0.03853333333333333,0.3038666666666667,0.041166666666666664
vacancy_O2,O2 vacancy,octahedral,3,9;1;5,5.53521391,14.7862,9.250986089999998,0.0381,0.3068,0.04196666666666667
vacancy_O2,O2 vacancy,octahedral,3,9;1;5,5.53521391,14.8032,9.26798609,0.03803333333333333,0.30929999999999996,0.042699999999999995
vacancy_O2,O2 vacancy,octahedral,3,9;1;5,5.53521391,14.8203,9.28508609,0.038266666666666664,0.31096666666666667,0.04326666666666667
vacancy_O2,O2 vacancy,octahedral,3,9;1;5,5.53521391,14.8373,9.30208609,0.03876666666666667,0.3115333333333334,0.04376666666666667
vacancy_O2,O2 vacancy,octahedral,3,9;1;5,5.53521391,14.8544,9.319186089999999,0.03946666666666667,0.3108666666666667,0.044000000000000004
vacancy_O2,O2 vacancy,octahedral,3,9;1;5,5.53521391,14.8714,9.336186089999998,0.0402,0.30906666666666666,0.044033333333333334
vacancy_O2,O2 vacancy,octahedral,3,9;1;5,5.53521391,14.8884,9.353186090000001,0.04093333333333333,0.3062666666666667,0.04393333333333333
vacancy_O2,O2 vacancy,octahedral,3,9;1;5,5.53521391,14.9055,9.37028609,0.04156666666666667,0.30293333333333333,0.043800000000000006
vacancy_O2,O2 vacancy,octahedral,3,9;1;5,5.53521391,14.9225,9.38728609,0.04213333333333333,0.29960000000000003,0.04356666666666666
vacancy_O2,O2 vacancy,octahedral,3,9;1;5,5.53521391,14.9395,9.40428609,0.04253333333333333,0.2967666666666667,0.043300000000000005
vacancy_O2,O2 vacancy,octahedral,3,9;1;5,5.53521391,14.9566,9.421386089999999,0.042866666666666664,0.29486666666666667,0.04303333333333333
vacancy_O2,O2 vacancy,octahedral,3,9;1;5,5.53521391,14.9736,9.438386089999998,0.043166666666666666,0.2941333333333333,0.042866666666666664
vacancy_O2,O2 vacancy,octahedral,3,9;1;5,5.53521391,14.9906,9.455386090000001,0.043366666666666664,0.29473333333333335,0.04273333333333334
vacancy_O2,O2 vacancy,octahedral,3,9;1;5,5.53521391,15.0077,9.47248609,0.0436,0.29623333333333335,0.042699999999999995
vacancy_O2,O2 vacancy,octahedral,3,9;1;5,5.53521391,15.0247,9.48948609,0.04376666666666667,0.2986666666666667,0.04273333333333334
vacancy_O2,O2 vacancy,octahedral,3,9;1;5,5.53521391,15.0418,9.506586089999999,0.0439,0.30150000000000005,0.042966666666666674
vacancy_O2,O2 vacancy,octahedral,3,9;1;5,5.53521391,15.0588,9.523586089999998,0.04396666666666666,0.3046,0.04326666666666667
vacancy_O2,O2 vacancy,octahedral,3,9;1;5,5.53521391,15.0758,9.540586089999998,0.043866666666666665,0.30760000000000004,0.043666666666666666
vacancy_O2,O2 vacancy,octahedral,3,9;1;5,5.53521391,15.0929,9.55768609,0.043666666666666666,0.3103666666666667,0.04413333333333333
vacancy_O2,O2 vacancy,octahedral,3,9;1;5,5.53521391,15.1099,9.57468609,0.043233333333333325,0.3129,0.044466666666666675
vacancy_O2,O2 vacancy,octahedral,3,9;1;5,5.53521391,15.1269,9.59168609,0.0426,0.31503333333333333,0.044866666666666666
vacancy_O2,O2 vacancy,octahedral,3,9;1;5,5.53521391,15.144,9.608786089999999,0.041800000000000004,0.31706666666666666,0.045033333333333335
vacancy_O2,O2 vacancy,octahedral,3,9;1;5,5.53521391,15.161,9.625786089999998,0.04073333333333334,0.31893333333333335,0.045000000000000005
vacancy_O2,O2 vacancy,octahedral,3,9;1;5,5.53521391,15.1781,9.642886090000001,0.03963333333333333,0.32053333333333334,0.044833333333333336
vacancy_O2,O2 vacancy,octahedral,3,9;1;5,5.53521391,15.1951,9.65988609,0.038533333333333336,0.32180000000000003,0.0446
vacancy_O2,O2 vacancy,octahedral,3,9;1;5,5.53521391,15.2121,9.67688609,0.03743333333333334,0.32220000000000004,0.044033333333333334
vacancy_O2,O2 vacancy,octahedral,3,9;1;5,5.53521391,15.2292,9.69398609,0.0363,0.3213333333333333,0.043366666666666664
vacancy_O2,O2 vacancy,octahedral,3,9;1;5,5.53521391,15.2462,9.710986089999999,0.03516666666666667,0.3184666666666667,0.04256666666666667
vacancy_O2,O2 vacancy,octahedral,3,9;1;5,5.53521391,15.2632,9.727986089999998,0.033933333333333336,0.3133333333333333,0.04156666666666667
vacancy_O2,O2 vacancy,octahedral,3,9;1;5,5.53521391,15.2803,9.745086090000001,0.03253333333333333,0.30556666666666665,0.0405
vacancy_O2,O2 vacancy,octahedral,3,9;1;5,5.53521391,15.2973,9.76208609,0.03086666666666667,0.2954333333333333,0.03913333333333333
vacancy_O2,O2 vacancy,octahedral,3,9;1;5,5.53521391,15.3143,9.77908609,0.029033333333333338,0.2830666666666667,0.0377
vacancy_O2,O2 vacancy,octahedral,3,9;1;5,5.53521391,15.3314,9.796186089999999,0.026933333333333333,0.2690333333333333,0.036066666666666664
vacancy_O2,O2 vacancy,octahedral,3,9;1;5,5.53521391,15.3484,9.813186089999999,0.0247,0.2539666666666667,0.034333333333333334
vacancy_O2,O2 vacancy,octahedral,3,9;1;5,5.53521391,15.3655,9.830286090000001,0.022466666666666666,0.23840000000000003,0.03236666666666667
vacancy_O2,O2 vacancy,octahedral,3,9;1;5,5.53521391,15.3825,9.84728609,0.02036666666666667,0.22303333333333333,0.030366666666666667
vacancy_O2,O2 vacancy,octahedral,3,9;1;5,5.53521391,15.3995,9.86428609,0.018366666666666667,0.20826666666666668,0.028300000000000002
vacancy_O2,O2 vacancy,octahedral,3,9;1;5,5.53521391,15.4166,9.88138609,0.016633333333333333,0.1947333333333333,0.026333333333333334
vacancy_O2,O2 vacancy,octahedral,3,9;1;5,5.53521391,15.4336,9.898386089999999,0.0152,0.18286666666666665,0.024466666666666668
vacancy_O2,O2 vacancy,octahedral,3,9;1;5,5.53521391,15.4506,9.915386089999998,0.014033333333333333,0.17290000000000003,0.022966666666666666
vacancy_O2,O2 vacancy,octahedral,3,9;1;5,5.53521391,15.4677,9.932486090000001,0.013133333333333332,0.16486666666666666,0.021733333333333337
vacancy_O2,O2 vacancy,octahedral,3,9;1;5,5.53521391,15.4847,9.94948609,0.012466666666666668,0.15869999999999998,0.020833333333333332
vacancy_O2,O2 vacancy,octahedral,3,9;1;5,5.53521391,15.5018,9.96658609,0.011933333333333332,0.154,0.020233333333333336
vacancy_O2,O2 vacancy,octahedral,3,9;1;5,5.53521391,15.5188,9.98358609,0.011566666666666664,0.15023333333333333,0.019899999999999998
vacancy_O2,O2 vacancy,octahedral,3,9;1;5,5.53521391,15.5358,10.000586089999999,0.011233333333333333,0.1466666666666667,0.01983333333333333
vacancy_O2,O2 vacancy,octahedral,3,9;1;5,5.53521391,15.5529,10.017686089999998,0.010966666666666668,0.14276666666666668,0.019733333333333335
vacancy_O2,O2 vacancy,octahedral,3,9;1;5,5.53521391,15.5699,10.034686090000001,0.010666666666666666,0.13786666666666667,0.0197
vacancy_O2,O2 vacancy,octahedral,3,9;1;5,5.53521391,15.5869,10.05168609,0.0103,0.13183333333333333,0.019566666666666666
vacancy_O2,O2 vacancy,octahedral,3,9;1;5,5.53521391,15.604,10.06878609,0.009799999999999998,0.12430000000000001,0.019233333333333335
vacancy_O2,O2 vacancy,octahedral,3,9;1;5,5.53521391,15.621,10.08578609,0.009233333333333333,0.11573333333333331,0.018766666666666668
vacancy_O2,O2 vacancy,octahedral,3,9;1;5,5.53521391,15.638,10.102786089999999,0.008599999999999998,0.10616666666666667,0.018
vacancy_O2,O2 vacancy,octahedral,3,9;1;5,5.53521391,15.6551,10.119886089999998,0.007833333333333333,0.09623333333333334,0.01706666666666667
vacancy_O2,O2 vacancy,octahedral,3,9;1;5,5.53521391,15.6721,10.13688609,0.007066666666666666,0.08653333333333334,0.016066666666666667
vacancy_O2,O2 vacancy,octahedral,3,9;1;5,5.53521391,15.6892,10.15398609,0.0063,0.07723333333333333,0.014833333333333332
vacancy_O2,O2 vacancy,octahedral,3,9;1;5,5.53521391,15.7062,10.17098609,0.005566666666666667,0.06883333333333334,0.0135
vacancy_O2,O2 vacancy,octahedral,3,9;1;5,5.53521391,15.7232,10.187986089999999,0.004933333333333334,0.0613,0.0123
vacancy_O2,O2 vacancy,octahedral,3,9;1;5,5.53521391,15.7403,10.205086089999998,0.004333333333333334,0.054833333333333324,0.011000000000000001
vacancy_O2,O2 vacancy,octahedral,3,9;1;5,5.53521391,15.7573,10.222086090000001,0.0038,0.0492,0.009866666666666666
vacancy_O2,O2 vacancy,octahedral,3,9;1;5,5.53521391,15.7743,10.23908609,0.0033666666666666667,0.04416666666666667,0.008733333333333333
vacancy_O2,O2 vacancy,octahedral,3,9;1;5,5.53521391,15.7914,10.25618609,0.0029666666666666665,0.039466666666666664,0.0077333333333333325
vacancy_O2,O2 vacancy,octahedral,3,9;1;5,5.53521391,15.8084,10.27318609,0.0026333333333333334,0.03496666666666667,0.006733333333333333
vacancy_O2,O2 vacancy,octahedral,3,9;1;5,5.53521391,15.8255,10.290286089999999,0.002266666666666667,0.03046666666666667,0.005833333333333334
vacancy_O2,O2 vacancy,octahedral,3,9;1;5,5.53521391,15.8425,10.307286089999998,0.0019333333333333331,0.025933333333333336,0.004900000000000001
vacancy_O2,O2 vacancy,octahedral,3,9;1;5,5.53521391,15.8595,10.324286090000001,0.0015999999999999999,0.021566666666666668,0.004066666666666667
vacancy_O2,O2 vacancy,octahedral,3,9;1;5,5.53521391,15.8766,10.34138609,0.0013333333333333333,0.01736666666666667,0.0032333333333333333
vacancy_O2,O2 vacancy,octahedral,3,9;1;5,5.53521391,15.8936,10.35838609,0.0010666666666666665,0.013533333333333333,0.0026666666666666666
vacancy_O2,O2 vacancy,octahedral,3,9;1;5,5.53521391,15.9106,10.37538609,0.0007999999999999999,0.010199999999999999,0.002
vacancy_O2,O2 vacancy,octahedral,3,9;1;5,5.53521391,15.9277,10.392486089999998,0.0006333333333333333,0.007366666666666667,0.0014333333333333333
vacancy_O2,O2 vacancy,octahedral,3,9;1;5,5.53521391,15.9447,10.409486089999998,0.00039999999999999996,0.0051,0.0009666666666666666
vacancy_O2,O2 vacancy,octahedral,3,9;1;5,5.53521391,15.9617,10.426486090000001,0.0002666666666666667,0.0034,0.0007333333333333333
vacancy_O2,O2 vacancy,octahedral,3,9;1;5,5.53521391,15.9788,10.44358609,0.0002,0.002166666666666667,0.0004
vacancy_O2,O2 vacancy,octahedral,3,9;1;5,5.53521391,15.9958,10.46058609,0.0001,0.0013333333333333333,0.0002666666666666667
vacancy_O2,O2 vacancy,octahedral,3,9;1;5,5.53521391,16.0129,10.477686089999999,6.666666666666667e-05,0.0007666666666666667,0.0001
vacancy_O2,O2 vacancy,octahedral,3,9;1;5,5.53521391,16.0299,10.494686090000002,3.3333333333333335e-05,0.0004333333333333333,6.666666666666667e-05
vacancy_O2,O2 vacancy,octahedral,3,9;1;5,5.53521391,16.0469,10.511686090000001,0.0,0.00023333333333333336,0.0
vacancy_O2,O2 vacancy,octahedral,3,9;1;5,5.53521391,16.064,10.52878609,0.0,6.666666666666667e-05,0.0
vacancy_O2,O2 vacancy,octahedral,3,9;1;5,5.53521391,16.081,10.54578609,0.0,0.0,0.0
vacancy_O2,O2 vacancy,octahedral,3,9;1;5,5.53521391,16.098,10.56278609,0.0,0.0,0.0
vacancy_O2,O2 vacancy,octahedral,3,9;1;5,5.53521391,16.1151,10.579886090000002,0.0,0.0,0.0
vacancy_O2,O2 vacancy,octahedral,3,9;1;5,5.53521391,16.1321,10.596886090000002,0.0,0.0,0.0
vacancy_O2,O2 vacancy,octahedral,3,9;1;5,5.53521391,16.1492,10.613986090000001,0.0,0.0,0.0
vacancy_O2,O2 vacancy,octahedral,3,9;1;5,5.53521391,16.1662,10.63098609,0.0,0.0,0.0
vacancy_O2,O2 vacancy,octahedral,3,9;1;5,5.53521391,16.1832,10.64798609,0.0,0.0,0.0
vacancy_O2,O2 vacancy,octahedral,3,9;1;5,5.53521391,16.2003,10.665086089999999,0.0,0.0,0.0
vacancy_O2,O2 vacancy,octahedral,3,9;1;5,5.53521391,16.2173,10.682086090000002,0.0,0.0,0.0
vacancy_O2,O2 vacancy,octahedral,3,9;1;5,5.53521391,16.2343,10.699086090000002,0.0,0.0,0.0
vacancy_O2,O2 vacancy,octahedral,3,9;1;5,5.53521391,16.2514,10.71618609,0.0,0.0,0.0
vacancy_O2,O2 vacancy,octahedral,3,9;1;5,5.53521391,16.2684,10.73318609,0.0,0.0,0.0
vacancy_O2,O2 vacancy,octahedral,3,9;1;5,5.53521391,16.2854,10.75018609,0.0,0.0,0.0
vacancy_O2,O2 vacancy,octahedral,3,9;1;5,5.53521391,16.3025,10.767286089999999,0.0,0.0,0.0
vacancy_O2,O2 vacancy,octahedral,3,9;1;5,5.53521391,16.3195,10.784286090000002,0.0,0.0,0.0
vacancy_O2,O2 vacancy,octahedral,3,9;1;5,5.53521391,16.3366,10.801386090000001,0.0,0.0,0.0
vacancy_O2,O2 vacancy,octahedral,3,9;1;5,5.53521391,16.3536,10.81838609,0.0,0.0,0.0
vacancy_O2,O2 vacancy,octahedral,3,9;1;5,5.53521391,16.3706,10.83538609,0.0,0.0,0.0
vacancy_O2,O2 vacancy,octahedral,3,9;1;5,5.53521391,16.3877,10.85248609,0.0,0.0,0.0
vacancy_O2,O2 vacancy,octahedral,3,9;1;5,5.53521391,16.4047,10.869486089999999,0.0,0.0,0.0
vacancy_O2,O2 vacancy,octahedral,3,9;1;5,5.53521391,16.4217,10.886486090000002,0.0,0.0,0.0
vacancy_O2,O2 vacancy,octahedral,3,9;1;5,5.53521391,16.4388,10.903586090000001,0.0,0.0,0.0
vacancy_O2,O2 vacancy,octahedral,3,9;1;5,5.53521391,16.4558,10.92058609,0.0,0.0,0.0
vacancy_O2,O2 vacancy,octahedral,3,9;1;5,5.53521391,16.4729,10.93768609,0.0,0.0,0.0
vacancy_O2,O2 vacancy,octahedral,3,9;1;5,5.53521391,16.4899,10.95468609,0.0,0.0,0.0
vacancy_O2,O2 vacancy,octahedral,3,9;1;5,5.53521391,16.5069,10.971686090000002,0.0,0.0,0.0
vacancy_O2,O2 vacancy,octahedral,3,9;1;5,5.53521391,16.524,10.988786090000001,0.0,0.0,0.0
vacancy_O2,O2 vacancy,octahedral,3,9;1;5,5.53521391,16.541,11.00578609,0.0,0.0,0.0
vacancy_O2,O2 vacancy,octahedral,3,9;1;5,5.53521391,16.558,11.02278609,0.0,0.0,0.0
vacancy_O2,O2 vacancy,octahedral,3,9;1;5,5.53521391,16.5751,11.03988609,0.0,0.0,0.0
vacancy_O2,O2 vacancy,octahedral,3,9;1;5,5.53521391,16.5921,11.056886089999999,0.0,0.0,0.0
vacancy_O2,O2 vacancy,octahedral,3,9;1;5,5.53521391,16.6091,11.073886090000002,0.0,0.0,0.0
vacancy_O2,O2 vacancy,octahedral,3,9;1;5,5.53521391,16.6262,11.090986090000001,0.0,0.0,0.0
vacancy_O2,O2 vacancy,octahedral,3,9;1;5,5.53521391,16.6432,11.10798609,0.0,0.0,0.0
vacancy_O2,O2 vacancy,octahedral,3,9;1;5,5.53521391,16.6603,11.12508609,0.0,0.0,0.0
vacancy_O2,O2 vacancy,octahedral,3,9;1;5,5.53521391,16.6773,11.14208609,0.0,0.0,0.0
vacancy_O2,O2 vacancy,octahedral,3,9;1;5,5.53521391,16.6943,11.159086089999999,0.0,0.0,0.0
vacancy_O2,O2 vacancy,octahedral,3,9;1;5,5.53521391,16.7114,11.176186090000002,0.0,0.0,0.0
vacancy_O2,O2 vacancy,octahedral,3,9;1;5,5.53521391,16.7284,11.193186090000001,0.0,0.0,0.0
vacancy_O2,O2 vacancy,octahedral,3,9;1;5,5.53521391,16.7454,11.21018609,0.0,0.0,0.0
vacancy_O2,O2 vacancy,octahedral,3,9;1;5,5.53521391,16.7625,11.22728609,0.0,0.0,0.0
vacancy_O2,O2 vacancy,octahedral,3,9;1;5,5.53521391,16.7795,11.24428609,0.0,0.0,0.0
vacancy_O2,O2 vacancy,octahedral,3,9;1;5,5.53521391,16.7966,11.261386090000002,0.0,0.0,0.0
vacancy_O2,O2 vacancy,octahedral,3,9;1;5,5.53521391,16.8136,11.278386090000001,0.0,0.0,0.0
vacancy_O2,O2 vacancy,octahedral,3,9;1;5,5.53521391,16.8306,11.295386090000001,0.0,0.0,0.0
vacancy_O2,O2 vacancy,octahedral,3,9;1;5,5.53521391,16.8477,11.31248609,0.0,0.0,0.0
vacancy_O2,O2 vacancy,octahedral,3,9;1;5,5.53521391,16.8647,11.32948609,0.0,0.0,0.0
vacancy_O2,O2 vacancy,octahedral,3,9;1;5,5.53521391,16.8817,11.346486089999999,0.0,0.0,0.0
vacancy_O2,O2 vacancy,octahedral,3,9;1;5,5.53521391,16.8988,11.363586090000002,0.0,0.0,0.0
vacancy_O2,O2 vacancy,octahedral,3,9;1;5,5.53521391,16.9158,11.380586090000001,0.0,0.0,0.0
vacancy_O2,O2 vacancy,octahedral,3,9;1;5,5.53521391,16.9328,11.39758609,0.0,0.0,0.0
vacancy_O2,O2 vacancy,octahedral,3,9;1;5,5.53521391,16.9499,11.41468609,0.0,0.0,0.0
vacancy_O2,O2 vacancy,octahedral,3,9;1;5,5.53521391,16.9669,11.43168609,0.0,0.0,0.0
vacancy_O2,O2 vacancy,octahedral,3,9;1;5,5.53521391,16.984,11.448786090000002,0.0,0.0,0.0
vacancy_O2,O2 vacancy,octahedral,3,9;1;5,5.53521391,17.001,11.465786090000002,0.0,0.0,0.0
vacancy_O2,O2 vacancy,octahedral,3,9;1;5,5.53521391,17.018,11.482786090000001,0.0,0.0,0.0
vacancy_O2,O2 vacancy,octahedral,3,9;1;5,5.53521391,17.0351,11.49988609,0.0,0.0,0.0
vacancy_O2,O2 vacancy,octahedral,3,9;1;5,5.53521391,17.0521,11.51688609,0.0,0.0,0.0
vacancy_O2,O2 vacancy,octahedral,3,9;1;5,5.53521391,17.0691,11.53388609,0.0,0.0,0.0
vacancy_O2,O2 vacancy,octahedral,3,9;1;5,5.53521391,17.0862,11.550986090000002,0.0,0.0,0.0
vacancy_O2,O2 vacancy,octahedral,3,9;1;5,5.53521391,17.1032,11.567986090000002,0.0,0.0,0.0
vacancy_O2,O2 vacancy,octahedral,3,9;1;5,5.53521391,17.1203,11.58508609,0.0,0.0,0.0
vacancy_O2,O2 vacancy,octahedral,3,9;1;5,5.53521391,17.1373,11.60208609,0.0,0.0,0.0
vacancy_O2,O2 vacancy,octahedral,3,9;1;5,5.53521391,17.1543,11.61908609,0.0,0.0,0.0
vacancy_O2,O2 vacancy,octahedral,3,9;1;5,5.53521391,17.1714,11.636186089999999,0.0,0.0,0.0
vacancy_O2,O2 vacancy,octahedral,3,9;1;5,5.53521391,17.1884,11.653186090000002,0.0,0.0,0.0
vacancy_O2,O2 vacancy,octahedral,3,9;1;5,5.53521391,17.2054,11.670186090000001,0.0,0.0,0.0
vacancy_O2,O2 vacancy,octahedral,3,9;1;5,5.53521391,17.2225,11.68728609,0.0,0.0,0.0
vacancy_O2,O2 vacancy,octahedral,3,9;1;5,5.53521391,17.2395,11.70428609,0.0,0.0,0.0
vacancy_O2,O2 vacancy,octahedral,3,9;1;5,5.53521391,17.2565,11.72128609,0.0,0.0,0.0
vacancy_O2,O2 vacancy,octahedral,3,9;1;5,5.53521391,17.2736,11.738386089999999,0.0,0.0,0.0
vacancy_O2,O2 vacancy,octahedral,3,9;1;5,5.53521391,17.2906,11.755386090000002,0.0,0.0,0.0
vacancy_O2,O2 vacancy,octahedral,3,9;1;5,5.53521391,17.3077,11.772486090000001,0.0,0.0,0.0
vacancy_O2,O2 vacancy,octahedral,3,9;1;5,5.53521391,17.3247,11.78948609,0.0,0.0,0.0
vacancy_O2,O2 vacancy,octahedral,3,9;1;5,5.53521391,17.3417,11.80648609,0.0,0.0,0.0
vacancy_O2,O2 vacancy,octahedral,3,9;1;5,5.53521391,17.3588,11.82358609,0.0,0.0,0.0
vacancy_O2,O2 vacancy,octahedral,3,9;1;5,5.53521391,17.3758,11.840586090000002,0.0,0.0,0.0
vacancy_O2,O2 vacancy,octahedral,3,9;1;5,5.53521391,17.3928,11.857586090000002,0.0,0.0,0.0
vacancy_O2,O2 vacancy,octahedral,3,9;1;5,5.53521391,17.4099,11.87468609,0.0,0.0,0.0
