structure,vacancy_label,coordination_type,number_of_ga_atoms,ga_atom_numbers,fermi_energy_eV,energy_absolute_eV,energy_minus_fermi_eV,ga_s_pdos,ga_p_pdos,ga_d_pdos
vacancy_O3,O3 vacancy,tetrahedral,1,27,5.35951765,-16.6711,-22.03061765,0.0,0.0,0.0
vacancy_O3,O3 vacancy,tetrahedral,1,27,5.35951765,-16.6541,-22.01361765,0.0,0.0,0.0
vacancy_O3,O3 vacancy,tetrahedral,1,27,5.35951765,-16.637,-21.99651765,0.0,0.0,0.0
vacancy_O3,O3 vacancy,tetrahedral,1,27,5.35951765,-16.6199,-21.979417650000002,0.0,0.0,0.0
vacancy_O3,O3 vacancy,tetrahedral,1,27,5.35951765,-16.6029,-21.962417650000003,0.0,0.0,0.0
vacancy_O3,O3 vacancy,tetrahedral,1,27,5.35951765,-16.5858,-21.94531765,0.0,0.0,0.0
vacancy_O3,O3 vacancy,tetrahedral,1,27,5.35951765,-16.5688,-21.92831765,0.0,0.0,0.0
vacancy_O3,O3 vacancy,tetrahedral,1,27,5.35951765,-16.5517,-21.91121765,0.0,0.0,0.0
vacancy_O3,O3 vacancy,tetrahedral,1,27,5.35951765,-16.5347,-21.89421765,0.0,0.0,0.0
vacancy_O3,O3 vacancy,tetrahedral,1,27,5.35951765,-16.5176,-21.877117650000002,0.0,0.0,0.0
vacancy_O3,O3 vacancy,tetrahedral,1,27,5.35951765,-16.5006,-21.86011765,0.0,0.0,0.0
vacancy_O3,O3 vacancy,tetrahedral,1,27,5.35951765,-16.4835,-21.84301765,0.0,0.0,0.0
vacancy_O3,O3 vacancy,tetrahedral,1,27,5.35951765,-16.4665,-21.82601765,0.0,0.0,0.0
vacancy_O3,O3 vacancy,tetrahedral,1,27,5.35951765,-16.4494,-21.80891765,0.0,0.0,0.0
vacancy_O3,O3 vacancy,tetrahedral,1,27,5.35951765,-16.4324,-21.791917650000002,0.0,0.0,0.0
vacancy_O3,O3 vacancy,tetrahedral,1,27,5.35951765,-16.4153,-21.77481765,0.0,0.0,0.0
vacancy_O3,O3 vacancy,tetrahedral,1,27,5.35951765,-16.3983,-21.75781765,0.0,0.0,0.0
vacancy_O3,O3 vacancy,tetrahedral,1,27,5.35951765,-16.3812,-21.74071765,0.0,0.0,0.0
vacancy_O3,O3 vacancy,tetrahedral,1,27,5.35951765,-16.3642,-21.72371765,0.0,0.0,0.0
vacancy_O3,O3 vacancy,tetrahedral,1,27,5.35951765,-16.3471,-21.706617650000002,0.0,0.0,0.0
vacancy_O3,O3 vacancy,tetrahedral,1,27,5.35951765,-16.3301,-21.689617650000002,0.0,0.0,0.0
vacancy_O3,O3 vacancy,tetrahedral,1,27,5.35951765,-16.313,-21.67251765,0.0,0.0,0.0
vacancy_O3,O3 vacancy,tetrahedral,1,27,5.35951765,-16.296,-21.65551765,0.0,0.0,0.0
vacancy_O3,O3 vacancy,tetrahedral,1,27,5.35951765,-16.2789,-21.63841765,0.0,0.0,0.0
vacancy_O3,O3 vacancy,tetrahedral,1,27,5.35951765,-16.2619,-21.62141765,0.0,0.0,0.0
vacancy_O3,O3 vacancy,tetrahedral,1,27,5.35951765,-16.2448,-21.604317650000002,0.0,0.0,0.0
vacancy_O3,O3 vacancy,tetrahedral,1,27,5.35951765,-16.2278,-21.58731765,0.0,0.0,0.0
vacancy_O3,O3 vacancy,tetrahedral,1,27,5.35951765,-16.2107,-21.57021765,0.0,0.0,0.0
vacancy_O3,O3 vacancy,tetrahedral,1,27,5.35951765,-16.1937,-21.55321765,0.0,0.0,0.0
vacancy_O3,O3 vacancy,tetrahedral,1,27,5.35951765,-16.1766,-21.53611765,0.0,0.0,0.0
vacancy_O3,O3 vacancy,tetrahedral,1,27,5.35951765,-16.1596,-21.519117650000002,0.0,0.0,0.0
vacancy_O3,O3 vacancy,tetrahedral,1,27,5.35951765,-16.1425,-21.50201765,0.0,0.0,0.0
vacancy_O3,O3 vacancy,tetrahedral,1,27,5.35951765,-16.1255,-21.48501765,0.0,0.0,0.0
vacancy_O3,O3 vacancy,tetrahedral,1,27,5.35951765,-16.1084,-21.46791765,0.0,0.0,0.0
vacancy_O3,O3 vacancy,tetrahedral,1,27,5.35951765,-16.0914,-21.45091765,0.0,0.0,0.0
vacancy_O3,O3 vacancy,tetrahedral,1,27,5.35951765,-16.0743,-21.43381765,0.0,0.0,0.0
vacancy_O3,O3 vacancy,tetrahedral,1,27,5.35951765,-16.0572,-21.416717650000002,0.0,0.0,0.0
vacancy_O3,O3 vacancy,tetrahedral,1,27,5.35951765,-16.0402,-21.39971765,0.0,0.0,0.0
vacancy_O3,O3 vacancy,tetrahedral,1,27,5.35951765,-16.0231,-21.38261765,0.0,0.0,0.0
vacancy_O3,O3 vacancy,tetrahedral,1,27,5.35951765,-16.0061,-21.36561765,0.0,0.0,0.0
vacancy_O3,O3 vacancy,tetrahedral,1,27,5.35951765,-15.989,-21.34851765,0.0,0.0,0.0
vacancy_O3,O3 vacancy,tetrahedral,1,27,5.35951765,-15.972,-21.33151765,0.0,0.0,0.0
vacancy_O3,O3 vacancy,tetrahedral,1,27,5.35951765,-15.9549,-21.31441765,0.0,0.0,0.0
vacancy_O3,O3 vacancy,tetrahedral,1,27,5.35951765,-15.9379,-21.29741765,0.0,0.0,0.0
vacancy_O3,O3 vacancy,tetrahedral,1,27,5.35951765,-15.9208,-21.28031765,0.0,0.0,0.0
vacancy_O3,O3 vacancy,tetrahedral,1,27,5.35951765,-15.9038,-21.26331765,0.0,0.0,0.0
vacancy_O3,O3 vacancy,tetrahedral,1,27,5.35951765,-15.8867,-21.24621765,0.0,0.0,0.0
vacancy_O3,O3 vacancy,tetrahedral,1,27,5.35951765,-15.8697,-21.22921765,0.0,0.0,0.0
vacancy_O3,O3 vacancy,tetrahedral,1,27,5.35951765,-15.8526,-21.21211765,0.0,0.0,0.0
vacancy_O3,O3 vacancy,tetrahedral,1,27,5.35951765,-15.8356,-21.19511765,0.0,0.0,0.0
vacancy_O3,O3 vacancy,tetrahedral,1,27,5.35951765,-15.8185,-21.17801765,0.0,0.0,0.0
vacancy_O3,O3 vacancy,tetrahedral,1,27,5.35951765,-15.8015,-21.16101765,0.0,0.0,0.0
vacancy_O3,O3 vacancy,tetrahedral,1,27,5.35951765,-15.7844,-21.14391765,0.0,0.0,0.0
vacancy_O3,O3 vacancy,tetrahedral,1,27,5.35951765,-15.7674,-21.12691765,0.0,0.0,0.0
vacancy_O3,O3 vacancy,tetrahedral,1,27,5.35951765,-15.7503,-21.10981765,0.0,0.0,0.0
vacancy_O3,O3 vacancy,tetrahedral,1,27,5.35951765,-15.7333,-21.09281765,0.0,0.0,0.0
vacancy_O3,O3 vacancy,tetrahedral,1,27,5.35951765,-15.7162,-21.07571765,0.0,0.0,0.0
vacancy_O3,O3 vacancy,tetrahedral,1,27,5.35951765,-15.6992,-21.05871765,0.0,0.0,0.0
vacancy_O3,O3 vacancy,tetrahedral,1,27,5.35951765,-15.6821,-21.04161765,0.0,0.0,0.0
vacancy_O3,O3 vacancy,tetrahedral,1,27,5.35951765,-15.6651,-21.02461765,0.0,0.0,0.0
vacancy_O3,O3 vacancy,tetrahedral,1,27,5.35951765,-15.648,-21.00751765,0.0,0.0,0.0
vacancy_O3,O3 vacancy,tetrahedral,1,27,5.35951765,-15.631,-20.99051765,0.0,0.0,0.0
vacancy_O3,O3 vacancy,tetrahedral,1,27,5.35951765,-15.6139,-20.97341765,0.0,0.0,0.0
vacancy_O3,O3 vacancy,tetrahedral,1,27,5.35951765,-15.5969,-20.95641765,0.0,0.0,0.0
vacancy_O3,O3 vacancy,tetrahedral,1,27,5.35951765,-15.5798,-20.93931765,0.0,0.0,0.0
vacancy_O3,O3 vacancy,tetrahedral,1,27,5.35951765,-15.5628,-20.92231765,0.0,0.0,0.0
vacancy_O3,O3 vacancy,tetrahedral,1,27,5.35951765,-15.5457,-20.90521765,0.0,0.0,0.0
vacancy_O3,O3 vacancy,tetrahedral,1,27,5.35951765,-15.5286,-20.88811765,0.0,0.0,0.0
vacancy_O3,O3 vacancy,tetrahedral,1,27,5.35951765,-15.5116,-20.87111765,0.0,0.0,0.0
vacancy_O3,O3 vacancy,tetrahedral,1,27,5.35951765,-15.4945,-20.85401765,0.0,0.0,0.0
vacancy_O3,O3 vacancy,tetrahedral,1,27,5.35951765,-15.4775,-20.83701765,0.0,0.0,0.0
vacancy_O3,O3 vacancy,tetrahedral,1,27,5.35951765,-15.4604,-20.81991765,0.0,0.0,0.0
vacancy_O3,O3 vacancy,tetrahedral,1,27,5.35951765,-15.4434,-20.80291765,0.0,0.0,0.0
vacancy_O3,O3 vacancy,tetrahedral,1,27,5.35951765,-15.4263,-20.78581765,0.0,0.0,0.0
vacancy_O3,O3 vacancy,tetrahedral,1,27,5.35951765,-15.4093,-20.76881765,0.0,0.0,0.0
vacancy_O3,O3 vacancy,tetrahedral,1,27,5.35951765,-15.3922,-20.75171765,0.0,0.0,0.0
vacancy_O3,O3 vacancy,tetrahedral,1,27,5.35951765,-15.3752,-20.73471765,0.0,0.0,0.0
vacancy_O3,O3 vacancy,tetrahedral,1,27,5.35951765,-15.3581,-20.71761765,0.0,0.0,0.0
vacancy_O3,O3 vacancy,tetrahedral,1,27,5.35951765,-15.3411,-20.70061765,0.0,0.0,0.0
vacancy_O3,O3 vacancy,tetrahedral,1,27,5.35951765,-15.324,-20.68351765,0.0,0.0,0.0
vacancy_O3,O3 vacancy,tetrahedral,1,27,5.35951765,-15.307,-20.66651765,0.0,0.0,0.0
vacancy_O3,O3 vacancy,tetrahedral,1,27,5.35951765,-15.2899,-20.64941765,0.0,0.0,0.0
vacancy_O3,O3 vacancy,tetrahedral,1,27,5.35951765,-15.2729,-20.63241765,0.0,0.0,0.0
vacancy_O3,O3 vacancy,tetrahedral,1,27,5.35951765,-15.2558,-20.61531765,0.0,0.0,0.0
vacancy_O3,O3 vacancy,tetrahedral,1,27,5.35951765,-15.2388,-20.59831765,0.0,0.0,0.0
vacancy_O3,O3 vacancy,tetrahedral,1,27,5.35951765,-15.2217,-20.58121765,0.0001,0.0,0.0
vacancy_O3,O3 vacancy,tetrahedral,1,27,5.35951765,-15.2047,-20.56421765,0.0001,0.0,0.0
vacancy_O3,O3 vacancy,tetrahedral,1,27,5.35951765,-15.1876,-20.54711765,0.0002,0.0,0.0
vacancy_O3,O3 vacancy,tetrahedral,1,27,5.35951765,-15.1706,-20.53011765,0.0003,0.0,0.0
vacancy_O3,O3 vacancy,tetrahedral,1,27,5.35951765,-15.1535,-20.51301765,0.0004,0.0,0.0
vacancy_O3,O3 vacancy,tetrahedral,1,27,5.35951765,-15.1365,-20.49601765,0.0006,0.0,0.0
vacancy_O3,O3 vacancy,tetrahedral,1,27,5.35951765,-15.1194,-20.47891765,0.0007,0.0001,0.0
vacancy_O3,O3 vacancy,tetrahedral,1,27,5.35951765,-15.1024,-20.46191765,0.0009,0.0001,0.0
vacancy_O3,O3 vacancy,tetrahedral,1,27,5.35951765,-15.0853,-20.44481765,0.0011,0.0001,0.0
vacancy_O3,O3 vacancy,tetrahedral,1,27,5.35951765,-15.0683,-20.42781765,0.0012,0.0002,0.0001
vacancy_O3,O3 vacancy,tetrahedral,1,27,5.35951765,-15.0512,-20.41071765,0.0014,0.0002,0.0001
vacancy_O3,O3 vacancy,tetrahedral,1,27,5.35951765,-15.0342,-20.39371765,0.0015,0.0002,0.0002
vacancy_O3,O3 vacancy,tetrahedral,1,27,5.35951765,-15.0171,-20.37661765,0.0017,0.0002,0.0002
vacancy_O3,O3 vacancy,tetrahedral,1,27,5.35951765,-15.0001,-20.35961765,0.0018,0.0004,0.0002
vacancy_O3,O3 vacancy,tetrahedral,1,27,5.35951765,-14.983,-20.34251765,0.002,0.0004,0.00030000000000000003
vacancy_O3,O3 vacancy,tetrahedral,1,27,5.35951765,-14.9659,-20.32541765,0.0023,0.0006000000000000001,0.00030000000000000003
vacancy_O3,O3 vacancy,tetrahedral,1,27,5.35951765,-14.9489,-20.30841765,0.0026,0.0006000000000000001,0.0004
vacancy_O3,O3 vacancy,tetrahedral,1,27,5.35951765,-14.9318,-20.29131765,0.0029,0.0007000000000000001,0.0005
vacancy_O3,O3 vacancy,tetrahedral,1,27,5.35951765,-14.9148,-20.27431765,0.0033,0.0008,0.0005
vacancy_O3,O3 vacancy,tetrahedral,1,27,5.35951765,-14.8977,-20.25721765,0.0037,0.0011,0.0005
vacancy_O3,O3 vacancy,tetrahedral,1,27,5.35951765,-14.8807,-20.240217649999998,0.0042,0.0012000000000000001,0.0009
vacancy_O3,O3 vacancy,tetrahedral,1,27,5.35951765,-14.8636,-20.22311765,0.0046,0.0013000000000000002,0.0009
vacancy_O3,O3 vacancy,tetrahedral,1,27,5.35951765,-14.8466,-20.20611765,0.005,0.0015,0.001
vacancy_O3,O3 vacancy,tetrahedral,1,27,5.35951765,-14.8295,-20.18901765,0.0053,0.0016,0.0012000000000000001
vacancy_O3,O3 vacancy,tetrahedral,1,27,5.35951765,-14.8125,-20.17201765,0.0057,0.0017,0.0014
vacancy_O3,O3 vacancy,tetrahedral,1,27,5.35951765,-14.7954,-20.15491765,0.006,0.0019,0.0017000000000000001
vacancy_O3,O3 vacancy,tetrahedral,1,27,5.35951765,-14.7784,-20.13791765,0.0062,0.0021,0.0019
vacancy_O3,O3 vacancy,tetrahedral,1,27,5.35951765,-14.7613,-20.12081765,0.0065,0.0023,0.0022
vacancy_O3,O3 vacancy,tetrahedral,1,27,5.35951765,-14.7443,-20.10381765,0.0066,0.0025,0.0023
vacancy_O3,O3 vacancy,tetrahedral,1,27,5.35951765,-14.7272,-20.08671765,0.0067,0.0027,0.0027
vacancy_O3,O3 vacancy,tetrahedral,1,27,5.35951765,-14.7102,-20.06971765,0.0066,0.0027,0.0029999999999999996
vacancy_O3,O3 vacancy,tetrahedral,1,27,5.35951765,-14.6931,-20.05261765,0.0065,0.0029,0.0031
vacancy_O3,O3 vacancy,tetrahedral,1,27,5.35951765,-14.6761,-20.03561765,0.0063,0.0029,0.0031999999999999997
vacancy_O3,O3 vacancy,tetrahedral,1,27,5.35951765,-14.659,-20.01851765,0.006,0.0027999999999999995,0.0031999999999999997
vacancy_O3,O3 vacancy,tetrahedral,1,27,5.35951765,-14.642,-20.00151765,0.0056,0.0026999999999999997,0.0033
vacancy_O3,O3 vacancy,tetrahedral,1,27,5.35951765,-14.6249,-19.98441765,0.0053,0.0028,0.0031999999999999997
vacancy_O3,O3 vacancy,tetrahedral,1,27,5.35951765,-14.6079,-19.96741765,0.0049,0.0027,0.0031999999999999997
vacancy_O3,O3 vacancy,tetrahedral,1,27,5.35951765,-14.5908,-19.95031765,0.0046,0.0026,0.0033
vacancy_O3,O3 vacancy,tetrahedral,1,27,5.35951765,-14.5738,-19.93331765,0.0044,0.0024000000000000002,0.0032
vacancy_O3,O3 vacancy,tetrahedral,1,27,5.35951765,-14.5567,-19.91621765,0.0043,0.0024000000000000002,0.0032
vacancy_O3,O3 vacancy,tetrahedral,1,27,5.35951765,-14.5397,-19.89921765,0.0041,0.0023,0.0031000000000000003
vacancy_O3,O3 vacancy,tetrahedral,1,27,5.35951765,-14.5226,-19.88211765,0.0041,0.0024000000000000002,0.0032
vacancy_O3,O3 vacancy,tetrahedral,1,27,5.35951765,-14.5056,-19.86511765,0.0041,0.0023,0.0031000000000000003
vacancy_O3,O3 vacancy,tetrahedral,1,27,5.35951765,-14.4885,-19.84801765,0.0042,0.0023,0.0033
vacancy_O3,O3 vacancy,tetrahedral,1,27,5.35951765,-14.4715,-19.83101765,0.0044,0.0023,0.0033
vacancy_O3,O3 vacancy,tetrahedral,1,27,5.35951765,-14.4544,-19.81391765,0.0046,0.0024000000000000002,0.0033
vacancy_O3,O3 vacancy,tetrahedral,1,27,5.35951765,-14.4373,-19.79681765,0.0048,0.0024999999999999996,0.0034999999999999996
vacancy_O3,O3 vacancy,tetrahedral,1,27,5.35951765,-14.4203,-19.77981765,0.0051,0.0026,0.0036
vacancy_O3,O3 vacancy,tetrahedral,1,27,5.35951765,-14.4032,-19.76271765,0.0054,0.0027,0.0039
vacancy_O3,O3 vacancy,tetrahedral,1,27,5.35951765,-14.3862,-19.74571765,0.0057,0.0029,0.0041
vacancy_O3,O3 vacancy,tetrahedral,1,27,5.35951765,-14.3691,-19.72861765,0.006,0.0031,0.0045
vacancy_O3,O3 vacancy,tetrahedral,1,27,5.35951765,-14.3521,-19.71161765,0.0062,0.0031999999999999997,0.005
vacancy_O3,O3 vacancy,tetrahedral,1,27,5.35951765,-14.335,-19.69451765,0.0065,0.0035000000000000005,0.0054
vacancy_O3,O3 vacancy,tetrahedral,1,27,5.35951765,-14.318,-19.67751765,0.0068,0.0037,0.0058
vacancy_O3,O3 vacancy,tetrahedral,1,27,5.35951765,-14.3009,-19.66041765,0.007,0.0039,0.006200000000000001
vacancy_O3,O3 vacancy,tetrahedral,1,27,5.35951765,-14.2839,-19.64341765,0.0071,0.004,0.006500000000000001
vacancy_O3,O3 vacancy,tetrahedral,1,27,5.35951765,-14.2668,-19.62631765,0.0072,0.0042,0.007
vacancy_O3,O3 vacancy,tetrahedral,1,27,5.35951765,-14.2498,-19.60931765,0.0073,0.0043,0.0072
vacancy_O3,O3 vacancy,tetrahedral,1,27,5.35951765,-14.2327,-19.59221765,0.0073,0.0044,0.0075
vacancy_O3,O3 vacancy,tetrahedral,1,27,5.35951765,-14.2157,-19.57521765,0.0073,0.0045,0.0078
vacancy_O3,O3 vacancy,tetrahedral,1,27,5.35951765,-14.1986,-19.55811765,0.0074,0.0046,0.0079
vacancy_O3,O3 vacancy,tetrahedral,1,27,5.35951765,-14.1816,-19.54111765,0.0074,0.0046,0.0081
vacancy_O3,O3 vacancy,tetrahedral,1,27,5.35951765,-14.1645,-19.52401765,0.0074,0.0047,0.0084
vacancy_O3,O3 vacancy,tetrahedral,1,27,5.35951765,-14.1475,-19.50701765,0.0074,0.0047,0.0086
vacancy_O3,O3 vacancy,tetrahedral,1,27,5.35951765,-14.1304,-19.48991765,0.0075,0.0048000000000000004,0.0088
vacancy_O3,O3 vacancy,tetrahedral,1,27,5.35951765,-14.1134,-19.47291765,0.0075,0.0047,0.0089
vacancy_O3,O3 vacancy,tetrahedral,1,27,5.35951765,-14.0963,-19.45581765,0.0074,0.0048000000000000004,0.0092
vacancy_O3,O3 vacancy,tetrahedral,1,27,5.35951765,-14.0793,-19.43881765,0.0074,0.0048000000000000004,0.0096
vacancy_O3,O3 vacancy,tetrahedral,1,27,5.35951765,-14.0622,-19.42171765,0.0073,0.0049,0.009899999999999999
vacancy_O3,O3 vacancy,tetrahedral,1,27,5.35951765,-14.0452,-19.40471765,0.0071,0.005,0.0103
vacancy_O3,O3 vacancy,tetrahedral,1,27,5.35951765,-14.0281,-19.38761765,0.007,0.0051,0.010700000000000001
vacancy_O3,O3 vacancy,tetrahedral,1,27,5.35951765,-14.0111,-19.37061765,0.007,0.0052,0.0112
vacancy_O3,O3 vacancy,tetrahedral,1,27,5.35951765,-13.994,-19.35351765,0.007,0.0052,0.011699999999999999
vacancy_O3,O3 vacancy,tetrahedral,1,27,5.35951765,-13.977,-19.33651765,0.0073,0.0054,0.0121
vacancy_O3,O3 vacancy,tetrahedral,1,27,5.35951765,-13.9599,-19.31941765,0.0077,0.0056,0.0127
vacancy_O3,O3 vacancy,tetrahedral,1,27,5.35951765,-13.9429,-19.30241765,0.0085,0.0058,0.0137
vacancy_O3,O3 vacancy,tetrahedral,1,27,5.35951765,-13.9258,-19.28531765,0.0097,0.0063,0.0148
vacancy_O3,O3 vacancy,tetrahedral,1,27,5.35951765,-13.9088,-19.26831765,0.0114,0.0069,0.0165
vacancy_O3,O3 vacancy,tetrahedral,1,27,5.35951765,-13.8917,-19.25121765,0.0137,0.0078000000000000005,0.0184
vacancy_O3,O3 vacancy,tetrahedral,1,27,5.35951765,-13.8746,-19.234117649999998,0.0165,0.0089,0.020900000000000002
vacancy_O3,O3 vacancy,tetrahedral,1,27,5.35951765,-13.8576,-19.21711765,0.0197,0.0102,0.023899999999999998
vacancy_O3,O3 vacancy,tetrahedral,1,27,5.35951765,-13.8405,-19.20001765,0.0232,0.011699999999999999,0.0274
vacancy_O3,O3 vacancy,tetrahedral,1,27,5.35951765,-13.8235,-19.18301765,0.0267,0.0133,0.031099999999999996
vacancy_O3,O3 vacancy,tetrahedral,1,27,5.35951765,-13.8064,-19.16591765,0.0302,0.015,0.0351
vacancy_O3,O3 vacancy,tetrahedral,1,27,5.35951765,-13.7894,-19.14891765,0.0334,0.0167,0.039
vacancy_O3,O3 vacancy,tetrahedral,1,27,5.35951765,-13.7723,-19.13181765,0.0361,0.0183,0.0427
vacancy_O3,O3 vacancy,tetrahedral,1,27,5.35951765,-13.7553,-19.11481765,0.0382,0.0197,0.0461
vacancy_O3,O3 vacancy,tetrahedral,1,27,5.35951765,-13.7382,-19.09771765,0.0398,0.020999999999999998,0.049100000000000005
vacancy_O3,O3 vacancy,tetrahedral,1,27,5.35951765,-13.7212,-19.08071765,0.0409,0.021900000000000003,0.0513
vacancy_O3,O3 vacancy,tetrahedral,1,27,5.35951765,-13.7041,-19.06361765,0.0415,0.022400000000000003,0.0527
vacancy_O3,O3 vacancy,tetrahedral,1,27,5.35951765,-13.6871,-19.046617649999998,0.042,0.022699999999999998,0.0533
vacancy_O3,O3 vacancy,tetrahedral,1,27,5.35951765,-13.67,-19.02951765,0.0427,0.0227,0.05310000000000001
vacancy_O3,O3 vacancy,tetrahedral,1,27,5.35951765,-13.653,-19.01251765,0.044,0.0227,0.0524
vacancy_O3,O3 vacancy,tetrahedral,1,27,5.35951765,-13.6359,-18.99541765,0.0462,0.022699999999999998,0.0513
vacancy_O3,O3 vacancy,tetrahedral,1,27,5.35951765,-13.6189,-18.97841765,0.05,0.023,0.0501
vacancy_O3,O3 vacancy,tetrahedral,1,27,5.35951765,-13.6018,-18.96131765,0.0554,0.0237,0.0496
vacancy_O3,O3 vacancy,tetrahedral,1,27,5.35951765,-13.5848,-18.94431765,0.0627,0.025099999999999997,0.04989999999999999
vacancy_O3,O3 vacancy,tetrahedral,1,27,5.35951765,-13.5677,-18.92721765,0.0716,0.0272,0.0518
vacancy_O3,O3 vacancy,tetrahedral,1,27,5.35951765,-13.5507,-18.91021765,0.0817,0.030100000000000002,0.055099999999999996
vacancy_O3,O3 vacancy,tetrahedral,1,27,5.35951765,-13.5336,-18.89311765,0.0922,0.033699999999999994,0.060599999999999994
vacancy_O3,O3 vacancy,tetrahedral,1,27,5.35951765,-13.5166,-18.87611765,0.1022,0.0377,0.0683
vacancy_O3,O3 vacancy,tetrahedral,1,27,5.35951765,-13.4995,-18.85901765,0.1111,0.0424,0.0784
vacancy_O3,O3 vacancy,tetrahedral,1,27,5.35951765,-13.4825,-18.84201765,0.1179,0.0472,0.0911
vacancy_O3,O3 vacancy,tetrahedral,1,27,5.35951765,-13.4654,-18.82491765,0.1223,0.0524,0.107
vacancy_O3,O3 vacancy,tetrahedral,1,27,5.35951765,-13.4484,-18.80791765,0.124,0.0581,0.1263
vacancy_O3,O3 vacancy,tetrahedral,1,27,5.35951765,-13.4313,-18.79081765,0.1229,0.06409999999999999,0.1495
vacancy_O3,O3 vacancy,tetrahedral,1,27,5.35951765,-13.4143,-18.77381765,0.1191,0.07039999999999999,0.17629999999999998
vacancy_O3,O3 vacancy,tetrahedral,1,27,5.35951765,-13.3972,-18.75671765,0.1129,0.07719999999999999,0.2064
vacancy_O3,O3 vacancy,tetrahedral,1,27,5.35951765,-13.3802,-18.73971765,0.1048,0.084,0.2386
vacancy_O3,O3 vacancy,tetrahedral,1,27,5.35951765,-13.3631,-18.72261765,0.0952,0.0906,0.2706
vacancy_O3,O3 vacancy,tetrahedral,1,27,5.35951765,-13.346,-18.70551765,0.0846,0.09620000000000001,0.29960000000000003
vacancy_O3,O3 vacancy,tetrahedral,1,27,5.35951765,-13.329,-18.68851765,0.0736,0.10010000000000001,0.3226
vacancy_O3,O3 vacancy,tetrahedral,1,27,5.35951765,-13.3119,-18.67141765,0.0626,0.10149999999999999,0.3359
vacancy_O3,O3 vacancy,tetrahedral,1,27,5.35951765,-13.2949,-18.65441765,0.0521,0.09990000000000002,0.3376
vacancy_O3,O3 vacancy,tetrahedral,1,27,5.35951765,-13.2778,-18.63731765,0.0424,0.09509999999999999,0.3266
vacancy_O3,O3 vacancy,tetrahedral,1,27,5.35951765,-13.2608,-18.62031765,0.0338,0.0872,0.30360000000000004
vacancy_O3,O3 vacancy,tetrahedral,1,27,5.35951765,-13.2437,-18.60321765,0.0264,0.0773,0.2719
vacancy_O3,O3 vacancy,tetrahedral,1,27,5.35951765,-13.2267,-18.58621765,0.0203,0.0663,0.2355
vacancy_O3,O3 vacancy,tetrahedral,1,27,5.35951765,-13.2096,-18.56911765,0.0154,0.055400000000000005,0.19949999999999998
vacancy_O3,O3 vacancy,tetrahedral,1,27,5.35951765,-13.1926,-18.55211765,0.0118,0.0462,0.1691
vacancy_O3,O3 vacancy,tetrahedral,1,27,5.35951765,-13.1755,-18.53501765,0.0095,0.0395,0.1484
vacancy_O3,O3 vacancy,tetrahedral,1,27,5.35951765,-13.1585,-18.51801765,0.0082,0.0358,0.1397
vacancy_O3,O3 vacancy,tetrahedral,1,27,5.35951765,-13.1414,-18.50091765,0.0079,0.0354,0.1436
vacancy_O3,O3 vacancy,tetrahedral,1,27,5.35951765,-13.1244,-18.48391765,0.0083,0.037899999999999996,0.15839999999999999
vacancy_O3,O3 vacancy,tetrahedral,1,27,5.35951765,-13.1073,-18.46681765,0.0093,0.0423,0.1806
vacancy_O3,O3 vacancy,tetrahedral,1,27,5.35951765,-13.0903,-18.44981765,0.0104,0.047599999999999996,0.2052
vacancy_O3,O3 vacancy,tetrahedral,1,27,5.35951765,-13.0732,-18.43271765,0.0115,0.0521,0.22650000000000003
vacancy_O3,O3 vacancy,tetrahedral,1,27,5.35951765,-13.0562,-18.41571765,0.0121,0.0548,0.2395
vacancy_O3,O3 vacancy,tetrahedral,1,27,5.35951765,-13.0391,-18.39861765,0.0122,0.055,0.24079999999999996
vacancy_O3,O3 vacancy,tetrahedral,1,27,5.35951765,-13.0221,-18.38161765,0.0116,0.052399999999999995,0.2296
vacancy_O3,O3 vacancy,tetrahedral,1,27,5.35951765,-13.005,-18.36451765,0.0104,0.0472,0.2068
vacancy_O3,O3 vacancy,tetrahedral,1,27,5.35951765,-12.988,-18.34751765,0.0089,0.04019999999999999,0.17600000000000002
vacancy_O3,O3 vacancy,tetrahedral,1,27,5.35951765,-12.9709,-18.33041765,0.0071,0.0323,0.1416
vacancy_O3,O3 vacancy,tetrahedral,1,27,5.35951765,-12.9539,-18.31341765,0.0054,0.024500000000000004,0.10740000000000001
vacancy_O3,O3 vacancy,tetrahedral,1,27,5.35951765,-12.9368,-18.29631765,0.0039,0.0176,0.07680000000000001
vacancy_O3,O3 vacancy,tetrahedral,1,27,5.35951765,-12.9198,-18.27931765,0.0026,0.0119,0.052000000000000005
vacancy_O3,O3 vacancy,tetrahedral,1,27,5.35951765,-12.9027,-18.26221765,0.0017,0.0076,0.0331
vacancy_O3,O3 vacancy,tetrahedral,1,27,5.35951765,-12.8857,-18.24521765,0.001,0.0046,0.019999999999999997
vacancy_O3,O3 vacancy,tetrahedral,1,27,5.35951765,-12.8686,-18.22811765,0.0006,0.0026,0.0114
vacancy_O3,O3 vacancy,tetrahedral,1,27,5.35951765,-12.8516,-18.21111765,0.0003,0.0015,0.0061
vacancy_O3,O3 vacancy,tetrahedral,1,27,5.35951765,-12.8345,-18.19401765,0.0002,0.0006000000000000001,0.0031000000000000003
vacancy_O3,O3 vacancy,tetrahedral,1,27,5.35951765,-12.8175,-18.17701765,0.0001,0.00030000000000000003,0.0015
vacancy_O3,O3 vacancy,tetrahedral,1,27,5.35951765,-12.8004,-18.15991765,0.0,0.0002,0.0006000000000000001
vacancy_O3,O3 vacancy,tetrahedral,1,27,5.35951765,-12.7833,-18.14281765,0.0,0.0,0.00030000000000000003
vacancy_O3,O3 vacancy,tetrahedral,1,27,5.35951765,-12.7663,-18.12581765,0.0,0.0,0.0001
vacancy_O3,O3 vacancy,tetrahedral,1,27,5.35951765,-12.7492,-18.10871765,0.0,0.0,0.0
vacancy_O3,O3 vacancy,tetrahedral,1,27,5.35951765,-12.7322,-18.09171765,0.0,0.0,0.0
vacancy_O3,O3 vacancy,tetrahedral,1,27,5.35951765,-12.7151,-18.07461765,0.0,0.0,0.0
vacancy_O3,O3 vacancy,tetrahedral,1,27,5.35951765,-12.6981,-18.05761765,0.0,0.0,0.0
vacancy_O3,O3 vacancy,tetrahedral,1,27,5.35951765,-12.681,-18.040517649999998,0.0,0.0,0.0
vacancy_O3,O3 vacancy,tetrahedral,1,27,5.35951765,-12.664,-18.02351765,0.0,0.0,0.0
vacancy_O3,O3 vacancy,tetrahedral,1,27,5.35951765,-12.6469,-18.00641765,0.0,0.0,0.0
vacancy_O3,O3 vacancy,tetrahedral,1,27,5.35951765,-12.6299,-17.98941765,0.0,0.0,0.0
vacancy_O3,O3 vacancy,tetrahedral,1,27,5.35951765,-12.6128,-17.97231765,0.0,0.0,0.0
vacancy_O3,O3 vacancy,tetrahedral,1,27,5.35951765,-12.5958,-17.95531765,0.0,0.0,0.0
vacancy_O3,O3 vacancy,tetrahedral,1,27,5.35951765,-12.5787,-17.93821765,0.0,0.0,0.0
vacancy_O3,O3 vacancy,tetrahedral,1,27,5.35951765,-12.5617,-17.92121765,0.0,0.0,0.0
vacancy_O3,O3 vacancy,tetrahedral,1,27,5.35951765,-12.5446,-17.90411765,0.0,0.0,0.0
vacancy_O3,O3 vacancy,tetrahedral,1,27,5.35951765,-12.5276,-17.88711765,0.0,0.0,0.0
vacancy_O3,O3 vacancy,tetrahedral,1,27,5.35951765,-12.5105,-17.87001765,0.0,0.0,0.0
vacancy_O3,O3 vacancy,tetrahedral,1,27,5.35951765,-12.4935,-17.853017649999998,0.0,0.0,0.0
vacancy_O3,O3 vacancy,tetrahedral,1,27,5.35951765,-12.4764,-17.83591765,0.0,0.0,0.0
vacancy_O3,O3 vacancy,tetrahedral,1,27,5.35951765,-12.4594,-17.81891765,0.0,0.0,0.0
vacancy_O3,O3 vacancy,tetrahedral,1,27,5.35951765,-12.4423,-17.80181765,0.0,0.0,0.0
vacancy_O3,O3 vacancy,tetrahedral,1,27,5.35951765,-12.4253,-17.78481765,0.0,0.0,0.0
vacancy_O3,O3 vacancy,tetrahedral,1,27,5.35951765,-12.4082,-17.76771765,0.0,0.0,0.0
vacancy_O3,O3 vacancy,tetrahedral,1,27,5.35951765,-12.3912,-17.75071765,0.0,0.0,0.0
vacancy_O3,O3 vacancy,tetrahedral,1,27,5.35951765,-12.3741,-17.73361765,0.0,0.0,0.0
vacancy_O3,O3 vacancy,tetrahedral,1,27,5.35951765,-12.3571,-17.71661765,0.0,0.0,0.0
vacancy_O3,O3 vacancy,tetrahedral,1,27,5.35951765,-12.34,-17.69951765,0.0,0.0,0.0
vacancy_O3,O3 vacancy,tetrahedral,1,27,5.35951765,-12.323,-17.68251765,0.0,0.0,0.0
vacancy_O3,O3 vacancy,tetrahedral,1,27,5.35951765,-12.3059,-17.66541765,0.0,0.0,0.0
vacancy_O3,O3 vacancy,tetrahedral,1,27,5.35951765,-12.2889,-17.64841765,0.0,0.0,0.0
vacancy_O3,O3 vacancy,tetrahedral,1,27,5.35951765,-12.2718,-17.63131765,0.0,0.0,0.0
vacancy_O3,O3 vacancy,tetrahedral,1,27,5.35951765,-12.2547,-17.61421765,0.0,0.0,0.0
vacancy_O3,O3 vacancy,tetrahedral,1,27,5.35951765,-12.2377,-17.59721765,0.0,0.0,0.0
vacancy_O3,O3 vacancy,tetrahedral,1,27,5.35951765,-12.2206,-17.58011765,0.0,0.0,0.0
vacancy_O3,O3 vacancy,tetrahedral,1,27,5.35951765,-12.2036,-17.56311765,0.0,0.0,0.0
vacancy_O3,O3 vacancy,tetrahedral,1,27,5.35951765,-12.1865,-17.54601765,0.0,0.0,0.0
vacancy_O3,O3 vacancy,tetrahedral,1,27,5.35951765,-12.1695,-17.52901765,0.0,0.0,0.0
vacancy_O3,O3 vacancy,tetrahedral,1,27,5.35951765,-12.1524,-17.51191765,0.0,0.0,0.0
vacancy_O3,O3 vacancy,tetrahedral,1,27,5.35951765,-12.1354,-17.49491765,0.0,0.0,0.0
vacancy_O3,O3 vacancy,tetrahedral,1,27,5.35951765,-12.1183,-17.47781765,0.0,0.0,0.0
vacancy_O3,O3 vacancy,tetrahedral,1,27,5.35951765,-12.1013,-17.46081765,0.0,0.0,0.0
vacancy_O3,O3 vacancy,tetrahedral,1,27,5.35951765,-12.0842,-17.44371765,0.0,0.0,0.0
vacancy_O3,O3 vacancy,tetrahedral,1,27,5.35951765,-12.0672,-17.42671765,0.0,0.0,0.0
vacancy_O3,O3 vacancy,tetrahedral,1,27,5.35951765,-12.0501,-17.40961765,0.0,0.0,0.0
vacancy_O3,O3 vacancy,tetrahedral,1,27,5.35951765,-12.0331,-17.39261765,0.0,0.0,0.0
vacancy_O3,O3 vacancy,tetrahedral,1,27,5.35951765,-12.016,-17.37551765,0.0,0.0,0.0
vacancy_O3,O3 vacancy,tetrahedral,1,27,5.35951765,-11.999,-17.35851765,0.0,0.0,0.0
vacancy_O3,O3 vacancy,tetrahedral,1,27,5.35951765,-11.9819,-17.34141765,0.0,0.0,0.0
vacancy_O3,O3 vacancy,tetrahedral,1,27,5.35951765,-11.9649,-17.32441765,0.0,0.0,0.0
vacancy_O3,O3 vacancy,tetrahedral,1,27,5.35951765,-11.9478,-17.30731765,0.0,0.0,0.0
vacancy_O3,O3 vacancy,tetrahedral,1,27,5.35951765,-11.9308,-17.29031765,0.0,0.0,0.0
vacancy_O3,O3 vacancy,tetrahedral,1,27,5.35951765,-11.9137,-17.27321765,0.0,0.0,0.0
vacancy_O3,O3 vacancy,tetrahedral,1,27,5.35951765,-11.8967,-17.25621765,0.0,0.0,0.0
vacancy_O3,O3 vacancy,tetrahedral,1,27,5.35951765,-11.8796,-17.23911765,0.0,0.0,0.0
vacancy_O3,O3 vacancy,tetrahedral,1,27,5.35951765,-11.8626,-17.22211765,0.0,0.0,0.0
vacancy_O3,O3 vacancy,tetrahedral,1,27,5.35951765,-11.8455,-17.20501765,0.0,0.0,0.0
vacancy_O3,O3 vacancy,tetrahedral,1,27,5.35951765,-11.8285,-17.18801765,0.0,0.0,0.0
vacancy_O3,O3 vacancy,tetrahedral,1,27,5.35951765,-11.8114,-17.17091765,0.0,0.0,0.0
vacancy_O3,O3 vacancy,tetrahedral,1,27,5.35951765,-11.7944,-17.15391765,0.0,0.0,0.0
vacancy_O3,O3 vacancy,tetrahedral,1,27,5.35951765,-11.7773,-17.13681765,0.0,0.0,0.0
vacancy_O3,O3 vacancy,tetrahedral,1,27,5.35951765,-11.7603,-17.11981765,0.0,0.0,0.0
vacancy_O3,O3 vacancy,tetrahedral,1,27,5.35951765,-11.7432,-17.10271765,0.0,0.0,0.0
vacancy_O3,O3 vacancy,tetrahedral,1,27,5.35951765,-11.7262,-17.08571765,0.0,0.0,0.0
vacancy_O3,O3 vacancy,tetrahedral,1,27,5.35951765,-11.7091,-17.06861765,0.0,0.0,0.0
vacancy_O3,O3 vacancy,tetrahedral,1,27,5.35951765,-11.692,-17.05151765,0.0,0.0,0.0
vacancy_O3,O3 vacancy,tetrahedral,1,27,5.35951765,-11.675,-17.03451765,0.0,0.0,0.0
vacancy_O3,O3 vacancy,tetrahedral,1,27,5.35951765,-11.6579,-17.01741765,0.0,0.0,0.0
vacancy_O3,O3 vacancy,tetrahedral,1,27,5.35951765,-11.6409,-17.00041765,0.0,0.0,0.0
vacancy_O3,O3 vacancy,tetrahedral,1,27,5.35951765,-11.6238,-16.98331765,0.0,0.0,0.0
vacancy_O3,O3 vacancy,tetrahedral,1,27,5.35951765,-11.6068,-16.96631765,0.0,0.0,0.0
vacancy_O3,O3 vacancy,tetrahedral,1,27,5.35951765,-11.5897,-16.94921765,0.0,0.0,0.0
vacancy_O3,O3 vacancy,tetrahedral,1,27,5.35951765,-11.5727,-16.93221765,0.0,0.0,0.0
vacancy_O3,O3 vacancy,tetrahedral,1,27,5.35951765,-11.5556,-16.91511765,0.0,0.0,0.0
vacancy_O3,O3 vacancy,tetrahedral,1,27,5.35951765,-11.5386,-16.89811765,0.0,0.0,0.0
vacancy_O3,O3 vacancy,tetrahedral,1,27,5.35951765,-11.5215,-16.88101765,0.0,0.0,0.0
vacancy_O3,O3 vacancy,tetrahedral,1,27,5.35951765,-11.5045,-16.86401765,0.0,0.0,0.0
vacancy_O3,O3 vacancy,tetrahedral,1,27,5.35951765,-11.4874,-16.846917649999998,0.0,0.0,0.0
vacancy_O3,O3 vacancy,tetrahedral,1,27,5.35951765,-11.4704,-16.82991765,0.0,0.0,0.0
vacancy_O3,O3 vacancy,tetrahedral,1,27,5.35951765,-11.4533,-16.81281765,0.0,0.0,0.0
vacancy_O3,O3 vacancy,tetrahedral,1,27,5.35951765,-11.4363,-16.79581765,0.0,0.0,0.0
vacancy_O3,O3 vacancy,tetrahedral,1,27,5.35951765,-11.4192,-16.77871765,0.0,0.0,0.0
vacancy_O3,O3 vacancy,tetrahedral,1,27,5.35951765,-11.4022,-16.76171765,0.0,0.0,0.0
vacancy_O3,O3 vacancy,tetrahedral,1,27,5.35951765,-11.3851,-16.74461765,0.0,0.0,0.0
vacancy_O3,O3 vacancy,tetrahedral,1,27,5.35951765,-11.3681,-16.72761765,0.0,0.0,0.0
vacancy_O3,O3 vacancy,tetrahedral,1,27,5.35951765,-11.351,-16.71051765,0.0,0.0,0.0
vacancy_O3,O3 vacancy,tetrahedral,1,27,5.35951765,-11.334,-16.69351765,0.0,0.0,0.0
vacancy_O3,O3 vacancy,tetrahedral,1,27,5.35951765,-11.3169,-16.67641765,0.0,0.0,0.0
vacancy_O3,O3 vacancy,tetrahedral,1,27,5.35951765,-11.2999,-16.659417649999998,0.0,0.0,0.0
vacancy_O3,O3 vacancy,tetrahedral,1,27,5.35951765,-11.2828,-16.64231765,0.0,0.0,0.0
vacancy_O3,O3 vacancy,tetrahedral,1,27,5.35951765,-11.2658,-16.62531765,0.0,0.0,0.0
vacancy_O3,O3 vacancy,tetrahedral,1,27,5.35951765,-11.2487,-16.60821765,0.0,0.0,0.0
vacancy_O3,O3 vacancy,tetrahedral,1,27,5.35951765,-11.2317,-16.59121765,0.0,0.0,0.0
vacancy_O3,O3 vacancy,tetrahedral,1,27,5.35951765,-11.2146,-16.57411765,0.0,0.0,0.0
vacancy_O3,O3 vacancy,tetrahedral,1,27,5.35951765,-11.1976,-16.55711765,0.0,0.0,0.0
vacancy_O3,O3 vacancy,tetrahedral,1,27,5.35951765,-11.1805,-16.54001765,0.0,0.0,0.0
vacancy_O3,O3 vacancy,tetrahedral,1,27,5.35951765,-11.1634,-16.52291765,0.0,0.0,0.0
vacancy_O3,O3 vacancy,tetrahedral,1,27,5.35951765,-11.1464,-16.50591765,0.0,0.0,0.0
vacancy_O3,O3 vacancy,tetrahedral,1,27,5.35951765,-11.1293,-16.48881765,0.0,0.0,0.0
vacancy_O3,O3 vacancy,tetrahedral,1,27,5.35951765,-11.1123,-16.47181765,0.0,0.0,0.0
vacancy_O3,O3 vacancy,tetrahedral,1,27,5.35951765,-11.0952,-16.45471765,0.0,0.0,0.0
vacancy_O3,O3 vacancy,tetrahedral,1,27,5.35951765,-11.0782,-16.43771765,0.0,0.0,0.0
vacancy_O3,O3 vacancy,tetrahedral,1,27,5.35951765,-11.0611,-16.42061765,0.0,0.0,0.0
vacancy_O3,O3 vacancy,tetrahedral,1,27,5.35951765,-11.0441,-16.40361765,0.0,0.0,0.0
vacancy_O3,O3 vacancy,tetrahedral,1,27,5.35951765,-11.027,-16.38651765,0.0,0.0,0.0
vacancy_O3,O3 vacancy,tetrahedral,1,27,5.35951765,-11.01,-16.36951765,0.0,0.0,0.0
vacancy_O3,O3 vacancy,tetrahedral,1,27,5.35951765,-10.9929,-16.35241765,0.0,0.0,0.0
vacancy_O3,O3 vacancy,tetrahedral,1,27,5.35951765,-10.9759,-16.33541765,0.0,0.0,0.0
vacancy_O3,O3 vacancy,tetrahedral,1,27,5.35951765,-10.9588,-16.31831765,0.0,0.0,0.0
vacancy_O3,O3 vacancy,tetrahedral,1,27,5.35951765,-10.9418,-16.30131765,0.0,0.0,0.0
vacancy_O3,O3 vacancy,tetrahedral,1,27,5.35951765,-10.9247,-16.28421765,0.0,0.0,0.0
vacancy_O3,O3 vacancy,tetrahedral,1,27,5.35951765,-10.9077,-16.26721765,0.0,0.0,0.0
vacancy_O3,O3 vacancy,tetrahedral,1,27,5.35951765,-10.8906,-16.25011765,0.0,0.0,0.0
vacancy_O3,O3 vacancy,tetrahedral,1,27,5.35951765,-10.8736,-16.23311765,0.0,0.0,0.0
vacancy_O3,O3 vacancy,tetrahedral,1,27,5.35951765,-10.8565,-16.21601765,0.0,0.0,0.0
vacancy_O3,O3 vacancy,tetrahedral,1,27,5.35951765,-10.8395,-16.19901765,0.0,0.0,0.0
vacancy_O3,O3 vacancy,tetrahedral,1,27,5.35951765,-10.8224,-16.18191765,0.0,0.0,0.0
vacancy_O3,O3 vacancy,tetrahedral,1,27,5.35951765,-10.8054,-16.16491765,0.0,0.0,0.0
vacancy_O3,O3 vacancy,tetrahedral,1,27,5.35951765,-10.7883,-16.14781765,0.0,0.0,0.0
vacancy_O3,O3 vacancy,tetrahedral,1,27,5.35951765,-10.7713,-16.13081765,0.0,0.0,0.0
vacancy_O3,O3 vacancy,tetrahedral,1,27,5.35951765,-10.7542,-16.11371765,0.0,0.0,0.0
vacancy_O3,O3 vacancy,tetrahedral,1,27,5.35951765,-10.7372,-16.09671765,0.0,0.0,0.0
vacancy_O3,O3 vacancy,tetrahedral,1,27,5.35951765,-10.7201,-16.07961765,0.0,0.0,0.0
vacancy_O3,O3 vacancy,tetrahedral,1,27,5.35951765,-10.7031,-16.06261765,0.0,0.0,0.0
vacancy_O3,O3 vacancy,tetrahedral,1,27,5.35951765,-10.686,-16.04551765,0.0,0.0,0.0
vacancy_O3,O3 vacancy,tetrahedral,1,27,5.35951765,-10.669,-16.02851765,0.0,0.0,0.0
vacancy_O3,O3 vacancy,tetrahedral,1,27,5.35951765,-10.6519,-16.01141765,0.0,0.0,0.0
vacancy_O3,O3 vacancy,tetrahedral,1,27,5.35951765,-10.6349,-15.994417649999999,0.0,0.0,0.0
vacancy_O3,O3 vacancy,tetrahedral,1,27,5.35951765,-10.6178,-15.97731765,0.0,0.0,0.0
vacancy_O3,O3 vacancy,tetrahedral,1,27,5.35951765,-10.6007,-15.96021765,0.0,0.0,0.0
vacancy_O3,O3 vacancy,tetrahedral,1,27,5.35951765,-10.5837,-15.943217650000001,0.0,0.0,0.0
vacancy_O3,O3 vacancy,tetrahedral,1,27,5.35951765,-10.5666,-15.926117649999998,0.0,0.0,0.0
vacancy_O3,O3 vacancy,tetrahedral,1,27,5.35951765,-10.5496,-15.909117649999999,0.0,0.0,0.0
vacancy_O3,O3 vacancy,tetrahedral,1,27,5.35951765,-10.5325,-15.89201765,0.0,0.0,0.0
vacancy_O3,O3 vacancy,tetrahedral,1,27,5.35951765,-10.5155,-15.87501765,0.0,0.0,0.0
vacancy_O3,O3 vacancy,tetrahedral,1,27,5.35951765,-10.4984,-15.857917650000001,0.0,0.0,0.0
vacancy_O3,O3 vacancy,tetrahedral,1,27,5.35951765,-10.4814,-15.840917650000002,0.0,0.0,0.0
vacancy_O3,O3 vacancy,tetrahedral,1,27,5.35951765,-10.4643,-15.823817649999999,0.0,0.0,0.0
vacancy_O3,O3 vacancy,tetrahedral,1,27,5.35951765,-10.4473,-15.80681765,0.0,0.0,0.0
vacancy_O3,O3 vacancy,tetrahedral,1,27,5.35951765,-10.4302,-15.78971765,0.0,0.0,0.0
vacancy_O3,O3 vacancy,tetrahedral,1,27,5.35951765,-10.4132,-15.77271765,0.0,0.0,0.0
vacancy_O3,O3 vacancy,tetrahedral,1,27,5.35951765,-10.3961,-15.755617650000001,0.0,0.0,0.0
vacancy_O3,O3 vacancy,tetrahedral,1,27,5.35951765,-10.3791,-15.738617649999998,0.0,0.0,0.0
vacancy_O3,O3 vacancy,tetrahedral,1,27,5.35951765,-10.362,-15.72151765,0.0,0.0,0.0
vacancy_O3,O3 vacancy,tetrahedral,1,27,5.35951765,-10.345,-15.70451765,0.0,0.0,0.0
vacancy_O3,O3 vacancy,tetrahedral,1,27,5.35951765,-10.3279,-15.68741765,0.0,0.0,0.0
vacancy_O3,O3 vacancy,tetrahedral,1,27,5.35951765,-10.3109,-15.670417650000001,0.0,0.0,0.0
vacancy_O3,O3 vacancy,tetrahedral,1,27,5.35951765,-10.2938,-15.653317649999998,0.0,0.0,0.0
vacancy_O3,O3 vacancy,tetrahedral,1,27,5.35951765,-10.2768,-15.636317649999999,0.0,0.0,0.0
vacancy_O3,O3 vacancy,tetrahedral,1,27,5.35951765,-10.2597,-15.61921765,0.0,0.0,0.0
vacancy_O3,O3 vacancy,tetrahedral,1,27,5.35951765,-10.2427,-15.60221765,0.0,0.0,0.0
vacancy_O3,O3 vacancy,tetrahedral,1,27,5.35951765,-10.2256,-15.58511765,0.0,0.0,0.0
vacancy_O3,O3 vacancy,tetrahedral,1,27,5.35951765,-10.2086,-15.568117650000001,0.0,0.0,0.0
vacancy_O3,O3 vacancy,tetrahedral,1,27,5.35951765,-10.1915,-15.551017649999999,0.0,0.0,0.0
vacancy_O3,O3 vacancy,tetrahedral,1,27,5.35951765,-10.1745,-15.53401765,0.0,0.0,0.0
vacancy_O3,O3 vacancy,tetrahedral,1,27,5.35951765,-10.1574,-15.51691765,0.0,0.0,0.0
vacancy_O3,O3 vacancy,tetrahedral,1,27,5.35951765,-10.1404,-15.49991765,0.0,0.0,0.0
vacancy_O3,O3 vacancy,tetrahedral,1,27,5.35951765,-10.1233,-15.482817650000001,0.0,0.0,0.0
vacancy_O3,O3 vacancy,tetrahedral,1,27,5.35951765,-10.1063,-15.465817649999998,0.0,0.0,0.0
vacancy_O3,O3 vacancy,tetrahedral,1,27,5.35951765,-10.0892,-15.448717649999999,0.0,0.0,0.0
vacancy_O3,O3 vacancy,tetrahedral,1,27,5.35951765,-10.0721,-15.43161765,0.0,0.0,0.0
vacancy_O3,O3 vacancy,tetrahedral,1,27,5.35951765,-10.0551,-15.41461765,0.0,0.0,0.0
vacancy_O3,O3 vacancy,tetrahedral,1,27,5.35951765,-10.038,-15.397517650000001,0.0,0.0,0.0
vacancy_O3,O3 vacancy,tetrahedral,1,27,5.35951765,-10.021,-15.380517650000002,0.0,0.0,0.0
vacancy_O3,O3 vacancy,tetrahedral,1,27,5.35951765,-10.0039,-15.363417649999999,0.0,0.0,0.0
vacancy_O3,O3 vacancy,tetrahedral,1,27,5.35951765,-9.9869,-15.34641765,0.0,0.0,0.0
vacancy_O3,O3 vacancy,tetrahedral,1,27,5.35951765,-9.9698,-15.32931765,0.0,0.0,0.0
vacancy_O3,O3 vacancy,tetrahedral,1,27,5.35951765,-9.9528,-15.31231765,0.0,0.0,0.0
vacancy_O3,O3 vacancy,tetrahedral,1,27,5.35951765,-9.9357,-15.295217650000001,0.0,0.0,0.0
vacancy_O3,O3 vacancy,tetrahedral,1,27,5.35951765,-9.9187,-15.278217649999998,0.0,0.0,0.0
vacancy_O3,O3 vacancy,tetrahedral,1,27,5.35951765,-9.9016,-15.26111765,0.0,0.0,0.0
vacancy_O3,O3 vacancy,tetrahedral,1,27,5.35951765,-9.8846,-15.24411765,0.0,0.0,0.0
vacancy_O3,O3 vacancy,tetrahedral,1,27,5.35951765,-9.8675,-15.22701765,0.0,0.0,0.0
vacancy_O3,O3 vacancy,tetrahedral,1,27,5.35951765,-9.8505,-15.210017650000001,0.0,0.0,0.0
vacancy_O3,O3 vacancy,tetrahedral,1,27,5.35951765,-9.8334,-15.192917649999998,0.0,0.0,0.0
vacancy_O3,O3 vacancy,tetrahedral,1,27,5.35951765,-9.8164,-15.175917649999999,0.0,0.0,0.0
vacancy_O3,O3 vacancy,tetrahedral,1,27,5.35951765,-9.7993,-15.15881765,0.0,0.0,0.0
vacancy_O3,O3 vacancy,tetrahedral,1,27,5.35951765,-9.7823,-15.14181765,0.0,0.0,0.0
vacancy_O3,O3 vacancy,tetrahedral,1,27,5.35951765,-9.7652,-15.124717650000001,0.0,0.0,0.0
vacancy_O3,O3 vacancy,tetrahedral,1,27,5.35951765,-9.7482,-15.107717650000001,0.0,0.0,0.0
vacancy_O3,O3 vacancy,tetrahedral,1,27,5.35951765,-9.7311,-15.090617649999999,0.0,0.0,0.0
vacancy_O3,O3 vacancy,tetrahedral,1,27,5.35951765,-9.7141,-15.07361765,0.0,0.0,0.0
vacancy_O3,O3 vacancy,tetrahedral,1,27,5.35951765,-9.697,-15.05651765,0.0,0.0,0.0
vacancy_O3,O3 vacancy,tetrahedral,1,27,5.35951765,-9.68,-15.03951765,0.0,0.0,0.0
vacancy_O3,O3 vacancy,tetrahedral,1,27,5.35951765,-9.6629,-15.022417650000001,0.0,0.0,0.0
vacancy_O3,O3 vacancy,tetrahedral,1,27,5.35951765,-9.6459,-15.005417649999998,0.0,0.0,0.0
vacancy_O3,O3 vacancy,tetrahedral,1,27,5.35951765,-9.6288,-14.988317649999999,0.0,0.0,0.0
vacancy_O3,O3 vacancy,tetrahedral,1,27,5.35951765,-9.6118,-14.97131765,0.0,0.0,0.0
vacancy_O3,O3 vacancy,tetrahedral,1,27,5.35951765,-9.5947,-14.95421765,0.0,0.0,0.0
vacancy_O3,O3 vacancy,tetrahedral,1,27,5.35951765,-9.5777,-14.937217650000001,0.0,0.0,0.0
vacancy_O3,O3 vacancy,tetrahedral,1,27,5.35951765,-9.5606,-14.920117650000002,0.0,0.0,0.0
vacancy_O3,O3 vacancy,tetrahedral,1,27,5.35951765,-9.5435,-14.903017649999999,0.0,0.0,0.0
vacancy_O3,O3 vacancy,tetrahedral,1,27,5.35951765,-9.5265,-14.88601765,0.0,0.0,0.0
vacancy_O3,O3 vacancy,tetrahedral,1,27,5.35951765,-9.5094,-14.86891765,0.0,0.0,0.0
vacancy_O3,O3 vacancy,tetrahedral,1,27,5.35951765,-9.4924,-14.85191765,0.0,0.0,0.0001
vacancy_O3,O3 vacancy,tetrahedral,1,27,5.35951765,-9.4753,-14.834817650000002,0.0,0.0,0.0002
vacancy_O3,O3 vacancy,tetrahedral,1,27,5.35951765,-9.4583,-14.817817649999999,0.0,0.0,0.0004
vacancy_O3,O3 vacancy,tetrahedral,1,27,5.35951765,-9.4412,-14.80071765,0.0,0.0,0.001
vacancy_O3,O3 vacancy,tetrahedral,1,27,5.35951765,-9.4242,-14.78371765,0.0,0.0,0.0018
vacancy_O3,O3 vacancy,tetrahedral,1,27,5.35951765,-9.4071,-14.76661765,0.0,0.0,0.0031999999999999997
vacancy_O3,O3 vacancy,tetrahedral,1,27,5.35951765,-9.3901,-14.749617650000001,0.0001,0.0001,0.0054
vacancy_O3,O3 vacancy,tetrahedral,1,27,5.35951765,-9.373,-14.732517649999998,0.0001,0.0001,0.0089
vacancy_O3,O3 vacancy,tetrahedral,1,27,5.35951765,-9.356,-14.715517649999999,0.0002,0.0001,0.013999999999999999
vacancy_O3,O3 vacancy,tetrahedral,1,27,5.35951765,-9.3389,-14.69841765,0.0003,0.0002,0.020900000000000002
vacancy_O3,O3 vacancy,tetrahedral,1,27,5.35951765,-9.3219,-14.68141765,0.0005,0.0003,0.030400000000000003
vacancy_O3,O3 vacancy,tetrahedral,1,27,5.35951765,-9.3048,-14.664317650000001,0.0006,0.00039999999999999996,0.0424
vacancy_O3,O3 vacancy,tetrahedral,1,27,5.35951765,-9.2878,-14.647317650000002,0.0008,0.0005,0.0569
vacancy_O3,O3 vacancy,tetrahedral,1,27,5.35951765,-9.2707,-14.630217649999999,0.001,0.0006000000000000001,0.0735
vacancy_O3,O3 vacancy,tetrahedral,1,27,5.35951765,-9.2537,-14.61321765,0.0012,0.0009,0.0914
vacancy_O3,O3 vacancy,tetrahedral,1,27,5.35951765,-9.2366,-14.59611765,0.0013,0.0009,0.1096
vacancy_O3,O3 vacancy,tetrahedral,1,27,5.35951765,-9.2196,-14.57911765,0.0015,0.001,0.1275
vacancy_O3,O3 vacancy,tetrahedral,1,27,5.35951765,-9.2025,-14.562017650000001,0.0016,0.0011,0.14350000000000002
vacancy_O3,O3 vacancy,tetrahedral,1,27,5.35951765,-9.1855,-14.545017649999998,0.0017,0.0011,0.15760000000000002
vacancy_O3,O3 vacancy,tetrahedral,1,27,5.35951765,-9.1684,-14.52791765,0.0018,0.0013,0.1695
vacancy_O3,O3 vacancy,tetrahedral,1,27,5.35951765,-9.1514,-14.51091765,0.0018,0.0012,0.1799
vacancy_O3,O3 vacancy,tetrahedral,1,27,5.35951765,-9.1343,-14.49381765,0.0019,0.0013,0.1896
vacancy_O3,O3 vacancy,tetrahedral,1,27,5.35951765,-9.1173,-14.476817650000001,0.0019,0.0013,0.1996
vacancy_O3,O3 vacancy,tetrahedral,1,27,5.35951765,-9.1002,-14.459717649999998,0.002,0.0012000000000000001,0.2121
vacancy_O3,O3 vacancy,tetrahedral,1,27,5.35951765,-9.0832,-14.442717649999999,0.002,0.0012000000000000001,0.2293
vacancy_O3,O3 vacancy,tetrahedral,1,27,5.35951765,-9.0661,-14.42561765,0.002,0.0013,0.2547
vacancy_O3,O3 vacancy,tetrahedral,1,27,5.35951765,-9.0491,-14.40861765,0.0021,0.0013999999999999998,0.2927
vacancy_O3,O3 vacancy,tetrahedral,1,27,5.35951765,-9.032,-14.39151765,0.0021,0.0013999999999999998,0.3501
vacancy_O3,O3 vacancy,tetrahedral,1,27,5.35951765,-9.015,-14.374517650000001,0.0022,0.0015,0.4361
vacancy_O3,O3 vacancy,tetrahedral,1,27,5.35951765,-8.9979,-14.357417649999999,0.0023,0.0017000000000000001,0.5637000000000001
vacancy_O3,O3 vacancy,tetrahedral,1,27,5.35951765,-8.9808,-14.34031765,0.0025,0.002,0.7489
vacancy_O3,O3 vacancy,tetrahedral,1,27,5.35951765,-8.9638,-14.32331765,0.0028,0.0024,1.0104
vacancy_O3,O3 vacancy,tetrahedral,1,27,5.35951765,-8.9467,-14.30621765,0.0033,0.0029,1.3674000000000002
vacancy_O3,O3 vacancy,tetrahedral,1,27,5.35951765,-8.9297,-14.289217650000001,0.0039,0.0034999999999999996,1.8369
vacancy_O3,O3 vacancy,tetrahedral,1,27,5.35951765,-8.9126,-14.272117649999998,0.0048,0.004399999999999999,2.4274000000000004
vacancy_O3,O3 vacancy,tetrahedral,1,27,5.35951765,-8.8956,-14.255117649999999,0.006,0.0054,3.1354
vacancy_O3,O3 vacancy,tetrahedral,1,27,5.35951765,-8.8785,-14.23801765,0.0073,0.0066,3.9415
vacancy_O3,O3 vacancy,tetrahedral,1,27,5.35951765,-8.8615,-14.22101765,0.0088,0.0078000000000000005,4.811599999999999
vacancy_O3,O3 vacancy,tetrahedral,1,27,5.35951765,-8.8444,-14.203917650000001,0.0103,0.0089,5.700200000000001
vacancy_O3,O3 vacancy,tetrahedral,1,27,5.35951765,-8.8274,-14.186917650000002,0.0117,0.0098,6.560700000000001
vacancy_O3,O3 vacancy,tetrahedral,1,27,5.35951765,-8.8103,-14.169817649999999,0.013,0.010499999999999999,7.3549999999999995
vacancy_O3,O3 vacancy,tetrahedral,1,27,5.35951765,-8.7933,-14.15281765,0.014,0.0108,8.063099999999999
vacancy_O3,O3 vacancy,tetrahedral,1,27,5.35951765,-8.7762,-14.13571765,0.0147,0.0109,8.689
vacancy_O3,O3 vacancy,tetrahedral,1,27,5.35951765,-8.7592,-14.11871765,0.015,0.010700000000000001,9.2625
vacancy_O3,O3 vacancy,tetrahedral,1,27,5.35951765,-8.7421,-14.101617650000001,0.015,0.01,9.8332
vacancy_O3,O3 vacancy,tetrahedral,1,27,5.35951765,-8.7251,-14.084617649999998,0.0148,0.0093,10.4652
vacancy_O3,O3 vacancy,tetrahedral,1,27,5.35951765,-8.708,-14.06751765,0.0144,0.0084,11.2302
vacancy_O3,O3 vacancy,tetrahedral,1,27,5.35951765,-8.691,-14.05051765,0.0139,0.0075,12.198699999999999
vacancy_O3,O3 vacancy,tetrahedral,1,27,5.35951765,-8.6739,-14.03341765,0.0134,0.006699999999999999,13.4326
vacancy_O3,O3 vacancy,tetrahedral,1,27,5.35951765,-8.6569,-14.016417650000001,0.0128,0.005999999999999999,14.973099999999999
vacancy_O3,O3 vacancy,tetrahedral,1,27,5.35951765,-8.6398,-13.999317649999998,0.0123,0.0053,16.827
vacancy_O3,O3 vacancy,tetrahedral,1,27,5.35951765,-8.6228,-13.982317649999999,0.0117,0.0048000000000000004,18.951500000000003
vacancy_O3,O3 vacancy,tetrahedral,1,27,5.35951765,-8.6057,-13.96521765,0.0112,0.0044,21.2414
vacancy_O3,O3 vacancy,tetrahedral,1,27,5.35951765,-8.5887,-13.94821765,0.0107,0.0040999999999999995,23.529400000000003
vacancy_O3,O3 vacancy,tetrahedral,1,27,5.35951765,-8.5716,-13.931117650000001,0.0101,0.0039,25.5981
vacancy_O3,O3 vacancy,tetrahedral,1,27,5.35951765,-8.5546,-13.914117650000001,0.0096,0.0037999999999999996,27.2095
vacancy_O3,O3 vacancy,tetrahedral,1,27,5.35951765,-8.5375,-13.897017649999999,0.0091,0.0037,28.1456
vacancy_O3,O3 vacancy,tetrahedral,1,27,5.35951765,-8.5205,-13.88001765,0.0087,0.0036,28.2501
vacancy_O3,O3 vacancy,tetrahedral,1,27,5.35951765,-8.5034,-13.86291765,0.0083,0.0034999999999999996,27.4613
vacancy_O3,O3 vacancy,tetrahedral,1,27,5.35951765,-8.4864,-13.84591765,0.008,0.0036,25.826100000000004
vacancy_O3,O3 vacancy,tetrahedral,1,27,5.35951765,-8.4693,-13.828817650000001,0.0079,0.0036,23.4922
vacancy_O3,O3 vacancy,tetrahedral,1,27,5.35951765,-8.4522,-13.811717649999999,0.0079,0.0037,20.6803
vacancy_O3,O3 vacancy,tetrahedral,1,27,5.35951765,-8.4352,-13.794717649999999,0.008,0.0037999999999999996,17.6449
vacancy_O3,O3 vacancy,tetrahedral,1,27,5.35951765,-8.4181,-13.77761765,0.0083,0.0037999999999999996,14.630300000000002
vacancy_O3,O3 vacancy,tetrahedral,1,27,5.35951765,-8.4011,-13.76061765,0.0086,0.0039,11.8364
vacancy_O3,O3 vacancy,tetrahedral,1,27,5.35951765,-8.384,-13.743517650000001,0.009,0.0041,9.3981
vacancy_O3,O3 vacancy,tetrahedral,1,27,5.35951765,-8.367,-13.726517650000002,0.0093,0.0042,7.3807
vacancy_O3,O3 vacancy,tetrahedral,1,27,5.35951765,-8.3499,-13.709417649999999,0.0097,0.0044,5.7890999999999995
vacancy_O3,O3 vacancy,tetrahedral,1,27,5.35951765,-8.3329,-13.69241765,0.0101,0.0045000000000000005,4.5847999999999995
vacancy_O3,O3 vacancy,tetrahedral,1,27,5.35951765,-8.3158,-13.67531765,0.0104,0.0046,3.7063999999999995
vacancy_O3,O3 vacancy,tetrahedral,1,27,5.35951765,-8.2988,-13.65831765,0.0108,0.0048000000000000004,3.0861
vacancy_O3,O3 vacancy,tetrahedral,1,27,5.35951765,-8.2817,-13.641217650000002,0.0112,0.0050999999999999995,2.6625
vacancy_O3,O3 vacancy,tetrahedral,1,27,5.35951765,-8.2647,-13.624217649999999,0.0117,0.0056,2.3853
vacancy_O3,O3 vacancy,tetrahedral,1,27,5.35951765,-8.2476,-13.60711765,0.0123,0.005900000000000001,2.2169
vacancy_O3,O3 vacancy,tetrahedral,1,27,5.35951765,-8.2306,-13.59011765,0.0131,0.0066,2.1318
vacancy_O3,O3 vacancy,tetrahedral,1,27,5.35951765,-8.2135,-13.57301765,0.014,0.0073999999999999995,2.1117
vacancy_O3,O3 vacancy,tetrahedral,1,27,5.35951765,-8.1965,-13.556017650000001,0.015,0.008400000000000001,2.1432
vacancy_O3,O3 vacancy,tetrahedral,1,27,5.35951765,-8.1794,-13.538917649999998,0.0161,0.0095,2.2139999999999995
vacancy_O3,O3 vacancy,tetrahedral,1,27,5.35951765,-8.1624,-13.521917649999999,0.0172,0.0106,2.3106
vacancy_O3,O3 vacancy,tetrahedral,1,27,5.35951765,-8.1453,-13.50481765,0.0181,0.011800000000000001,2.4174
vacancy_O3,O3 vacancy,tetrahedral,1,27,5.35951765,-8.1283,-13.48781765,0.0189,0.0129,2.5173
vacancy_O3,O3 vacancy,tetrahedral,1,27,5.35951765,-8.1112,-13.470717650000001,0.0193,0.0138,2.5942000000000003
vacancy_O3,O3 vacancy,tetrahedral,1,27,5.35951765,-8.0942,-13.453717650000002,0.0194,0.0146,2.6351000000000004
vacancy_O3,O3 vacancy,tetrahedral,1,27,5.35951765,-8.0771,-13.436617649999999,0.0192,0.015,2.634
vacancy_O3,O3 vacancy,tetrahedral,1,27,5.35951765,-8.0601,-13.41961765,0.0186,0.0151,2.5923
vacancy_O3,O3 vacancy,tetrahedral,1,27,5.35951765,-8.043,-13.40251765,0.0178,0.015099999999999999,2.5187999999999997
vacancy_O3,O3 vacancy,tetrahedral,1,27,5.35951765,-8.026,-13.38551765,0.0169,0.015,2.4267
vacancy_O3,O3 vacancy,tetrahedral,1,27,5.35951765,-8.0089,-13.368417650000001,0.016,0.0148,2.3293999999999997
vacancy_O3,O3 vacancy,tetrahedral,1,27,5.35951765,-7.9919,-13.35141765,0.015,0.014700000000000001,2.2375000000000003
vacancy_O3,O3 vacancy,tetrahedral,1,27,5.35951765,-7.9748,-13.33431765,0.0141,0.014499999999999999,2.1553
vacancy_O3,O3 vacancy,tetrahedral,1,27,5.35951765,-7.9578,-13.31731765,0.0132,0.0144,2.0806
vacancy_O3,O3 vacancy,tetrahedral,1,27,5.35951765,-7.9407,-13.30021765,0.0123,0.0143,2.0069
vacancy_O3,O3 vacancy,tetrahedral,1,27,5.35951765,-7.9237,-13.283217650000001,0.0115,0.0141,1.9249999999999998
vacancy_O3,O3 vacancy,tetrahedral,1,27,5.35951765,-7.9066,-13.26611765,0.0105,0.0137,1.8262999999999998
vacancy_O3,O3 vacancy,tetrahedral,1,27,5.35951765,-7.8895,-13.249017649999999,0.0096,0.013,1.7056
vacancy_O3,O3 vacancy,tetrahedral,1,27,5.35951765,-7.8725,-13.23201765,0.0085,0.012199999999999999,1.5612
vacancy_O3,O3 vacancy,tetrahedral,1,27,5.35951765,-7.8554,-13.21491765,0.0075,0.011099999999999999,1.3966
vacancy_O3,O3 vacancy,tetrahedral,1,27,5.35951765,-7.8384,-13.19791765,0.0064,0.009999999999999998,1.218
vacancy_O3,O3 vacancy,tetrahedral,1,27,5.35951765,-7.8213,-13.18081765,0.0054,0.0087,1.0341
vacancy_O3,O3 vacancy,tetrahedral,1,27,5.35951765,-7.8043,-13.163817649999999,0.0044,0.007300000000000001,0.8538
vacancy_O3,O3 vacancy,tetrahedral,1,27,5.35951765,-7.7872,-13.14671765,0.0035,0.0059,0.6845
vacancy_O3,O3 vacancy,tetrahedral,1,27,5.35951765,-7.7702,-13.12971765,0.0027,0.0047,0.5328
vacancy_O3,O3 vacancy,tetrahedral,1,27,5.35951765,-7.7531,-13.11261765,0.002,0.0036,0.4022
vacancy_O3,O3 vacancy,tetrahedral,1,27,5.35951765,-7.7361,-13.095617650000001,0.0014,0.0027,0.2939
vacancy_O3,O3 vacancy,tetrahedral,1,27,5.35951765,-7.719,-13.07851765,0.001,0.0018,0.20789999999999997
vacancy_O3,O3 vacancy,tetrahedral,1,27,5.35951765,-7.702,-13.061517649999999,0.0007,0.0013,0.1422
vacancy_O3,O3 vacancy,tetrahedral,1,27,5.35951765,-7.6849,-13.04441765,0.0004,0.0009,0.0935
vacancy_O3,O3 vacancy,tetrahedral,1,27,5.35951765,-7.6679,-13.02741765,0.0003,0.0006000000000000001,0.059300000000000005
vacancy_O3,O3 vacancy,tetrahedral,1,27,5.35951765,-7.6508,-13.010317650000001,0.0002,0.00039999999999999996,0.0361
vacancy_O3,O3 vacancy,tetrahedral,1,27,5.35951765,-7.6338,-12.99331765,0.0001,0.0002,0.0211
vacancy_O3,O3 vacancy,tetrahedral,1,27,5.35951765,-7.6167,-12.976217649999999,0.0001,0.0001,0.0119
vacancy_O3,O3 vacancy,tetrahedral,1,27,5.35951765,-7.5997,-12.95921765,0.0,0.0001,0.0063
vacancy_O3,O3 vacancy,tetrahedral,1,27,5.35951765,-7.5826,-12.94211765,0.0,0.0,0.0033
vacancy_O3,O3 vacancy,tetrahedral,1,27,5.35951765,-7.5656,-12.92511765,0.0,0.0,0.0015
vacancy_O3,O3 vacancy,tetrahedral,1,27,5.35951765,-7.5485,-12.90801765,0.0,0.0,0.0006
vacancy_O3,O3 vacancy,tetrahedral,1,27,5.35951765,-7.5315,-12.89101765,0.0,0.0,0.00030000000000000003
vacancy_O3,O3 vacancy,tetrahedral,1,27,5.35951765,-7.5144,-12.87391765,0.0,0.0,0.0002
vacancy_O3,O3 vacancy,tetrahedral,1,27,5.35951765,-7.4974,-12.85691765,0.0,0.0,0.0
vacancy_O3,O3 vacancy,tetrahedral,1,27,5.35951765,-7.4803,-12.83981765,0.0,0.0,0.0
vacancy_O3,O3 vacancy,tetrahedral,1,27,5.35951765,-7.4633,-12.822817650000001,0.0,0.0,0.0
vacancy_O3,O3 vacancy,tetrahedral,1,27,5.35951765,-7.4462,-12.80571765,0.0,0.0,0.0
vacancy_O3,O3 vacancy,tetrahedral,1,27,5.35951765,-7.4292,-12.788717649999999,0.0,0.0,0.0
vacancy_O3,O3 vacancy,tetrahedral,1,27,5.35951765,-7.4121,-12.77161765,0.0,0.0,0.0
vacancy_O3,O3 vacancy,tetrahedral,1,27,5.35951765,-7.3951,-12.75461765,0.0,0.0,0.0
vacancy_O3,O3 vacancy,tetrahedral,1,27,5.35951765,-7.378,-12.737517650000001,0.0,0.0,0.0
vacancy_O3,O3 vacancy,tetrahedral,1,27,5.35951765,-7.3609,-12.72041765,0.0,0.0,0.0
vacancy_O3,O3 vacancy,tetrahedral,1,27,5.35951765,-7.3439,-12.703417649999999,0.0,0.0,0.0
vacancy_O3,O3 vacancy,tetrahedral,1,27,5.35951765,-7.3268,-12.68631765,0.0,0.0,0.0
vacancy_O3,O3 vacancy,tetrahedral,1,27,5.35951765,-7.3098,-12.66931765,0.0,0.0,0.0
vacancy_O3,O3 vacancy,tetrahedral,1,27,5.35951765,-7.2927,-12.65221765,0.0,0.0,0.0
vacancy_O3,O3 vacancy,tetrahedral,1,27,5.35951765,-7.2757,-12.63521765,0.0,0.0,0.0
vacancy_O3,O3 vacancy,tetrahedral,1,27,5.35951765,-7.2586,-12.61811765,0.0,0.0,0.0
vacancy_O3,O3 vacancy,tetrahedral,1,27,5.35951765,-7.2416,-12.601117649999999,0.0,0.0,0.0
vacancy_O3,O3 vacancy,tetrahedral,1,27,5.35951765,-7.2245,-12.58401765,0.0,0.0,0.0
vacancy_O3,O3 vacancy,tetrahedral,1,27,5.35951765,-7.2075,-12.56701765,0.0,0.0,0.0
vacancy_O3,O3 vacancy,tetrahedral,1,27,5.35951765,-7.1904,-12.549917650000001,0.0,0.0,0.0
vacancy_O3,O3 vacancy,tetrahedral,1,27,5.35951765,-7.1734,-12.53291765,0.0,0.0,0.0
vacancy_O3,O3 vacancy,tetrahedral,1,27,5.35951765,-7.1563,-12.515817649999999,0.0,0.0,0.0
vacancy_O3,O3 vacancy,tetrahedral,1,27,5.35951765,-7.1393,-12.49881765,0.0,0.0,0.0
vacancy_O3,O3 vacancy,tetrahedral,1,27,5.35951765,-7.1222,-12.48171765,0.0,0.0,0.0
vacancy_O3,O3 vacancy,tetrahedral,1,27,5.35951765,-7.1052,-12.46471765,0.0,0.0,0.0
vacancy_O3,O3 vacancy,tetrahedral,1,27,5.35951765,-7.0881,-12.44761765,0.0,0.0,0.0
vacancy_O3,O3 vacancy,tetrahedral,1,27,5.35951765,-7.0711,-12.43061765,0.0,0.0,0.0
vacancy_O3,O3 vacancy,tetrahedral,1,27,5.35951765,-7.054,-12.41351765,0.0,0.0,0.0
vacancy_O3,O3 vacancy,tetrahedral,1,27,5.35951765,-7.037,-12.39651765,0.0,0.0,0.0
vacancy_O3,O3 vacancy,tetrahedral,1,27,5.35951765,-7.0199,-12.37941765,0.0,0.0,0.0
vacancy_O3,O3 vacancy,tetrahedral,1,27,5.35951765,-7.0029,-12.362417650000001,0.0,0.0,0.0
vacancy_O3,O3 vacancy,tetrahedral,1,27,5.35951765,-6.9858,-12.34531765,0.0,0.0,0.0
vacancy_O3,O3 vacancy,tetrahedral,1,27,5.35951765,-6.9688,-12.328317649999999,0.0,0.0,0.0
vacancy_O3,O3 vacancy,tetrahedral,1,27,5.35951765,-6.9517,-12.31121765,0.0,0.0,0.0
vacancy_O3,O3 vacancy,tetrahedral,1,27,5.35951765,-6.9347,-12.29421765,0.0,0.0,0.0
vacancy_O3,O3 vacancy,tetrahedral,1,27,5.35951765,-6.9176,-12.277117650000001,0.0,0.0,0.0
vacancy_O3,O3 vacancy,tetrahedral,1,27,5.35951765,-6.9006,-12.26011765,0.0,0.0,0.0
vacancy_O3,O3 vacancy,tetrahedral,1,27,5.35951765,-6.8835,-12.243017649999999,0.0,0.0,0.0
vacancy_O3,O3 vacancy,tetrahedral,1,27,5.35951765,-6.8665,-12.22601765,0.0,0.0,0.0
vacancy_O3,O3 vacancy,tetrahedral,1,27,5.35951765,-6.8494,-12.20891765,0.0,0.0,0.0
vacancy_O3,O3 vacancy,tetrahedral,1,27,5.35951765,-6.8324,-12.19191765,0.0,0.0,0.0
vacancy_O3,O3 vacancy,tetrahedral,1,27,5.35951765,-6.8153,-12.17481765,0.0,0.0,0.0
vacancy_O3,O3 vacancy,tetrahedral,1,27,5.35951765,-6.7982,-12.157717649999999,0.0,0.0,0.0
vacancy_O3,O3 vacancy,tetrahedral,1,27,5.35951765,-6.7812,-12.14071765,0.0,0.0,0.0
vacancy_O3,O3 vacancy,tetrahedral,1,27,5.35951765,-6.7641,-12.12361765,0.0,0.0,0.0
vacancy_O3,O3 vacancy,tetrahedral,1,27,5.35951765,-6.7471,-12.10661765,0.0,0.0,0.0
vacancy_O3,O3 vacancy,tetrahedral,1,27,5.35951765,-6.73,-12.089517650000001,0.0,0.0,0.0
vacancy_O3,O3 vacancy,tetrahedral,1,27,5.35951765,-6.713,-12.07251765,0.0,0.0,0.0
vacancy_O3,O3 vacancy,tetrahedral,1,27,5.35951765,-6.6959,-12.055417649999999,0.0,0.0,0.0
vacancy_O3,O3 vacancy,tetrahedral,1,27,5.35951765,-6.6789,-12.03841765,0.0,0.0,0.0
vacancy_O3,O3 vacancy,tetrahedral,1,27,5.35951765,-6.6618,-12.02131765,0.0,0.0,0.0
vacancy_O3,O3 vacancy,tetrahedral,1,27,5.35951765,-6.6448,-12.00431765,0.0,0.0,0.0
vacancy_O3,O3 vacancy,tetrahedral,1,27,5.35951765,-6.6277,-11.98721765,0.0,0.0,0.0
vacancy_O3,O3 vacancy,tetrahedral,1,27,5.35951765,-6.6107,-11.970217649999999,0.0,0.0,0.0
vacancy_O3,O3 vacancy,tetrahedral,1,27,5.35951765,-6.5936,-11.95311765,0.0,0.0,0.0
vacancy_O3,O3 vacancy,tetrahedral,1,27,5.35951765,-6.5766,-11.93611765,0.0,0.0,0.0
vacancy_O3,O3 vacancy,tetrahedral,1,27,5.35951765,-6.5595,-11.91901765,0.0,0.0,0.0
vacancy_O3,O3 vacancy,tetrahedral,1,27,5.35951765,-6.5425,-11.902017650000001,0.0,0.0,0.0
vacancy_O3,O3 vacancy,tetrahedral,1,27,5.35951765,-6.5254,-11.88491765,0.0,0.0,0.0
vacancy_O3,O3 vacancy,tetrahedral,1,27,5.35951765,-6.5084,-11.867917649999999,0.0,0.0,0.0
vacancy_O3,O3 vacancy,tetrahedral,1,27,5.35951765,-6.4913,-11.85081765,0.0,0.0,0.0
vacancy_O3,O3 vacancy,tetrahedral,1,27,5.35951765,-6.4743,-11.83381765,0.0,0.0,0.0
vacancy_O3,O3 vacancy,tetrahedral,1,27,5.35951765,-6.4572,-11.816717650000001,0.0,0.0,0.0
vacancy_O3,O3 vacancy,tetrahedral,1,27,5.35951765,-6.4402,-11.79971765,0.0,0.0,0.0
vacancy_O3,O3 vacancy,tetrahedral,1,27,5.35951765,-6.4231,-11.782617649999999,0.0,0.0,0.0
vacancy_O3,O3 vacancy,tetrahedral,1,27,5.35951765,-6.4061,-11.76561765,0.0,0.0,0.0
vacancy_O3,O3 vacancy,tetrahedral,1,27,5.35951765,-6.389,-11.74851765,0.0,0.0,0.0
vacancy_O3,O3 vacancy,tetrahedral,1,27,5.35951765,-6.372,-11.73151765,0.0,0.0,0.0
vacancy_O3,O3 vacancy,tetrahedral,1,27,5.35951765,-6.3549,-11.71441765,0.0,0.0,0.0
vacancy_O3,O3 vacancy,tetrahedral,1,27,5.35951765,-6.3379,-11.69741765,0.0,0.0,0.0
vacancy_O3,O3 vacancy,tetrahedral,1,27,5.35951765,-6.3208,-11.68031765,0.0,0.0,0.0
vacancy_O3,O3 vacancy,tetrahedral,1,27,5.35951765,-6.3038,-11.66331765,0.0,0.0,0.0
vacancy_O3,O3 vacancy,tetrahedral,1,27,5.35951765,-6.2867,-11.64621765,0.0,0.0,0.0
vacancy_O3,O3 vacancy,tetrahedral,1,27,5.35951765,-6.2696,-11.62911765,0.0,0.0,0.0
vacancy_O3,O3 vacancy,tetrahedral,1,27,5.35951765,-6.2526,-11.61211765,0.0,0.0,0.0
vacancy_O3,O3 vacancy,tetrahedral,1,27,5.35951765,-6.2355,-11.595017649999999,0.0,0.0,0.0
vacancy_O3,O3 vacancy,tetrahedral,1,27,5.35951765,-6.2185,-11.57801765,0.0,0.0,0.0
vacancy_O3,O3 vacancy,tetrahedral,1,27,5.35951765,-6.2014,-11.56091765,0.0,0.0,0.0
vacancy_O3,O3 vacancy,tetrahedral,1,27,5.35951765,-6.1844,-11.543917650000001,0.0,0.0,0.0
vacancy_O3,O3 vacancy,tetrahedral,1,27,5.35951765,-6.1673,-11.52681765,0.0,0.0,0.0
vacancy_O3,O3 vacancy,tetrahedral,1,27,5.35951765,-6.1503,-11.509817649999999,0.0,0.0,0.0
vacancy_O3,O3 vacancy,tetrahedral,1,27,5.35951765,-6.1332,-11.49271765,0.0,0.0,0.0
vacancy_O3,O3 vacancy,tetrahedral,1,27,5.35951765,-6.1162,-11.47571765,0.0,0.0,0.0
vacancy_O3,O3 vacancy,tetrahedral,1,27,5.35951765,-6.0991,-11.45861765,0.0,0.0,0.0
vacancy_O3,O3 vacancy,tetrahedral,1,27,5.35951765,-6.0821,-11.44161765,0.0,0.0,0.0
vacancy_O3,O3 vacancy,tetrahedral,1,27,5.35951765,-6.065,-11.42451765,0.0,0.0,0.0
vacancy_O3,O3 vacancy,tetrahedral,1,27,5.35951765,-6.048,-11.407517649999999,0.0,0.0,0.0
vacancy_O3,O3 vacancy,tetrahedral,1,27,5.35951765,-6.0309,-11.39041765,0.0,0.0,0.0
vacancy_O3,O3 vacancy,tetrahedral,1,27,5.35951765,-6.0139,-11.37341765,0.0,0.0,0.0
vacancy_O3,O3 vacancy,tetrahedral,1,27,5.35951765,-5.9968,-11.356317650000001,0.0,0.0,0.0
vacancy_O3,O3 vacancy,tetrahedral,1,27,5.35951765,-5.9798,-11.33931765,0.0,0.0,0.0
vacancy_O3,O3 vacancy,tetrahedral,1,27,5.35951765,-5.9627,-11.322217649999999,0.0,0.0,0.0
vacancy_O3,O3 vacancy,tetrahedral,1,27,5.35951765,-5.9457,-11.30521765,0.0,0.0,0.0
vacancy_O3,O3 vacancy,tetrahedral,1,27,5.35951765,-5.9286,-11.28811765,0.0,0.0,0.0
vacancy_O3,O3 vacancy,tetrahedral,1,27,5.35951765,-5.9116,-11.27111765,0.0,0.0,0.0
vacancy_O3,O3 vacancy,tetrahedral,1,27,5.35951765,-5.8945,-11.25401765,0.0,0.0,0.0
vacancy_O3,O3 vacancy,tetrahedral,1,27,5.35951765,-5.8775,-11.23701765,0.0,0.0,0.0
vacancy_O3,O3 vacancy,tetrahedral,1,27,5.35951765,-5.8604,-11.21991765,0.0,0.0,0.0
vacancy_O3,O3 vacancy,tetrahedral,1,27,5.35951765,-5.8434,-11.20291765,0.0,0.0,0.0
vacancy_O3,O3 vacancy,tetrahedral,1,27,5.35951765,-5.8263,-11.18581765,0.0,0.0,0.0
vacancy_O3,O3 vacancy,tetrahedral,1,27,5.35951765,-5.8093,-11.168817650000001,0.0,0.0,0.0
vacancy_O3,O3 vacancy,tetrahedral,1,27,5.35951765,-5.7922,-11.15171765,0.0,0.0,0.0
vacancy_O3,O3 vacancy,tetrahedral,1,27,5.35951765,-5.7752,-11.134717649999999,0.0,0.0,0.0
vacancy_O3,O3 vacancy,tetrahedral,1,27,5.35951765,-5.7581,-11.11761765,0.0,0.0,0.0
vacancy_O3,O3 vacancy,tetrahedral,1,27,5.35951765,-5.7411,-11.10061765,0.0,0.0,0.0
vacancy_O3,O3 vacancy,tetrahedral,1,27,5.35951765,-5.724,-11.083517650000001,0.0,0.0,0.0
vacancy_O3,O3 vacancy,tetrahedral,1,27,5.35951765,-5.7069,-11.06641765,0.0,0.0,0.0
vacancy_O3,O3 vacancy,tetrahedral,1,27,5.35951765,-5.6899,-11.049417649999999,0.0,0.0,0.0
vacancy_O3,O3 vacancy,tetrahedral,1,27,5.35951765,-5.6728,-11.03231765,0.0,0.0,0.0
vacancy_O3,O3 vacancy,tetrahedral,1,27,5.35951765,-5.6558,-11.01531765,0.0,0.0,0.0
vacancy_O3,O3 vacancy,tetrahedral,1,27,5.35951765,-5.6387,-10.99821765,0.0,0.0,0.0
vacancy_O3,O3 vacancy,tetrahedral,1,27,5.35951765,-5.6217,-10.98121765,0.0,0.0,0.0
vacancy_O3,O3 vacancy,tetrahedral,1,27,5.35951765,-5.6046,-10.964117649999999,0.0,0.0,0.0
vacancy_O3,O3 vacancy,tetrahedral,1,27,5.35951765,-5.5876,-10.94711765,0.0,0.0,0.0
vacancy_O3,O3 vacancy,tetrahedral,1,27,5.35951765,-5.5705,-10.93001765,0.0,0.0,0.0
vacancy_O3,O3 vacancy,tetrahedral,1,27,5.35951765,-5.5535,-10.91301765,0.0,0.0,0.0
vacancy_O3,O3 vacancy,tetrahedral,1,27,5.35951765,-5.5364,-10.895917650000001,0.0,0.0,0.0
vacancy_O3,O3 vacancy,tetrahedral,1,27,5.35951765,-5.5194,-10.87891765,0.0,0.0,0.0
vacancy_O3,O3 vacancy,tetrahedral,1,27,5.35951765,-5.5023,-10.861817649999999,0.0,0.0,0.0
vacancy_O3,O3 vacancy,tetrahedral,1,27,5.35951765,-5.4853,-10.84481765,0.0,0.0,0.0
vacancy_O3,O3 vacancy,tetrahedral,1,27,5.35951765,-5.4682,-10.82771765,0.0,0.0,0.0
vacancy_O3,O3 vacancy,tetrahedral,1,27,5.35951765,-5.4512,-10.81071765,0.0,0.0,0.0
vacancy_O3,O3 vacancy,tetrahedral,1,27,5.35951765,-5.4341,-10.79361765,0.0,0.0,0.0
vacancy_O3,O3 vacancy,tetrahedral,1,27,5.35951765,-5.4171,-10.776617649999999,0.0,0.0,0.0
vacancy_O3,O3 vacancy,tetrahedral,1,27,5.35951765,-5.4,-10.75951765,0.0,0.0,0.0
vacancy_O3,O3 vacancy,tetrahedral,1,27,5.35951765,-5.383,-10.74251765,0.0,0.0,0.0
vacancy_O3,O3 vacancy,tetrahedral,1,27,5.35951765,-5.3659,-10.72541765,0.0,0.0,0.0
vacancy_O3,O3 vacancy,tetrahedral,1,27,5.35951765,-5.3489,-10.708417650000001,0.0,0.0,0.0
vacancy_O3,O3 vacancy,tetrahedral,1,27,5.35951765,-5.3318,-10.69131765,0.0,0.0,0.0
vacancy_O3,O3 vacancy,tetrahedral,1,27,5.35951765,-5.3148,-10.674317649999999,0.0,0.0,0.0
vacancy_O3,O3 vacancy,tetrahedral,1,27,5.35951765,-5.2977,-10.65721765,0.0,0.0,0.0
vacancy_O3,O3 vacancy,tetrahedral,1,27,5.35951765,-5.2807,-10.64021765,0.0,0.0,0.0
vacancy_O3,O3 vacancy,tetrahedral,1,27,5.35951765,-5.2636,-10.623117650000001,0.0,0.0,0.0
vacancy_O3,O3 vacancy,tetrahedral,1,27,5.35951765,-5.2466,-10.60611765,0.0,0.0,0.0
vacancy_O3,O3 vacancy,tetrahedral,1,27,5.35951765,-5.2295,-10.589017649999999,0.0,0.0,0.0
vacancy_O3,O3 vacancy,tetrahedral,1,27,5.35951765,-5.2125,-10.57201765,0.0,0.0,0.0
vacancy_O3,O3 vacancy,tetrahedral,1,27,5.35951765,-5.1954,-10.55491765,0.0,0.0,0.0
vacancy_O3,O3 vacancy,tetrahedral,1,27,5.35951765,-5.1783,-10.537817650000001,0.0,0.0,0.0
vacancy_O3,O3 vacancy,tetrahedral,1,27,5.35951765,-5.1613,-10.52081765,0.0,0.0,0.0
vacancy_O3,O3 vacancy,tetrahedral,1,27,5.35951765,-5.1442,-10.503717649999999,0.0,0.0,0.0
vacancy_O3,O3 vacancy,tetrahedral,1,27,5.35951765,-5.1272,-10.48671765,0.0,0.0,0.0
vacancy_O3,O3 vacancy,tetrahedral,1,27,5.35951765,-5.1101,-10.46961765,0.0,0.0,0.0
vacancy_O3,O3 vacancy,tetrahedral,1,27,5.35951765,-5.0931,-10.45261765,0.0,0.0,0.0
vacancy_O3,O3 vacancy,tetrahedral,1,27,5.35951765,-5.076,-10.43551765,0.0,0.0,0.0
vacancy_O3,O3 vacancy,tetrahedral,1,27,5.35951765,-5.059,-10.41851765,0.0,0.0,0.0
vacancy_O3,O3 vacancy,tetrahedral,1,27,5.35951765,-5.0419,-10.401417649999999,0.0,0.0,0.0
vacancy_O3,O3 vacancy,tetrahedral,1,27,5.35951765,-5.0249,-10.38441765,0.0,0.0,0.0
vacancy_O3,O3 vacancy,tetrahedral,1,27,5.35951765,-5.0078,-10.36731765,0.0,0.0,0.0
vacancy_O3,O3 vacancy,tetrahedral,1,27,5.35951765,-4.9908,-10.350317650000001,0.0,0.0,0.0
vacancy_O3,O3 vacancy,tetrahedral,1,27,5.35951765,-4.9737,-10.33321765,0.0,0.0,0.0
vacancy_O3,O3 vacancy,tetrahedral,1,27,5.35951765,-4.9567,-10.316217649999999,0.0,0.0,0.0
vacancy_O3,O3 vacancy,tetrahedral,1,27,5.35951765,-4.9396,-10.29911765,0.0,0.0,0.0
vacancy_O3,O3 vacancy,tetrahedral,1,27,5.35951765,-4.9226,-10.28211765,0.0,0.0,0.0
vacancy_O3,O3 vacancy,tetrahedral,1,27,5.35951765,-4.9055,-10.26501765,0.0,0.0,0.0
vacancy_O3,O3 vacancy,tetrahedral,1,27,5.35951765,-4.8885,-10.24801765,0.0,0.0,0.0
vacancy_O3,O3 vacancy,tetrahedral,1,27,5.35951765,-4.8714,-10.23091765,0.0,0.0,0.0
vacancy_O3,O3 vacancy,tetrahedral,1,27,5.35951765,-4.8544,-10.213917649999999,0.0,0.0,0.0
vacancy_O3,O3 vacancy,tetrahedral,1,27,5.35951765,-4.8373,-10.19681765,0.0,0.0,0.0
vacancy_O3,O3 vacancy,tetrahedral,1,27,5.35951765,-4.8203,-10.17981765,0.0,0.0,0.0
vacancy_O3,O3 vacancy,tetrahedral,1,27,5.35951765,-4.8032,-10.162717650000001,0.0,0.0,0.0
vacancy_O3,O3 vacancy,tetrahedral,1,27,5.35951765,-4.7862,-10.14571765,0.0,0.0,0.0
vacancy_O3,O3 vacancy,tetrahedral,1,27,5.35951765,-4.7691,-10.128617649999999,0.0,0.0,0.0
vacancy_O3,O3 vacancy,tetrahedral,1,27,5.35951765,-4.7521,-10.11161765,0.0,0.0,0.0
vacancy_O3,O3 vacancy,tetrahedral,1,27,5.35951765,-4.735,-10.09451765,0.0,0.0,0.0
vacancy_O3,O3 vacancy,tetrahedral,1,27,5.35951765,-4.718,-10.07751765,0.0,0.0,0.0
vacancy_O3,O3 vacancy,tetrahedral,1,27,5.35951765,-4.7009,-10.06041765,0.0,0.0,0.0
vacancy_O3,O3 vacancy,tetrahedral,1,27,5.35951765,-4.6839,-10.04341765,0.0,0.0,0.0
vacancy_O3,O3 vacancy,tetrahedral,1,27,5.35951765,-4.6668,-10.02631765,0.0,0.0,0.0
vacancy_O3,O3 vacancy,tetrahedral,1,27,5.35951765,-4.6498,-10.00931765,0.0,0.0,0.0
vacancy_O3,O3 vacancy,tetrahedral,1,27,5.35951765,-4.6327,-9.99221765,0.0,0.0,0.0
vacancy_O3,O3 vacancy,tetrahedral,1,27,5.35951765,-4.6156,-9.97511765,0.0,0.0,0.0
vacancy_O3,O3 vacancy,tetrahedral,1,27,5.35951765,-4.5986,-9.95811765,0.0,0.0,0.0
vacancy_O3,O3 vacancy,tetrahedral,1,27,5.35951765,-4.5815,-9.94101765,0.0,0.0,0.0
vacancy_O3,O3 vacancy,tetrahedral,1,27,5.35951765,-4.5645,-9.92401765,0.0,0.0,0.0
vacancy_O3,O3 vacancy,tetrahedral,1,27,5.35951765,-4.5474,-9.90691765,0.0,0.0,0.0
vacancy_O3,O3 vacancy,tetrahedral,1,27,5.35951765,-4.5304,-9.889917650000001,0.0,0.0,0.0
vacancy_O3,O3 vacancy,tetrahedral,1,27,5.35951765,-4.5133,-9.87281765,0.0,0.0,0.0
vacancy_O3,O3 vacancy,tetrahedral,1,27,5.35951765,-4.4963,-9.855817649999999,0.0,0.0,0.0
vacancy_O3,O3 vacancy,tetrahedral,1,27,5.35951765,-4.4792,-9.83871765,0.0,0.0,0.0
vacancy_O3,O3 vacancy,tetrahedral,1,27,5.35951765,-4.4622,-9.82171765,0.0,0.0,0.0
vacancy_O3,O3 vacancy,tetrahedral,1,27,5.35951765,-4.4451,-9.80461765,0.0,0.0,0.0
vacancy_O3,O3 vacancy,tetrahedral,1,27,5.35951765,-4.4281,-9.78761765,0.0,0.0,0.0
vacancy_O3,O3 vacancy,tetrahedral,1,27,5.35951765,-4.411,-9.770517649999999,0.0,0.0,0.0
vacancy_O3,O3 vacancy,tetrahedral,1,27,5.35951765,-4.394,-9.75351765,0.0,0.0,0.0
vacancy_O3,O3 vacancy,tetrahedral,1,27,5.35951765,-4.3769,-9.73641765,0.0,0.0,0.0
vacancy_O3,O3 vacancy,tetrahedral,1,27,5.35951765,-4.3599,-9.71941765,0.0,0.0,0.0
vacancy_O3,O3 vacancy,tetrahedral,1,27,5.35951765,-4.3428,-9.702317650000001,0.0,0.0,0.0
vacancy_O3,O3 vacancy,tetrahedral,1,27,5.35951765,-4.3258,-9.68531765,0.0,0.0,0.0
vacancy_O3,O3 vacancy,tetrahedral,1,27,5.35951765,-4.3087,-9.668217649999999,0.0,0.0,0.0
vacancy_O3,O3 vacancy,tetrahedral,1,27,5.35951765,-4.2917,-9.65121765,0.0,0.0,0.0
vacancy_O3,O3 vacancy,tetrahedral,1,27,5.35951765,-4.2746,-9.63411765,0.0,0.0,0.0
vacancy_O3,O3 vacancy,tetrahedral,1,27,5.35951765,-4.2576,-9.61711765,0.0,0.0,0.0
vacancy_O3,O3 vacancy,tetrahedral,1,27,5.35951765,-4.2405,-9.60001765,0.0,0.0,0.0
vacancy_O3,O3 vacancy,tetrahedral,1,27,5.35951765,-4.2235,-9.583017649999999,0.0,0.0,0.0
vacancy_O3,O3 vacancy,tetrahedral,1,27,5.35951765,-4.2064,-9.56591765,0.0,0.0,0.0
vacancy_O3,O3 vacancy,tetrahedral,1,27,5.35951765,-4.1894,-9.54891765,0.0,0.0,0.0
vacancy_O3,O3 vacancy,tetrahedral,1,27,5.35951765,-4.1723,-9.53181765,0.0,0.0,0.0
vacancy_O3,O3 vacancy,tetrahedral,1,27,5.35951765,-4.1553,-9.514817650000001,0.0,0.0,0.0
vacancy_O3,O3 vacancy,tetrahedral,1,27,5.35951765,-4.1382,-9.49771765,0.0,0.0,0.0
vacancy_O3,O3 vacancy,tetrahedral,1,27,5.35951765,-4.1212,-9.480717649999999,0.0,0.0,0.0
vacancy_O3,O3 vacancy,tetrahedral,1,27,5.35951765,-4.1041,-9.46361765,0.0,0.0,0.0
vacancy_O3,O3 vacancy,tetrahedral,1,27,5.35951765,-4.087,-9.44651765,0.0,0.0,0.0
vacancy_O3,O3 vacancy,tetrahedral,1,27,5.35951765,-4.07,-9.429517650000001,0.0,0.0,0.0
vacancy_O3,O3 vacancy,tetrahedral,1,27,5.35951765,-4.0529,-9.41241765,0.0,0.0,0.0
vacancy_O3,O3 vacancy,tetrahedral,1,27,5.35951765,-4.0359,-9.395417649999999,0.0,0.0,0.0
vacancy_O3,O3 vacancy,tetrahedral,1,27,5.35951765,-4.0188,-9.37831765,0.0,0.0,0.0
vacancy_O3,O3 vacancy,tetrahedral,1,27,5.35951765,-4.0018,-9.36131765,0.0,0.0,0.0
vacancy_O3,O3 vacancy,tetrahedral,1,27,5.35951765,-3.9847,-9.344217650000001,0.0,0.0,0.0
vacancy_O3,O3 vacancy,tetrahedral,1,27,5.35951765,-3.9677,-9.32721765,0.0,0.0,0.0
vacancy_O3,O3 vacancy,tetrahedral,1,27,5.35951765,-3.9506,-9.31011765,0.0,0.0,0.0
vacancy_O3,O3 vacancy,tetrahedral,1,27,5.35951765,-3.9336,-9.29311765,0.0,0.0,0.0
vacancy_O3,O3 vacancy,tetrahedral,1,27,5.35951765,-3.9165,-9.27601765,0.0,0.0,0.0
vacancy_O3,O3 vacancy,tetrahedral,1,27,5.35951765,-3.8995,-9.25901765,0.0,0.0,0.0
vacancy_O3,O3 vacancy,tetrahedral,1,27,5.35951765,-3.8824,-9.24191765,0.0,0.0,0.0
vacancy_O3,O3 vacancy,tetrahedral,1,27,5.35951765,-3.8654,-9.22491765,0.0,0.0,0.0
vacancy_O3,O3 vacancy,tetrahedral,1,27,5.35951765,-3.8483,-9.207817649999999,0.0,0.0,0.0
vacancy_O3,O3 vacancy,tetrahedral,1,27,5.35951765,-3.8313,-9.19081765,0.0,0.0,0.0
vacancy_O3,O3 vacancy,tetrahedral,1,27,5.35951765,-3.8142,-9.17371765,0.0,0.0,0.0
vacancy_O3,O3 vacancy,tetrahedral,1,27,5.35951765,-3.7972,-9.156717650000001,0.0,0.0,0.0
vacancy_O3,O3 vacancy,tetrahedral,1,27,5.35951765,-3.7801,-9.13961765,0.0,0.0,0.0
vacancy_O3,O3 vacancy,tetrahedral,1,27,5.35951765,-3.7631,-9.12261765,0.0,0.0,0.0
vacancy_O3,O3 vacancy,tetrahedral,1,27,5.35951765,-3.746,-9.10551765,0.0,0.0,0.0
vacancy_O3,O3 vacancy,tetrahedral,1,27,5.35951765,-3.729,-9.08851765,0.0,0.0,0.0
vacancy_O3,O3 vacancy,tetrahedral,1,27,5.35951765,-3.7119,-9.07141765,0.0,0.0,0.0
vacancy_O3,O3 vacancy,tetrahedral,1,27,5.35951765,-3.6949,-9.05441765,0.0,0.0,0.0
vacancy_O3,O3 vacancy,tetrahedral,1,27,5.35951765,-3.6778,-9.03731765,0.0,0.0,0.0
vacancy_O3,O3 vacancy,tetrahedral,1,27,5.35951765,-3.6608,-9.020317649999999,0.0,0.0,0.0
vacancy_O3,O3 vacancy,tetrahedral,1,27,5.35951765,-3.6437,-9.00321765,0.0,0.0,0.0
vacancy_O3,O3 vacancy,tetrahedral,1,27,5.35951765,-3.6267,-8.98621765,0.0,0.0,0.0
vacancy_O3,O3 vacancy,tetrahedral,1,27,5.35951765,-3.6096,-8.96911765,0.0,0.0,0.0
vacancy_O3,O3 vacancy,tetrahedral,1,27,5.35951765,-3.5926,-8.95211765,0.0,0.0,0.0
vacancy_O3,O3 vacancy,tetrahedral,1,27,5.35951765,-3.5755,-8.935017649999999,0.0,0.0,0.0
vacancy_O3,O3 vacancy,tetrahedral,1,27,5.35951765,-3.5585,-8.91801765,0.0,0.0,0.0
vacancy_O3,O3 vacancy,tetrahedral,1,27,5.35951765,-3.5414,-8.90091765,0.0,0.0,0.0
vacancy_O3,O3 vacancy,tetrahedral,1,27,5.35951765,-3.5243,-8.883817650000001,0.0,0.0,0.0
vacancy_O3,O3 vacancy,tetrahedral,1,27,5.35951765,-3.5073,-8.86681765,0.0,0.0,0.0
vacancy_O3,O3 vacancy,tetrahedral,1,27,5.35951765,-3.4902,-8.84971765,0.0,0.0,0.0
vacancy_O3,O3 vacancy,tetrahedral,1,27,5.35951765,-3.4732,-8.83271765,0.0,0.0,0.0
vacancy_O3,O3 vacancy,tetrahedral,1,27,5.35951765,-3.4561,-8.81561765,0.0,0.0,0.0
vacancy_O3,O3 vacancy,tetrahedral,1,27,5.35951765,-3.4391,-8.79861765,0.0,0.0,0.0
vacancy_O3,O3 vacancy,tetrahedral,1,27,5.35951765,-3.422,-8.78151765,0.0001,0.0,0.0
vacancy_O3,O3 vacancy,tetrahedral,1,27,5.35951765,-3.405,-8.76451765,0.0001,0.0,0.0
vacancy_O3,O3 vacancy,tetrahedral,1,27,5.35951765,-3.3879,-8.74741765,0.0002,0.0,0.0
vacancy_O3,O3 vacancy,tetrahedral,1,27,5.35951765,-3.3709,-8.73041765,0.0002,0.0,0.0
vacancy_O3,O3 vacancy,tetrahedral,1,27,5.35951765,-3.3538,-8.71331765,0.0004,0.0,0.0001
vacancy_O3,O3 vacancy,tetrahedral,1,27,5.35951765,-3.3368,-8.696317650000001,0.0005,0.0002,0.0001
vacancy_O3,O3 vacancy,tetrahedral,1,27,5.35951765,-3.3197,-8.67921765,0.0008,0.0002,0.0002
vacancy_O3,O3 vacancy,tetrahedral,1,27,5.35951765,-3.3027,-8.66221765,0.001,0.00030000000000000003,0.0004
vacancy_O3,O3 vacancy,tetrahedral,1,27,5.35951765,-3.2856,-8.64511765,0.0013,0.0005,0.0004
vacancy_O3,O3 vacancy,tetrahedral,1,27,5.35951765,-3.2686,-8.62811765,0.0016,0.0007,0.0006000000000000001
vacancy_O3,O3 vacancy,tetrahedral,1,27,5.35951765,-3.2515,-8.61101765,0.002,0.001,0.0009
vacancy_O3,O3 vacancy,tetrahedral,1,27,5.35951765,-3.2345,-8.59401765,0.0023,0.0015,0.0012000000000000001
vacancy_O3,O3 vacancy,tetrahedral,1,27,5.35951765,-3.2174,-8.57691765,0.0028,0.0019,0.0014
vacancy_O3,O3 vacancy,tetrahedral,1,27,5.35951765,-3.2004,-8.55991765,0.0032,0.0022999999999999995,0.0018
vacancy_O3,O3 vacancy,tetrahedral,1,27,5.35951765,-3.1833,-8.54281765,0.0038,0.0028,0.0023
vacancy_O3,O3 vacancy,tetrahedral,1,27,5.35951765,-3.1663,-8.52581765,0.0046,0.0031,0.0024000000000000002
vacancy_O3,O3 vacancy,tetrahedral,1,27,5.35951765,-3.1492,-8.50871765,0.0056,0.0034999999999999996,0.0026
vacancy_O3,O3 vacancy,tetrahedral,1,27,5.35951765,-3.1322,-8.49171765,0.007,0.0039,0.0027
vacancy_O3,O3 vacancy,tetrahedral,1,27,5.35951765,-3.1151,-8.474617649999999,0.0088,0.0040999999999999995,0.0028
vacancy_O3,O3 vacancy,tetrahedral,1,27,5.35951765,-3.0981,-8.45761765,0.0112,0.0044,0.0029
vacancy_O3,O3 vacancy,tetrahedral,1,27,5.35951765,-3.081,-8.44051765,0.0142,0.0047,0.0029
vacancy_O3,O3 vacancy,tetrahedral,1,27,5.35951765,-3.064,-8.42351765,0.0179,0.005,0.003
vacancy_O3,O3 vacancy,tetrahedral,1,27,5.35951765,-3.0469,-8.40641765,0.0223,0.0055000000000000005,0.003
vacancy_O3,O3 vacancy,tetrahedral,1,27,5.35951765,-3.0299,-8.38941765,0.0273,0.0059,0.0031
vacancy_O3,O3 vacancy,tetrahedral,1,27,5.35951765,-3.0128,-8.37231765,0.0326,0.006299999999999999,0.0031999999999999997
vacancy_O3,O3 vacancy,tetrahedral,1,27,5.35951765,-2.9957,-8.35521765,0.0381,0.0069,0.0033
vacancy_O3,O3 vacancy,tetrahedral,1,27,5.35951765,-2.9787,-8.33821765,0.0436,0.0072,0.0033
vacancy_O3,O3 vacancy,tetrahedral,1,27,5.35951765,-2.9616,-8.32111765,0.0486,0.0076,0.0035
vacancy_O3,O3 vacancy,tetrahedral,1,27,5.35951765,-2.9446,-8.30411765,0.0531,0.0081,0.0036
vacancy_O3,O3 vacancy,tetrahedral,1,27,5.35951765,-2.9275,-8.28701765,0.0569,0.0083,0.0037999999999999996
vacancy_O3,O3 vacancy,tetrahedral,1,27,5.35951765,-2.9105,-8.27001765,0.0598,0.0087,0.0039
vacancy_O3,O3 vacancy,tetrahedral,1,27,5.35951765,-2.8934,-8.25291765,0.062,0.009,0.0042
vacancy_O3,O3 vacancy,tetrahedral,1,27,5.35951765,-2.8764,-8.23591765,0.0634,0.009,0.0043
vacancy_O3,O3 vacancy,tetrahedral,1,27,5.35951765,-2.8593,-8.21881765,0.064,0.0093,0.0045
vacancy_O3,O3 vacancy,tetrahedral,1,27,5.35951765,-2.8423,-8.201817649999999,0.0638,0.0094,0.0048000000000000004
vacancy_O3,O3 vacancy,tetrahedral,1,27,5.35951765,-2.8252,-8.18471765,0.0632,0.0097,0.005
vacancy_O3,O3 vacancy,tetrahedral,1,27,5.35951765,-2.8082,-8.16771765,0.0622,0.0098,0.005200000000000001
vacancy_O3,O3 vacancy,tetrahedral,1,27,5.35951765,-2.7911,-8.150617650000001,0.0614,0.0101,0.0054
vacancy_O3,O3 vacancy,tetrahedral,1,27,5.35951765,-2.7741,-8.13361765,0.0612,0.0104,0.0056
vacancy_O3,O3 vacancy,tetrahedral,1,27,5.35951765,-2.757,-8.11651765,0.0621,0.010599999999999998,0.0057
vacancy_O3,O3 vacancy,tetrahedral,1,27,5.35951765,-2.74,-8.09951765,0.0647,0.011,0.0059
vacancy_O3,O3 vacancy,tetrahedral,1,27,5.35951765,-2.7229,-8.08241765,0.0694,0.011300000000000001,0.0061
vacancy_O3,O3 vacancy,tetrahedral,1,27,5.35951765,-2.7059,-8.06541765,0.0768,0.0117,0.006300000000000001
vacancy_O3,O3 vacancy,tetrahedral,1,27,5.35951765,-2.6888,-8.04831765,0.0869,0.0121,0.006600000000000001
vacancy_O3,O3 vacancy,tetrahedral,1,27,5.35951765,-2.6718,-8.03131765,0.1,0.0125,0.006999999999999999
vacancy_O3,O3 vacancy,tetrahedral,1,27,5.35951765,-2.6547,-8.014217649999999,0.1157,0.013000000000000001,0.0073
vacancy_O3,O3 vacancy,tetrahedral,1,27,5.35951765,-2.6377,-7.99721765,0.1336,0.0133,0.0078
vacancy_O3,O3 vacancy,tetrahedral,1,27,5.35951765,-2.6206,-7.98011765,0.1531,0.0138,0.008299999999999998
vacancy_O3,O3 vacancy,tetrahedral,1,27,5.35951765,-2.6036,-7.96311765,0.1732,0.0143,0.0087
vacancy_O3,O3 vacancy,tetrahedral,1,27,5.35951765,-2.5865,-7.94601765,0.1929,0.0148,0.0091
vacancy_O3,O3 vacancy,tetrahedral,1,27,5.35951765,-2.5695,-7.9290176500000005,0.211,0.015299999999999998,0.0096
vacancy_O3,O3 vacancy,tetrahedral,1,27,5.35951765,-2.5524,-7.9119176499999995,0.2263,0.0157,0.009899999999999999
vacancy_O3,O3 vacancy,tetrahedral,1,27,5.35951765,-2.5354,-7.89491765,0.2378,0.016,0.010199999999999999
vacancy_O3,O3 vacancy,tetrahedral,1,27,5.35951765,-2.5183,-7.87781765,0.2448,0.016300000000000002,0.0105
vacancy_O3,O3 vacancy,tetrahedral,1,27,5.35951765,-2.5013,-7.8608176499999995,0.2467,0.0165,0.0105
vacancy_O3,O3 vacancy,tetrahedral,1,27,5.35951765,-2.4842,-7.84371765,0.2433,0.0168,0.010700000000000001
vacancy_O3,O3 vacancy,tetrahedral,1,27,5.35951765,-2.4672,-7.82671765,0.235,0.017099999999999997,0.0108
vacancy_O3,O3 vacancy,tetrahedral,1,27,5.35951765,-2.4501,-7.80961765,0.2225,0.017499999999999998,0.0111
vacancy_O3,O3 vacancy,tetrahedral,1,27,5.35951765,-2.433,-7.79251765,0.207,0.0183,0.011500000000000002
vacancy_O3,O3 vacancy,tetrahedral,1,27,5.35951765,-2.416,-7.775517649999999,0.1898,0.0191,0.0118
vacancy_O3,O3 vacancy,tetrahedral,1,27,5.35951765,-2.3989,-7.75841765,0.1724,0.0201,0.012400000000000001
vacancy_O3,O3 vacancy,tetrahedral,1,27,5.35951765,-2.3819,-7.74141765,0.1564,0.021400000000000002,0.0129
vacancy_O3,O3 vacancy,tetrahedral,1,27,5.35951765,-2.3648,-7.72431765,0.1427,0.0226,0.0137
vacancy_O3,O3 vacancy,tetrahedral,1,27,5.35951765,-2.3478,-7.70731765,0.1321,0.0238,0.014400000000000003
vacancy_O3,O3 vacancy,tetrahedral,1,27,5.35951765,-2.3307,-7.69021765,0.1247,0.0248,0.015
vacancy_O3,O3 vacancy,tetrahedral,1,27,5.35951765,-2.3137,-7.67321765,0.1205,0.0258,0.015799999999999998
vacancy_O3,O3 vacancy,tetrahedral,1,27,5.35951765,-2.2966,-7.6561176500000006,0.1192,0.0265,0.0164
vacancy_O3,O3 vacancy,tetrahedral,1,27,5.35951765,-2.2796,-7.639117649999999,0.1203,0.0271,0.017
vacancy_O3,O3 vacancy,tetrahedral,1,27,5.35951765,-2.2625,-7.62201765,0.1237,0.0275,0.0174
vacancy_O3,O3 vacancy,tetrahedral,1,27,5.35951765,-2.2455,-7.60501765,0.1286,0.0279,0.0178
vacancy_O3,O3 vacancy,tetrahedral,1,27,5.35951765,-2.2284,-7.58791765,0.1346,0.0283,0.018099999999999998
vacancy_O3,O3 vacancy,tetrahedral,1,27,5.35951765,-2.2114,-7.57091765,0.1408,0.0286,0.018199999999999997
vacancy_O3,O3 vacancy,tetrahedral,1,27,5.35951765,-2.1943,-7.55381765,0.1464,0.0288,0.0183
vacancy_O3,O3 vacancy,tetrahedral,1,27,5.35951765,-2.1773,-7.53681765,0.1503,0.028999999999999998,0.0183
vacancy_O3,O3 vacancy,tetrahedral,1,27,5.35951765,-2.1602,-7.5197176500000005,0.1522,0.028900000000000002,0.018199999999999997
vacancy_O3,O3 vacancy,tetrahedral,1,27,5.35951765,-2.1432,-7.50271765,0.1517,0.0287,0.0181
vacancy_O3,O3 vacancy,tetrahedral,1,27,5.35951765,-2.1261,-7.48561765,0.1491,0.028500000000000004,0.018099999999999998
vacancy_O3,O3 vacancy,tetrahedral,1,27,5.35951765,-2.1091,-7.4686176500000006,0.1451,0.0283,0.018
vacancy_O3,O3 vacancy,tetrahedral,1,27,5.35951765,-2.092,-7.4515176499999995,0.1406,0.027999999999999997,0.018099999999999998
vacancy_O3,O3 vacancy,tetrahedral,1,27,5.35951765,-2.075,-7.43451765,0.1365,0.027699999999999995,0.018099999999999998
vacancy_O3,O3 vacancy,tetrahedral,1,27,5.35951765,-2.0579,-7.41741765,0.1335,0.0276,0.0182
vacancy_O3,O3 vacancy,tetrahedral,1,27,5.35951765,-2.0409,-7.40041765,0.1325,0.0277,0.0181
vacancy_O3,O3 vacancy,tetrahedral,1,27,5.35951765,-2.0238,-7.38331765,0.1337,0.0277,0.0182
vacancy_O3,O3 vacancy,tetrahedral,1,27,5.35951765,-2.0068,-7.36631765,0.1375,0.028,0.0183
vacancy_O3,O3 vacancy,tetrahedral,1,27,5.35951765,-1.9897,-7.34921765,0.1438,0.028200000000000003,0.0184
vacancy_O3,O3 vacancy,tetrahedral,1,27,5.35951765,-1.9727,-7.33221765,0.1526,0.0288,0.0185
vacancy_O3,O3 vacancy,tetrahedral,1,27,5.35951765,-1.9556,-7.3151176499999995,0.1635,0.0295,0.0186
vacancy_O3,O3 vacancy,tetrahedral,1,27,5.35951765,-1.9386,-7.29811765,0.1759,0.030400000000000003,0.018799999999999997
vacancy_O3,O3 vacancy,tetrahedral,1,27,5.35951765,-1.9215,-7.28101765,0.189,0.031400000000000004,0.019100000000000002
vacancy_O3,O3 vacancy,tetrahedral,1,27,5.35951765,-1.9044,-7.26391765,0.2017,0.0325,0.0194
vacancy_O3,O3 vacancy,tetrahedral,1,27,5.35951765,-1.8874,-7.24691765,0.2128,0.033499999999999995,0.019799999999999998
vacancy_O3,O3 vacancy,tetrahedral,1,27,5.35951765,-1.8703,-7.22981765,0.2216,0.0342,0.0199
vacancy_O3,O3 vacancy,tetrahedral,1,27,5.35951765,-1.8533,-7.21281765,0.2277,0.0345,0.019900000000000004
vacancy_O3,O3 vacancy,tetrahedral,1,27,5.35951765,-1.8362,-7.19571765,0.2311,0.034699999999999995,0.0199
vacancy_O3,O3 vacancy,tetrahedral,1,27,5.35951765,-1.8192,-7.178717649999999,0.2324,0.0345,0.0198
vacancy_O3,O3 vacancy,tetrahedral,1,27,5.35951765,-1.8021,-7.16161765,0.2325,0.0342,0.0196
vacancy_O3,O3 vacancy,tetrahedral,1,27,5.35951765,-1.7851,-7.14461765,0.2323,0.0339,0.0194
vacancy_O3,O3 vacancy,tetrahedral,1,27,5.35951765,-1.768,-7.12751765,0.2327,0.0337,0.019
vacancy_O3,O3 vacancy,tetrahedral,1,27,5.35951765,-1.751,-7.11051765,0.2342,0.0336,0.0188
vacancy_O3,O3 vacancy,tetrahedral,1,27,5.35951765,-1.7339,-7.09341765,0.2372,0.0337,0.018699999999999998
vacancy_O3,O3 vacancy,tetrahedral,1,27,5.35951765,-1.7169,-7.07641765,0.2416,0.0338,0.0186
vacancy_O3,O3 vacancy,tetrahedral,1,27,5.35951765,-1.6998,-7.05931765,0.2473,0.0339,0.0185
vacancy_O3,O3 vacancy,tetrahedral,1,27,5.35951765,-1.6828,-7.04231765,0.2539,0.0342,0.0184
vacancy_O3,O3 vacancy,tetrahedral,1,27,5.35951765,-1.6657,-7.02521765,0.2609,0.0343,0.0185
vacancy_O3,O3 vacancy,tetrahedral,1,27,5.35951765,-1.6487,-7.00821765,0.2674,0.0345,0.018199999999999997
vacancy_O3,O3 vacancy,tetrahedral,1,27,5.35951765,-1.6316,-6.99111765,0.2725,0.0344,0.0181
vacancy_O3,O3 vacancy,tetrahedral,1,27,5.35951765,-1.6146,-6.97411765,0.2753,0.0341,0.0178
vacancy_O3,O3 vacancy,tetrahedral,1,27,5.35951765,-1.5975,-6.95701765,0.2751,0.0335,0.0176
vacancy_O3,O3 vacancy,tetrahedral,1,27,5.35951765,-1.5805,-6.94001765,0.2716,0.0327,0.017499999999999998
vacancy_O3,O3 vacancy,tetrahedral,1,27,5.35951765,-1.5634,-6.92291765,0.2652,0.0318,0.017300000000000003
vacancy_O3,O3 vacancy,tetrahedral,1,27,5.35951765,-1.5464,-6.90591765,0.2568,0.030899999999999997,0.0172
vacancy_O3,O3 vacancy,tetrahedral,1,27,5.35951765,-1.5293,-6.88881765,0.2474,0.0298,0.0173
vacancy_O3,O3 vacancy,tetrahedral,1,27,5.35951765,-1.5123,-6.87181765,0.2383,0.029000000000000005,0.0175
vacancy_O3,O3 vacancy,tetrahedral,1,27,5.35951765,-1.4952,-6.8547176499999996,0.2303,0.0284,0.0178
vacancy_O3,O3 vacancy,tetrahedral,1,27,5.35951765,-1.4782,-6.83771765,0.2238,0.027700000000000002,0.018000000000000002
vacancy_O3,O3 vacancy,tetrahedral,1,27,5.35951765,-1.4611,-6.82061765,0.2188,0.0271,0.0182
vacancy_O3,O3 vacancy,tetrahedral,1,27,5.35951765,-1.4441,-6.80361765,0.2153,0.0266,0.0184
vacancy_O3,O3 vacancy,tetrahedral,1,27,5.35951765,-1.427,-6.78651765,0.2133,0.026099999999999998,0.0184
vacancy_O3,O3 vacancy,tetrahedral,1,27,5.35951765,-1.41,-6.76951765,0.2131,0.0258,0.0182
vacancy_O3,O3 vacancy,tetrahedral,1,27,5.35951765,-1.3929,-6.75241765,0.2151,0.025599999999999998,0.018099999999999998
vacancy_O3,O3 vacancy,tetrahedral,1,27,5.35951765,-1.3759,-6.73541765,0.2198,0.0259,0.0181
vacancy_O3,O3 vacancy,tetrahedral,1,27,5.35951765,-1.3588,-6.7183176499999995,0.2273,0.0265,0.0181
vacancy_O3,O3 vacancy,tetrahedral,1,27,5.35951765,-1.3417,-6.70121765,0.2371,0.027700000000000002,0.0182
vacancy_O3,O3 vacancy,tetrahedral,1,27,5.35951765,-1.3247,-6.68421765,0.2478,0.029400000000000003,0.018799999999999997
vacancy_O3,O3 vacancy,tetrahedral,1,27,5.35951765,-1.3076,-6.66711765,0.2576,0.031299999999999994,0.0194
vacancy_O3,O3 vacancy,tetrahedral,1,27,5.35951765,-1.2906,-6.65011765,0.2643,0.0334,0.0203
vacancy_O3,O3 vacancy,tetrahedral,1,27,5.35951765,-1.2735,-6.63301765,0.2664,0.035500000000000004,0.021
vacancy_O3,O3 vacancy,tetrahedral,1,27,5.35951765,-1.2565,-6.61601765,0.2629,0.0374,0.022
vacancy_O3,O3 vacancy,tetrahedral,1,27,5.35951765,-1.2394,-6.59891765,0.254,0.0389,0.022699999999999998
vacancy_O3,O3 vacancy,tetrahedral,1,27,5.35951765,-1.2224,-6.581917649999999,0.2409,0.0401,0.0234
vacancy_O3,O3 vacancy,tetrahedral,1,27,5.35951765,-1.2053,-6.56481765,0.2252,0.0407,0.024
vacancy_O3,O3 vacancy,tetrahedral,1,27,5.35951765,-1.1883,-6.54781765,0.2088,0.0412,0.0245
vacancy_O3,O3 vacancy,tetrahedral,1,27,5.35951765,-1.1712,-6.53071765,0.1935,0.0412,0.024800000000000003
vacancy_O3,O3 vacancy,tetrahedral,1,27,5.35951765,-1.1542,-6.51371765,0.1804,0.0411,0.0247
vacancy_O3,O3 vacancy,tetrahedral,1,27,5.35951765,-1.1371,-6.49661765,0.17,0.040900000000000006,0.0244
vacancy_O3,O3 vacancy,tetrahedral,1,27,5.35951765,-1.1201,-6.47961765,0.1623,0.0407,0.023899999999999998
vacancy_O3,O3 vacancy,tetrahedral,1,27,5.35951765,-1.103,-6.46251765,0.1566,0.0406,0.023299999999999998
vacancy_O3,O3 vacancy,tetrahedral,1,27,5.35951765,-1.086,-6.44551765,0.1519,0.040400000000000005,0.0226
vacancy_O3,O3 vacancy,tetrahedral,1,27,5.35951765,-1.0689,-6.42841765,0.1473,0.040100000000000004,0.0218
vacancy_O3,O3 vacancy,tetrahedral,1,27,5.35951765,-1.0519,-6.41141765,0.1418,0.039599999999999996,0.0208
vacancy_O3,O3 vacancy,tetrahedral,1,27,5.35951765,-1.0348,-6.39431765,0.135,0.03900000000000001,0.02
vacancy_O3,O3 vacancy,tetrahedral,1,27,5.35951765,-1.0178,-6.37731765,0.127,0.0383,0.019200000000000002
vacancy_O3,O3 vacancy,tetrahedral,1,27,5.35951765,-1.0007,-6.36021765,0.1181,0.0375,0.0184
vacancy_O3,O3 vacancy,tetrahedral,1,27,5.35951765,-0.9837,-6.34321765,0.1091,0.037,0.0179
vacancy_O3,O3 vacancy,tetrahedral,1,27,5.35951765,-0.9666,-6.32611765,0.1007,0.0369,0.0174
vacancy_O3,O3 vacancy,tetrahedral,1,27,5.35951765,-0.9496,-6.30911765,0.0937,0.037000000000000005,0.0171
vacancy_O3,O3 vacancy,tetrahedral,1,27,5.35951765,-0.9325,-6.29201765,0.0887,0.0375,0.0169
vacancy_O3,O3 vacancy,tetrahedral,1,27,5.35951765,-0.9155,-6.27501765,0.0856,0.0381,0.0168
vacancy_O3,O3 vacancy,tetrahedral,1,27,5.35951765,-0.8984,-6.2579176499999996,0.0842,0.03900000000000001,0.0168
vacancy_O3,O3 vacancy,tetrahedral,1,27,5.35951765,-0.8814,-6.24091765,0.0843,0.039599999999999996,0.0168
vacancy_O3,O3 vacancy,tetrahedral,1,27,5.35951765,-0.8643,-6.22381765,0.0852,0.0401,0.0167
vacancy_O3,O3 vacancy,tetrahedral,1,27,5.35951765,-0.8473,-6.20681765,0.0865,0.040299999999999996,0.0166
vacancy_O3,O3 vacancy,tetrahedral,1,27,5.35951765,-0.8302,-6.18971765,0.0881,0.0402,0.0165
vacancy_O3,O3 vacancy,tetrahedral,1,27,5.35951765,-0.8131,-6.17261765,0.0898,0.039999999999999994,0.0165
vacancy_O3,O3 vacancy,tetrahedral,1,27,5.35951765,-0.7961,-6.15561765,0.0918,0.0397,0.0165
vacancy_O3,O3 vacancy,tetrahedral,1,27,5.35951765,-0.779,-6.13851765,0.0941,0.0393,0.0166
vacancy_O3,O3 vacancy,tetrahedral,1,27,5.35951765,-0.762,-6.1215176499999995,0.0968,0.0392,0.0167
vacancy_O3,O3 vacancy,tetrahedral,1,27,5.35951765,-0.7449,-6.10441765,0.1001,0.0393,0.0168
vacancy_O3,O3 vacancy,tetrahedral,1,27,5.35951765,-0.7279,-6.08741765,0.1041,0.0395,0.0172
vacancy_O3,O3 vacancy,tetrahedral,1,27,5.35951765,-0.7108,-6.07031765,0.109,0.04,0.0174
vacancy_O3,O3 vacancy,tetrahedral,1,27,5.35951765,-0.6938,-6.05331765,0.1151,0.0407,0.0176
vacancy_O3,O3 vacancy,tetrahedral,1,27,5.35951765,-0.6767,-6.03621765,0.1223,0.0416,0.018
vacancy_O3,O3 vacancy,tetrahedral,1,27,5.35951765,-0.6597,-6.01921765,0.1304,0.0426,0.0184
vacancy_O3,O3 vacancy,tetrahedral,1,27,5.35951765,-0.6426,-6.00211765,0.1391,0.043399999999999994,0.0187
vacancy_O3,O3 vacancy,tetrahedral,1,27,5.35951765,-0.6256,-5.98511765,0.1475,0.0442,0.0191
vacancy_O3,O3 vacancy,tetrahedral,1,27,5.35951765,-0.6085,-5.96801765,0.1546,0.044800000000000006,0.019299999999999998
vacancy_O3,O3 vacancy,tetrahedral,1,27,5.35951765,-0.5915,-5.95101765,0.1593,0.045,0.0195
vacancy_O3,O3 vacancy,tetrahedral,1,27,5.35951765,-0.5744,-5.93391765,0.1611,0.044800000000000006,0.0196
vacancy_O3,O3 vacancy,tetrahedral,1,27,5.35951765,-0.5574,-5.91691765,0.1597,0.0447,0.0196
vacancy_O3,O3 vacancy,tetrahedral,1,27,5.35951765,-0.5403,-5.89981765,0.1554,0.0443,0.0195
vacancy_O3,O3 vacancy,tetrahedral,1,27,5.35951765,-0.5233,-5.88281765,0.1492,0.044,0.0195
vacancy_O3,O3 vacancy,tetrahedral,1,27,5.35951765,-0.5062,-5.86571765,0.1418,0.0439,0.0194
vacancy_O3,O3 vacancy,tetrahedral,1,27,5.35951765,-0.4892,-5.84871765,0.1345,0.0441,0.019499999999999997
vacancy_O3,O3 vacancy,tetrahedral,1,27,5.35951765,-0.4721,-5.83161765,0.128,0.044300000000000006,0.019799999999999998
vacancy_O3,O3 vacancy,tetrahedral,1,27,5.35951765,-0.4551,-5.81461765,0.1228,0.0448,0.019799999999999998
vacancy_O3,O3 vacancy,tetrahedral,1,27,5.35951765,-0.438,-5.79751765,0.1191,0.0453,0.0199
vacancy_O3,O3 vacancy,tetrahedral,1,27,5.35951765,-0.421,-5.78051765,0.1165,0.045700000000000005,0.02
vacancy_O3,O3 vacancy,tetrahedral,1,27,5.35951765,-0.4039,-5.76341765,0.1147,0.046,0.0199
vacancy_O3,O3 vacancy,tetrahedral,1,27,5.35951765,-0.3869,-5.74641765,0.1133,0.0464,0.0197
vacancy_O3,O3 vacancy,tetrahedral,1,27,5.35951765,-0.3698,-5.72931765,0.1119,0.046799999999999994,0.0196
vacancy_O3,O3 vacancy,tetrahedral,1,27,5.35951765,-0.3528,-5.71231765,0.1103,0.047299999999999995,0.0195
vacancy_O3,O3 vacancy,tetrahedral,1,27,5.35951765,-0.3357,-5.69521765,0.1085,0.0481,0.0194
vacancy_O3,O3 vacancy,tetrahedral,1,27,5.35951765,-0.3187,-5.67821765,0.1066,0.0491,0.0194
vacancy_O3,O3 vacancy,tetrahedral,1,27,5.35951765,-0.3016,-5.66111765,0.1048,0.0505,0.0195
vacancy_O3,O3 vacancy,tetrahedral,1,27,5.35951765,-0.2846,-5.64411765,0.1033,0.052000000000000005,0.0197
vacancy_O3,O3 vacancy,tetrahedral,1,27,5.35951765,-0.2675,-5.62701765,0.1021,0.053599999999999995,0.0199
vacancy_O3,O3 vacancy,tetrahedral,1,27,5.35951765,-0.2504,-5.60991765,0.1013,0.055299999999999995,0.020399999999999998
vacancy_O3,O3 vacancy,tetrahedral,1,27,5.35951765,-0.2334,-5.5929176499999995,0.1005,0.056900000000000006,0.020900000000000002
vacancy_O3,O3 vacancy,tetrahedral,1,27,5.35951765,-0.2163,-5.57581765,0.0997,0.0587,0.0217
vacancy_O3,O3 vacancy,tetrahedral,1,27,5.35951765,-0.1993,-5.55881765,0.0987,0.0603,0.022199999999999998
vacancy_O3,O3 vacancy,tetrahedral,1,27,5.35951765,-0.1822,-5.54171765,0.0974,0.062,0.022899999999999997
vacancy_O3,O3 vacancy,tetrahedral,1,27,5.35951765,-0.1652,-5.5247176499999995,0.0959,0.0636,0.0237
vacancy_O3,O3 vacancy,tetrahedral,1,27,5.35951765,-0.1481,-5.50761765,0.0942,0.0653,0.024399999999999998
vacancy_O3,O3 vacancy,tetrahedral,1,27,5.35951765,-0.1311,-5.49061765,0.0926,0.06659999999999999,0.025
vacancy_O3,O3 vacancy,tetrahedral,1,27,5.35951765,-0.114,-5.47351765,0.0911,0.0677,0.0257
vacancy_O3,O3 vacancy,tetrahedral,1,27,5.35951765,-0.097,-5.45651765,0.0898,0.0685,0.0262
vacancy_O3,O3 vacancy,tetrahedral,1,27,5.35951765,-0.0799,-5.43941765,0.0888,0.069,0.026500000000000003
vacancy_O3,O3 vacancy,tetrahedral,1,27,5.35951765,-0.0629,-5.42241765,0.088,0.06939999999999999,0.0267
vacancy_O3,O3 vacancy,tetrahedral,1,27,5.35951765,-0.0458,-5.40531765,0.0877,0.0696,0.026999999999999996
vacancy_O3,O3 vacancy,tetrahedral,1,27,5.35951765,-0.0288,-5.38831765,0.0877,0.0698,0.0271
vacancy_O3,O3 vacancy,tetrahedral,1,27,5.35951765,-0.0117,-5.37121765,0.0882,0.0699,0.027200000000000002
vacancy_O3,O3 vacancy,tetrahedral,1,27,5.35951765,0.0053,-5.35421765,0.089,0.0703,0.027499999999999997
vacancy_O3,O3 vacancy,tetrahedral,1,27,5.35951765,0.0224,-5.33711765,0.0903,0.07100000000000001,0.0279
vacancy_O3,O3 vacancy,tetrahedral,1,27,5.35951765,0.0394,-5.32011765,0.0917,0.0717,0.028399999999999998
vacancy_O3,O3 vacancy,tetrahedral,1,27,5.35951765,0.0565,-5.30301765,0.0932,0.0727,0.0292
vacancy_O3,O3 vacancy,tetrahedral,1,27,5.35951765,0.0735,-5.28601765,0.0946,0.0737,0.030000000000000002
vacancy_O3,O3 vacancy,tetrahedral,1,27,5.35951765,0.0906,-5.26891765,0.0958,0.0751,0.0311
vacancy_O3,O3 vacancy,tetrahedral,1,27,5.35951765,0.1076,-5.25191765,0.0966,0.0766,0.032
vacancy_O3,O3 vacancy,tetrahedral,1,27,5.35951765,0.1247,-5.23481765,0.0969,0.0784,0.0327
vacancy_O3,O3 vacancy,tetrahedral,1,27,5.35951765,0.1417,-5.21781765,0.0967,0.0802,0.0333
vacancy_O3,O3 vacancy,tetrahedral,1,27,5.35951765,0.1588,-5.20071765,0.096,0.0822,0.0337
vacancy_O3,O3 vacancy,tetrahedral,1,27,5.35951765,0.1758,-5.18371765,0.0946,0.0839,0.0338
vacancy_O3,O3 vacancy,tetrahedral,1,27,5.35951765,0.1929,-5.16661765,0.0926,0.0856,0.0334
vacancy_O3,O3 vacancy,tetrahedral,1,27,5.35951765,0.2099,-5.14961765,0.09,0.0869,0.0328
vacancy_O3,O3 vacancy,tetrahedral,1,27,5.35951765,0.227,-5.13251765,0.0867,0.0875,0.0322
vacancy_O3,O3 vacancy,tetrahedral,1,27,5.35951765,0.244,-5.11551765,0.083,0.0877,0.0314
vacancy_O3,O3 vacancy,tetrahedral,1,27,5.35951765,0.2611,-5.09841765,0.079,0.0875,0.030600000000000002
vacancy_O3,O3 vacancy,tetrahedral,1,27,5.35951765,0.2782,-5.08131765,0.075,0.087,0.0299
vacancy_O3,O3 vacancy,tetrahedral,1,27,5.35951765,0.2952,-5.06431765,0.0712,0.0867,0.029399999999999996
vacancy_O3,O3 vacancy,tetrahedral,1,27,5.35951765,0.3123,-5.04721765,0.0678,0.0867,0.029099999999999997
vacancy_O3,O3 vacancy,tetrahedral,1,27,5.35951765,0.3293,-5.03021765,0.065,0.0873,0.0292
vacancy_O3,O3 vacancy,tetrahedral,1,27,5.35951765,0.3464,-5.01311765,0.0628,0.0886,0.029599999999999998
vacancy_O3,O3 vacancy,tetrahedral,1,27,5.35951765,0.3634,-4.9961176499999995,0.0611,0.0906,0.030100000000000002
vacancy_O3,O3 vacancy,tetrahedral,1,27,5.35951765,0.3805,-4.97901765,0.06,0.093,0.031
vacancy_O3,O3 vacancy,tetrahedral,1,27,5.35951765,0.3975,-4.96201765,0.0592,0.0958,0.0321
vacancy_O3,O3 vacancy,tetrahedral,1,27,5.35951765,0.4146,-4.94491765,0.0586,0.0985,0.033100000000000004
vacancy_O3,O3 vacancy,tetrahedral,1,27,5.35951765,0.4316,-4.9279176499999995,0.0581,0.101,0.034
vacancy_O3,O3 vacancy,tetrahedral,1,27,5.35951765,0.4487,-4.91081765,0.0577,0.1028,0.035
vacancy_O3,O3 vacancy,tetrahedral,1,27,5.35951765,0.4657,-4.89381765,0.0574,0.1041,0.0359
vacancy_O3,O3 vacancy,tetrahedral,1,27,5.35951765,0.4828,-4.87671765,0.0571,0.10500000000000001,0.0366
vacancy_O3,O3 vacancy,tetrahedral,1,27,5.35951765,0.4998,-4.85971765,0.0569,0.1054,0.0372
vacancy_O3,O3 vacancy,tetrahedral,1,27,5.35951765,0.5169,-4.84261765,0.0571,0.10590000000000001,0.037700000000000004
vacancy_O3,O3 vacancy,tetrahedral,1,27,5.35951765,0.5339,-4.82561765,0.0575,0.1063,0.0385
vacancy_O3,O3 vacancy,tetrahedral,1,27,5.35951765,0.551,-4.80851765,0.0584,0.10700000000000001,0.0391
vacancy_O3,O3 vacancy,tetrahedral,1,27,5.35951765,0.568,-4.79151765,0.0598,0.1078,0.0399
vacancy_O3,O3 vacancy,tetrahedral,1,27,5.35951765,0.5851,-4.77441765,0.0615,0.10880000000000001,0.040799999999999996
vacancy_O3,O3 vacancy,tetrahedral,1,27,5.35951765,0.6021,-4.75741765,0.0636,0.11,0.0418
vacancy_O3,O3 vacancy,tetrahedral,1,27,5.35951765,0.6192,-4.74031765,0.0657,0.1109,0.042699999999999995
vacancy_O3,O3 vacancy,tetrahedral,1,27,5.35951765,0.6362,-4.72331765,0.0678,0.11149999999999999,0.0438
vacancy_O3,O3 vacancy,tetrahedral,1,27,5.35951765,0.6533,-4.70621765,0.0697,0.1116,0.044500000000000005
vacancy_O3,O3 vacancy,tetrahedral,1,27,5.35951765,0.6703,-4.68921765,0.0711,0.1111,0.045000000000000005
vacancy_O3,O3 vacancy,tetrahedral,1,27,5.35951765,0.6874,-4.67211765,0.0719,0.1094,0.0451
vacancy_O3,O3 vacancy,tetrahedral,1,27,5.35951765,0.7044,-4.65511765,0.0721,0.1069,0.0449
vacancy_O3,O3 vacancy,tetrahedral,1,27,5.35951765,0.7215,-4.63801765,0.0716,0.1037,0.0441
vacancy_O3,O3 vacancy,tetrahedral,1,27,5.35951765,0.7385,-4.62101765,0.0705,0.0999,0.043000000000000003
vacancy_O3,O3 vacancy,tetrahedral,1,27,5.35951765,0.7556,-4.60391765,0.0689,0.09620000000000001,0.0415
vacancy_O3,O3 vacancy,tetrahedral,1,27,5.35951765,0.7726,-4.58691765,0.0667,0.0927,0.0401
vacancy_O3,O3 vacancy,tetrahedral,1,27,5.35951765,0.7897,-4.56981765,0.0641,0.08979999999999999,0.038700000000000005
vacancy_O3,O3 vacancy,tetrahedral,1,27,5.35951765,0.8067,-4.55281765,0.0615,0.08779999999999999,0.0375
vacancy_O3,O3 vacancy,tetrahedral,1,27,5.35951765,0.8238,-4.53571765,0.0588,0.0869,0.036699999999999997
vacancy_O3,O3 vacancy,tetrahedral,1,27,5.35951765,0.8409,-4.5186176499999995,0.0564,0.0869,0.036199999999999996
vacancy_O3,O3 vacancy,tetrahedral,1,27,5.35951765,0.8579,-4.50161765,0.0543,0.08779999999999999,0.03609999999999999
vacancy_O3,O3 vacancy,tetrahedral,1,27,5.35951765,0.875,-4.48451765,0.0527,0.089,0.0364
vacancy_O3,O3 vacancy,tetrahedral,1,27,5.35951765,0.892,-4.46751765,0.0515,0.0905,0.036699999999999997
vacancy_O3,O3 vacancy,tetrahedral,1,27,5.35951765,0.9091,-4.45041765,0.0506,0.0917,0.037099999999999994
vacancy_O3,O3 vacancy,tetrahedral,1,27,5.35951765,0.9261,-4.43341765,0.0499,0.0925,0.0375
vacancy_O3,O3 vacancy,tetrahedral,1,27,5.35951765,0.9432,-4.41631765,0.0494,0.09290000000000001,0.0377
vacancy_O3,O3 vacancy,tetrahedral,1,27,5.35951765,0.9602,-4.3993176499999995,0.0488,0.0929,0.038
vacancy_O3,O3 vacancy,tetrahedral,1,27,5.35951765,0.9773,-4.38221765,0.0482,0.0925,0.0382
vacancy_O3,O3 vacancy,tetrahedral,1,27,5.35951765,0.9943,-4.36521765,0.0477,0.092,0.0382
vacancy_O3,O3 vacancy,tetrahedral,1,27,5.35951765,1.0114,-4.34811765,0.0473,0.0914,0.0386
vacancy_O3,O3 vacancy,tetrahedral,1,27,5.35951765,1.0284,-4.3311176499999995,0.047,0.091,0.0392
vacancy_O3,O3 vacancy,tetrahedral,1,27,5.35951765,1.0455,-4.31401765,0.047,0.091,0.0398
vacancy_O3,O3 vacancy,tetrahedral,1,27,5.35951765,1.0625,-4.29701765,0.0471,0.0912,0.04050000000000001
vacancy_O3,O3 vacancy,tetrahedral,1,27,5.35951765,1.0796,-4.27991765,0.0475,0.09179999999999999,0.0416
vacancy_O3,O3 vacancy,tetrahedral,1,27,5.35951765,1.0966,-4.26291765,0.048,0.0927,0.042699999999999995
vacancy_O3,O3 vacancy,tetrahedral,1,27,5.35951765,1.1137,-4.24581765,0.0486,0.0938,0.0437
vacancy_O3,O3 vacancy,tetrahedral,1,27,5.35951765,1.1307,-4.22881765,0.049,0.095,0.044700000000000004
vacancy_O3,O3 vacancy,tetrahedral,1,27,5.35951765,1.1478,-4.21171765,0.0492,0.0961,0.0457
vacancy_O3,O3 vacancy,tetrahedral,1,27,5.35951765,1.1648,-4.194717649999999,0.0492,0.0974,0.04649999999999999
vacancy_O3,O3 vacancy,tetrahedral,1,27,5.35951765,1.1819,-4.17761765,0.0489,0.0985,0.047099999999999996
vacancy_O3,O3 vacancy,tetrahedral,1,27,5.35951765,1.1989,-4.16061765,0.0483,0.0997,0.0476
vacancy_O3,O3 vacancy,tetrahedral,1,27,5.35951765,1.216,-4.14351765,0.0476,0.101,0.048100000000000004
vacancy_O3,O3 vacancy,tetrahedral,1,27,5.35951765,1.233,-4.12651765,0.0466,0.1023,0.0485
vacancy_O3,O3 vacancy,tetrahedral,1,27,5.35951765,1.2501,-4.10941765,0.0454,0.1036,0.048799999999999996
vacancy_O3,O3 vacancy,tetrahedral,1,27,5.35951765,1.2671,-4.09241765,0.0441,0.10469999999999999,0.0488
vacancy_O3,O3 vacancy,tetrahedral,1,27,5.35951765,1.2842,-4.07531765,0.0426,0.1051,0.048499999999999995
vacancy_O3,O3 vacancy,tetrahedral,1,27,5.35951765,1.3012,-4.05831765,0.041,0.10469999999999999,0.048100000000000004
vacancy_O3,O3 vacancy,tetrahedral,1,27,5.35951765,1.3183,-4.04121765,0.0393,0.1033,0.0472
vacancy_O3,O3 vacancy,tetrahedral,1,27,5.35951765,1.3353,-4.02421765,0.0375,0.10089999999999999,0.045899999999999996
vacancy_O3,O3 vacancy,tetrahedral,1,27,5.35951765,1.3524,-4.00711765,0.0357,0.0978,0.0444
vacancy_O3,O3 vacancy,tetrahedral,1,27,5.35951765,1.3695,-3.99001765,0.0341,0.09419999999999999,0.0428
vacancy_O3,O3 vacancy,tetrahedral,1,27,5.35951765,1.3865,-3.97301765,0.0326,0.0907,0.041499999999999995
vacancy_O3,O3 vacancy,tetrahedral,1,27,5.35951765,1.4036,-3.95591765,0.0315,0.0877,0.0402
vacancy_O3,O3 vacancy,tetrahedral,1,27,5.35951765,1.4206,-3.9389176499999996,0.0306,0.0854,0.0393
vacancy_O3,O3 vacancy,tetrahedral,1,27,5.35951765,1.4377,-3.92181765,0.0299,0.08410000000000001,0.0388
vacancy_O3,O3 vacancy,tetrahedral,1,27,5.35951765,1.4547,-3.90481765,0.0292,0.08360000000000001,0.0387
vacancy_O3,O3 vacancy,tetrahedral,1,27,5.35951765,1.4718,-3.88771765,0.0286,0.0839,0.0387
vacancy_O3,O3 vacancy,tetrahedral,1,27,5.35951765,1.4888,-3.87071765,0.028,0.08460000000000001,0.038700000000000005
vacancy_O3,O3 vacancy,tetrahedral,1,27,5.35951765,1.5059,-3.85361765,0.0272,0.0854,0.03900000000000001
vacancy_O3,O3 vacancy,tetrahedral,1,27,5.35951765,1.5229,-3.83661765,0.0265,0.0862,0.039200000000000006
vacancy_O3,O3 vacancy,tetrahedral,1,27,5.35951765,1.54,-3.81951765,0.0258,0.0874,0.039400000000000004
vacancy_O3,O3 vacancy,tetrahedral,1,27,5.35951765,1.557,-3.80251765,0.0253,0.0886,0.0398
vacancy_O3,O3 vacancy,tetrahedral,1,27,5.35951765,1.5741,-3.78541765,0.025,0.09040000000000001,0.04050000000000001
vacancy_O3,O3 vacancy,tetrahedral,1,27,5.35951765,1.5911,-3.76841765,0.025,0.09259999999999999,0.041400000000000006
vacancy_O3,O3 vacancy,tetrahedral,1,27,5.35951765,1.6082,-3.75131765,0.0254,0.0958,0.042499999999999996
vacancy_O3,O3 vacancy,tetrahedral,1,27,5.35951765,1.6252,-3.73431765,0.0261,0.0996,0.0439
vacancy_O3,O3 vacancy,tetrahedral,1,27,5.35951765,1.6423,-3.71721765,0.0272,0.1041,0.04529999999999999
vacancy_O3,O3 vacancy,tetrahedral,1,27,5.35951765,1.6593,-3.70021765,0.0286,0.109,0.047
vacancy_O3,O3 vacancy,tetrahedral,1,27,5.35951765,1.6764,-3.68311765,0.0302,0.11460000000000001,0.0486
vacancy_O3,O3 vacancy,tetrahedral,1,27,5.35951765,1.6934,-3.66611765,0.0322,0.1203,0.0504
vacancy_O3,O3 vacancy,tetrahedral,1,27,5.35951765,1.7105,-3.6490176500000002,0.0344,0.12630000000000002,0.052300000000000006
vacancy_O3,O3 vacancy,tetrahedral,1,27,5.35951765,1.7275,-3.63201765,0.0369,0.1324,0.054
vacancy_O3,O3 vacancy,tetrahedral,1,27,5.35951765,1.7446,-3.6149176499999998,0.0395,0.1388,0.05589999999999999
vacancy_O3,O3 vacancy,tetrahedral,1,27,5.35951765,1.7616,-3.59791765,0.0421,0.1451,0.0576
vacancy_O3,O3 vacancy,tetrahedral,1,27,5.35951765,1.7787,-3.58081765,0.0445,0.15150000000000002,0.0596
vacancy_O3,O3 vacancy,tetrahedral,1,27,5.35951765,1.7957,-3.56381765,0.0465,0.158,0.0616
vacancy_O3,O3 vacancy,tetrahedral,1,27,5.35951765,1.8128,-3.5467176499999997,0.0479,0.16490000000000002,0.0634
vacancy_O3,O3 vacancy,tetrahedral,1,27,5.35951765,1.8298,-3.52971765,0.0484,0.17229999999999998,0.0655
vacancy_O3,O3 vacancy,tetrahedral,1,27,5.35951765,1.8469,-3.51261765,0.0482,0.1803,0.0678
vacancy_O3,O3 vacancy,tetrahedral,1,27,5.35951765,1.8639,-3.49561765,0.0471,0.1888,0.07020000000000001
vacancy_O3,O3 vacancy,tetrahedral,1,27,5.35951765,1.881,-3.4785176499999997,0.0455,0.19729999999999998,0.0725
vacancy_O3,O3 vacancy,tetrahedral,1,27,5.35951765,1.898,-3.4615176500000002,0.0433,0.2053,0.07490000000000001
vacancy_O3,O3 vacancy,tetrahedral,1,27,5.35951765,1.9151,-3.44441765,0.0409,0.2118,0.0772
vacancy_O3,O3 vacancy,tetrahedral,1,27,5.35951765,1.9322,-3.42731765,0.0383,0.2158,0.0787
vacancy_O3,O3 vacancy,tetrahedral,1,27,5.35951765,1.9492,-3.4103176499999996,0.0357,0.2169,0.07970000000000001
vacancy_O3,O3 vacancy,tetrahedral,1,27,5.35951765,1.9663,-3.39321765,0.0331,0.2147,0.0799
vacancy_O3,O3 vacancy,tetrahedral,1,27,5.35951765,1.9833,-3.37621765,0.0306,0.20950000000000002,0.079
vacancy_O3,O3 vacancy,tetrahedral,1,27,5.35951765,2.0004,-3.35911765,0.0283,0.20180000000000003,0.07780000000000001
vacancy_O3,O3 vacancy,tetrahedral,1,27,5.35951765,2.0174,-3.34211765,0.0263,0.19269999999999998,0.0759
vacancy_O3,O3 vacancy,tetrahedral,1,27,5.35951765,2.0345,-3.32501765,0.0246,0.1834,0.074
vacancy_O3,O3 vacancy,tetrahedral,1,27,5.35951765,2.0515,-3.30801765,0.0233,0.1748,0.0722
vacancy_O3,O3 vacancy,tetrahedral,1,27,5.35951765,2.0686,-3.29091765,0.0223,0.16749999999999998,0.0708
vacancy_O3,O3 vacancy,tetrahedral,1,27,5.35951765,2.0856,-3.27391765,0.0216,0.1616,0.0696
vacancy_O3,O3 vacancy,tetrahedral,1,27,5.35951765,2.1027,-3.25681765,0.0212,0.1572,0.06860000000000001
vacancy_O3,O3 vacancy,tetrahedral,1,27,5.35951765,2.1197,-3.23981765,0.021,0.15360000000000001,0.0676
vacancy_O3,O3 vacancy,tetrahedral,1,27,5.35951765,2.1368,-3.22271765,0.021,0.1506,0.0663
vacancy_O3,O3 vacancy,tetrahedral,1,27,5.35951765,2.1538,-3.20571765,0.021,0.14750000000000002,0.0649
vacancy_O3,O3 vacancy,tetrahedral,1,27,5.35951765,2.1709,-3.18861765,0.021,0.1444,0.0632
vacancy_O3,O3 vacancy,tetrahedral,1,27,5.35951765,2.1879,-3.17161765,0.0212,0.14100000000000001,0.0611
vacancy_O3,O3 vacancy,tetrahedral,1,27,5.35951765,2.205,-3.15451765,0.0213,0.1375,0.059
vacancy_O3,O3 vacancy,tetrahedral,1,27,5.35951765,2.222,-3.13751765,0.0215,0.134,0.056999999999999995
vacancy_O3,O3 vacancy,tetrahedral,1,27,5.35951765,2.2391,-3.12041765,0.0218,0.13069999999999998,0.0552
vacancy_O3,O3 vacancy,tetrahedral,1,27,5.35951765,2.2561,-3.10341765,0.022,0.1276,0.053799999999999994
vacancy_O3,O3 vacancy,tetrahedral,1,27,5.35951765,2.2732,-3.08631765,0.0222,0.1248,0.052700000000000004
vacancy_O3,O3 vacancy,tetrahedral,1,27,5.35951765,2.2902,-3.06931765,0.0224,0.12229999999999999,0.0519
vacancy_O3,O3 vacancy,tetrahedral,1,27,5.35951765,2.3073,-3.05221765,0.0225,0.1202,0.0516
vacancy_O3,O3 vacancy,tetrahedral,1,27,5.35951765,2.3243,-3.03521765,0.0226,0.1182,0.0512
vacancy_O3,O3 vacancy,tetrahedral,1,27,5.35951765,2.3414,-3.0181176499999998,0.0227,0.11660000000000001,0.0512
vacancy_O3,O3 vacancy,tetrahedral,1,27,5.35951765,2.3584,-3.00111765,0.0227,0.1152,0.0515
vacancy_O3,O3 vacancy,tetrahedral,1,27,5.35951765,2.3755,-2.9840176499999997,0.0228,0.11399999999999999,0.05160000000000001
vacancy_O3,O3 vacancy,tetrahedral,1,27,5.35951765,2.3925,-2.96701765,0.0228,0.1131,0.0519
vacancy_O3,O3 vacancy,tetrahedral,1,27,5.35951765,2.4096,-2.9499176499999997,0.023,0.1126,0.0521
vacancy_O3,O3 vacancy,tetrahedral,1,27,5.35951765,2.4266,-2.93291765,0.0233,0.11230000000000001,0.0524
vacancy_O3,O3 vacancy,tetrahedral,1,27,5.35951765,2.4437,-2.9158176499999997,0.0237,0.1122,0.052700000000000004
vacancy_O3,O3 vacancy,tetrahedral,1,27,5.35951765,2.4608,-2.89871765,0.0242,0.1122,0.053
vacancy_O3,O3 vacancy,tetrahedral,1,27,5.35951765,2.4778,-2.88171765,0.0249,0.1122,0.053399999999999996
vacancy_O3,O3 vacancy,tetrahedral,1,27,5.35951765,2.4949,-2.86461765,0.0256,0.1119,0.0538
vacancy_O3,O3 vacancy,tetrahedral,1,27,5.35951765,2.5119,-2.84761765,0.0262,0.11130000000000001,0.0541
vacancy_O3,O3 vacancy,tetrahedral,1,27,5.35951765,2.529,-2.83051765,0.0267,0.1101,0.0545
vacancy_O3,O3 vacancy,tetrahedral,1,27,5.35951765,2.546,-2.81351765,0.0271,0.1082,0.054599999999999996
vacancy_O3,O3 vacancy,tetrahedral,1,27,5.35951765,2.5631,-2.79641765,0.0273,0.10590000000000001,0.054599999999999996
vacancy_O3,O3 vacancy,tetrahedral,1,27,5.35951765,2.5801,-2.77941765,0.0274,0.10289999999999999,0.0545
vacancy_O3,O3 vacancy,tetrahedral,1,27,5.35951765,2.5972,-2.76231765,0.0273,0.0995,0.054200000000000005
vacancy_O3,O3 vacancy,tetrahedral,1,27,5.35951765,2.6142,-2.74531765,0.0272,0.0959,0.05349999999999999
vacancy_O3,O3 vacancy,tetrahedral,1,27,5.35951765,2.6313,-2.72821765,0.0271,0.0921,0.0529
vacancy_O3,O3 vacancy,tetrahedral,1,27,5.35951765,2.6483,-2.71121765,0.0269,0.0884,0.0519
vacancy_O3,O3 vacancy,tetrahedral,1,27,5.35951765,2.6654,-2.69411765,0.0267,0.0848,0.0509
vacancy_O3,O3 vacancy,tetrahedral,1,27,5.35951765,2.6824,-2.67711765,0.0264,0.0819,0.050199999999999995
vacancy_O3,O3 vacancy,tetrahedral,1,27,5.35951765,2.6995,-2.66001765,0.0262,0.0796,0.0495
vacancy_O3,O3 vacancy,tetrahedral,1,27,5.35951765,2.7165,-2.64301765,0.0259,0.0779,0.049100000000000005
vacancy_O3,O3 vacancy,tetrahedral,1,27,5.35951765,2.7336,-2.62591765,0.0257,0.0769,0.0493
vacancy_O3,O3 vacancy,tetrahedral,1,27,5.35951765,2.7506,-2.60891765,0.0254,0.0765,0.049600000000000005
vacancy_O3,O3 vacancy,tetrahedral,1,27,5.35951765,2.7677,-2.59181765,0.0252,0.0766,0.0506
vacancy_O3,O3 vacancy,tetrahedral,1,27,5.35951765,2.7847,-2.57481765,0.0251,0.07680000000000001,0.0515
vacancy_O3,O3 vacancy,tetrahedral,1,27,5.35951765,2.8018,-2.55771765,0.025,0.0771,0.0525
vacancy_O3,O3 vacancy,tetrahedral,1,27,5.35951765,2.8188,-2.54071765,0.025,0.077,0.0535
vacancy_O3,O3 vacancy,tetrahedral,1,27,5.35951765,2.8359,-2.52361765,0.0251,0.0765,0.0542
vacancy_O3,O3 vacancy,tetrahedral,1,27,5.35951765,2.8529,-2.50661765,0.0251,0.0753,0.0542
vacancy_O3,O3 vacancy,tetrahedral,1,27,5.35951765,2.87,-2.48951765,0.0252,0.07339999999999999,0.0537
vacancy_O3,O3 vacancy,tetrahedral,1,27,5.35951765,2.887,-2.47251765,0.0252,0.0712,0.0526
vacancy_O3,O3 vacancy,tetrahedral,1,27,5.35951765,2.9041,-2.45541765,0.0251,0.06849999999999999,0.051199999999999996
vacancy_O3,O3 vacancy,tetrahedral,1,27,5.35951765,2.9211,-2.43841765,0.0249,0.0655,0.0493
vacancy_O3,O3 vacancy,tetrahedral,1,27,5.35951765,2.9382,-2.4213176499999998,0.0245,0.06259999999999999,0.047299999999999995
vacancy_O3,O3 vacancy,tetrahedral,1,27,5.35951765,2.9552,-2.40431765,0.024,0.059899999999999995,0.0457
vacancy_O3,O3 vacancy,tetrahedral,1,27,5.35951765,2.9723,-2.3872176499999997,0.0234,0.0576,0.044199999999999996
vacancy_O3,O3 vacancy,tetrahedral,1,27,5.35951765,2.9894,-2.37011765,0.0227,0.0557,0.0432
vacancy_O3,O3 vacancy,tetrahedral,1,27,5.35951765,3.0064,-2.3531176499999997,0.0219,0.0542,0.04239999999999999
vacancy_O3,O3 vacancy,tetrahedral,1,27,5.35951765,3.0235,-2.33601765,0.0211,0.0533,0.0421
vacancy_O3,O3 vacancy,tetrahedral,1,27,5.35951765,3.0405,-2.3190176499999997,0.0203,0.0528,0.0421
vacancy_O3,O3 vacancy,tetrahedral,1,27,5.35951765,3.0576,-2.30191765,0.0196,0.052500000000000005,0.0422
vacancy_O3,O3 vacancy,tetrahedral,1,27,5.35951765,3.0746,-2.2849176499999997,0.0189,0.0526,0.0425
vacancy_O3,O3 vacancy,tetrahedral,1,27,5.35951765,3.0917,-2.26781765,0.0183,0.0529,0.043
vacancy_O3,O3 vacancy,tetrahedral,1,27,5.35951765,3.1087,-2.25081765,0.0177,0.053399999999999996,0.043300000000000005
vacancy_O3,O3 vacancy,tetrahedral,1,27,5.35951765,3.1258,-2.23371765,0.0172,0.0539,0.0439
vacancy_O3,O3 vacancy,tetrahedral,1,27,5.35951765,3.1428,-2.21671765,0.0166,0.0543,0.0443
vacancy_O3,O3 vacancy,tetrahedral,1,27,5.35951765,3.1599,-2.19961765,0.016,0.0547,0.044700000000000004
vacancy_O3,O3 vacancy,tetrahedral,1,27,5.35951765,3.1769,-2.18261765,0.0154,0.0547,0.0451
vacancy_O3,O3 vacancy,tetrahedral,1,27,5.35951765,3.194,-2.16551765,0.0147,0.0543,0.0456
vacancy_O3,O3 vacancy,tetrahedral,1,27,5.35951765,3.211,-2.14851765,0.014,0.053500000000000006,0.0457
vacancy_O3,O3 vacancy,tetrahedral,1,27,5.35951765,3.2281,-2.13141765,0.0132,0.052099999999999994,0.04580000000000001
vacancy_O3,O3 vacancy,tetrahedral,1,27,5.35951765,3.2451,-2.11441765,0.0124,0.050100000000000006,0.045700000000000005
vacancy_O3,O3 vacancy,tetrahedral,1,27,5.35951765,3.2622,-2.09731765,0.0116,0.0476,0.0451
vacancy_O3,O3 vacancy,tetrahedral,1,27,5.35951765,3.2792,-2.08031765,0.0108,0.0449,0.0441
vacancy_O3,O3 vacancy,tetrahedral,1,27,5.35951765,3.2963,-2.06321765,0.0102,0.0417,0.0425
vacancy_O3,O3 vacancy,tetrahedral,1,27,5.35951765,3.3133,-2.04621765,0.0096,0.0383,0.0402
vacancy_O3,O3 vacancy,tetrahedral,1,27,5.35951765,3.3304,-2.02911765,0.0091,0.0349,0.03729999999999999
vacancy_O3,O3 vacancy,tetrahedral,1,27,5.35951765,3.3474,-2.01211765,0.0088,0.0316,0.0337
vacancy_O3,O3 vacancy,tetrahedral,1,27,5.35951765,3.3645,-1.9950176499999999,0.0085,0.0286,0.030100000000000002
vacancy_O3,O3 vacancy,tetrahedral,1,27,5.35951765,3.3815,-1.97801765,0.0084,0.0259,0.026
vacancy_O3,O3 vacancy,tetrahedral,1,27,5.35951765,3.3986,-1.9609176499999998,0.0085,0.0237,0.0224
vacancy_O3,O3 vacancy,tetrahedral,1,27,5.35951765,3.4156,-1.94391765,0.0088,0.0221,0.019299999999999998
vacancy_O3,O3 vacancy,tetrahedral,1,27,5.35951765,3.4327,-1.9268176499999998,0.0093,0.021099999999999997,0.0168
vacancy_O3,O3 vacancy,tetrahedral,1,27,5.35951765,3.4497,-1.90981765,0.0102,0.0208,0.015100000000000002
vacancy_O3,O3 vacancy,tetrahedral,1,27,5.35951765,3.4668,-1.8927176499999998,0.0113,0.020999999999999998,0.014400000000000003
vacancy_O3,O3 vacancy,tetrahedral,1,27,5.35951765,3.4838,-1.87571765,0.0129,0.0218,0.014700000000000003
vacancy_O3,O3 vacancy,tetrahedral,1,27,5.35951765,3.5009,-1.8586176499999998,0.0147,0.0231,0.016
vacancy_O3,O3 vacancy,tetrahedral,1,27,5.35951765,3.5179,-1.8416176499999999,0.017,0.0249,0.0182
vacancy_O3,O3 vacancy,tetrahedral,1,27,5.35951765,3.535,-1.8245176499999998,0.0195,0.0269,0.0212
vacancy_O3,O3 vacancy,tetrahedral,1,27,5.35951765,3.5521,-1.80741765,0.0223,0.0293,0.024900000000000002
vacancy_O3,O3 vacancy,tetrahedral,1,27,5.35951765,3.5691,-1.7904176499999997,0.0252,0.0318,0.029000000000000005
vacancy_O3,O3 vacancy,tetrahedral,1,27,5.35951765,3.5862,-1.77331765,0.0282,0.0344,0.0334
vacancy_O3,O3 vacancy,tetrahedral,1,27,5.35951765,3.6032,-1.7563176499999997,0.0309,0.0369,0.0375
vacancy_O3,O3 vacancy,tetrahedral,1,27,5.35951765,3.6203,-1.73921765,0.0333,0.0392,0.04120000000000001
vacancy_O3,O3 vacancy,tetrahedral,1,27,5.35951765,3.6373,-1.7222176499999997,0.0352,0.0408,0.0438
vacancy_O3,O3 vacancy,tetrahedral,1,27,5.35951765,3.6544,-1.70511765,0.0363,0.0419,0.0458
vacancy_O3,O3 vacancy,tetrahedral,1,27,5.35951765,3.6714,-1.6881176499999997,0.0364,0.0421,0.0465
vacancy_O3,O3 vacancy,tetrahedral,1,27,5.35951765,3.6885,-1.67101765,0.0354,0.041299999999999996,0.046000000000000006
vacancy_O3,O3 vacancy,tetrahedral,1,27,5.35951765,3.7055,-1.6540176500000001,0.0334,0.0391,0.0441
vacancy_O3,O3 vacancy,tetrahedral,1,27,5.35951765,3.7226,-1.63691765,0.0303,0.0358,0.040900000000000006
vacancy_O3,O3 vacancy,tetrahedral,1,27,5.35951765,3.7396,-1.61991765,0.0265,0.0316,0.0371
vacancy_O3,O3 vacancy,tetrahedral,1,27,5.35951765,3.7567,-1.60281765,0.0223,0.0268,0.0322
vacancy_O3,O3 vacancy,tetrahedral,1,27,5.35951765,3.7737,-1.58581765,0.018,0.0218,0.027
vacancy_O3,O3 vacancy,tetrahedral,1,27,5.35951765,3.7908,-1.56871765,0.0138,0.016999999999999998,0.0218
vacancy_O3,O3 vacancy,tetrahedral,1,27,5.35951765,3.8078,-1.55171765,0.0102,0.0126,0.016999999999999998
vacancy_O3,O3 vacancy,tetrahedral,1,27,5.35951765,3.8249,-1.53461765,0.0072,0.009,0.0126
vacancy_O3,O3 vacancy,tetrahedral,1,27,5.35951765,3.8419,-1.51761765,0.0048,0.0060999999999999995,0.008899999999999998
vacancy_O3,O3 vacancy,tetrahedral,1,27,5.35951765,3.859,-1.50051765,0.0031,0.004,0.005999999999999999
vacancy_O3,O3 vacancy,tetrahedral,1,27,5.35951765,3.876,-1.48351765,0.0019,0.0024,0.0038
vacancy_O3,O3 vacancy,tetrahedral,1,27,5.35951765,3.8931,-1.46641765,0.0011,0.0014,0.0023
vacancy_O3,O3 vacancy,tetrahedral,1,27,5.35951765,3.9101,-1.44941765,0.0006,0.0008,0.0015
vacancy_O3,O3 vacancy,tetrahedral,1,27,5.35951765,3.9272,-1.4323176499999999,0.0003,0.0004,0.0008
vacancy_O3,O3 vacancy,tetrahedral,1,27,5.35951765,3.9442,-1.41531765,0.0002,0.0002,0.00039999999999999996
vacancy_O3,O3 vacancy,tetrahedral,1,27,5.35951765,3.9613,-1.3982176499999999,0.0001,0.0001,0.0001
vacancy_O3,O3 vacancy,tetrahedral,1,27,5.35951765,3.9783,-1.38121765,0.0,0.0,0.0001
vacancy_O3,O3 vacancy,tetrahedral,1,27,5.35951765,3.9954,-1.3641176499999998,0.0,0.0,0.0
vacancy_O3,O3 vacancy,tetrahedral,1,27,5.35951765,4.0124,-1.3471176499999995,0.0,0.0,0.0
vacancy_O3,O3 vacancy,tetrahedral,1,27,5.35951765,4.0295,-1.3300176500000003,0.0,0.0,0.0
vacancy_O3,O3 vacancy,tetrahedral,1,27,5.35951765,4.0465,-1.31301765,0.0,0.0,0.0
vacancy_O3,O3 vacancy,tetrahedral,1,27,5.35951765,4.0636,-1.2959176499999998,0.0001,0.0,0.0
vacancy_O3,O3 vacancy,tetrahedral,1,27,5.35951765,4.0807,-1.2788176499999997,0.0002,0.0001,0.0
vacancy_O3,O3 vacancy,tetrahedral,1,27,5.35951765,4.0977,-1.2618176500000002,0.0003,0.0002,0.0
vacancy_O3,O3 vacancy,tetrahedral,1,27,5.35951765,4.1148,-1.2447176500000001,0.0006,0.0005,0.0
vacancy_O3,O3 vacancy,tetrahedral,1,27,5.35951765,4.1318,-1.2277176499999998,0.0011,0.0008,0.0001
vacancy_O3,O3 vacancy,tetrahedral,1,27,5.35951765,4.1489,-1.2106176499999997,0.0018,0.0014,0.0001
vacancy_O3,O3 vacancy,tetrahedral,1,27,5.35951765,4.1659,-1.1936176500000002,0.0029,0.0022,0.0002
vacancy_O3,O3 vacancy,tetrahedral,1,27,5.35951765,4.183,-1.17651765,0.0043,0.0034,0.00039999999999999996
vacancy_O3,O3 vacancy,tetrahedral,1,27,5.35951765,4.2,-1.1595176499999997,0.0062,0.0047,0.0006000000000000001
vacancy_O3,O3 vacancy,tetrahedral,1,27,5.35951765,4.2171,-1.1424176499999996,0.0083,0.006500000000000001,0.0007
vacancy_O3,O3 vacancy,tetrahedral,1,27,5.35951765,4.2341,-1.1254176500000002,0.0107,0.008299999999999998,0.0007999999999999999
vacancy_O3,O3 vacancy,tetrahedral,1,27,5.35951765,4.2512,-1.10831765,0.0131,0.010199999999999999,0.0011
vacancy_O3,O3 vacancy,tetrahedral,1,27,5.35951765,4.2682,-1.0913176499999997,0.0156,0.012199999999999999,0.0013
vacancy_O3,O3 vacancy,tetrahedral,1,27,5.35951765,4.2853,-1.0742176499999996,0.0182,0.0144,0.0015
vacancy_O3,O3 vacancy,tetrahedral,1,27,5.35951765,4.3023,-1.0572176500000001,0.0213,0.016999999999999998,0.0018
vacancy_O3,O3 vacancy,tetrahedral,1,27,5.35951765,4.3194,-1.04011765,0.0254,0.0205,0.002
vacancy_O3,O3 vacancy,tetrahedral,1,27,5.35951765,4.3364,-1.0231176499999997,0.0314,0.0258,0.0026
vacancy_O3,O3 vacancy,tetrahedral,1,27,5.35951765,4.3535,-1.0060176499999995,0.0402,0.033400000000000006,0.0033
vacancy_O3,O3 vacancy,tetrahedral,1,27,5.35951765,4.3705,-0.9890176500000001,0.0527,0.0443,0.0043
vacancy_O3,O3 vacancy,tetrahedral,1,27,5.35951765,4.3876,-0.97191765,0.0695,0.0587,0.0057
vacancy_O3,O3 vacancy,tetrahedral,1,27,5.35951765,4.4046,-0.9549176499999996,0.0906,0.077,0.0074
vacancy_O3,O3 vacancy,tetrahedral,1,27,5.35951765,4.4217,-0.9378176499999995,0.1158,0.0988,0.009600000000000001
vacancy_O3,O3 vacancy,tetrahedral,1,27,5.35951765,4.4387,-0.92081765,0.1439,0.12329999999999999,0.0118
vacancy_O3,O3 vacancy,tetrahedral,1,27,5.35951765,4.4558,-0.9037176499999999,0.1737,0.1492,0.014199999999999999
vacancy_O3,O3 vacancy,tetrahedral,1,27,5.35951765,4.4728,-0.8867176499999996,0.2034,0.1754,0.0166
vacancy_O3,O3 vacancy,tetrahedral,1,27,5.35951765,4.4899,-0.8696176500000004,0.2314,0.2002,0.0189
vacancy_O3,O3 vacancy,tetrahedral,1,27,5.35951765,4.5069,-0.85261765,0.2562,0.2224,0.0208
vacancy_O3,O3 vacancy,tetrahedral,1,27,5.35951765,4.524,-0.8355176499999999,0.2765,0.24080000000000001,0.0225
vacancy_O3,O3 vacancy,tetrahedral,1,27,5.35951765,4.541,-0.8185176499999995,0.2912,0.2544,0.023600000000000003
vacancy_O3,O3 vacancy,tetrahedral,1,27,5.35951765,4.5581,-0.8014176500000003,0.2996,0.26249999999999996,0.0242
vacancy_O3,O3 vacancy,tetrahedral,1,27,5.35951765,4.5751,-0.78441765,0.301,0.2645,0.0242
vacancy_O3,O3 vacancy,tetrahedral,1,27,5.35951765,4.5922,-0.7673176499999999,0.2957,0.2603,0.023600000000000003
vacancy_O3,O3 vacancy,tetrahedral,1,27,5.35951765,4.6092,-0.7503176499999995,0.2848,0.251,0.0227
vacancy_O3,O3 vacancy,tetrahedral,1,27,5.35951765,4.6263,-0.7332176500000003,0.2704,0.2384,0.0213
vacancy_O3,O3 vacancy,tetrahedral,1,27,5.35951765,4.6434,-0.7161176500000002,0.2555,0.2252,0.0199
vacancy_O3,O3 vacancy,tetrahedral,1,27,5.35951765,4.6604,-0.6991176499999998,0.2437,0.21450000000000002,0.0187
vacancy_O3,O3 vacancy,tetrahedral,1,27,5.35951765,4.6775,-0.6820176499999997,0.2383,0.2092,0.0178
vacancy_O3,O3 vacancy,tetrahedral,1,27,5.35951765,4.6945,-0.6650176500000002,0.2415,0.21140000000000003,0.0175
vacancy_O3,O3 vacancy,tetrahedral,1,27,5.35951765,4.7116,-0.6479176500000001,0.2538,0.22179999999999997,0.018000000000000002
vacancy_O3,O3 vacancy,tetrahedral,1,27,5.35951765,4.7286,-0.6309176499999998,0.2739,0.239,0.019
vacancy_O3,O3 vacancy,tetrahedral,1,27,5.35951765,4.7457,-0.6138176499999997,0.2988,0.2607,0.0205
vacancy_O3,O3 vacancy,tetrahedral,1,27,5.35951765,4.7627,-0.5968176500000002,0.3247,0.28330000000000005,0.0221
vacancy_O3,O3 vacancy,tetrahedral,1,27,5.35951765,4.7798,-0.5797176500000001,0.3474,0.3032,0.0235
vacancy_O3,O3 vacancy,tetrahedral,1,27,5.35951765,4.7968,-0.5627176499999997,0.3634,0.3172,0.024300000000000002
vacancy_O3,O3 vacancy,tetrahedral,1,27,5.35951765,4.8139,-0.5456176499999996,0.3707,0.3235,0.0247
vacancy_O3,O3 vacancy,tetrahedral,1,27,5.35951765,4.8309,-0.5286176500000002,0.3687,0.3216,0.024399999999999998
vacancy_O3,O3 vacancy,tetrahedral,1,27,5.35951765,4.848,-0.51151765,0.358,0.312,0.0235
vacancy_O3,O3 vacancy,tetrahedral,1,27,5.35951765,4.865,-0.4945176499999997,0.3402,0.2961,0.022199999999999998
vacancy_O3,O3 vacancy,tetrahedral,1,27,5.35951765,4.8821,-0.4774176499999996,0.3169,0.2755,0.0204
vacancy_O3,O3 vacancy,tetrahedral,1,27,5.35951765,4.8991,-0.4604176500000001,0.2897,0.2514,0.0185
vacancy_O3,O3 vacancy,tetrahedral,1,27,5.35951765,4.9162,-0.44331765,0.2598,0.2253,0.016399999999999998
vacancy_O3,O3 vacancy,tetrahedral,1,27,5.35951765,4.9332,-0.42631764999999966,0.228,0.1974,0.0143
vacancy_O3,O3 vacancy,tetrahedral,1,27,5.35951765,4.9503,-0.40921764999999954,0.195,0.1687,0.012199999999999999
vacancy_O3,O3 vacancy,tetrahedral,1,27,5.35951765,4.9673,-0.3922176500000001,0.1618,0.1399,0.01
vacancy_O3,O3 vacancy,tetrahedral,1,27,5.35951765,4.9844,-0.37511764999999997,0.1296,0.1121,0.008
vacancy_O3,O3 vacancy,tetrahedral,1,27,5.35951765,5.0014,-0.3581176499999996,0.0998,0.0862,0.0060999999999999995
vacancy_O3,O3 vacancy,tetrahedral,1,27,5.35951765,5.0185,-0.3410176499999995,0.0735,0.0636,0.0045
vacancy_O3,O3 vacancy,tetrahedral,1,27,5.35951765,5.0355,-0.32401765000000005,0.0517,0.0447,0.0031999999999999997
vacancy_O3,O3 vacancy,tetrahedral,1,27,5.35951765,5.0526,-0.30691764999999993,0.0346,0.030000000000000002,0.0022
vacancy_O3,O3 vacancy,tetrahedral,1,27,5.35951765,5.0696,-0.2899176499999996,0.022,0.0191,0.0013
vacancy_O3,O3 vacancy,tetrahedral,1,27,5.35951765,5.0867,-0.27281764999999947,0.0133,0.0115,0.0007999999999999999
vacancy_O3,O3 vacancy,tetrahedral,1,27,5.35951765,5.1037,-0.25581765,0.0076,0.0066,0.00039999999999999996
vacancy_O3,O3 vacancy,tetrahedral,1,27,5.35951765,5.1208,-0.2387176499999999,0.0041,0.0035,0.0002
vacancy_O3,O3 vacancy,tetrahedral,1,27,5.35951765,5.1378,-0.22171764999999954,0.0021,0.0018,0.0001
vacancy_O3,O3 vacancy,tetrahedral,1,27,5.35951765,5.1549,-0.20461765000000032,0.001,0.0008,0.0
vacancy_O3,O3 vacancy,tetrahedral,1,27,5.35951765,5.172,-0.1875176500000002,0.0005,0.00039999999999999996,0.0
vacancy_O3,O3 vacancy,tetrahedral,1,27,5.35951765,5.189,-0.17051764999999985,0.0002,0.0001,0.0
vacancy_O3,O3 vacancy,tetrahedral,1,27,5.35951765,5.2061,-0.15341764999999974,0.0001,0.0001,0.0
vacancy_O3,O3 vacancy,tetrahedral,1,27,5.35951765,5.2231,-0.13641765000000028,0.0,0.0,0.0
vacancy_O3,O3 vacancy,tetrahedral,1,27,5.35951765,5.2402,-0.11931765000000016,0.0,0.0,0.0
vacancy_O3,O3 vacancy,tetrahedral,1,27,5.35951765,5.2572,-0.10231764999999982,0.0,0.0,0.0
vacancy_O3,O3 vacancy,tetrahedral,1,27,5.35951765,5.2743,-0.0852176499999997,0.0,0.0,0.0
vacancy_O3,O3 vacancy,tetrahedral,1,27,5.35951765,5.2913,-0.06821765000000024,0.0,0.0,0.0
vacancy_O3,O3 vacancy,tetrahedral,1,27,5.35951765,5.3084,-0.051117650000000125,0.0,0.0,0.0
vacancy_O3,O3 vacancy,tetrahedral,1,27,5.35951765,5.3254,-0.03411764999999978,0.0,0.0,0.0
vacancy_O3,O3 vacancy,tetrahedral,1,27,5.35951765,5.3425,-0.017017649999999662,0.0,0.0,0.0
vacancy_O3,O3 vacancy,tetrahedral,1,27,5.35951765,5.3595,-1.7650000000202226e-05,0.0,0.0,0.0
vacancy_O3,O3 vacancy,tetrahedral,1,27,5.35951765,5.3766,0.017082349999999913,0.0,0.0,0.0
vacancy_O3,O3 vacancy,tetrahedral,1,27,5.35951765,5.3936,0.03408235000000026,0.0,0.0,0.0
vacancy_O3,O3 vacancy,tetrahedral,1,27,5.35951765,5.4107,0.051182350000000376,0.0,0.0,0.0
vacancy_O3,O3 vacancy,tetrahedral,1,27,5.35951765,5.4277,0.06818234999999984,0.0,0.0,0.0
vacancy_O3,O3 vacancy,tetrahedral,1,27,5.35951765,5.4448,0.08528234999999995,0.0,0.0,0.0
vacancy_O3,O3 vacancy,tetrahedral,1,27,5.35951765,5.4618,0.1022823500000003,0.0,0.0,0.0
vacancy_O3,O3 vacancy,tetrahedral,1,27,5.35951765,5.4789,0.11938235000000041,0.0,0.0,0.0
vacancy_O3,O3 vacancy,tetrahedral,1,27,5.35951765,5.4959,0.13638234999999987,0.0,0.0,0.0
vacancy_O3,O3 vacancy,tetrahedral,1,27,5.35951765,5.513,0.15348235,0.0,0.0,0.0
vacancy_O3,O3 vacancy,tetrahedral,1,27,5.35951765,5.53,0.17048235000000034,0.0,0.0,0.0
vacancy_O3,O3 vacancy,tetrahedral,1,27,5.35951765,5.5471,0.18758235000000045,0.0,0.0,0.0
vacancy_O3,O3 vacancy,tetrahedral,1,27,5.35951765,5.5641,0.2045823499999999,0.0,0.0,0.0
vacancy_O3,O3 vacancy,tetrahedral,1,27,5.35951765,5.5812,0.22168235000000003,0.0,0.0,0.0
vacancy_O3,O3 vacancy,tetrahedral,1,27,5.35951765,5.5982,0.23868235000000038,0.0,0.0,0.0
vacancy_O3,O3 vacancy,tetrahedral,1,27,5.35951765,5.6153,0.2557823500000005,0.0,0.0,0.0
vacancy_O3,O3 vacancy,tetrahedral,1,27,5.35951765,5.6323,0.27278234999999995,0.0,0.0,0.0
vacancy_O3,O3 vacancy,tetrahedral,1,27,5.35951765,5.6494,0.28988235000000007,0.0,0.0,0.0
vacancy_O3,O3 vacancy,tetrahedral,1,27,5.35951765,5.6664,0.3068823500000004,0.0,0.0,0.0
vacancy_O3,O3 vacancy,tetrahedral,1,27,5.35951765,5.6835,0.32398235000000053,0.0,0.0,0.0
vacancy_O3,O3 vacancy,tetrahedral,1,27,5.35951765,5.7005,0.34098235,0.0,0.0,0.0
vacancy_O3,O3 vacancy,tetrahedral,1,27,5.35951765,5.7176,0.3580823500000001,0.0,0.0,0.0
vacancy_O3,O3 vacancy,tetrahedral,1,27,5.35951765,5.7347,0.3751823500000002,0.0,0.0,0.0
vacancy_O3,O3 vacancy,tetrahedral,1,27,5.35951765,5.7517,0.3921823499999997,0.0,0.0,0.0
vacancy_O3,O3 vacancy,tetrahedral,1,27,5.35951765,5.7688,0.4092823499999998,0.0,0.0,0.0
vacancy_O3,O3 vacancy,tetrahedral,1,27,5.35951765,5.7858,0.42628235000000014,0.0,0.0,0.0
vacancy_O3,O3 vacancy,tetrahedral,1,27,5.35951765,5.8029,0.44338235000000026,0.0,0.0,0.0
vacancy_O3,O3 vacancy,tetrahedral,1,27,5.35951765,5.8199,0.4603823499999997,0.0,0.0,0.0
vacancy_O3,O3 vacancy,tetrahedral,1,27,5.35951765,5.837,0.47748234999999983,0.0,0.0,0.0
vacancy_O3,O3 vacancy,tetrahedral,1,27,5.35951765,5.854,0.4944823500000002,0.0,0.0,0.0
vacancy_O3,O3 vacancy,tetrahedral,1,27,5.35951765,5.8711,0.5115823500000003,0.0,0.0,0.0
vacancy_O3,O3 vacancy,tetrahedral,1,27,5.35951765,5.8881,0.5285823499999998,0.0,0.0,0.0
vacancy_O3,O3 vacancy,tetrahedral,1,27,5.35951765,5.9052,0.5456823499999999,0.0,0.0,0.0
vacancy_O3,O3 vacancy,tetrahedral,1,27,5.35951765,5.9222,0.5626823500000002,0.0,0.0,0.0
vacancy_O3,O3 vacancy,tetrahedral,1,27,5.35951765,5.9393,0.5797823500000003,0.0,0.0,0.0
vacancy_O3,O3 vacancy,tetrahedral,1,27,5.35951765,5.9563,0.5967823499999998,0.0,0.0,0.0
vacancy_O3,O3 vacancy,tetrahedral,1,27,5.35951765,5.9734,0.6138823499999999,0.0,0.0,0.0
vacancy_O3,O3 vacancy,tetrahedral,1,27,5.35951765,5.9904,0.6308823500000003,0.0,0.0,0.0
vacancy_O3,O3 vacancy,tetrahedral,1,27,5.35951765,6.0075,0.6479823500000004,0.0,0.0,0.0
vacancy_O3,O3 vacancy,tetrahedral,1,27,5.35951765,6.0245,0.6649823499999998,0.0,0.0,0.0
vacancy_O3,O3 vacancy,tetrahedral,1,27,5.35951765,6.0416,0.68208235,0.0,0.0,0.0
vacancy_O3,O3 vacancy,tetrahedral,1,27,5.35951765,6.0586,0.6990823500000003,0.0,0.0,0.0
vacancy_O3,O3 vacancy,tetrahedral,1,27,5.35951765,6.0757,0.7161823500000004,0.0,0.0,0.0
vacancy_O3,O3 vacancy,tetrahedral,1,27,5.35951765,6.0927,0.7331823499999999,0.0,0.0,0.0
vacancy_O3,O3 vacancy,tetrahedral,1,27,5.35951765,6.1098,0.75028235,0.0,0.0,0.0
vacancy_O3,O3 vacancy,tetrahedral,1,27,5.35951765,6.1268,0.7672823500000003,0.0,0.0,0.0
vacancy_O3,O3 vacancy,tetrahedral,1,27,5.35951765,6.1439,0.7843823500000005,0.0,0.0,0.0
vacancy_O3,O3 vacancy,tetrahedral,1,27,5.35951765,6.1609,0.8013823499999999,0.0,0.0,0.0
vacancy_O3,O3 vacancy,tetrahedral,1,27,5.35951765,6.178,0.81848235,0.0,0.0,0.0
vacancy_O3,O3 vacancy,tetrahedral,1,27,5.35951765,6.195,0.8354823500000004,0.0,0.0001,0.0
vacancy_O3,O3 vacancy,tetrahedral,1,27,5.35951765,6.2121,0.8525823500000005,0.0001,0.0001,0.0
vacancy_O3,O3 vacancy,tetrahedral,1,27,5.35951765,6.2291,0.86958235,0.0001,0.0002,0.0
vacancy_O3,O3 vacancy,tetrahedral,1,27,5.35951765,6.2462,0.8866823500000001,0.0002,0.0003,0.0
vacancy_O3,O3 vacancy,tetrahedral,1,27,5.35951765,6.2633,0.9037823500000002,0.0004,0.0006,0.0
vacancy_O3,O3 vacancy,tetrahedral,1,27,5.35951765,6.2803,0.9207823500000005,0.0006,0.001,0.0
vacancy_O3,O3 vacancy,tetrahedral,1,27,5.35951765,6.2974,0.9378823499999998,0.0009,0.0014,0.0
vacancy_O3,O3 vacancy,tetrahedral,1,27,5.35951765,6.3144,0.9548823500000001,0.0012,0.0019,0.0001
vacancy_O3,O3 vacancy,tetrahedral,1,27,5.35951765,6.3315,0.9719823500000002,0.0016,0.0025,0.0001
vacancy_O3,O3 vacancy,tetrahedral,1,27,5.35951765,6.3485,0.9889823499999997,0.002,0.0031,0.0001
vacancy_O3,O3 vacancy,tetrahedral,1,27,5.35951765,6.3656,1.0060823499999998,0.0023,0.0036,0.0001
vacancy_O3,O3 vacancy,tetrahedral,1,27,5.35951765,6.3826,1.0230823500000001,0.0026,0.004,0.0001
vacancy_O3,O3 vacancy,tetrahedral,1,27,5.35951765,6.3997,1.0401823500000003,0.0027,0.0042,0.0001
vacancy_O3,O3 vacancy,tetrahedral,1,27,5.35951765,6.4167,1.0571823499999997,0.0028,0.0042,0.0001
vacancy_O3,O3 vacancy,tetrahedral,1,27,5.35951765,6.4338,1.0742823499999998,0.0028,0.004,0.0001
vacancy_O3,O3 vacancy,tetrahedral,1,27,5.35951765,6.4508,1.0912823500000002,0.0029,0.0036999999999999997,0.0001
vacancy_O3,O3 vacancy,tetrahedral,1,27,5.35951765,6.4679,1.1083823500000003,0.003,0.0034,0.0001
vacancy_O3,O3 vacancy,tetrahedral,1,27,5.35951765,6.4849,1.1253823499999998,0.0035,0.0033,0.0001
vacancy_O3,O3 vacancy,tetrahedral,1,27,5.35951765,6.502,1.1424823499999999,0.0042,0.0034000000000000002,0.0001
vacancy_O3,O3 vacancy,tetrahedral,1,27,5.35951765,6.519,1.1594823500000002,0.0054,0.0038,0.0001
vacancy_O3,O3 vacancy,tetrahedral,1,27,5.35951765,6.5361,1.1765823500000003,0.0068,0.0045,0.00030000000000000003
vacancy_O3,O3 vacancy,tetrahedral,1,27,5.35951765,6.5531,1.1935823499999998,0.0085,0.0057,0.00030000000000000003
vacancy_O3,O3 vacancy,tetrahedral,1,27,5.35951765,6.5702,1.21068235,0.0103,0.0069,0.00030000000000000003
vacancy_O3,O3 vacancy,tetrahedral,1,27,5.35951765,6.5872,1.2276823500000003,0.0119,0.008199999999999999,0.00039999999999999996
vacancy_O3,O3 vacancy,tetrahedral,1,27,5.35951765,6.6043,1.2447823500000004,0.0133,0.009499999999999998,0.00039999999999999996
vacancy_O3,O3 vacancy,tetrahedral,1,27,5.35951765,6.6213,1.2617823499999998,0.0144,0.0108,0.00039999999999999996
vacancy_O3,O3 vacancy,tetrahedral,1,27,5.35951765,6.6384,1.27888235,0.015,0.0119,0.0005
vacancy_O3,O3 vacancy,tetrahedral,1,27,5.35951765,6.6554,1.2958823500000003,0.0154,0.0128,0.0006000000000000001
vacancy_O3,O3 vacancy,tetrahedral,1,27,5.35951765,6.6725,1.3129823500000004,0.0155,0.0137,0.0007000000000000001
vacancy_O3,O3 vacancy,tetrahedral,1,27,5.35951765,6.6895,1.3299823499999999,0.0156,0.0142,0.0007000000000000001
vacancy_O3,O3 vacancy,tetrahedral,1,27,5.35951765,6.7066,1.34708235,0.0158,0.0148,0.0007000000000000001
vacancy_O3,O3 vacancy,tetrahedral,1,27,5.35951765,6.7236,1.3640823500000003,0.016,0.015099999999999999,0.0008
vacancy_O3,O3 vacancy,tetrahedral,1,27,5.35951765,6.7407,1.3811823500000004,0.0165,0.0153,0.0008
vacancy_O3,O3 vacancy,tetrahedral,1,27,5.35951765,6.7577,1.39818235,0.0172,0.0153,0.0008
vacancy_O3,O3 vacancy,tetrahedral,1,27,5.35951765,6.7748,1.41528235,0.0183,0.0153,0.0008
vacancy_O3,O3 vacancy,tetrahedral,1,27,5.35951765,6.7918,1.4322823500000004,0.0199,0.0152,0.0008
vacancy_O3,O3 vacancy,tetrahedral,1,27,5.35951765,6.8089,1.4493823500000005,0.0222,0.015200000000000002,0.0008
vacancy_O3,O3 vacancy,tetrahedral,1,27,5.35951765,6.826,1.4664823499999997,0.0251,0.0151,0.0008
vacancy_O3,O3 vacancy,tetrahedral,1,27,5.35951765,6.843,1.48348235,0.0285,0.015300000000000001,0.0008
vacancy_O3,O3 vacancy,tetrahedral,1,27,5.35951765,6.8601,1.5005823500000002,0.0324,0.0155,0.0008
vacancy_O3,O3 vacancy,tetrahedral,1,27,5.35951765,6.8771,1.5175823500000005,0.0362,0.0157,0.0008
vacancy_O3,O3 vacancy,tetrahedral,1,27,5.35951765,6.8942,1.5346823499999998,0.0395,0.0159,0.001
vacancy_O3,O3 vacancy,tetrahedral,1,27,5.35951765,6.9112,1.55168235,0.0418,0.016,0.001
vacancy_O3,O3 vacancy,tetrahedral,1,27,5.35951765,6.9283,1.5687823500000002,0.0428,0.0158,0.001
vacancy_O3,O3 vacancy,tetrahedral,1,27,5.35951765,6.9453,1.5857823499999997,0.0424,0.015300000000000001,0.0009
vacancy_O3,O3 vacancy,tetrahedral,1,27,5.35951765,6.9624,1.6028823499999998,0.0408,0.014600000000000002,0.0009
vacancy_O3,O3 vacancy,tetrahedral,1,27,5.35951765,6.9794,1.6198823500000001,0.0384,0.013600000000000001,0.0008
vacancy_O3,O3 vacancy,tetrahedral,1,27,5.35951765,6.9965,1.6369823500000003,0.0356,0.0124,0.0007
vacancy_O3,O3 vacancy,tetrahedral,1,27,5.35951765,7.0135,1.6539823499999997,0.0327,0.011300000000000001,0.0007
vacancy_O3,O3 vacancy,tetrahedral,1,27,5.35951765,7.0306,1.6710823499999998,0.0302,0.010400000000000001,0.0007
vacancy_O3,O3 vacancy,tetrahedral,1,27,5.35951765,7.0476,1.6880823500000002,0.028,0.0095,0.0007
vacancy_O3,O3 vacancy,tetrahedral,1,27,5.35951765,7.0647,1.7051823500000003,0.0262,0.0089,0.0006000000000000001
vacancy_O3,O3 vacancy,tetrahedral,1,27,5.35951765,7.0817,1.7221823499999998,0.0246,0.0085,0.0006000000000000001
vacancy_O3,O3 vacancy,tetrahedral,1,27,5.35951765,7.0988,1.7392823499999999,0.0231,0.0081,0.0006000000000000001
vacancy_O3,O3 vacancy,tetrahedral,1,27,5.35951765,7.1158,1.7562823500000002,0.0217,0.0078,0.0006000000000000001
vacancy_O3,O3 vacancy,tetrahedral,1,27,5.35951765,7.1329,1.7733823500000003,0.0206,0.0076,0.0006000000000000001
vacancy_O3,O3 vacancy,tetrahedral,1,27,5.35951765,7.1499,1.7903823499999998,0.0198,0.0073999999999999995,0.0007
vacancy_O3,O3 vacancy,tetrahedral,1,27,5.35951765,7.167,1.80748235,0.0195,0.0074,0.0006000000000000001
vacancy_O3,O3 vacancy,tetrahedral,1,27,5.35951765,7.184,1.8244823500000003,0.0199,0.007600000000000001,0.0006000000000000001
vacancy_O3,O3 vacancy,tetrahedral,1,27,5.35951765,7.2011,1.8415823500000004,0.0211,0.0081,0.0007000000000000001
vacancy_O3,O3 vacancy,tetrahedral,1,27,5.35951765,7.2181,1.8585823499999998,0.0229,0.0091,0.001
vacancy_O3,O3 vacancy,tetrahedral,1,27,5.35951765,7.2352,1.87568235,0.0252,0.010599999999999998,0.0015
vacancy_O3,O3 vacancy,tetrahedral,1,27,5.35951765,7.2522,1.8926823500000003,0.0278,0.012799999999999999,0.002
vacancy_O3,O3 vacancy,tetrahedral,1,27,5.35951765,7.2693,1.9097823500000004,0.0305,0.016,0.0028000000000000004
vacancy_O3,O3 vacancy,tetrahedral,1,27,5.35951765,7.2863,1.9267823499999999,0.0332,0.019799999999999998,0.004
vacancy_O3,O3 vacancy,tetrahedral,1,27,5.35951765,7.3034,1.94388235,0.036,0.0247,0.005399999999999999
vacancy_O3,O3 vacancy,tetrahedral,1,27,5.35951765,7.3204,1.9608823500000003,0.039,0.030699999999999998,0.007400000000000001
vacancy_O3,O3 vacancy,tetrahedral,1,27,5.35951765,7.3375,1.9779823500000004,0.0425,0.0378,0.009800000000000001
vacancy_O3,O3 vacancy,tetrahedral,1,27,5.35951765,7.3546,1.9950823499999997,0.0472,0.045899999999999996,0.0128
vacancy_O3,O3 vacancy,tetrahedral,1,27,5.35951765,7.3716,2.01208235,0.0536,0.0548,0.0159
vacancy_O3,O3 vacancy,tetrahedral,1,27,5.35951765,7.3887,2.02918235,0.062,0.0643,0.0193
vacancy_O3,O3 vacancy,tetrahedral,1,27,5.35951765,7.4057,2.0461823500000005,0.0726,0.0736,0.0225
vacancy_O3,O3 vacancy,tetrahedral,1,27,5.35951765,7.4228,2.0632823499999997,0.0852,0.0824,0.025300000000000003
vacancy_O3,O3 vacancy,tetrahedral,1,27,5.35951765,7.4398,2.08028235,0.0992,0.08940000000000001,0.0272
vacancy_O3,O3 vacancy,tetrahedral,1,27,5.35951765,7.4569,2.09738235,0.1135,0.0944,0.028200000000000003
vacancy_O3,O3 vacancy,tetrahedral,1,27,5.35951765,7.4739,2.1143823500000005,0.1269,0.09670000000000001,0.0281
vacancy_O3,O3 vacancy,tetrahedral,1,27,5.35951765,7.491,2.1314823499999997,0.1384,0.0963,0.026999999999999996
vacancy_O3,O3 vacancy,tetrahedral,1,27,5.35951765,7.508,2.14848235,0.1469,0.0936,0.0254
vacancy_O3,O3 vacancy,tetrahedral,1,27,5.35951765,7.5251,2.16558235,0.152,0.0892,0.0232
vacancy_O3,O3 vacancy,tetrahedral,1,27,5.35951765,7.5421,2.1825823499999997,0.1536,0.08360000000000001,0.020999999999999998
vacancy_O3,O3 vacancy,tetrahedral,1,27,5.35951765,7.5592,2.19968235,0.1521,0.0779,0.0186
vacancy_O3,O3 vacancy,tetrahedral,1,27,5.35951765,7.5762,2.21668235,0.148,0.0722,0.0167
vacancy_O3,O3 vacancy,tetrahedral,1,27,5.35951765,7.5933,2.2337823500000002,0.1419,0.06670000000000001,0.015
vacancy_O3,O3 vacancy,tetrahedral,1,27,5.35951765,7.6103,2.2507823499999997,0.1345,0.0613,0.013600000000000001
vacancy_O3,O3 vacancy,tetrahedral,1,27,5.35951765,7.6274,2.26788235,0.1264,0.0561,0.012300000000000002
vacancy_O3,O3 vacancy,tetrahedral,1,27,5.35951765,7.6444,2.28488235,0.1183,0.051199999999999996,0.011
vacancy_O3,O3 vacancy,tetrahedral,1,27,5.35951765,7.6615,2.3019823500000003,0.111,0.0467,0.009999999999999998
vacancy_O3,O3 vacancy,tetrahedral,1,27,5.35951765,7.6785,2.3189823499999997,0.1054,0.0431,0.0091
vacancy_O3,O3 vacancy,tetrahedral,1,27,5.35951765,7.6956,2.33608235,0.1022,0.0409,0.008700000000000001
vacancy_O3,O3 vacancy,tetrahedral,1,27,5.35951765,7.7126,2.35308235,0.1021,0.0402,0.0087
vacancy_O3,O3 vacancy,tetrahedral,1,27,5.35951765,7.7297,2.3701823500000003,0.1056,0.0415,0.0093
vacancy_O3,O3 vacancy,tetrahedral,1,27,5.35951765,7.7467,2.38718235,0.1124,0.0446,0.0106
vacancy_O3,O3 vacancy,tetrahedral,1,27,5.35951765,7.7638,2.40428235,0.1222,0.0489,0.012100000000000001
vacancy_O3,O3 vacancy,tetrahedral,1,27,5.35951765,7.7808,2.4212823500000002,0.1341,0.054099999999999995,0.0141
vacancy_O3,O3 vacancy,tetrahedral,1,27,5.35951765,7.7979,2.4383823500000004,0.1469,0.0592,0.016
vacancy_O3,O3 vacancy,tetrahedral,1,27,5.35951765,7.8149,2.45538235,0.1597,0.064,0.0178
vacancy_O3,O3 vacancy,tetrahedral,1,27,5.35951765,7.832,2.47248235,0.1714,0.06820000000000001,0.0195
vacancy_O3,O3 vacancy,tetrahedral,1,27,5.35951765,7.849,2.4894823500000003,0.1817,0.0712,0.0208
vacancy_O3,O3 vacancy,tetrahedral,1,27,5.35951765,7.8661,2.5065823500000004,0.1905,0.0733,0.0217
vacancy_O3,O3 vacancy,tetrahedral,1,27,5.35951765,7.8831,2.52358235,0.1982,0.07469999999999999,0.022099999999999998
vacancy_O3,O3 vacancy,tetrahedral,1,27,5.35951765,7.9002,2.54068235,0.2054,0.0753,0.022199999999999998
vacancy_O3,O3 vacancy,tetrahedral,1,27,5.35951765,7.9173,2.55778235,0.2126,0.0752,0.021699999999999997
vacancy_O3,O3 vacancy,tetrahedral,1,27,5.35951765,7.9343,2.5747823500000004,0.2203,0.0747,0.020900000000000002
vacancy_O3,O3 vacancy,tetrahedral,1,27,5.35951765,7.9514,2.5918823499999997,0.2284,0.07390000000000001,0.019799999999999998
vacancy_O3,O3 vacancy,tetrahedral,1,27,5.35951765,7.9684,2.60888235,0.2364,0.0727,0.0183
vacancy_O3,O3 vacancy,tetrahedral,1,27,5.35951765,7.9855,2.62598235,0.2433,0.0714,0.0168
vacancy_O3,O3 vacancy,tetrahedral,1,27,5.35951765,8.0025,2.6429823499999996,0.2479,0.0703,0.0152
vacancy_O3,O3 vacancy,tetrahedral,1,27,5.35951765,8.0196,2.6600823500000006,0.2491,0.0694,0.013800000000000002
vacancy_O3,O3 vacancy,tetrahedral,1,27,5.35951765,8.0366,2.67708235,0.2467,0.0689,0.012599999999999998
vacancy_O3,O3 vacancy,tetrahedral,1,27,5.35951765,8.0537,2.6941823499999993,0.2409,0.0688,0.012
vacancy_O3,O3 vacancy,tetrahedral,1,27,5.35951765,8.0707,2.7111823500000005,0.2332,0.0693,0.0115
vacancy_O3,O3 vacancy,tetrahedral,1,27,5.35951765,8.0878,2.7282823499999997,0.2258,0.0703,0.0118
vacancy_O3,O3 vacancy,tetrahedral,1,27,5.35951765,8.1048,2.745282349999999,0.2213,0.0719,0.012199999999999999
vacancy_O3,O3 vacancy,tetrahedral,1,27,5.35951765,8.1219,2.76238235,0.2216,0.074,0.0129
vacancy_O3,O3 vacancy,tetrahedral,1,27,5.35951765,8.1389,2.7793823499999997,0.2279,0.0762,0.013900000000000001
vacancy_O3,O3 vacancy,tetrahedral,1,27,5.35951765,8.156,2.7964823500000007,0.2397,0.0783,0.0148
vacancy_O3,O3 vacancy,tetrahedral,1,27,5.35951765,8.173,2.81348235,0.2552,0.08,0.0157
vacancy_O3,O3 vacancy,tetrahedral,1,27,5.35951765,8.1901,2.8305823499999994,0.2716,0.0807,0.0164
vacancy_O3,O3 vacancy,tetrahedral,1,27,5.35951765,8.2071,2.8475823500000006,0.2853,0.08020000000000001,0.0166
vacancy_O3,O3 vacancy,tetrahedral,1,27,5.35951765,8.2242,2.86468235,0.2934,0.07819999999999999,0.0166
vacancy_O3,O3 vacancy,tetrahedral,1,27,5.35951765,8.2412,2.8816823499999993,0.2936,0.0744,0.0161
vacancy_O3,O3 vacancy,tetrahedral,1,27,5.35951765,8.2583,2.8987823500000003,0.2849,0.0692,0.015200000000000002
vacancy_O3,O3 vacancy,tetrahedral,1,27,5.35951765,8.2753,2.9157823499999997,0.2679,0.0628,0.014100000000000001
vacancy_O3,O3 vacancy,tetrahedral,1,27,5.35951765,8.2924,2.9328823500000007,0.2442,0.055999999999999994,0.0129
vacancy_O3,O3 vacancy,tetrahedral,1,27,5.35951765,8.3094,2.94988235,0.2164,0.0495,0.0117
vacancy_O3,O3 vacancy,tetrahedral,1,27,5.35951765,8.3265,2.9669823499999994,0.1876,0.0442,0.0111
vacancy_O3,O3 vacancy,tetrahedral,1,27,5.35951765,8.3435,2.9839823500000007,0.1608,0.0408,0.0112
vacancy_O3,O3 vacancy,tetrahedral,1,27,5.35951765,8.3606,3.00108235,0.1382,0.039900000000000005,0.012100000000000001
vacancy_O3,O3 vacancy,tetrahedral,1,27,5.35951765,8.3776,3.0180823499999994,0.1214,0.0419,0.0137
vacancy_O3,O3 vacancy,tetrahedral,1,27,5.35951765,8.3947,3.0351823500000004,0.111,0.0464,0.016300000000000002
vacancy_O3,O3 vacancy,tetrahedral,1,27,5.35951765,8.4117,3.05218235,0.1068,0.053099999999999994,0.0197
vacancy_O3,O3 vacancy,tetrahedral,1,27,5.35951765,8.4288,3.069282350000001,0.1076,0.061200000000000004,0.023399999999999997
vacancy_O3,O3 vacancy,tetrahedral,1,27,5.35951765,8.4459,3.08638235,0.112,0.0695,0.0271
vacancy_O3,O3 vacancy,tetrahedral,1,27,5.35951765,8.4629,3.1033823499999995,0.1184,0.0774,0.030699999999999998
vacancy_O3,O3 vacancy,tetrahedral,1,27,5.35951765,8.48,3.1204823500000005,0.1254,0.084,0.0335
vacancy_O3,O3 vacancy,tetrahedral,1,27,5.35951765,8.497,3.13748235,0.1318,0.089,0.0354
vacancy_O3,O3 vacancy,tetrahedral,1,27,5.35951765,8.5141,3.154582349999999,0.1371,0.09179999999999999,0.0365
vacancy_O3,O3 vacancy,tetrahedral,1,27,5.35951765,8.5311,3.1715823500000004,0.1411,0.0925,0.0365
vacancy_O3,O3 vacancy,tetrahedral,1,27,5.35951765,8.5482,3.1886823499999997,0.1438,0.0913,0.035699999999999996
vacancy_O3,O3 vacancy,tetrahedral,1,27,5.35951765,8.5652,3.205682350000001,0.1457,0.0885,0.0338
vacancy_O3,O3 vacancy,tetrahedral,1,27,5.35951765,8.5823,3.22278235,0.1472,0.08449999999999999,0.0316
vacancy_O3,O3 vacancy,tetrahedral,1,27,5.35951765,8.5993,3.2397823499999996,0.1487,0.0799,0.028999999999999998
vacancy_O3,O3 vacancy,tetrahedral,1,27,5.35951765,8.6164,3.2568823500000006,0.1506,0.0754,0.0266
vacancy_O3,O3 vacancy,tetrahedral,1,27,5.35951765,8.6334,3.27388235,0.1532,0.0713,0.0245
vacancy_O3,O3 vacancy,tetrahedral,1,27,5.35951765,8.6505,3.2909823499999993,0.1563,0.0683,0.022899999999999997
vacancy_O3,O3 vacancy,tetrahedral,1,27,5.35951765,8.6675,3.3079823500000005,0.1597,0.06659999999999999,0.022300000000000004
vacancy_O3,O3 vacancy,tetrahedral,1,27,5.35951765,8.6846,3.3250823499999997,0.163,0.06659999999999999,0.0224
vacancy_O3,O3 vacancy,tetrahedral,1,27,5.35951765,8.7016,3.342082349999999,0.1657,0.0681,0.0235
vacancy_O3,O3 vacancy,tetrahedral,1,27,5.35951765,8.7187,3.35918235,0.1675,0.0706,0.0252
vacancy_O3,O3 vacancy,tetrahedral,1,27,5.35951765,8.7357,3.3761823499999997,0.1681,0.07400000000000001,0.027299999999999998
vacancy_O3,O3 vacancy,tetrahedral,1,27,5.35951765,8.7528,3.3932823500000007,0.1675,0.0774,0.0293
vacancy_O3,O3 vacancy,tetrahedral,1,27,5.35951765,8.7698,3.41028235,0.1658,0.08030000000000001,0.0312
vacancy_O3,O3 vacancy,tetrahedral,1,27,5.35951765,8.7869,3.4273823499999994,0.163,0.0819,0.032299999999999995
vacancy_O3,O3 vacancy,tetrahedral,1,27,5.35951765,8.8039,3.4443823500000006,0.1592,0.0819,0.0322
vacancy_O3,O3 vacancy,tetrahedral,1,27,5.35951765,8.821,3.46148235,0.1543,0.0799,0.0311
vacancy_O3,O3 vacancy,tetrahedral,1,27,5.35951765,8.838,3.4784823499999993,0.1479,0.0759,0.0292
vacancy_O3,O3 vacancy,tetrahedral,1,27,5.35951765,8.8551,3.4955823500000003,0.14,0.07050000000000001,0.0264
vacancy_O3,O3 vacancy,tetrahedral,1,27,5.35951765,8.8721,3.5125823499999997,0.1306,0.064,0.0231
vacancy_O3,O3 vacancy,tetrahedral,1,27,5.35951765,8.8892,3.5296823500000007,0.1201,0.0574,0.019799999999999998
vacancy_O3,O3 vacancy,tetrahedral,1,27,5.35951765,8.9062,3.54668235,0.109,0.0509,0.0167
vacancy_O3,O3 vacancy,tetrahedral,1,27,5.35951765,8.9233,3.5637823499999994,0.0981,0.0451,0.013799999999999998
vacancy_O3,O3 vacancy,tetrahedral,1,27,5.35951765,8.9403,3.5807823500000007,0.0882,0.0404,0.0115
vacancy_O3,O3 vacancy,tetrahedral,1,27,5.35951765,8.9574,3.59788235,0.0797,0.0368,0.0099
vacancy_O3,O3 vacancy,tetrahedral,1,27,5.35951765,8.9744,3.6148823499999994,0.0729,0.034100000000000005,0.0086
vacancy_O3,O3 vacancy,tetrahedral,1,27,5.35951765,8.9915,3.6319823500000004,0.0678,0.032100000000000004,0.0076
vacancy_O3,O3 vacancy,tetrahedral,1,27,5.35951765,9.0086,3.6490823499999996,0.0641,0.0307,0.0069
vacancy_O3,O3 vacancy,tetrahedral,1,27,5.35951765,9.0256,3.666082350000001,0.0614,0.0296,0.0066
vacancy_O3,O3 vacancy,tetrahedral,1,27,5.35951765,9.0427,3.68318235,0.0596,0.0291,0.0066
vacancy_O3,O3 vacancy,tetrahedral,1,27,5.35951765,9.0597,3.7001823499999995,0.0584,0.029,0.0066
vacancy_O3,O3 vacancy,tetrahedral,1,27,5.35951765,9.0768,3.7172823500000005,0.0582,0.029699999999999997,0.007000000000000001
vacancy_O3,O3 vacancy,tetrahedral,1,27,5.35951765,9.0938,3.73428235,0.059,0.031000000000000003,0.0077
vacancy_O3,O3 vacancy,tetrahedral,1,27,5.35951765,9.1109,3.751382350000001,0.0611,0.0334,0.0086
vacancy_O3,O3 vacancy,tetrahedral,1,27,5.35951765,9.1279,3.7683823500000004,0.0645,0.0366,0.0096
vacancy_O3,O3 vacancy,tetrahedral,1,27,5.35951765,9.145,3.7854823499999997,0.069,0.040100000000000004,0.0106
vacancy_O3,O3 vacancy,tetrahedral,1,27,5.35951765,9.162,3.802482350000001,0.0742,0.0439,0.0118
vacancy_O3,O3 vacancy,tetrahedral,1,27,5.35951765,9.1791,3.81958235,0.0794,0.0472,0.012799999999999999
vacancy_O3,O3 vacancy,tetrahedral,1,27,5.35951765,9.1961,3.8365823499999996,0.084,0.049800000000000004,0.013400000000000002
vacancy_O3,O3 vacancy,tetrahedral,1,27,5.35951765,9.2132,3.8536823500000006,0.0874,0.0516,0.013800000000000002
vacancy_O3,O3 vacancy,tetrahedral,1,27,5.35951765,9.2302,3.87068235,0.0896,0.0524,0.014
vacancy_O3,O3 vacancy,tetrahedral,1,27,5.35951765,9.2473,3.8877823499999993,0.0903,0.0526,0.013799999999999998
vacancy_O3,O3 vacancy,tetrahedral,1,27,5.35951765,9.2643,3.9047823500000005,0.0898,0.0526,0.013600000000000001
vacancy_O3,O3 vacancy,tetrahedral,1,27,5.35951765,9.2814,3.9218823499999997,0.0884,0.0526,0.013500000000000002
vacancy_O3,O3 vacancy,tetrahedral,1,27,5.35951765,9.2984,3.938882350000001,0.0861,0.052899999999999996,0.013099999999999999
vacancy_O3,O3 vacancy,tetrahedral,1,27,5.35951765,9.3155,3.95598235,0.0833,0.05399999999999999,0.0131
vacancy_O3,O3 vacancy,tetrahedral,1,27,5.35951765,9.3325,3.9729823499999997,0.0801,0.05589999999999999,0.0129
vacancy_O3,O3 vacancy,tetrahedral,1,27,5.35951765,9.3496,3.9900823500000007,0.0766,0.058899999999999994,0.013000000000000001
vacancy_O3,O3 vacancy,tetrahedral,1,27,5.35951765,9.3666,4.00708235,0.0729,0.0629,0.013399999999999999
vacancy_O3,O3 vacancy,tetrahedral,1,27,5.35951765,9.3837,4.024182349999999,0.0693,0.0681,0.0137
vacancy_O3,O3 vacancy,tetrahedral,1,27,5.35951765,9.4007,4.041182350000001,0.066,0.0742,0.0143
vacancy_O3,O3 vacancy,tetrahedral,1,27,5.35951765,9.4178,4.05828235,0.0632,0.0811,0.015
vacancy_O3,O3 vacancy,tetrahedral,1,27,5.35951765,9.4348,4.075282349999999,0.0608,0.0886,0.0157
vacancy_O3,O3 vacancy,tetrahedral,1,27,5.35951765,9.4519,4.09238235,0.0591,0.096,0.0166
vacancy_O3,O3 vacancy,tetrahedral,1,27,5.35951765,9.4689,4.10938235,0.058,0.10300000000000001,0.017499999999999998
vacancy_O3,O3 vacancy,tetrahedral,1,27,5.35951765,9.486,4.126482350000001,0.0574,0.1094,0.0184
vacancy_O3,O3 vacancy,tetrahedral,1,27,5.35951765,9.503,4.14348235,0.0572,0.11549999999999999,0.0191
vacancy_O3,O3 vacancy,tetrahedral,1,27,5.35951765,9.5201,4.160582349999999,0.0574,0.12129999999999999,0.019899999999999998
vacancy_O3,O3 vacancy,tetrahedral,1,27,5.35951765,9.5372,4.17768235,0.0578,0.1273,0.020700000000000003
vacancy_O3,O3 vacancy,tetrahedral,1,27,5.35951765,9.5542,4.19468235,0.0583,0.1342,0.0217
vacancy_O3,O3 vacancy,tetrahedral,1,27,5.35951765,9.5713,4.211782350000001,0.0587,0.1422,0.023100000000000002
vacancy_O3,O3 vacancy,tetrahedral,1,27,5.35951765,9.5883,4.22878235,0.0592,0.1511,0.0245
vacancy_O3,O3 vacancy,tetrahedral,1,27,5.35951765,9.6054,4.24588235,0.0596,0.1605,0.026199999999999998
vacancy_O3,O3 vacancy,tetrahedral,1,27,5.35951765,9.6224,4.262882350000001,0.0599,0.16970000000000002,0.027699999999999995
vacancy_O3,O3 vacancy,tetrahedral,1,27,5.35951765,9.6395,4.27998235,0.0601,0.1773,0.0292
vacancy_O3,O3 vacancy,tetrahedral,1,27,5.35951765,9.6565,4.2969823499999995,0.0602,0.1827,0.030199999999999998
vacancy_O3,O3 vacancy,tetrahedral,1,27,5.35951765,9.6736,4.3140823500000005,0.0601,0.185,0.0308
vacancy_O3,O3 vacancy,tetrahedral,1,27,5.35951765,9.6906,4.33108235,0.0597,0.1846,0.0309
vacancy_O3,O3 vacancy,tetrahedral,1,27,5.35951765,9.7077,4.348182350000001,0.059,0.1815,0.030600000000000002
vacancy_O3,O3 vacancy,tetrahedral,1,27,5.35951765,9.7247,4.36518235,0.058,0.1767,0.03
vacancy_O3,O3 vacancy,tetrahedral,1,27,5.35951765,9.7418,4.38228235,0.0567,0.1709,0.0289
vacancy_O3,O3 vacancy,tetrahedral,1,27,5.35951765,9.7588,4.399282350000001,0.0554,0.1653,0.027999999999999997
vacancy_O3,O3 vacancy,tetrahedral,1,27,5.35951765,9.7759,4.41638235,0.0539,0.1604,0.027200000000000002
vacancy_O3,O3 vacancy,tetrahedral,1,27,5.35951765,9.7929,4.43338235,0.0525,0.157,0.026600000000000002
vacancy_O3,O3 vacancy,tetrahedral,1,27,5.35951765,9.81,4.450482350000001,0.0512,0.1551,0.026299999999999997
vacancy_O3,O3 vacancy,tetrahedral,1,27,5.35951765,9.827,4.46748235,0.0499,0.1548,0.026099999999999998
vacancy_O3,O3 vacancy,tetrahedral,1,27,5.35951765,9.8441,4.484582349999999,0.0486,0.1558,0.0262
vacancy_O3,O3 vacancy,tetrahedral,1,27,5.35951765,9.8611,4.5015823500000005,0.0473,0.15760000000000002,0.026400000000000003
vacancy_O3,O3 vacancy,tetrahedral,1,27,5.35951765,9.8782,4.51868235,0.046,0.1597,0.0267
vacancy_O3,O3 vacancy,tetrahedral,1,27,5.35951765,9.8952,4.535682350000001,0.0445,0.1613,0.0269
vacancy_O3,O3 vacancy,tetrahedral,1,27,5.35951765,9.9123,4.55278235,0.0431,0.1624,0.0272
vacancy_O3,O3 vacancy,tetrahedral,1,27,5.35951765,9.9293,4.56978235,0.0418,0.1626,0.0272
vacancy_O3,O3 vacancy,tetrahedral,1,27,5.35951765,9.9464,4.586882350000001,0.0406,0.1623,0.0269
vacancy_O3,O3 vacancy,tetrahedral,1,27,5.35951765,9.9634,4.60388235,0.0398,0.1621,0.026699999999999998
vacancy_O3,O3 vacancy,tetrahedral,1,27,5.35951765,9.9805,4.620982349999999,0.0392,0.1629,0.0265
vacancy_O3,O3 vacancy,tetrahedral,1,27,5.35951765,9.9975,4.637982350000001,0.0389,0.16549999999999998,0.0264
vacancy_O3,O3 vacancy,tetrahedral,1,27,5.35951765,10.0146,4.65508235,0.0388,0.1708,0.0265
vacancy_O3,O3 vacancy,tetrahedral,1,27,5.35951765,10.0316,4.672082349999999,0.0387,0.17909999999999998,0.027
vacancy_O3,O3 vacancy,tetrahedral,1,27,5.35951765,10.0487,4.68918235,0.0385,0.1901,0.0279
vacancy_O3,O3 vacancy,tetrahedral,1,27,5.35951765,10.0657,4.70618235,0.0381,0.203,0.028900000000000002
vacancy_O3,O3 vacancy,tetrahedral,1,27,5.35951765,10.0828,4.723282350000001,0.0374,0.2161,0.03
vacancy_O3,O3 vacancy,tetrahedral,1,27,5.35951765,10.0999,4.74038235,0.0365,0.22799999999999998,0.030900000000000004
vacancy_O3,O3 vacancy,tetrahedral,1,27,5.35951765,10.1169,4.757382349999999,0.0355,0.2374,0.0314
vacancy_O3,O3 vacancy,tetrahedral,1,27,5.35951765,10.134,4.77448235,0.0345,0.24270000000000003,0.0316
vacancy_O3,O3 vacancy,tetrahedral,1,27,5.35951765,10.151,4.79148235,0.0336,0.2436,0.0315
vacancy_O3,O3 vacancy,tetrahedral,1,27,5.35951765,10.1681,4.808582350000001,0.0328,0.2405,0.0308
vacancy_O3,O3 vacancy,tetrahedral,1,27,5.35951765,10.1851,4.82558235,0.0322,0.2338,0.03
vacancy_O3,O3 vacancy,tetrahedral,1,27,5.35951765,10.2022,4.84268235,0.0319,0.225,0.0291
vacancy_O3,O3 vacancy,tetrahedral,1,27,5.35951765,10.2192,4.859682350000001,0.0318,0.2152,0.028500000000000004
vacancy_O3,O3 vacancy,tetrahedral,1,27,5.35951765,10.2363,4.87678235,0.0317,0.20550000000000002,0.0278
vacancy_O3,O3 vacancy,tetrahedral,1,27,5.35951765,10.2533,4.8937823499999995,0.0316,0.1964,0.0275
vacancy_O3,O3 vacancy,tetrahedral,1,27,5.35951765,10.2704,4.9108823500000005,0.0312,0.1885,0.0271
vacancy_O3,O3 vacancy,tetrahedral,1,27,5.35951765,10.2874,4.92788235,0.0305,0.1817,0.026699999999999998
vacancy_O3,O3 vacancy,tetrahedral,1,27,5.35951765,10.3045,4.944982350000001,0.0295,0.1759,0.0264
vacancy_O3,O3 vacancy,tetrahedral,1,27,5.35951765,10.3215,4.96198235,0.0281,0.1713,0.026000000000000002
vacancy_O3,O3 vacancy,tetrahedral,1,27,5.35951765,10.3386,4.97908235,0.0265,0.1679,0.025400000000000002
vacancy_O3,O3 vacancy,tetrahedral,1,27,5.35951765,10.3556,4.996082350000001,0.0248,0.1659,0.0247
vacancy_O3,O3 vacancy,tetrahedral,1,27,5.35951765,10.3727,5.01318235,0.0231,0.1656,0.0243
vacancy_O3,O3 vacancy,tetrahedral,1,27,5.35951765,10.3897,5.03018235,0.0217,0.16699999999999998,0.0241
vacancy_O3,O3 vacancy,tetrahedral,1,27,5.35951765,10.4068,5.047282350000001,0.0206,0.17020000000000002,0.024100000000000003
vacancy_O3,O3 vacancy,tetrahedral,1,27,5.35951765,10.4238,5.06428235,0.0199,0.17450000000000002,0.024200000000000003
vacancy_O3,O3 vacancy,tetrahedral,1,27,5.35951765,10.4409,5.081382349999999,0.0196,0.1791,0.0247
vacancy_O3,O3 vacancy,tetrahedral,1,27,5.35951765,10.4579,5.0983823500000005,0.0195,0.1835,0.025
vacancy_O3,O3 vacancy,tetrahedral,1,27,5.35951765,10.475,5.11548235,0.0197,0.1868,0.0256
vacancy_O3,O3 vacancy,tetrahedral,1,27,5.35951765,10.492,5.132482350000001,0.0201,0.18829999999999997,0.026099999999999998
vacancy_O3,O3 vacancy,tetrahedral,1,27,5.35951765,10.5091,5.14958235,0.0206,0.1877,0.0267
vacancy_O3,O3 vacancy,tetrahedral,1,27,5.35951765,10.5261,5.16658235,0.0212,0.18530000000000002,0.027
vacancy_O3,O3 vacancy,tetrahedral,1,27,5.35951765,10.5432,5.183682350000001,0.0219,0.18109999999999998,0.0272
vacancy_O3,O3 vacancy,tetrahedral,1,27,5.35951765,10.5602,5.20068235,0.0226,0.17579999999999998,0.0274
vacancy_O3,O3 vacancy,tetrahedral,1,27,5.35951765,10.5773,5.217782349999999,0.0232,0.1699,0.0274
vacancy_O3,O3 vacancy,tetrahedral,1,27,5.35951765,10.5943,5.234782350000001,0.0238,0.1642,0.027100000000000003
vacancy_O3,O3 vacancy,tetrahedral,1,27,5.35951765,10.6114,5.25188235,0.0243,0.1595,0.026799999999999997
vacancy_O3,O3 vacancy,tetrahedral,1,27,5.35951765,10.6285,5.268982350000001,0.0247,0.1563,0.0264
vacancy_O3,O3 vacancy,tetrahedral,1,27,5.35951765,10.6455,5.28598235,0.0251,0.1554,0.026
vacancy_O3,O3 vacancy,tetrahedral,1,27,5.35951765,10.6626,5.3030823499999995,0.0255,0.15639999999999998,0.0258
vacancy_O3,O3 vacancy,tetrahedral,1,27,5.35951765,10.6796,5.320082350000001,0.0261,0.15950000000000003,0.0258
vacancy_O3,O3 vacancy,tetrahedral,1,27,5.35951765,10.6967,5.33718235,0.0268,0.16360000000000002,0.025800000000000003
vacancy_O3,O3 vacancy,tetrahedral,1,27,5.35951765,10.7137,5.354182349999999,0.0276,0.1683,0.0262
vacancy_O3,O3 vacancy,tetrahedral,1,27,5.35951765,10.7308,5.37128235,0.0286,0.1724,0.026600000000000006
vacancy_O3,O3 vacancy,tetrahedral,1,27,5.35951765,10.7478,5.38828235,0.0296,0.1753,0.0272
vacancy_O3,O3 vacancy,tetrahedral,1,27,5.35951765,10.7649,5.405382350000001,0.0307,0.17659999999999998,0.027800000000000002
vacancy_O3,O3 vacancy,tetrahedral,1,27,5.35951765,10.7819,5.42238235,0.0318,0.1764,0.028200000000000003
vacancy_O3,O3 vacancy,tetrahedral,1,27,5.35951765,10.799,5.43948235,0.033,0.1752,0.0288
vacancy_O3,O3 vacancy,tetrahedral,1,27,5.35951765,10.816,5.456482350000001,0.0342,0.1741,0.029400000000000003
vacancy_O3,O3 vacancy,tetrahedral,1,27,5.35951765,10.8331,5.47358235,0.0356,0.17370000000000002,0.0302
vacancy_O3,O3 vacancy,tetrahedral,1,27,5.35951765,10.8501,5.4905823499999995,0.0371,0.17500000000000002,0.0314
vacancy_O3,O3 vacancy,tetrahedral,1,27,5.35951765,10.8672,5.5076823500000005,0.0388,0.17830000000000001,0.033
vacancy_O3,O3 vacancy,tetrahedral,1,27,5.35951765,10.8842,5.52468235,0.0407,0.1838,0.0348
vacancy_O3,O3 vacancy,tetrahedral,1,27,5.35951765,10.9013,5.541782350000001,0.0427,0.1908,0.0368
vacancy_O3,O3 vacancy,tetrahedral,1,27,5.35951765,10.9183,5.55878235,0.0446,0.1988,0.039
vacancy_O3,O3 vacancy,tetrahedral,1,27,5.35951765,10.9354,5.57588235,0.0464,0.2067,0.041299999999999996
vacancy_O3,O3 vacancy,tetrahedral,1,27,5.35951765,10.9524,5.592882350000001,0.0479,0.21359999999999998,0.0431
vacancy_O3,O3 vacancy,tetrahedral,1,27,5.35951765,10.9695,5.60998235,0.049,0.2187,0.0445
vacancy_O3,O3 vacancy,tetrahedral,1,27,5.35951765,10.9865,5.62698235,0.0495,0.2218,0.0455
vacancy_O3,O3 vacancy,tetrahedral,1,27,5.35951765,11.0036,5.644082350000001,0.0496,0.22299999999999998,0.045899999999999996
vacancy_O3,O3 vacancy,tetrahedral,1,27,5.35951765,11.0206,5.66108235,0.0493,0.2229,0.046099999999999995
vacancy_O3,O3 vacancy,tetrahedral,1,27,5.35951765,11.0377,5.678182349999999,0.0488,0.2223,0.046
vacancy_O3,O3 vacancy,tetrahedral,1,27,5.35951765,11.0547,5.6951823500000005,0.0485,0.22199999999999998,0.046
vacancy_O3,O3 vacancy,tetrahedral,1,27,5.35951765,11.0718,5.71228235,0.0485,0.22310000000000002,0.0461
vacancy_O3,O3 vacancy,tetrahedral,1,27,5.35951765,11.0888,5.729282350000001,0.049,0.2261,0.0463
vacancy_O3,O3 vacancy,tetrahedral,1,27,5.35951765,11.1059,5.74638235,0.0501,0.2311,0.047200000000000006
vacancy_O3,O3 vacancy,tetrahedral,1,27,5.35951765,11.1229,5.76338235,0.0515,0.238,0.0482
vacancy_O3,O3 vacancy,tetrahedral,1,27,5.35951765,11.14,5.780482350000001,0.0532,0.24680000000000002,0.0494
vacancy_O3,O3 vacancy,tetrahedral,1,27,5.35951765,11.157,5.79748235,0.0548,0.2567,0.0509
vacancy_O3,O3 vacancy,tetrahedral,1,27,5.35951765,11.1741,5.814582349999999,0.0561,0.2671,0.0523
vacancy_O3,O3 vacancy,tetrahedral,1,27,5.35951765,11.1912,5.83168235,0.0569,0.277,0.054
vacancy_O3,O3 vacancy,tetrahedral,1,27,5.35951765,11.2082,5.84868235,0.0571,0.2858,0.0553
vacancy_O3,O3 vacancy,tetrahedral,1,27,5.35951765,11.2253,5.865782350000001,0.0566,0.2923,0.056499999999999995
vacancy_O3,O3 vacancy,tetrahedral,1,27,5.35951765,11.2423,5.88278235,0.0554,0.29579999999999995,0.05750000000000001
vacancy_O3,O3 vacancy,tetrahedral,1,27,5.35951765,11.2594,5.8998823499999995,0.0535,0.29610000000000003,0.057999999999999996
vacancy_O3,O3 vacancy,tetrahedral,1,27,5.35951765,11.2764,5.916882350000001,0.0509,0.2936,0.057999999999999996
vacancy_O3,O3 vacancy,tetrahedral,1,27,5.35951765,11.2935,5.93398235,0.0479,0.2887,0.05789999999999999
vacancy_O3,O3 vacancy,tetrahedral,1,27,5.35951765,11.3105,5.950982349999999,0.0447,0.2828,0.0576
vacancy_O3,O3 vacancy,tetrahedral,1,27,5.35951765,11.3276,5.96808235,0.0414,0.2774,0.0577
vacancy_O3,O3 vacancy,tetrahedral,1,27,5.35951765,11.3446,5.98508235,0.0383,0.2743,0.058
vacancy_O3,O3 vacancy,tetrahedral,1,27,5.35951765,11.3617,6.002182350000001,0.0359,0.27449999999999997,0.059
vacancy_O3,O3 vacancy,tetrahedral,1,27,5.35951765,11.3787,6.01918235,0.0342,0.2791,0.0607
vacancy_O3,O3 vacancy,tetrahedral,1,27,5.35951765,11.3958,6.03628235,0.0334,0.2874,0.0631
vacancy_O3,O3 vacancy,tetrahedral,1,27,5.35951765,11.4128,6.053282350000001,0.0336,0.2989,0.06599999999999999
vacancy_O3,O3 vacancy,tetrahedral,1,27,5.35951765,11.4299,6.07038235,0.0346,0.31179999999999997,0.069
vacancy_O3,O3 vacancy,tetrahedral,1,27,5.35951765,11.4469,6.0873823499999995,0.0363,0.3243,0.0717
vacancy_O3,O3 vacancy,tetrahedral,1,27,5.35951765,11.464,6.1044823500000005,0.0385,0.33440000000000003,0.0738
vacancy_O3,O3 vacancy,tetrahedral,1,27,5.35951765,11.481,6.12148235,0.041,0.3409,0.0751
vacancy_O3,O3 vacancy,tetrahedral,1,27,5.35951765,11.4981,6.138582350000001,0.0438,0.3426,0.0752
vacancy_O3,O3 vacancy,tetrahedral,1,27,5.35951765,11.5151,6.15558235,0.0467,0.3397,0.0747
vacancy_O3,O3 vacancy,tetrahedral,1,27,5.35951765,11.5322,6.17268235,0.0498,0.3328,0.0732
vacancy_O3,O3 vacancy,tetrahedral,1,27,5.35951765,11.5492,6.189682350000001,0.0529,0.3225,0.0713
vacancy_O3,O3 vacancy,tetrahedral,1,27,5.35951765,11.5663,6.20678235,0.056,0.3101,0.06899999999999999
vacancy_O3,O3 vacancy,tetrahedral,1,27,5.35951765,11.5833,6.22378235,0.0589,0.2965,0.0665
vacancy_O3,O3 vacancy,tetrahedral,1,27,5.35951765,11.6004,6.240882350000001,0.0613,0.28259999999999996,0.064
vacancy_O3,O3 vacancy,tetrahedral,1,27,5.35951765,11.6174,6.25788235,0.0631,0.2688,0.061500000000000006
vacancy_O3,O3 vacancy,tetrahedral,1,27,5.35951765,11.6345,6.274982349999999,0.0639,0.25529999999999997,0.0591
vacancy_O3,O3 vacancy,tetrahedral,1,27,5.35951765,11.6515,6.2919823500000005,0.0636,0.24209999999999998,0.056799999999999996
vacancy_O3,O3 vacancy,tetrahedral,1,27,5.35951765,11.6686,6.30908235,0.0623,0.2293,0.05449999999999999
vacancy_O3,O3 vacancy,tetrahedral,1,27,5.35951765,11.6856,6.326082350000001,0.0601,0.21699999999999997,0.0521
vacancy_O3,O3 vacancy,tetrahedral,1,27,5.35951765,11.7027,6.34318235,0.0576,0.2049,0.05000000000000001
vacancy_O3,O3 vacancy,tetrahedral,1,27,5.35951765,11.7198,6.360282349999999,0.0552,0.1935,0.047799999999999995
vacancy_O3,O3 vacancy,tetrahedral,1,27,5.35951765,11.7368,6.377282350000001,0.0534,0.18270000000000003,0.0458
vacancy_O3,O3 vacancy,tetrahedral,1,27,5.35951765,11.7539,6.39438235,0.0526,0.173,0.0439
vacancy_O3,O3 vacancy,tetrahedral,1,27,5.35951765,11.7709,6.411382349999999,0.0532,0.16449999999999998,0.0421
vacancy_O3,O3 vacancy,tetrahedral,1,27,5.35951765,11.788,6.42848235,0.0553,0.1578,0.040499999999999994
vacancy_O3,O3 vacancy,tetrahedral,1,27,5.35951765,11.805,6.44548235,0.0591,0.15389999999999998,0.0394
vacancy_O3,O3 vacancy,tetrahedral,1,27,5.35951765,11.8221,6.462582350000001,0.0645,0.1535,0.0387
vacancy_O3,O3 vacancy,tetrahedral,1,27,5.35951765,11.8391,6.47958235,0.0715,0.1575,0.039
vacancy_O3,O3 vacancy,tetrahedral,1,27,5.35951765,11.8562,6.4966823499999995,0.0799,0.1666,0.0403
vacancy_O3,O3 vacancy,tetrahedral,1,27,5.35951765,11.8732,6.513682350000001,0.0894,0.1805,0.04239999999999999
vacancy_O3,O3 vacancy,tetrahedral,1,27,5.35951765,11.8903,6.53078235,0.0994,0.1984,0.0457
vacancy_O3,O3 vacancy,tetrahedral,1,27,5.35951765,11.9073,6.547782349999999,0.109,0.21839999999999998,0.0494
vacancy_O3,O3 vacancy,tetrahedral,1,27,5.35951765,11.9244,6.56488235,0.1174,0.23809999999999998,0.053399999999999996
vacancy_O3,O3 vacancy,tetrahedral,1,27,5.35951765,11.9414,6.58188235,0.1236,0.25479999999999997,0.0569
vacancy_O3,O3 vacancy,tetrahedral,1,27,5.35951765,11.9585,6.598982350000001,0.127,0.2662,0.0595
vacancy_O3,O3 vacancy,tetrahedral,1,27,5.35951765,11.9755,6.61598235,0.1275,0.2712,0.061
vacancy_O3,O3 vacancy,tetrahedral,1,27,5.35951765,11.9926,6.63308235,0.1255,0.2698,0.0615
vacancy_O3,O3 vacancy,tetrahedral,1,27,5.35951765,12.0096,6.650082350000001,0.122,0.2633,0.0608
vacancy_O3,O3 vacancy,tetrahedral,1,27,5.35951765,12.0267,6.66718235,0.1179,0.2536,0.0596
vacancy_O3,O3 vacancy,tetrahedral,1,27,5.35951765,12.0437,6.6841823499999995,0.1142,0.243,0.0582
vacancy_O3,O3 vacancy,tetrahedral,1,27,5.35951765,12.0608,6.7012823500000005,0.1116,0.23309999999999997,0.05689999999999999
vacancy_O3,O3 vacancy,tetrahedral,1,27,5.35951765,12.0778,6.71828235,0.1102,0.2249,0.055999999999999994
vacancy_O3,O3 vacancy,tetrahedral,1,27,5.35951765,12.0949,6.735382350000001,0.1097,0.21860000000000002,0.0553
vacancy_O3,O3 vacancy,tetrahedral,1,27,5.35951765,12.1119,6.75238235,0.1095,0.2137,0.0551
vacancy_O3,O3 vacancy,tetrahedral,1,27,5.35951765,12.129,6.76948235,0.109,0.2097,0.055099999999999996
vacancy_O3,O3 vacancy,tetrahedral,1,27,5.35951765,12.146,6.786482350000001,0.1075,0.2057,0.0552
vacancy_O3,O3 vacancy,tetrahedral,1,27,5.35951765,12.1631,6.80358235,0.1048,0.2011,0.055200000000000006
vacancy_O3,O3 vacancy,tetrahedral,1,27,5.35951765,12.1801,6.82058235,0.1009,0.19619999999999999,0.055299999999999995
vacancy_O3,O3 vacancy,tetrahedral,1,27,5.35951765,12.1972,6.837682350000001,0.0958,0.19090000000000001,0.055099999999999996
vacancy_O3,O3 vacancy,tetrahedral,1,27,5.35951765,12.2142,6.85468235,0.09,0.1854,0.054900000000000004
vacancy_O3,O3 vacancy,tetrahedral,1,27,5.35951765,12.2313,6.871782349999999,0.0842,0.1805,0.054400000000000004
vacancy_O3,O3 vacancy,tetrahedral,1,27,5.35951765,12.2483,6.8887823500000005,0.0787,0.1765,0.05410000000000001
vacancy_O3,O3 vacancy,tetrahedral,1,27,5.35951765,12.2654,6.90588235,0.0741,0.17369999999999997,0.0532
vacancy_O3,O3 vacancy,tetrahedral,1,27,5.35951765,12.2825,6.922982350000001,0.0706,0.1723,0.052399999999999995
vacancy_O3,O3 vacancy,tetrahedral,1,27,5.35951765,12.2995,6.93998235,0.0683,0.1719,0.051199999999999996
vacancy_O3,O3 vacancy,tetrahedral,1,27,5.35951765,12.3166,6.957082349999999,0.067,0.1722,0.0499
vacancy_O3,O3 vacancy,tetrahedral,1,27,5.35951765,12.3336,6.974082350000001,0.0666,0.1726,0.0484
vacancy_O3,O3 vacancy,tetrahedral,1,27,5.35951765,12.3507,6.99118235,0.0668,0.1727,0.04669999999999999
vacancy_O3,O3 vacancy,tetrahedral,1,27,5.35951765,12.3677,7.008182349999999,0.0672,0.1721,0.04499999999999999
vacancy_O3,O3 vacancy,tetrahedral,1,27,5.35951765,12.3848,7.02528235,0.0676,0.1705,0.0433
vacancy_O3,O3 vacancy,tetrahedral,1,27,5.35951765,12.4018,7.04228235,0.0681,0.16820000000000002,0.041999999999999996
vacancy_O3,O3 vacancy,tetrahedral,1,27,5.35951765,12.4189,7.059382350000001,0.0688,0.1651,0.04070000000000001
vacancy_O3,O3 vacancy,tetrahedral,1,27,5.35951765,12.4359,7.07638235,0.0696,0.1617,0.0399
vacancy_O3,O3 vacancy,tetrahedral,1,27,5.35951765,12.453,7.0934823499999995,0.0708,0.1583,0.0393
vacancy_O3,O3 vacancy,tetrahedral,1,27,5.35951765,12.47,7.110482350000001,0.0723,0.1553,0.038900000000000004
vacancy_O3,O3 vacancy,tetrahedral,1,27,5.35951765,12.4871,7.12758235,0.0741,0.1523,0.038900000000000004
vacancy_O3,O3 vacancy,tetrahedral,1,27,5.35951765,12.5041,7.144582349999999,0.0761,0.1497,0.0387
vacancy_O3,O3 vacancy,tetrahedral,1,27,5.35951765,12.5212,7.16168235,0.0781,0.1472,0.0386
vacancy_O3,O3 vacancy,tetrahedral,1,27,5.35951765,12.5382,7.17868235,0.0799,0.1446,0.038599999999999995
vacancy_O3,O3 vacancy,tetrahedral,1,27,5.35951765,12.5553,7.195782350000001,0.0816,0.1418,0.0381
vacancy_O3,O3 vacancy,tetrahedral,1,27,5.35951765,12.5723,7.21278235,0.0828,0.13899999999999998,0.0373
vacancy_O3,O3 vacancy,tetrahedral,1,27,5.35951765,12.5894,7.22988235,0.0837,0.1362,0.0363
vacancy_O3,O3 vacancy,tetrahedral,1,27,5.35951765,12.6064,7.246882350000001,0.0842,0.1335,0.0352
vacancy_O3,O3 vacancy,tetrahedral,1,27,5.35951765,12.6235,7.26398235,0.0843,0.13090000000000002,0.0339
vacancy_O3,O3 vacancy,tetrahedral,1,27,5.35951765,12.6405,7.2809823499999995,0.0839,0.1286,0.0323
vacancy_O3,O3 vacancy,tetrahedral,1,27,5.35951765,12.6576,7.2980823500000005,0.0834,0.1268,0.030899999999999997
vacancy_O3,O3 vacancy,tetrahedral,1,27,5.35951765,12.6746,7.31508235,0.0827,0.1256,0.029599999999999998
vacancy_O3,O3 vacancy,tetrahedral,1,27,5.35951765,12.6917,7.332182350000001,0.0822,0.1252,0.0286
vacancy_O3,O3 vacancy,tetrahedral,1,27,5.35951765,12.7087,7.34918235,0.0822,0.1258,0.0279
vacancy_O3,O3 vacancy,tetrahedral,1,27,5.35951765,12.7258,7.36628235,0.0827,0.1275,0.027900000000000005
vacancy_O3,O3 vacancy,tetrahedral,1,27,5.35951765,12.7428,7.383282350000001,0.0838,0.1301,0.028300000000000002
vacancy_O3,O3 vacancy,tetrahedral,1,27,5.35951765,12.7599,7.40038235,0.0852,0.1333,0.029
vacancy_O3,O3 vacancy,tetrahedral,1,27,5.35951765,12.7769,7.41738235,0.0867,0.1366,0.03
vacancy_O3,O3 vacancy,tetrahedral,1,27,5.35951765,12.794,7.434482350000001,0.0877,0.1394,0.031
vacancy_O3,O3 vacancy,tetrahedral,1,27,5.35951765,12.8111,7.45158235,0.0878,0.1409,0.0319
vacancy_O3,O3 vacancy,tetrahedral,1,27,5.35951765,12.8281,7.468582349999999,0.0865,0.1407,0.0324
vacancy_O3,O3 vacancy,tetrahedral,1,27,5.35951765,12.8452,7.48568235,0.0838,0.1385,0.032400000000000005
vacancy_O3,O3 vacancy,tetrahedral,1,27,5.35951765,12.8622,7.50268235,0.0797,0.1351,0.0321
vacancy_O3,O3 vacancy,tetrahedral,1,27,5.35951765,12.8793,7.519782350000001,0.0746,0.1304,0.0315
vacancy_O3,O3 vacancy,tetrahedral,1,27,5.35951765,12.8963,7.53678235,0.069,0.1257,0.030600000000000002
vacancy_O3,O3 vacancy,tetrahedral,1,27,5.35951765,12.9134,7.553882349999999,0.0634,0.12140000000000001,0.0297
vacancy_O3,O3 vacancy,tetrahedral,1,27,5.35951765,12.9304,7.570882350000001,0.0584,0.1185,0.028999999999999998
vacancy_O3,O3 vacancy,tetrahedral,1,27,5.35951765,12.9475,7.58798235,0.0541,0.1169,0.0285
vacancy_O3,O3 vacancy,tetrahedral,1,27,5.35951765,12.9645,7.604982349999999,0.0507,0.11699999999999999,0.0281
vacancy_O3,O3 vacancy,tetrahedral,1,27,5.35951765,12.9816,7.62208235,0.048,0.1182,0.028200000000000003
vacancy_O3,O3 vacancy,tetrahedral,1,27,5.35951765,12.9986,7.63908235,0.0458,0.1203,0.028200000000000003
vacancy_O3,O3 vacancy,tetrahedral,1,27,5.35951765,13.0157,7.656182350000001,0.044,0.1225,0.028700000000000003
vacancy_O3,O3 vacancy,tetrahedral,1,27,5.35951765,13.0327,7.67318235,0.0422,0.1245,0.0288
vacancy_O3,O3 vacancy,tetrahedral,1,27,5.35951765,13.0498,7.6902823499999995,0.0404,0.1261,0.0291
vacancy_O3,O3 vacancy,tetrahedral,1,27,5.35951765,13.0668,7.707282350000001,0.0386,0.127,0.0293
vacancy_O3,O3 vacancy,tetrahedral,1,27,5.35951765,13.0839,7.72438235,0.0371,0.1275,0.0295
vacancy_O3,O3 vacancy,tetrahedral,1,27,5.35951765,13.1009,7.741382349999999,0.036,0.12769999999999998,0.029800000000000004
vacancy_O3,O3 vacancy,tetrahedral,1,27,5.35951765,13.118,7.75848235,0.0355,0.1275,0.030100000000000002
vacancy_O3,O3 vacancy,tetrahedral,1,27,5.35951765,13.135,7.77548235,0.0357,0.1274,0.0302
vacancy_O3,O3 vacancy,tetrahedral,1,27,5.35951765,13.1521,7.792582350000001,0.0365,0.12739999999999999,0.030699999999999998
vacancy_O3,O3 vacancy,tetrahedral,1,27,5.35951765,13.1691,7.80958235,0.0379,0.1275,0.0312
vacancy_O3,O3 vacancy,tetrahedral,1,27,5.35951765,13.1862,7.82668235,0.0396,0.12789999999999999,0.032
vacancy_O3,O3 vacancy,tetrahedral,1,27,5.35951765,13.2032,7.843682350000001,0.0415,0.1287,0.0328
vacancy_O3,O3 vacancy,tetrahedral,1,27,5.35951765,13.2203,7.86078235,0.0433,0.1298,0.0339
vacancy_O3,O3 vacancy,tetrahedral,1,27,5.35951765,13.2373,7.8777823499999995,0.0449,0.13149999999999998,0.035
vacancy_O3,O3 vacancy,tetrahedral,1,27,5.35951765,13.2544,7.8948823500000005,0.0461,0.1336,0.0363
vacancy_O3,O3 vacancy,tetrahedral,1,27,5.35951765,13.2714,7.91188235,0.0468,0.1363,0.0374
vacancy_O3,O3 vacancy,tetrahedral,1,27,5.35951765,13.2885,7.928982350000001,0.0471,0.13929999999999998,0.0381
vacancy_O3,O3 vacancy,tetrahedral,1,27,5.35951765,13.3055,7.94598235,0.0469,0.1426,0.038599999999999995
vacancy_O3,O3 vacancy,tetrahedral,1,27,5.35951765,13.3226,7.96308235,0.0463,0.146,0.038799999999999994
vacancy_O3,O3 vacancy,tetrahedral,1,27,5.35951765,13.3396,7.980082350000001,0.0454,0.1492,0.0389
vacancy_O3,O3 vacancy,tetrahedral,1,27,5.35951765,13.3567,7.99718235,0.0443,0.1522,0.038700000000000005
vacancy_O3,O3 vacancy,tetrahedral,1,27,5.35951765,13.3738,8.014282349999998,0.0429,0.15480000000000002,0.0388
vacancy_O3,O3 vacancy,tetrahedral,1,27,5.35951765,13.3908,8.031282350000001,0.0415,0.1569,0.0387
vacancy_O3,O3 vacancy,tetrahedral,1,27,5.35951765,13.4079,8.04838235,0.04,0.1587,0.0388
vacancy_O3,O3 vacancy,tetrahedral,1,27,5.35951765,13.4249,8.06538235,0.0386,0.1603,0.0395
vacancy_O3,O3 vacancy,tetrahedral,1,27,5.35951765,13.442,8.08248235,0.0373,0.1619,0.0401
vacancy_O3,O3 vacancy,tetrahedral,1,27,5.35951765,13.459,8.099482349999999,0.0362,0.1638,0.0411
vacancy_O3,O3 vacancy,tetrahedral,1,27,5.35951765,13.4761,8.116582350000002,0.0352,0.16599999999999998,0.042
vacancy_O3,O3 vacancy,tetrahedral,1,27,5.35951765,13.4931,8.133582350000001,0.0345,0.1687,0.043
vacancy_O3,O3 vacancy,tetrahedral,1,27,5.35951765,13.5102,8.15068235,0.034,0.1718,0.0439
vacancy_O3,O3 vacancy,tetrahedral,1,27,5.35951765,13.5272,8.16768235,0.0336,0.1748,0.044399999999999995
vacancy_O3,O3 vacancy,tetrahedral,1,27,5.35951765,13.5443,8.184782349999999,0.0332,0.1778,0.0449
vacancy_O3,O3 vacancy,tetrahedral,1,27,5.35951765,13.5613,8.201782349999998,0.0329,0.18089999999999998,0.0451
vacancy_O3,O3 vacancy,tetrahedral,1,27,5.35951765,13.5784,8.218882350000001,0.0324,0.1834,0.045
vacancy_O3,O3 vacancy,tetrahedral,1,27,5.35951765,13.5954,8.23588235,0.0318,0.18580000000000002,0.045
vacancy_O3,O3 vacancy,tetrahedral,1,27,5.35951765,13.6125,8.25298235,0.031,0.18789999999999998,0.0448
vacancy_O3,O3 vacancy,tetrahedral,1,27,5.35951765,13.6295,8.26998235,0.03,0.18960000000000002,0.0445
vacancy_O3,O3 vacancy,tetrahedral,1,27,5.35951765,13.6466,8.287082349999999,0.0288,0.1908,0.044300000000000006
vacancy_O3,O3 vacancy,tetrahedral,1,27,5.35951765,13.6636,8.304082350000002,0.0277,0.19140000000000001,0.0439
vacancy_O3,O3 vacancy,tetrahedral,1,27,5.35951765,13.6807,8.32118235,0.0265,0.1911,0.04329999999999999
vacancy_O3,O3 vacancy,tetrahedral,1,27,5.35951765,13.6977,8.33818235,0.0255,0.18979999999999997,0.0426
vacancy_O3,O3 vacancy,tetrahedral,1,27,5.35951765,13.7148,8.35528235,0.0245,0.1873,0.0415
vacancy_O3,O3 vacancy,tetrahedral,1,27,5.35951765,13.7318,8.372282349999999,0.0237,0.1838,0.0399
vacancy_O3,O3 vacancy,tetrahedral,1,27,5.35951765,13.7489,8.389382350000002,0.023,0.1794,0.0381
vacancy_O3,O3 vacancy,tetrahedral,1,27,5.35951765,13.7659,8.406382350000001,0.0223,0.17450000000000002,0.036000000000000004
vacancy_O3,O3 vacancy,tetrahedral,1,27,5.35951765,13.783,8.42348235,0.0215,0.1693,0.0337
vacancy_O3,O3 vacancy,tetrahedral,1,27,5.35951765,13.8,8.44048235,0.0208,0.1643,0.0312
vacancy_O3,O3 vacancy,tetrahedral,1,27,5.35951765,13.8171,8.45758235,0.02,0.1595,0.0288
vacancy_O3,O3 vacancy,tetrahedral,1,27,5.35951765,13.8341,8.474582349999999,0.0193,0.1549,0.0264
vacancy_O3,O3 vacancy,tetrahedral,1,27,5.35951765,13.8512,8.491682350000001,0.0187,0.1503,0.0246
vacancy_O3,O3 vacancy,tetrahedral,1,27,5.35951765,13.8682,8.50868235,0.0183,0.1457,0.023
vacancy_O3,O3 vacancy,tetrahedral,1,27,5.35951765,13.8853,8.52578235,0.0183,0.1411,0.0218
vacancy_O3,O3 vacancy,tetrahedral,1,27,5.35951765,13.9024,8.54288235,0.0188,0.1365,0.021199999999999997
vacancy_O3,O3 vacancy,tetrahedral,1,27,5.35951765,13.9194,8.559882349999999,0.0199,0.1321,0.021099999999999997
vacancy_O3,O3 vacancy,tetrahedral,1,27,5.35951765,13.9365,8.576982350000002,0.0218,0.12819999999999998,0.0216
vacancy_O3,O3 vacancy,tetrahedral,1,27,5.35951765,13.9535,8.593982350000001,0.0245,0.1251,0.0229
vacancy_O3,O3 vacancy,tetrahedral,1,27,5.35951765,13.9706,8.61108235,0.0281,0.1231,0.024500000000000004
vacancy_O3,O3 vacancy,tetrahedral,1,27,5.35951765,13.9876,8.62808235,0.0326,0.12209999999999999,0.027
vacancy_O3,O3 vacancy,tetrahedral,1,27,5.35951765,14.0047,8.645182349999999,0.0376,0.1225,0.0297
vacancy_O3,O3 vacancy,tetrahedral,1,27,5.35951765,14.0217,8.662182349999998,0.0429,0.1238,0.0327
vacancy_O3,O3 vacancy,tetrahedral,1,27,5.35951765,14.0388,8.679282350000001,0.0479,0.126,0.0354
vacancy_O3,O3 vacancy,tetrahedral,1,27,5.35951765,14.0558,8.69628235,0.0523,0.12869999999999998,0.038
vacancy_O3,O3 vacancy,tetrahedral,1,27,5.35951765,14.0729,8.71338235,0.0556,0.13219999999999998,0.0403
vacancy_O3,O3 vacancy,tetrahedral,1,27,5.35951765,14.0899,8.73038235,0.0575,0.136,0.04190000000000001
vacancy_O3,O3 vacancy,tetrahedral,1,27,5.35951765,14.107,8.747482349999999,0.0581,0.1408,0.0432
vacancy_O3,O3 vacancy,tetrahedral,1,27,5.35951765,14.124,8.764482350000002,0.0573,0.1464,0.044399999999999995
vacancy_O3,O3 vacancy,tetrahedral,1,27,5.35951765,14.1411,8.78158235,0.0555,0.1529,0.045099999999999994
vacancy_O3,O3 vacancy,tetrahedral,1,27,5.35951765,14.1581,8.79858235,0.053,0.16,0.0459
vacancy_O3,O3 vacancy,tetrahedral,1,27,5.35951765,14.1752,8.81568235,0.0501,0.1671,0.046599999999999996
vacancy_O3,O3 vacancy,tetrahedral,1,27,5.35951765,14.1922,8.832682349999999,0.0472,0.1732,0.0471
vacancy_O3,O3 vacancy,tetrahedral,1,27,5.35951765,14.2093,8.849782350000002,0.0443,0.1775,0.0474
vacancy_O3,O3 vacancy,tetrahedral,1,27,5.35951765,14.2263,8.866782350000001,0.0417,0.1796,0.0474
vacancy_O3,O3 vacancy,tetrahedral,1,27,5.35951765,14.2434,8.88388235,0.0394,0.1793,0.046900000000000004
vacancy_O3,O3 vacancy,tetrahedral,1,27,5.35951765,14.2604,8.90088235,0.0376,0.1774,0.0464
vacancy_O3,O3 vacancy,tetrahedral,1,27,5.35951765,14.2775,8.917982349999999,0.0362,0.1744,0.0457
vacancy_O3,O3 vacancy,tetrahedral,1,27,5.35951765,14.2945,8.934982349999999,0.0353,0.1714,0.045099999999999994
vacancy_O3,O3 vacancy,tetrahedral,1,27,5.35951765,14.3116,8.952082350000001,0.0349,0.1691,0.04479999999999999
vacancy_O3,O3 vacancy,tetrahedral,1,27,5.35951765,14.3286,8.96908235,0.035,0.1684,0.0448
vacancy_O3,O3 vacancy,tetrahedral,1,27,5.35951765,14.3457,8.98618235,0.0354,0.1693,0.0447
vacancy_O3,O3 vacancy,tetrahedral,1,27,5.35951765,14.3627,9.00318235,0.0359,0.17170000000000002,0.0448
vacancy_O3,O3 vacancy,tetrahedral,1,27,5.35951765,14.3798,9.020282349999999,0.0365,0.1752,0.045
vacancy_O3,O3 vacancy,tetrahedral,1,27,5.35951765,14.3968,9.037282350000002,0.0368,0.18,0.044800000000000006
vacancy_O3,O3 vacancy,tetrahedral,1,27,5.35951765,14.4139,9.054382350000001,0.0371,0.1854,0.0446
vacancy_O3,O3 vacancy,tetrahedral,1,27,5.35951765,14.431,9.07148235,0.0372,0.19140000000000001,0.0442
vacancy_O3,O3 vacancy,tetrahedral,1,27,5.35951765,14.448,9.08848235,0.0373,0.1977,0.0437
vacancy_O3,O3 vacancy,tetrahedral,1,27,5.35951765,14.4651,9.105582349999999,0.0375,0.20389999999999997,0.0431
vacancy_O3,O3 vacancy,tetrahedral,1,27,5.35951765,14.4821,9.122582350000002,0.0378,0.20949999999999996,0.0427
vacancy_O3,O3 vacancy,tetrahedral,1,27,5.35951765,14.4992,9.139682350000001,0.0383,0.21389999999999998,0.0422
vacancy_O3,O3 vacancy,tetrahedral,1,27,5.35951765,14.5162,9.15668235,0.0388,0.2172,0.0417
vacancy_O3,O3 vacancy,tetrahedral,1,27,5.35951765,14.5333,9.17378235,0.0393,0.21900000000000003,0.0415
vacancy_O3,O3 vacancy,tetrahedral,1,27,5.35951765,14.5503,9.19078235,0.0398,0.2197,0.04100000000000001
vacancy_O3,O3 vacancy,tetrahedral,1,27,5.35951765,14.5674,9.207882349999998,0.0404,0.2203,0.0411
vacancy_O3,O3 vacancy,tetrahedral,1,27,5.35951765,14.5844,9.224882350000001,0.0414,0.2216,0.0414
vacancy_O3,O3 vacancy,tetrahedral,1,27,5.35951765,14.6015,9.24198235,0.043,0.22500000000000003,0.0418
vacancy_O3,O3 vacancy,tetrahedral,1,27,5.35951765,14.6185,9.25898235,0.0455,0.2314,0.0427
vacancy_O3,O3 vacancy,tetrahedral,1,27,5.35951765,14.6356,9.27608235,0.0489,0.241,0.0439
vacancy_O3,O3 vacancy,tetrahedral,1,27,5.35951765,14.6526,9.293082349999999,0.0533,0.2536,0.0453
vacancy_O3,O3 vacancy,tetrahedral,1,27,5.35951765,14.6697,9.310182350000002,0.0583,0.26830000000000004,0.0468
vacancy_O3,O3 vacancy,tetrahedral,1,27,5.35951765,14.6867,9.327182350000001,0.0636,0.2836,0.0483
vacancy_O3,O3 vacancy,tetrahedral,1,27,5.35951765,14.7038,9.34428235,0.0686,0.29800000000000004,0.049699999999999994
vacancy_O3,O3 vacancy,tetrahedral,1,27,5.35951765,14.7208,9.36128235,0.0726,0.30979999999999996,0.0507
vacancy_O3,O3 vacancy,tetrahedral,1,27,5.35951765,14.7379,9.378382349999999,0.0754,0.3179,0.0515
vacancy_O3,O3 vacancy,tetrahedral,1,27,5.35951765,14.7549,9.395382349999998,0.0768,0.3219,0.0519
vacancy_O3,O3 vacancy,tetrahedral,1,27,5.35951765,14.772,9.412482350000001,0.0768,0.3221,0.0518
vacancy_O3,O3 vacancy,tetrahedral,1,27,5.35951765,14.789,9.42948235,0.0758,0.3196,0.0514
vacancy_O3,O3 vacancy,tetrahedral,1,27,5.35951765,14.8061,9.44658235,0.0743,0.31589999999999996,0.0508
vacancy_O3,O3 vacancy,tetrahedral,1,27,5.35951765,14.8231,9.46358235,0.0727,0.31279999999999997,0.0501
vacancy_O3,O3 vacancy,tetrahedral,1,27,5.35951765,14.8402,9.480682349999999,0.0715,0.31170000000000003,0.0494
vacancy_O3,O3 vacancy,tetrahedral,1,27,5.35951765,14.8572,9.497682350000002,0.0709,0.3139,0.0489
vacancy_O3,O3 vacancy,tetrahedral,1,27,5.35951765,14.8743,9.51478235,0.0711,0.32030000000000003,0.048799999999999996
vacancy_O3,O3 vacancy,tetrahedral,1,27,5.35951765,14.8913,9.53178235,0.0721,0.3306,0.0489
vacancy_O3,O3 vacancy,tetrahedral,1,27,5.35951765,14.9084,9.54888235,0.0737,0.3445,0.049800000000000004
vacancy_O3,O3 vacancy,tetrahedral,1,27,5.35951765,14.9254,9.565882349999999,0.0756,0.36079999999999995,0.051000000000000004
vacancy_O3,O3 vacancy,tetrahedral,1,27,5.35951765,14.9425,9.582982350000002,0.0777,0.37840000000000007,0.0527
vacancy_O3,O3 vacancy,tetrahedral,1,27,5.35951765,14.9595,9.599982350000001,0.0797,0.3953,0.0545
vacancy_O3,O3 vacancy,tetrahedral,1,27,5.35951765,14.9766,9.61708235,0.0814,0.4105,0.0563
vacancy_O3,O3 vacancy,tetrahedral,1,27,5.35951765,14.9937,9.63418235,0.083,0.42310000000000003,0.0581
vacancy_O3,O3 vacancy,tetrahedral,1,27,5.35951765,15.0107,9.65118235,0.0843,0.4325,0.059500000000000004
vacancy_O3,O3 vacancy,tetrahedral,1,27,5.35951765,15.0278,9.668282349999998,0.0856,0.4389,0.0606
vacancy_O3,O3 vacancy,tetrahedral,1,27,5.35951765,15.0448,9.685282350000001,0.0871,0.4424,0.0614
vacancy_O3,O3 vacancy,tetrahedral,1,27,5.35951765,15.0619,9.70238235,0.0889,0.4438,0.0619
vacancy_O3,O3 vacancy,tetrahedral,1,27,5.35951765,15.0789,9.71938235,0.0912,0.4434,0.0624
vacancy_O3,O3 vacancy,tetrahedral,1,27,5.35951765,15.096,9.73648235,0.0937,0.4415,0.0625
vacancy_O3,O3 vacancy,tetrahedral,1,27,5.35951765,15.113,9.753482349999999,0.0964,0.43829999999999997,0.0624
vacancy_O3,O3 vacancy,tetrahedral,1,27,5.35951765,15.1301,9.770582350000002,0.099,0.43329999999999996,0.0621
vacancy_O3,O3 vacancy,tetrahedral,1,27,5.35951765,15.1471,9.787582350000001,0.1012,0.4264,0.0615
vacancy_O3,O3 vacancy,tetrahedral,1,27,5.35951765,15.1642,9.80468235,0.1027,0.4172,0.06029999999999999
vacancy_O3,O3 vacancy,tetrahedral,1,27,5.35951765,15.1812,9.82168235,0.1034,0.40580000000000005,0.058800000000000005
vacancy_O3,O3 vacancy,tetrahedral,1,27,5.35951765,15.1983,9.838782349999999,0.1031,0.3923,0.056999999999999995
vacancy_O3,O3 vacancy,tetrahedral,1,27,5.35951765,15.2153,9.855782349999998,0.1019,0.3772,0.0547
vacancy_O3,O3 vacancy,tetrahedral,1,27,5.35951765,15.2324,9.872882350000001,0.0997,0.3609,0.05210000000000001
vacancy_O3,O3 vacancy,tetrahedral,1,27,5.35951765,15.2494,9.88988235,0.0968,0.34409999999999996,0.049400000000000006
vacancy_O3,O3 vacancy,tetrahedral,1,27,5.35951765,15.2665,9.90698235,0.0932,0.3272,0.046700000000000005
vacancy_O3,O3 vacancy,tetrahedral,1,27,5.35951765,15.2835,9.92398235,0.0893,0.3105,0.0441
vacancy_O3,O3 vacancy,tetrahedral,1,27,5.35951765,15.3006,9.941082349999999,0.0851,0.2943,0.0417
vacancy_O3,O3 vacancy,tetrahedral,1,27,5.35951765,15.3176,9.958082350000002,0.0811,0.2788,0.0396
vacancy_O3,O3 vacancy,tetrahedral,1,27,5.35951765,15.3347,9.97518235,0.0775,0.264,0.037700000000000004
vacancy_O3,O3 vacancy,tetrahedral,1,27,5.35951765,15.3517,9.99218235,0.0746,0.2502,0.0361
vacancy_O3,O3 vacancy,tetrahedral,1,27,5.35951765,15.3688,10.00928235,0.0725,0.2377,0.0347
vacancy_O3,O3 vacancy,tetrahedral,1,27,5.35951765,15.3858,10.026282349999999,0.0711,0.2262,0.0335
vacancy_O3,O3 vacancy,tetrahedral,1,27,5.35951765,15.4029,10.043382350000002,0.0704,0.21589999999999998,0.032499999999999994
vacancy_O3,O3 vacancy,tetrahedral,1,27,5.35951765,15.4199,10.060382350000001,0.07,0.20620000000000002,0.0315
vacancy_O3,O3 vacancy,tetrahedral,1,27,5.35951765,15.437,10.07748235,0.0696,0.19679999999999997,0.0305
vacancy_O3,O3 vacancy,tetrahedral,1,27,5.35951765,15.454,10.09448235,0.0689,0.1874,0.0295
vacancy_O3,O3 vacancy,tetrahedral,1,27,5.35951765,15.4711,10.111582349999999,0.0676,0.1776,0.0284
vacancy_O3,O3 vacancy,tetrahedral,1,27,5.35951765,15.4881,10.128582349999999,0.0656,0.16740000000000002,0.027100000000000003
vacancy_O3,O3 vacancy,tetrahedral,1,27,5.35951765,15.5052,10.145682350000001,0.0628,0.15650000000000003,0.025599999999999998
vacancy_O3,O3 vacancy,tetrahedral,1,27,5.35951765,15.5223,10.16278235,0.0593,0.1453,0.0244
vacancy_O3,O3 vacancy,tetrahedral,1,27,5.35951765,15.5393,10.17978235,0.0554,0.13390000000000002,0.0231
vacancy_O3,O3 vacancy,tetrahedral,1,27,5.35951765,15.5564,10.19688235,0.0511,0.12290000000000001,0.021900000000000003
vacancy_O3,O3 vacancy,tetrahedral,1,27,5.35951765,15.5734,10.213882349999999,0.0467,0.1122,0.0208
vacancy_O3,O3 vacancy,tetrahedral,1,27,5.35951765,15.5905,10.230982350000001,0.0422,0.1021,0.0197
vacancy_O3,O3 vacancy,tetrahedral,1,27,5.35951765,15.6075,10.247982350000001,0.0377,0.0927,0.018699999999999998
vacancy_O3,O3 vacancy,tetrahedral,1,27,5.35951765,15.6246,10.26508235,0.0334,0.0838,0.0178
vacancy_O3,O3 vacancy,tetrahedral,1,27,5.35951765,15.6416,10.28208235,0.0292,0.0755,0.0166
vacancy_O3,O3 vacancy,tetrahedral,1,27,5.35951765,15.6587,10.299182349999999,0.0252,0.06760000000000001,0.015300000000000001
vacancy_O3,O3 vacancy,tetrahedral,1,27,5.35951765,15.6757,10.316182350000002,0.0215,0.0601,0.013999999999999999
vacancy_O3,O3 vacancy,tetrahedral,1,27,5.35951765,15.6928,10.333282350000001,0.0181,0.053,0.0126
vacancy_O3,O3 vacancy,tetrahedral,1,27,5.35951765,15.7098,10.35028235,0.0152,0.046400000000000004,0.011200000000000002
vacancy_O3,O3 vacancy,tetrahedral,1,27,5.35951765,15.7269,10.36738235,0.0127,0.0402,0.01
vacancy_O3,O3 vacancy,tetrahedral,1,27,5.35951765,15.7439,10.38438235,0.0108,0.034699999999999995,0.0089
vacancy_O3,O3 vacancy,tetrahedral,1,27,5.35951765,15.761,10.401482349999998,0.0094,0.0298,0.0076999999999999985
vacancy_O3,O3 vacancy,tetrahedral,1,27,5.35951765,15.778,10.418482350000001,0.0084,0.0254,0.006899999999999999
vacancy_O3,O3 vacancy,tetrahedral,1,27,5.35951765,15.7951,10.43558235,0.0077,0.0219,0.006
vacancy_O3,O3 vacancy,tetrahedral,1,27,5.35951765,15.8121,10.45258235,0.0073,0.019,0.0054
vacancy_O3,O3 vacancy,tetrahedral,1,27,5.35951765,15.8292,10.46968235,0.0069,0.0165,0.0049
vacancy_O3,O3 vacancy,tetrahedral,1,27,5.35951765,15.8462,10.486682349999999,0.0066,0.0144,0.0044
vacancy_O3,O3 vacancy,tetrahedral,1,27,5.35951765,15.8633,10.503782350000002,0.0061,0.0126,0.0039
vacancy_O3,O3 vacancy,tetrahedral,1,27,5.35951765,15.8803,10.520782350000001,0.0056,0.0109,0.0031999999999999997
vacancy_O3,O3 vacancy,tetrahedral,1,27,5.35951765,15.8974,10.53788235,0.0049,0.0092,0.0027
vacancy_O3,O3 vacancy,tetrahedral,1,27,5.35951765,15.9144,10.55488235,0.0042,0.0076,0.0021
vacancy_O3,O3 vacancy,tetrahedral,1,27,5.35951765,15.9315,10.571982349999999,0.0034,0.0061,0.0018
vacancy_O3,O3 vacancy,tetrahedral,1,27,5.35951765,15.9485,10.588982349999998,0.0027,0.0048000000000000004,0.0013
vacancy_O3,O3 vacancy,tetrahedral,1,27,5.35951765,15.9656,10.606082350000001,0.002,0.0035,0.0009
vacancy_O3,O3 vacancy,tetrahedral,1,27,5.35951765,15.9826,10.62308235,0.0014,0.0025,0.0006000000000000001
vacancy_O3,O3 vacancy,tetrahedral,1,27,5.35951765,15.9997,10.64018235,0.001,0.0017,0.0005
vacancy_O3,O3 vacancy,tetrahedral,1,27,5.35951765,16.0167,10.65718235,0.0006,0.0011,0.0002
vacancy_O3,O3 vacancy,tetrahedral,1,27,5.35951765,16.0338,10.674282349999999,0.0004,0.0006000000000000001,0.0001
vacancy_O3,O3 vacancy,tetrahedral,1,27,5.35951765,16.0508,10.691282349999998,0.0002,0.0004,0.0
vacancy_O3,O3 vacancy,tetrahedral,1,27,5.35951765,16.0679,10.70838235,0.0001,0.0002,0.0
vacancy_O3,O3 vacancy,tetrahedral,1,27,5.35951765,16.085,10.72548235,0.0001,0.0001,0.0
vacancy_O3,O3 vacancy,tetrahedral,1,27,5.35951765,16.102,10.74248235,0.0,0.0,0.0
vacancy_O3,O3 vacancy,tetrahedral,1,27,5.35951765,16.1191,10.759582349999999,0.0,0.0,0.0
vacancy_O3,O3 vacancy,tetrahedral,1,27,5.35951765,16.1361,10.776582349999998,0.0,0.0,0.0
vacancy_O3,O3 vacancy,tetrahedral,1,27,5.35951765,16.1532,10.793682349999997,0.0,0.0,0.0
vacancy_O3,O3 vacancy,tetrahedral,1,27,5.35951765,16.1702,10.81068235,0.0,0.0,0.0
vacancy_O3,O3 vacancy,tetrahedral,1,27,5.35951765,16.1873,10.82778235,0.0,0.0,0.0
vacancy_O3,O3 vacancy,tetrahedral,1,27,5.35951765,16.2043,10.84478235,0.0,0.0,0.0
vacancy_O3,O3 vacancy,tetrahedral,1,27,5.35951765,16.2214,10.861882349999998,0.0,0.0,0.0
vacancy_O3,O3 vacancy,tetrahedral,1,27,5.35951765,16.2384,10.878882349999998,0.0,0.0,0.0
vacancy_O3,O3 vacancy,tetrahedral,1,27,5.35951765,16.2555,10.89598235,0.0,0.0,0.0
vacancy_O3,O3 vacancy,tetrahedral,1,27,5.35951765,16.2725,10.91298235,0.0,0.0,0.0
vacancy_O3,O3 vacancy,tetrahedral,1,27,5.35951765,16.2896,10.93008235,0.0,0.0,0.0
vacancy_O3,O3 vacancy,tetrahedral,1,27,5.35951765,16.3066,10.947082349999999,0.0,0.0,0.0
vacancy_O3,O3 vacancy,tetrahedral,1,27,5.35951765,16.3237,10.964182349999998,0.0,0.0,0.0
vacancy_O3,O3 vacancy,tetrahedral,1,27,5.35951765,16.3407,10.981182349999997,0.0,0.0,0.0
vacancy_O3,O3 vacancy,tetrahedral,1,27,5.35951765,16.3578,10.99828235,0.0,0.0,0.0
vacancy_O3,O3 vacancy,tetrahedral,1,27,5.35951765,16.3748,11.01528235,0.0,0.0,0.0
vacancy_O3,O3 vacancy,tetrahedral,1,27,5.35951765,16.3919,11.032382349999999,0.0,0.0,0.0
vacancy_O3,O3 vacancy,tetrahedral,1,27,5.35951765,16.4089,11.049382349999998,0.0,0.0,0.0
vacancy_O3,O3 vacancy,tetrahedral,1,27,5.35951765,16.426,11.066482349999998,0.0,0.0,0.0
vacancy_O3,O3 vacancy,tetrahedral,1,27,5.35951765,16.443,11.08348235,0.0,0.0,0.0
vacancy_O3,O3 vacancy,tetrahedral,1,27,5.35951765,16.4601,11.10058235,0.0,0.0,0.0
vacancy_O3,O3 vacancy,tetrahedral,1,27,5.35951765,16.4771,11.11758235,0.0,0.0,0.0
vacancy_O3,O3 vacancy,tetrahedral,1,27,5.35951765,16.4942,11.134682349999999,0.0,0.0,0.0
vacancy_O3,O3 vacancy,tetrahedral,1,27,5.35951765,16.5112,11.151682349999998,0.0,0.0,0.0
vacancy_O3,O3 vacancy,tetrahedral,1,27,5.35951765,16.5283,11.16878235,0.0,0.0,0.0
vacancy_O3,O3 vacancy,tetrahedral,1,27,5.35951765,16.5453,11.18578235,0.0,0.0,0.0
vacancy_O3,O3 vacancy,tetrahedral,1,27,5.35951765,16.5624,11.20288235,0.0,0.0,0.0
vacancy_O3,O3 vacancy,tetrahedral,1,27,5.35951765,16.5794,11.219882349999999,0.0,0.0,0.0
vacancy_O3,O3 vacancy,tetrahedral,1,27,5.35951765,16.5965,11.236982349999998,0.0,0.0,0.0
vacancy_O3,O3 vacancy,tetrahedral,1,27,5.35951765,16.6136,11.254082350000001,0.0,0.0,0.0
vacancy_O3,O3 vacancy,tetrahedral,1,27,5.35951765,16.6306,11.27108235,0.0,0.0,0.0
vacancy_O3,O3 vacancy,tetrahedral,1,27,5.35951765,16.6477,11.28818235,0.0,0.0,0.0
vacancy_O3,O3 vacancy,tetrahedral,1,27,5.35951765,16.6647,11.305182349999999,0.0,0.0,0.0
vacancy_O3,O3 vacancy,tetrahedral,1,27,5.35951765,16.6818,11.322282349999998,0.0,0.0,0.0
vacancy_O3,O3 vacancy,tetrahedral,1,27,5.35951765,16.6988,11.339282349999998,0.0,0.0,0.0
vacancy_O3,O3 vacancy,tetrahedral,1,27,5.35951765,16.7159,11.35638235,0.0,0.0,0.0
vacancy_O3,O3 vacancy,tetrahedral,1,27,5.35951765,16.7329,11.37338235,0.0,0.0,0.0
vacancy_O3,O3 vacancy,tetrahedral,1,27,5.35951765,16.75,11.39048235,0.0,0.0,0.0
vacancy_O3,O3 vacancy,tetrahedral,1,27,5.35951765,16.767,11.407482349999999,0.0,0.0,0.0
vacancy_O3,O3 vacancy,tetrahedral,1,27,5.35951765,16.7841,11.424582349999998,0.0,0.0,0.0
vacancy_O3,O3 vacancy,tetrahedral,1,27,5.35951765,16.8011,11.441582350000001,0.0,0.0,0.0
vacancy_O3,O3 vacancy,tetrahedral,1,27,5.35951765,16.8182,11.45868235,0.0,0.0,0.0
vacancy_O3,O3 vacancy,tetrahedral,1,27,5.35951765,16.8352,11.47568235,0.0,0.0,0.0
vacancy_O3,O3 vacancy,tetrahedral,1,27,5.35951765,16.8523,11.492782349999999,0.0,0.0,0.0
vacancy_O3,O3 vacancy,tetrahedral,1,27,5.35951765,16.8693,11.509782349999998,0.0,0.0,0.0
vacancy_O3,O3 vacancy,tetrahedral,1,27,5.35951765,16.8864,11.526882349999998,0.0,0.0,0.0
vacancy_O3,O3 vacancy,tetrahedral,1,27,5.35951765,16.9034,11.54388235,0.0,0.0,0.0
vacancy_O3,O3 vacancy,tetrahedral,1,27,5.35951765,16.9205,11.56098235,0.0,0.0,0.0
vacancy_O3,O3 vacancy,tetrahedral,1,27,5.35951765,16.9375,11.57798235,0.0,0.0,0.0
vacancy_O3,O3 vacancy,tetrahedral,1,27,5.35951765,16.9546,11.595082349999998,0.0,0.0,0.0
vacancy_O3,O3 vacancy,tetrahedral,1,27,5.35951765,16.9716,11.612082349999998,0.0,0.0,0.0
vacancy_O3,O3 vacancy,tetrahedral,1,27,5.35951765,16.9887,11.62918235,0.0,0.0,0.0
vacancy_O3,O3 vacancy,tetrahedral,1,27,5.35951765,17.0057,11.64618235,0.0,0.0,0.0
vacancy_O3,O3 vacancy,tetrahedral,1,27,5.35951765,17.0228,11.66328235,0.0,0.0,0.0
vacancy_O3,O3 vacancy,tetrahedral,1,27,5.35951765,17.0398,11.680282349999999,0.0,0.0,0.0
vacancy_O3,O3 vacancy,tetrahedral,1,27,5.35951765,17.0569,11.697382349999998,0.0,0.0,0.0
vacancy_O3,O3 vacancy,tetrahedral,1,27,5.35951765,17.0739,11.714382349999998,0.0,0.0,0.0
vacancy_O3,O3 vacancy,tetrahedral,1,27,5.35951765,17.091,11.73148235,0.0,0.0,0.0
vacancy_O3,O3 vacancy,tetrahedral,1,27,5.35951765,17.108,11.74848235,0.0,0.0,0.0
vacancy_O3,O3 vacancy,tetrahedral,1,27,5.35951765,17.1251,11.765582349999999,0.0,0.0,0.0
vacancy_O3,O3 vacancy,tetrahedral,1,27,5.35951765,17.1421,11.782582349999998,0.0,0.0,0.0
vacancy_O3,O3 vacancy,tetrahedral,1,27,5.35951765,17.1592,11.799682349999998,0.0,0.0,0.0
vacancy_O3,O3 vacancy,tetrahedral,1,27,5.35951765,17.1763,11.81678235,0.0,0.0,0.0
vacancy_O3,O3 vacancy,tetrahedral,1,27,5.35951765,17.1933,11.83378235,0.0,0.0,0.0
vacancy_O3,O3 vacancy,tetrahedral,1,27,5.35951765,17.2104,11.85088235,0.0,0.0,0.0
vacancy_O3,O3 vacancy,tetrahedral,1,27,5.35951765,17.2274,11.867882349999999,0.0,0.0,0.0
vacancy_O3,O3 vacancy,tetrahedral,1,27,5.35951765,17.2445,11.884982349999998,0.0,0.0,0.0
vacancy_O3,O3 vacancy,tetrahedral,1,27,5.35951765,17.2615,11.90198235,0.0,0.0,0.0
vacancy_O3,O3 vacancy,tetrahedral,1,27,5.35951765,17.2786,11.91908235,0.0,0.0,0.0
vacancy_O3,O3 vacancy,tetrahedral,1,27,5.35951765,17.2956,11.93608235,0.0,0.0,0.0
vacancy_O3,O3 vacancy,tetrahedral,1,27,5.35951765,17.3127,11.953182349999999,0.0,0.0,0.0
vacancy_O3,O3 vacancy,tetrahedral,1,27,5.35951765,17.3297,11.970182349999998,0.0,0.0,0.0
vacancy_O3,O3 vacancy,tetrahedral,1,27,5.35951765,17.3468,11.987282350000001,0.0,0.0,0.0
vacancy_O3,O3 vacancy,tetrahedral,1,27,5.35951765,17.3638,12.00428235,0.0,0.0,0.0
vacancy_O3,O3 vacancy,tetrahedral,1,27,5.35951765,17.3809,12.02138235,0.0,0.0,0.0
vacancy_O3,O3 vacancy,tetrahedral,1,27,5.35951765,17.3979,12.03838235,0.0,0.0,0.0
vacancy_O3,O3 vacancy,tetrahedral,1,27,5.35951765,17.415,12.055482349999998,0.0,0.0,0.0
vacancy_O3,O3 vacancy,tetrahedral,1,27,5.35951765,17.432,12.072482349999998,0.0,0.0,0.0
vacancy_O3,O3 vacancy,octahedral,2,13;9,5.35951765,-16.6711,-22.03061765,0.0,0.0,0.0
vacancy_O3,O3 vacancy,octahedral,2,13;9,5.35951765,-16.6541,-22.01361765,0.0,0.0,0.0
vacancy_O3,O3 vacancy,octahedral,2,13;9,5.35951765,-16.637,-21.99651765,0.0,0.0,0.0
vacancy_O3,O3 vacancy,octahedral,2,13;9,5.35951765,-16.6199,-21.979417650000002,0.0,0.0,0.0
vacancy_O3,O3 vacancy,octahedral,2,13;9,5.35951765,-16.6029,-21.962417650000003,0.0,0.0,0.0
vacancy_O3,O3 vacancy,octahedral,2,13;9,5.35951765,-16.5858,-21.94531765,0.0,0.0,0.0
vacancy_O3,O3 vacancy,octahedral,2,13;9,5.35951765,-16.5688,-21.92831765,0.0,0.0,0.0
vacancy_O3,O3 vacancy,octahedral,2,13;9,5.35951765,-16.5517,-21.91121765,0.0,0.0,0.0
vacancy_O3,O3 vacancy,octahedral,2,13;9,5.35951765,-16.5347,-21.89421765,0.0,0.0,0.0
vacancy_O3,O3 vacancy,octahedral,2,13;9,5.35951765,-16.5176,-21.877117650000002,0.0,0.0,0.0
vacancy_O3,O3 vacancy,octahedral,2,13;9,5.35951765,-16.5006,-21.86011765,0.0,0.0,0.0
vacancy_O3,O3 vacancy,octahedral,2,13;9,5.35951765,-16.4835,-21.84301765,0.0,0.0,0.0
vacancy_O3,O3 vacancy,octahedral,2,13;9,5.35951765,-16.4665,-21.82601765,0.0,0.0,0.0
vacancy_O3,O3 vacancy,octahedral,2,13;9,5.35951765,-16.4494,-21.80891765,0.0,0.0,0.0
vacancy_O3,O3 vacancy,octahedral,2,13;9,5.35951765,-16.4324,-21.791917650000002,0.0,0.0,0.0
vacancy_O3,O3 vacancy,octahedral,2,13;9,5.35951765,-16.4153,-21.77481765,0.0,0.0,0.0
vacancy_O3,O3 vacancy,octahedral,2,13;9,5.35951765,-16.3983,-21.75781765,0.0,0.0,0.0
vacancy_O3,O3 vacancy,octahedral,2,13;9,5.35951765,-16.3812,-21.74071765,0.0,0.0,0.0
vacancy_O3,O3 vacancy,octahedral,2,13;9,5.35951765,-16.3642,-21.72371765,0.0,0.0,0.0
vacancy_O3,O3 vacancy,octahedral,2,13;9,5.35951765,-16.3471,-21.706617650000002,0.0,0.0,0.0
vacancy_O3,O3 vacancy,octahedral,2,13;9,5.35951765,-16.3301,-21.689617650000002,0.0,0.0,0.0
vacancy_O3,O3 vacancy,octahedral,2,13;9,5.35951765,-16.313,-21.67251765,0.0,0.0,0.0
vacancy_O3,O3 vacancy,octahedral,2,13;9,5.35951765,-16.296,-21.65551765,0.0,0.0,0.0
vacancy_O3,O3 vacancy,octahedral,2,13;9,5.35951765,-16.2789,-21.63841765,0.0,0.0,0.0
vacancy_O3,O3 vacancy,octahedral,2,13;9,5.35951765,-16.2619,-21.62141765,0.0,0.0,0.0
vacancy_O3,O3 vacancy,octahedral,2,13;9,5.35951765,-16.2448,-21.604317650000002,0.0,0.0,0.0
vacancy_O3,O3 vacancy,octahedral,2,13;9,5.35951765,-16.2278,-21.58731765,0.0,0.0,0.0
vacancy_O3,O3 vacancy,octahedral,2,13;9,5.35951765,-16.2107,-21.57021765,0.0,0.0,0.0
vacancy_O3,O3 vacancy,octahedral,2,13;9,5.35951765,-16.1937,-21.55321765,0.0,0.0,0.0
vacancy_O3,O3 vacancy,octahedral,2,13;9,5.35951765,-16.1766,-21.53611765,0.0,0.0,0.0
vacancy_O3,O3 vacancy,octahedral,2,13;9,5.35951765,-16.1596,-21.519117650000002,0.0,0.0,0.0
vacancy_O3,O3 vacancy,octahedral,2,13;9,5.35951765,-16.1425,-21.50201765,0.0,0.0,0.0
vacancy_O3,O3 vacancy,octahedral,2,13;9,5.35951765,-16.1255,-21.48501765,0.0,0.0,0.0
vacancy_O3,O3 vacancy,octahedral,2,13;9,5.35951765,-16.1084,-21.46791765,0.0,0.0,0.0
vacancy_O3,O3 vacancy,octahedral,2,13;9,5.35951765,-16.0914,-21.45091765,0.0,0.0,0.0
vacancy_O3,O3 vacancy,octahedral,2,13;9,5.35951765,-16.0743,-21.43381765,0.0,0.0,0.0
vacancy_O3,O3 vacancy,octahedral,2,13;9,5.35951765,-16.0572,-21.416717650000002,0.0,0.0,0.0
vacancy_O3,O3 vacancy,octahedral,2,13;9,5.35951765,-16.0402,-21.39971765,0.0,0.0,0.0
vacancy_O3,O3 vacancy,octahedral,2,13;9,5.35951765,-16.0231,-21.38261765,0.0,0.0,0.0
vacancy_O3,O3 vacancy,octahedral,2,13;9,5.35951765,-16.0061,-21.36561765,0.0,0.0,0.0
vacancy_O3,O3 vacancy,octahedral,2,13;9,5.35951765,-15.989,-21.34851765,0.0,0.0,0.0
vacancy_O3,O3 vacancy,octahedral,2,13;9,5.35951765,-15.972,-21.33151765,0.0,0.0,0.0
vacancy_O3,O3 vacancy,octahedral,2,13;9,5.35951765,-15.9549,-21.31441765,0.0,0.0,0.0
vacancy_O3,O3 vacancy,octahedral,2,13;9,5.35951765,-15.9379,-21.29741765,0.0,0.0,0.0
vacancy_O3,O3 vacancy,octahedral,2,13;9,5.35951765,-15.9208,-21.28031765,0.0,0.0,0.0
vacancy_O3,O3 vacancy,octahedral,2,13;9,5.35951765,-15.9038,-21.26331765,0.0,0.0,0.0
vacancy_O3,O3 vacancy,octahedral,2,13;9,5.35951765,-15.8867,-21.24621765,0.0,0.0,0.0
vacancy_O3,O3 vacancy,octahedral,2,13;9,5.35951765,-15.8697,-21.22921765,0.0,0.0,0.0
vacancy_O3,O3 vacancy,octahedral,2,13;9,5.35951765,-15.8526,-21.21211765,0.0,0.0,0.0
vacancy_O3,O3 vacancy,octahedral,2,13;9,5.35951765,-15.8356,-21.19511765,0.0,0.0,0.0
vacancy_O3,O3 vacancy,octahedral,2,13;9,5.35951765,-15.8185,-21.17801765,0.0,0.0,0.0
vacancy_O3,O3 vacancy,octahedral,2,13;9,5.35951765,-15.8015,-21.16101765,0.0,0.0,0.0
vacancy_O3,O3 vacancy,octahedral,2,13;9,5.35951765,-15.7844,-21.14391765,0.0,0.0,0.0
vacancy_O3,O3 vacancy,octahedral,2,13;9,5.35951765,-15.7674,-21.12691765,0.0,0.0,0.0
vacancy_O3,O3 vacancy,octahedral,2,13;9,5.35951765,-15.7503,-21.10981765,0.0,0.0,0.0
vacancy_O3,O3 vacancy,octahedral,2,13;9,5.35951765,-15.7333,-21.09281765,0.0,0.0,0.0
vacancy_O3,O3 vacancy,octahedral,2,13;9,5.35951765,-15.7162,-21.07571765,0.0,0.0,0.0
vacancy_O3,O3 vacancy,octahedral,2,13;9,5.35951765,-15.6992,-21.05871765,0.0,0.0,0.0
vacancy_O3,O3 vacancy,octahedral,2,13;9,5.35951765,-15.6821,-21.04161765,0.0,0.0,0.0
vacancy_O3,O3 vacancy,octahedral,2,13;9,5.35951765,-15.6651,-21.02461765,0.0,0.0,0.0
vacancy_O3,O3 vacancy,octahedral,2,13;9,5.35951765,-15.648,-21.00751765,0.0,0.0,0.0
vacancy_O3,O3 vacancy,octahedral,2,13;9,5.35951765,-15.631,-20.99051765,0.0,0.0,0.0
vacancy_O3,O3 vacancy,octahedral,2,13;9,5.35951765,-15.6139,-20.97341765,0.0,0.0,0.0
vacancy_O3,O3 vacancy,octahedral,2,13;9,5.35951765,-15.5969,-20.95641765,0.0,0.0,0.0
vacancy_O3,O3 vacancy,octahedral,2,13;9,5.35951765,-15.5798,-20.93931765,0.0,0.0,0.0
vacancy_O3,O3 vacancy,octahedral,2,13;9,5.35951765,-15.5628,-20.92231765,0.0,0.0,0.0
vacancy_O3,O3 vacancy,octahedral,2,13;9,5.35951765,-15.5457,-20.90521765,0.0,0.0,0.0
vacancy_O3,O3 vacancy,octahedral,2,13;9,5.35951765,-15.5286,-20.88811765,0.0,0.0,0.0
vacancy_O3,O3 vacancy,octahedral,2,13;9,5.35951765,-15.5116,-20.87111765,0.0,0.0,0.0
vacancy_O3,O3 vacancy,octahedral,2,13;9,5.35951765,-15.4945,-20.85401765,0.0,0.0,0.0
vacancy_O3,O3 vacancy,octahedral,2,13;9,5.35951765,-15.4775,-20.83701765,0.0,0.0,0.0
vacancy_O3,O3 vacancy,octahedral,2,13;9,5.35951765,-15.4604,-20.81991765,0.0,0.0,0.0
vacancy_O3,O3 vacancy,octahedral,2,13;9,5.35951765,-15.4434,-20.80291765,0.0,0.0,0.0
vacancy_O3,O3 vacancy,octahedral,2,13;9,5.35951765,-15.4263,-20.78581765,0.0,0.0,0.0
vacancy_O3,O3 vacancy,octahedral,2,13;9,5.35951765,-15.4093,-20.76881765,0.0,0.0,0.0
vacancy_O3,O3 vacancy,octahedral,2,13;9,5.35951765,-15.3922,-20.75171765,0.0,0.0,0.0
vacancy_O3,O3 vacancy,octahedral,2,13;9,5.35951765,-15.3752,-20.73471765,0.0,0.0,0.0
vacancy_O3,O3 vacancy,octahedral,2,13;9,5.35951765,-15.3581,-20.71761765,0.0,0.0,0.0
vacancy_O3,O3 vacancy,octahedral,2,13;9,5.35951765,-15.3411,-20.70061765,0.0,0.0,0.0
vacancy_O3,O3 vacancy,octahedral,2,13;9,5.35951765,-15.324,-20.68351765,0.0,0.0,0.0
vacancy_O3,O3 vacancy,octahedral,2,13;9,5.35951765,-15.307,-20.66651765,0.0001,0.0,0.0
vacancy_O3,O3 vacancy,octahedral,2,13;9,5.35951765,-15.2899,-20.64941765,0.0001,0.0,0.0
vacancy_O3,O3 vacancy,octahedral,2,13;9,5.35951765,-15.2729,-20.63241765,0.0003,0.0,0.0
vacancy_O3,O3 vacancy,octahedral,2,13;9,5.35951765,-15.2558,-20.61531765,0.0005,0.0,0.0
vacancy_O3,O3 vacancy,octahedral,2,13;9,5.35951765,-15.2388,-20.59831765,0.0009,0.0,0.0001
vacancy_O3,O3 vacancy,octahedral,2,13;9,5.35951765,-15.2217,-20.58121765,0.0015,0.0001,0.00015000000000000001
vacancy_O3,O3 vacancy,octahedral,2,13;9,5.35951765,-15.2047,-20.56421765,0.0026,0.0001,0.00030000000000000003
vacancy_O3,O3 vacancy,octahedral,2,13;9,5.35951765,-15.1876,-20.54711765,0.004,0.00025,0.00045
vacancy_O3,O3 vacancy,octahedral,2,13;9,5.35951765,-15.1706,-20.53011765,0.0061,0.00045,0.00075
vacancy_O3,O3 vacancy,octahedral,2,13;9,5.35951765,-15.1535,-20.51301765,0.0088,0.0006000000000000001,0.0010999999999999998
vacancy_O3,O3 vacancy,octahedral,2,13;9,5.35951765,-15.1365,-20.49601765,0.0122,0.0008500000000000001,0.0015
vacancy_O3,O3 vacancy,octahedral,2,13;9,5.35951765,-15.1194,-20.47891765,0.0162,0.00115,0.00195
vacancy_O3,O3 vacancy,octahedral,2,13;9,5.35951765,-15.1024,-20.46191765,0.0206,0.0015,0.0024999999999999996
vacancy_O3,O3 vacancy,octahedral,2,13;9,5.35951765,-15.0853,-20.44481765,0.0252,0.0018999999999999998,0.00305
vacancy_O3,O3 vacancy,octahedral,2,13;9,5.35951765,-15.0683,-20.42781765,0.02985,0.00235,0.0036499999999999996
vacancy_O3,O3 vacancy,octahedral,2,13;9,5.35951765,-15.0512,-20.41071765,0.0342,0.0027,0.004200000000000001
vacancy_O3,O3 vacancy,octahedral,2,13;9,5.35951765,-15.0342,-20.39371765,0.0381,0.0031999999999999997,0.0048000000000000004
vacancy_O3,O3 vacancy,octahedral,2,13;9,5.35951765,-15.0171,-20.37661765,0.0415,0.0036,0.00525
vacancy_O3,O3 vacancy,octahedral,2,13;9,5.35951765,-15.0001,-20.35961765,0.04455,0.0040999999999999995,0.00575
vacancy_O3,O3 vacancy,octahedral,2,13;9,5.35951765,-14.983,-20.34251765,0.0473,0.004399999999999999,0.006149999999999999
vacancy_O3,O3 vacancy,octahedral,2,13;9,5.35951765,-14.9659,-20.32541765,0.0498,0.00485,0.0067
vacancy_O3,O3 vacancy,octahedral,2,13;9,5.35951765,-14.9489,-20.30841765,0.0523,0.0053,0.0072
vacancy_O3,O3 vacancy,octahedral,2,13;9,5.35951765,-14.9318,-20.29131765,0.05475,0.0058000000000000005,0.0076500000000000005
vacancy_O3,O3 vacancy,octahedral,2,13;9,5.35951765,-14.9148,-20.27431765,0.057,0.006200000000000001,0.008
vacancy_O3,O3 vacancy,octahedral,2,13;9,5.35951765,-14.8977,-20.25721765,0.059,0.0067,0.00855
vacancy_O3,O3 vacancy,octahedral,2,13;9,5.35951765,-14.8807,-20.240217649999998,0.0604,0.0071,0.00885
vacancy_O3,O3 vacancy,octahedral,2,13;9,5.35951765,-14.8636,-20.22311765,0.0612,0.00745,0.009099999999999999
vacancy_O3,O3 vacancy,octahedral,2,13;9,5.35951765,-14.8466,-20.20611765,0.0614,0.007599999999999999,0.0092
vacancy_O3,O3 vacancy,octahedral,2,13;9,5.35951765,-14.8295,-20.18901765,0.0609,0.0079,0.00935
vacancy_O3,O3 vacancy,octahedral,2,13;9,5.35951765,-14.8125,-20.17201765,0.0601,0.0081,0.0094
vacancy_O3,O3 vacancy,octahedral,2,13;9,5.35951765,-14.7954,-20.15491765,0.0591,0.0083,0.0096
vacancy_O3,O3 vacancy,octahedral,2,13;9,5.35951765,-14.7784,-20.13791765,0.0583,0.0086,0.00995
vacancy_O3,O3 vacancy,octahedral,2,13;9,5.35951765,-14.7613,-20.12081765,0.0578,0.00895,0.010250000000000002
vacancy_O3,O3 vacancy,octahedral,2,13;9,5.35951765,-14.7443,-20.10381765,0.0576,0.0093,0.010850000000000002
vacancy_O3,O3 vacancy,octahedral,2,13;9,5.35951765,-14.7272,-20.08671765,0.0577,0.0097,0.0115
vacancy_O3,O3 vacancy,octahedral,2,13;9,5.35951765,-14.7102,-20.06971765,0.0577,0.010100000000000001,0.012150000000000001
vacancy_O3,O3 vacancy,octahedral,2,13;9,5.35951765,-14.6931,-20.05261765,0.0574,0.0104,0.0127
vacancy_O3,O3 vacancy,octahedral,2,13;9,5.35951765,-14.6761,-20.03561765,0.05635,0.010599999999999998,0.013000000000000001
vacancy_O3,O3 vacancy,octahedral,2,13;9,5.35951765,-14.659,-20.01851765,0.0545,0.01065,0.01315
vacancy_O3,O3 vacancy,octahedral,2,13;9,5.35951765,-14.642,-20.00151765,0.0518,0.010499999999999999,0.01295
vacancy_O3,O3 vacancy,octahedral,2,13;9,5.35951765,-14.6249,-19.98441765,0.0487,0.01035,0.01255
vacancy_O3,O3 vacancy,octahedral,2,13;9,5.35951765,-14.6079,-19.96741765,0.045450000000000004,0.010150000000000001,0.012150000000000001
vacancy_O3,O3 vacancy,octahedral,2,13;9,5.35951765,-14.5908,-19.95031765,0.0426,0.01015,0.0119
vacancy_O3,O3 vacancy,octahedral,2,13;9,5.35951765,-14.5738,-19.93331765,0.04065,0.01035,0.0119
vacancy_O3,O3 vacancy,octahedral,2,13;9,5.35951765,-14.5567,-19.91621765,0.0398,0.01085,0.01235
vacancy_O3,O3 vacancy,octahedral,2,13;9,5.35951765,-14.5397,-19.89921765,0.04015,0.0116,0.0132
vacancy_O3,O3 vacancy,octahedral,2,13;9,5.35951765,-14.5226,-19.88211765,0.0416,0.0127,0.01455
vacancy_O3,O3 vacancy,octahedral,2,13;9,5.35951765,-14.5056,-19.86511765,0.0439,0.01395,0.0164
vacancy_O3,O3 vacancy,octahedral,2,13;9,5.35951765,-14.4885,-19.84801765,0.0467,0.0154,0.01845
vacancy_O3,O3 vacancy,octahedral,2,13;9,5.35951765,-14.4715,-19.83101765,0.0494,0.01695,0.0206
vacancy_O3,O3 vacancy,octahedral,2,13;9,5.35951765,-14.4544,-19.81391765,0.0517,0.0184,0.022600000000000002
vacancy_O3,O3 vacancy,octahedral,2,13;9,5.35951765,-14.4373,-19.79681765,0.0532,0.019700000000000002,0.02445
vacancy_O3,O3 vacancy,octahedral,2,13;9,5.35951765,-14.4203,-19.77981765,0.0538,0.02085,0.0259
vacancy_O3,O3 vacancy,octahedral,2,13;9,5.35951765,-14.4032,-19.76271765,0.05345,0.0217,0.02695
vacancy_O3,O3 vacancy,octahedral,2,13;9,5.35951765,-14.3862,-19.74571765,0.05245,0.02255,0.02805
vacancy_O3,O3 vacancy,octahedral,2,13;9,5.35951765,-14.3691,-19.72861765,0.051,0.02335,0.028899999999999995
vacancy_O3,O3 vacancy,octahedral,2,13;9,5.35951765,-14.3521,-19.71161765,0.04955,0.0241,0.03035
vacancy_O3,O3 vacancy,octahedral,2,13;9,5.35951765,-14.335,-19.69451765,0.0484,0.025050000000000003,0.032100000000000004
vacancy_O3,O3 vacancy,octahedral,2,13;9,5.35951765,-14.318,-19.67751765,0.0477,0.0263,0.0348
vacancy_O3,O3 vacancy,octahedral,2,13;9,5.35951765,-14.3009,-19.66041765,0.0477,0.0278,0.03845
vacancy_O3,O3 vacancy,octahedral,2,13;9,5.35951765,-14.2839,-19.64341765,0.0483,0.029550000000000003,0.0431
vacancy_O3,O3 vacancy,octahedral,2,13;9,5.35951765,-14.2668,-19.62631765,0.04935,0.0315,0.048600000000000004
vacancy_O3,O3 vacancy,octahedral,2,13;9,5.35951765,-14.2498,-19.60931765,0.0505,0.033549999999999996,0.0548
vacancy_O3,O3 vacancy,octahedral,2,13;9,5.35951765,-14.2327,-19.59221765,0.05155,0.035750000000000004,0.06135
vacancy_O3,O3 vacancy,octahedral,2,13;9,5.35951765,-14.2157,-19.57521765,0.05215,0.0378,0.06805
vacancy_O3,O3 vacancy,octahedral,2,13;9,5.35951765,-14.1986,-19.55811765,0.052250000000000005,0.03975,0.07465
vacancy_O3,O3 vacancy,octahedral,2,13;9,5.35951765,-14.1816,-19.54111765,0.051750000000000004,0.04165,0.08095
vacancy_O3,O3 vacancy,octahedral,2,13;9,5.35951765,-14.1645,-19.52401765,0.05075,0.0432,0.08735000000000001
vacancy_O3,O3 vacancy,octahedral,2,13;9,5.35951765,-14.1475,-19.50701765,0.04955,0.04465,0.0938
vacancy_O3,O3 vacancy,octahedral,2,13;9,5.35951765,-14.1304,-19.48991765,0.0483,0.046049999999999994,0.10045000000000001
vacancy_O3,O3 vacancy,octahedral,2,13;9,5.35951765,-14.1134,-19.47291765,0.0472,0.047299999999999995,0.10725000000000001
vacancy_O3,O3 vacancy,octahedral,2,13;9,5.35951765,-14.0963,-19.45581765,0.04615,0.048549999999999996,0.1138
vacancy_O3,O3 vacancy,octahedral,2,13;9,5.35951765,-14.0793,-19.43881765,0.0451,0.049800000000000004,0.12004999999999999
vacancy_O3,O3 vacancy,octahedral,2,13;9,5.35951765,-14.0622,-19.42171765,0.04395,0.050949999999999995,0.1255
vacancy_O3,O3 vacancy,octahedral,2,13;9,5.35951765,-14.0452,-19.40471765,0.0424,0.052199999999999996,0.1301
vacancy_O3,O3 vacancy,octahedral,2,13;9,5.35951765,-14.0281,-19.38761765,0.0404,0.053450000000000004,0.13369999999999999
vacancy_O3,O3 vacancy,octahedral,2,13;9,5.35951765,-14.0111,-19.37061765,0.0379,0.054849999999999996,0.13665
vacancy_O3,O3 vacancy,octahedral,2,13;9,5.35951765,-13.994,-19.35351765,0.0351,0.056249999999999994,0.13929999999999998
vacancy_O3,O3 vacancy,octahedral,2,13;9,5.35951765,-13.977,-19.33651765,0.0322,0.057800000000000004,0.14234999999999998
vacancy_O3,O3 vacancy,octahedral,2,13;9,5.35951765,-13.9599,-19.31941765,0.029449999999999997,0.05965,0.14665
vacancy_O3,O3 vacancy,octahedral,2,13;9,5.35951765,-13.9429,-19.30241765,0.027,0.06145,0.15230000000000002
vacancy_O3,O3 vacancy,octahedral,2,13;9,5.35951765,-13.9258,-19.28531765,0.025,0.06345,0.16010000000000002
vacancy_O3,O3 vacancy,octahedral,2,13;9,5.35951765,-13.9088,-19.26831765,0.0236,0.06545000000000001,0.17020000000000002
vacancy_O3,O3 vacancy,octahedral,2,13;9,5.35951765,-13.8917,-19.25121765,0.02275,0.0675,0.18309999999999998
vacancy_O3,O3 vacancy,octahedral,2,13;9,5.35951765,-13.8746,-19.234117649999998,0.0224,0.06945000000000001,0.1987
vacancy_O3,O3 vacancy,octahedral,2,13;9,5.35951765,-13.8576,-19.21711765,0.0225,0.0712,0.21715
vacancy_O3,O3 vacancy,octahedral,2,13;9,5.35951765,-13.8405,-19.20001765,0.0229,0.07285,0.23795
vacancy_O3,O3 vacancy,octahedral,2,13;9,5.35951765,-13.8235,-19.18301765,0.0235,0.07445,0.26045
vacancy_O3,O3 vacancy,octahedral,2,13;9,5.35951765,-13.8064,-19.16591765,0.0243,0.07594999999999999,0.28335000000000005
vacancy_O3,O3 vacancy,octahedral,2,13;9,5.35951765,-13.7894,-19.14891765,0.025,0.07694999999999999,0.30510000000000004
vacancy_O3,O3 vacancy,octahedral,2,13;9,5.35951765,-13.7723,-19.13181765,0.0255,0.0777,0.32415
vacancy_O3,O3 vacancy,octahedral,2,13;9,5.35951765,-13.7553,-19.11481765,0.0256,0.078,0.33849999999999997
vacancy_O3,O3 vacancy,octahedral,2,13;9,5.35951765,-13.7382,-19.09771765,0.0254,0.07765,0.34709999999999996
vacancy_O3,O3 vacancy,octahedral,2,13;9,5.35951765,-13.7212,-19.08071765,0.0248,0.07675,0.3487
vacancy_O3,O3 vacancy,octahedral,2,13;9,5.35951765,-13.7041,-19.06361765,0.0238,0.07505,0.34314999999999996
vacancy_O3,O3 vacancy,octahedral,2,13;9,5.35951765,-13.6871,-19.046617649999998,0.0224,0.07264999999999999,0.33115
vacancy_O3,O3 vacancy,octahedral,2,13;9,5.35951765,-13.67,-19.02951765,0.0209,0.06955,0.3135
vacancy_O3,O3 vacancy,octahedral,2,13;9,5.35951765,-13.653,-19.01251765,0.0194,0.06595000000000001,0.29184999999999994
vacancy_O3,O3 vacancy,octahedral,2,13;9,5.35951765,-13.6359,-18.99541765,0.0179,0.062,0.26754999999999995
vacancy_O3,O3 vacancy,octahedral,2,13;9,5.35951765,-13.6189,-18.97841765,0.0166,0.058050000000000004,0.24250000000000002
vacancy_O3,O3 vacancy,octahedral,2,13;9,5.35951765,-13.6018,-18.96131765,0.0155,0.05424999999999999,0.21794999999999998
vacancy_O3,O3 vacancy,octahedral,2,13;9,5.35951765,-13.5848,-18.94431765,0.01455,0.0508,0.19525000000000003
vacancy_O3,O3 vacancy,octahedral,2,13;9,5.35951765,-13.5677,-18.92721765,0.0138,0.047799999999999995,0.17515
vacancy_O3,O3 vacancy,octahedral,2,13;9,5.35951765,-13.5507,-18.91021765,0.01315,0.0454,0.15855000000000002
vacancy_O3,O3 vacancy,octahedral,2,13;9,5.35951765,-13.5336,-18.89311765,0.01265,0.0437,0.14585
vacancy_O3,O3 vacancy,octahedral,2,13;9,5.35951765,-13.5166,-18.87611765,0.01225,0.0427,0.1376
vacancy_O3,O3 vacancy,octahedral,2,13;9,5.35951765,-13.4995,-18.85901765,0.012,0.0426,0.134
vacancy_O3,O3 vacancy,octahedral,2,13;9,5.35951765,-13.4825,-18.84201765,0.01195,0.0432,0.13499999999999998
vacancy_O3,O3 vacancy,octahedral,2,13;9,5.35951765,-13.4654,-18.82491765,0.01195,0.0445,0.13995000000000002
vacancy_O3,O3 vacancy,octahedral,2,13;9,5.35951765,-13.4484,-18.80791765,0.01225,0.046299999999999994,0.14809999999999998
vacancy_O3,O3 vacancy,octahedral,2,13;9,5.35951765,-13.4313,-18.79081765,0.0126,0.048299999999999996,0.1578
vacancy_O3,O3 vacancy,octahedral,2,13;9,5.35951765,-13.4143,-18.77381765,0.01295,0.05,0.16735
vacancy_O3,O3 vacancy,octahedral,2,13;9,5.35951765,-13.3972,-18.75671765,0.01325,0.0509,0.17445
vacancy_O3,O3 vacancy,octahedral,2,13;9,5.35951765,-13.3802,-18.73971765,0.01325,0.0507,0.1775
vacancy_O3,O3 vacancy,octahedral,2,13;9,5.35951765,-13.3631,-18.72261765,0.01295,0.0489,0.17545
vacancy_O3,O3 vacancy,octahedral,2,13;9,5.35951765,-13.346,-18.70551765,0.01225,0.0458,0.16765000000000002
vacancy_O3,O3 vacancy,octahedral,2,13;9,5.35951765,-13.329,-18.68851765,0.0112,0.04135,0.15465
vacancy_O3,O3 vacancy,octahedral,2,13;9,5.35951765,-13.3119,-18.67141765,0.0099,0.03595,0.1378
vacancy_O3,O3 vacancy,octahedral,2,13;9,5.35951765,-13.2949,-18.65441765,0.0084,0.0302,0.11850000000000002
vacancy_O3,O3 vacancy,octahedral,2,13;9,5.35951765,-13.2778,-18.63731765,0.00685,0.0245,0.0985
vacancy_O3,O3 vacancy,octahedral,2,13;9,5.35951765,-13.2608,-18.62031765,0.0054,0.019250000000000003,0.0795
vacancy_O3,O3 vacancy,octahedral,2,13;9,5.35951765,-13.2437,-18.60321765,0.0041,0.014549999999999999,0.06215
vacancy_O3,O3 vacancy,octahedral,2,13;9,5.35951765,-13.2267,-18.58621765,0.003,0.010700000000000001,0.04725
vacancy_O3,O3 vacancy,octahedral,2,13;9,5.35951765,-13.2096,-18.56911765,0.0021,0.0077,0.035100000000000006
vacancy_O3,O3 vacancy,octahedral,2,13;9,5.35951765,-13.1926,-18.55211765,0.0015,0.0054,0.02545
vacancy_O3,O3 vacancy,octahedral,2,13;9,5.35951765,-13.1755,-18.53501765,0.001,0.0036999999999999997,0.018050000000000004
vacancy_O3,O3 vacancy,octahedral,2,13;9,5.35951765,-13.1585,-18.51801765,0.0007,0.0025,0.0125
vacancy_O3,O3 vacancy,octahedral,2,13;9,5.35951765,-13.1414,-18.50091765,0.0004,0.0017000000000000001,0.0086
vacancy_O3,O3 vacancy,octahedral,2,13;9,5.35951765,-13.1244,-18.48391765,0.0003,0.0011,0.006
vacancy_O3,O3 vacancy,octahedral,2,13;9,5.35951765,-13.1073,-18.46681765,0.0002,0.0007999999999999999,0.00425
vacancy_O3,O3 vacancy,octahedral,2,13;9,5.35951765,-13.0903,-18.44981765,0.0002,0.00055,0.0030499999999999998
vacancy_O3,O3 vacancy,octahedral,2,13;9,5.35951765,-13.0732,-18.43271765,0.0002,0.0005,0.00245
vacancy_O3,O3 vacancy,octahedral,2,13;9,5.35951765,-13.0562,-18.41571765,0.0002,0.0004,0.002
vacancy_O3,O3 vacancy,octahedral,2,13;9,5.35951765,-13.0391,-18.39861765,0.0001,0.00030000000000000003,0.00175
vacancy_O3,O3 vacancy,octahedral,2,13;9,5.35951765,-13.0221,-18.38161765,0.0001,0.00030000000000000003,0.0015500000000000002
vacancy_O3,O3 vacancy,octahedral,2,13;9,5.35951765,-13.005,-18.36451765,0.0001,0.00025,0.00135
vacancy_O3,O3 vacancy,octahedral,2,13;9,5.35951765,-12.988,-18.34751765,0.0001,0.00025,0.001
vacancy_O3,O3 vacancy,octahedral,2,13;9,5.35951765,-12.9709,-18.33041765,0.0001,0.0002,0.0008
vacancy_O3,O3 vacancy,octahedral,2,13;9,5.35951765,-12.9539,-18.31341765,0.0001,0.00015000000000000001,0.0006000000000000001
vacancy_O3,O3 vacancy,octahedral,2,13;9,5.35951765,-12.9368,-18.29631765,0.0,5e-05,0.0004
vacancy_O3,O3 vacancy,octahedral,2,13;9,5.35951765,-12.9198,-18.27931765,0.0,0.0,0.00030000000000000003
vacancy_O3,O3 vacancy,octahedral,2,13;9,5.35951765,-12.9027,-18.26221765,0.0,0.0,0.00015000000000000001
vacancy_O3,O3 vacancy,octahedral,2,13;9,5.35951765,-12.8857,-18.24521765,0.0,0.0,5e-05
vacancy_O3,O3 vacancy,octahedral,2,13;9,5.35951765,-12.8686,-18.22811765,0.0,0.0,0.0
vacancy_O3,O3 vacancy,octahedral,2,13;9,5.35951765,-12.8516,-18.21111765,0.0,0.0,0.0
vacancy_O3,O3 vacancy,octahedral,2,13;9,5.35951765,-12.8345,-18.19401765,0.0,0.0,0.0
vacancy_O3,O3 vacancy,octahedral,2,13;9,5.35951765,-12.8175,-18.17701765,0.0,0.0,0.0
vacancy_O3,O3 vacancy,octahedral,2,13;9,5.35951765,-12.8004,-18.15991765,0.0,0.0,0.0
vacancy_O3,O3 vacancy,octahedral,2,13;9,5.35951765,-12.7833,-18.14281765,0.0,0.0,0.0
vacancy_O3,O3 vacancy,octahedral,2,13;9,5.35951765,-12.7663,-18.12581765,0.0,0.0,0.0
vacancy_O3,O3 vacancy,octahedral,2,13;9,5.35951765,-12.7492,-18.10871765,0.0,0.0,0.0
vacancy_O3,O3 vacancy,octahedral,2,13;9,5.35951765,-12.7322,-18.09171765,0.0,0.0,0.0
vacancy_O3,O3 vacancy,octahedral,2,13;9,5.35951765,-12.7151,-18.07461765,0.0,0.0,0.0
vacancy_O3,O3 vacancy,octahedral,2,13;9,5.35951765,-12.6981,-18.05761765,0.0,0.0,0.0
vacancy_O3,O3 vacancy,octahedral,2,13;9,5.35951765,-12.681,-18.040517649999998,0.0,0.0,0.0
vacancy_O3,O3 vacancy,octahedral,2,13;9,5.35951765,-12.664,-18.02351765,0.0,0.0,0.0
vacancy_O3,O3 vacancy,octahedral,2,13;9,5.35951765,-12.6469,-18.00641765,0.0,0.0,0.0
vacancy_O3,O3 vacancy,octahedral,2,13;9,5.35951765,-12.6299,-17.98941765,0.0,0.0,0.0
vacancy_O3,O3 vacancy,octahedral,2,13;9,5.35951765,-12.6128,-17.97231765,0.0,0.0,0.0
vacancy_O3,O3 vacancy,octahedral,2,13;9,5.35951765,-12.5958,-17.95531765,0.0,0.0,0.0
vacancy_O3,O3 vacancy,octahedral,2,13;9,5.35951765,-12.5787,-17.93821765,0.0,0.0,0.0
vacancy_O3,O3 vacancy,octahedral,2,13;9,5.35951765,-12.5617,-17.92121765,0.0,0.0,0.0
vacancy_O3,O3 vacancy,octahedral,2,13;9,5.35951765,-12.5446,-17.90411765,0.0,0.0,0.0
vacancy_O3,O3 vacancy,octahedral,2,13;9,5.35951765,-12.5276,-17.88711765,0.0,0.0,0.0
vacancy_O3,O3 vacancy,octahedral,2,13;9,5.35951765,-12.5105,-17.87001765,0.0,0.0,0.0
vacancy_O3,O3 vacancy,octahedral,2,13;9,5.35951765,-12.4935,-17.853017649999998,0.0,0.0,0.0
vacancy_O3,O3 vacancy,octahedral,2,13;9,5.35951765,-12.4764,-17.83591765,0.0,0.0,0.0
vacancy_O3,O3 vacancy,octahedral,2,13;9,5.35951765,-12.4594,-17.81891765,0.0,0.0,0.0
vacancy_O3,O3 vacancy,octahedral,2,13;9,5.35951765,-12.4423,-17.80181765,0.0,0.0,0.0
vacancy_O3,O3 vacancy,octahedral,2,13;9,5.35951765,-12.4253,-17.78481765,0.0,0.0,0.0
vacancy_O3,O3 vacancy,octahedral,2,13;9,5.35951765,-12.4082,-17.76771765,0.0,0.0,0.0
vacancy_O3,O3 vacancy,octahedral,2,13;9,5.35951765,-12.3912,-17.75071765,0.0,0.0,0.0
vacancy_O3,O3 vacancy,octahedral,2,13;9,5.35951765,-12.3741,-17.73361765,0.0,0.0,0.0
vacancy_O3,O3 vacancy,octahedral,2,13;9,5.35951765,-12.3571,-17.71661765,0.0,0.0,0.0
vacancy_O3,O3 vacancy,octahedral,2,13;9,5.35951765,-12.34,-17.69951765,0.0,0.0,0.0
vacancy_O3,O3 vacancy,octahedral,2,13;9,5.35951765,-12.323,-17.68251765,0.0,0.0,0.0
vacancy_O3,O3 vacancy,octahedral,2,13;9,5.35951765,-12.3059,-17.66541765,0.0,0.0,0.0
vacancy_O3,O3 vacancy,octahedral,2,13;9,5.35951765,-12.2889,-17.64841765,0.0,0.0,0.0
vacancy_O3,O3 vacancy,octahedral,2,13;9,5.35951765,-12.2718,-17.63131765,0.0,0.0,0.0
vacancy_O3,O3 vacancy,octahedral,2,13;9,5.35951765,-12.2547,-17.61421765,0.0,0.0,0.0
vacancy_O3,O3 vacancy,octahedral,2,13;9,5.35951765,-12.2377,-17.59721765,0.0,0.0,0.0
vacancy_O3,O3 vacancy,octahedral,2,13;9,5.35951765,-12.2206,-17.58011765,0.0,0.0,0.0
vacancy_O3,O3 vacancy,octahedral,2,13;9,5.35951765,-12.2036,-17.56311765,0.0,0.0,0.0
vacancy_O3,O3 vacancy,octahedral,2,13;9,5.35951765,-12.1865,-17.54601765,0.0,0.0,0.0
vacancy_O3,O3 vacancy,octahedral,2,13;9,5.35951765,-12.1695,-17.52901765,0.0,0.0,0.0
vacancy_O3,O3 vacancy,octahedral,2,13;9,5.35951765,-12.1524,-17.51191765,0.0,0.0,0.0
vacancy_O3,O3 vacancy,octahedral,2,13;9,5.35951765,-12.1354,-17.49491765,0.0,0.0,0.0
vacancy_O3,O3 vacancy,octahedral,2,13;9,5.35951765,-12.1183,-17.47781765,0.0,0.0,0.0
vacancy_O3,O3 vacancy,octahedral,2,13;9,5.35951765,-12.1013,-17.46081765,0.0,0.0,0.0
vacancy_O3,O3 vacancy,octahedral,2,13;9,5.35951765,-12.0842,-17.44371765,0.0,0.0,0.0
vacancy_O3,O3 vacancy,octahedral,2,13;9,5.35951765,-12.0672,-17.42671765,0.0,0.0,0.0
vacancy_O3,O3 vacancy,octahedral,2,13;9,5.35951765,-12.0501,-17.40961765,0.0,0.0,0.0
vacancy_O3,O3 vacancy,octahedral,2,13;9,5.35951765,-12.0331,-17.39261765,0.0,0.0,0.0
vacancy_O3,O3 vacancy,octahedral,2,13;9,5.35951765,-12.016,-17.37551765,0.0,0.0,0.0
vacancy_O3,O3 vacancy,octahedral,2,13;9,5.35951765,-11.999,-17.35851765,0.0,0.0,0.0
vacancy_O3,O3 vacancy,octahedral,2,13;9,5.35951765,-11.9819,-17.34141765,0.0,0.0,0.0
vacancy_O3,O3 vacancy,octahedral,2,13;9,5.35951765,-11.9649,-17.32441765,0.0,0.0,0.0
vacancy_O3,O3 vacancy,octahedral,2,13;9,5.35951765,-11.9478,-17.30731765,0.0,0.0,0.0
vacancy_O3,O3 vacancy,octahedral,2,13;9,5.35951765,-11.9308,-17.29031765,0.0,0.0,0.0
vacancy_O3,O3 vacancy,octahedral,2,13;9,5.35951765,-11.9137,-17.27321765,0.0,0.0,0.0
vacancy_O3,O3 vacancy,octahedral,2,13;9,5.35951765,-11.8967,-17.25621765,0.0,0.0,0.0
vacancy_O3,O3 vacancy,octahedral,2,13;9,5.35951765,-11.8796,-17.23911765,0.0,0.0,0.0
vacancy_O3,O3 vacancy,octahedral,2,13;9,5.35951765,-11.8626,-17.22211765,0.0,0.0,0.0
vacancy_O3,O3 vacancy,octahedral,2,13;9,5.35951765,-11.8455,-17.20501765,0.0,0.0,0.0
vacancy_O3,O3 vacancy,octahedral,2,13;9,5.35951765,-11.8285,-17.18801765,0.0,0.0,0.0
vacancy_O3,O3 vacancy,octahedral,2,13;9,5.35951765,-11.8114,-17.17091765,0.0,0.0,0.0
vacancy_O3,O3 vacancy,octahedral,2,13;9,5.35951765,-11.7944,-17.15391765,0.0,0.0,0.0
vacancy_O3,O3 vacancy,octahedral,2,13;9,5.35951765,-11.7773,-17.13681765,0.0,0.0,0.0
vacancy_O3,O3 vacancy,octahedral,2,13;9,5.35951765,-11.7603,-17.11981765,0.0,0.0,0.0
vacancy_O3,O3 vacancy,octahedral,2,13;9,5.35951765,-11.7432,-17.10271765,0.0,0.0,0.0
vacancy_O3,O3 vacancy,octahedral,2,13;9,5.35951765,-11.7262,-17.08571765,0.0,0.0,0.0
vacancy_O3,O3 vacancy,octahedral,2,13;9,5.35951765,-11.7091,-17.06861765,0.0,0.0,0.0
vacancy_O3,O3 vacancy,octahedral,2,13;9,5.35951765,-11.692,-17.05151765,0.0,0.0,0.0
vacancy_O3,O3 vacancy,octahedral,2,13;9,5.35951765,-11.675,-17.03451765,0.0,0.0,0.0
vacancy_O3,O3 vacancy,octahedral,2,13;9,5.35951765,-11.6579,-17.01741765,0.0,0.0,0.0
vacancy_O3,O3 vacancy,octahedral,2,13;9,5.35951765,-11.6409,-17.00041765,0.0,0.0,0.0
vacancy_O3,O3 vacancy,octahedral,2,13;9,5.35951765,-11.6238,-16.98331765,0.0,0.0,0.0
vacancy_O3,O3 vacancy,octahedral,2,13;9,5.35951765,-11.6068,-16.96631765,0.0,0.0,0.0
vacancy_O3,O3 vacancy,octahedral,2,13;9,5.35951765,-11.5897,-16.94921765,0.0,0.0,0.0
vacancy_O3,O3 vacancy,octahedral,2,13;9,5.35951765,-11.5727,-16.93221765,0.0,0.0,0.0
vacancy_O3,O3 vacancy,octahedral,2,13;9,5.35951765,-11.5556,-16.91511765,0.0,0.0,0.0
vacancy_O3,O3 vacancy,octahedral,2,13;9,5.35951765,-11.5386,-16.89811765,0.0,0.0,0.0
vacancy_O3,O3 vacancy,octahedral,2,13;9,5.35951765,-11.5215,-16.88101765,0.0,0.0,0.0
vacancy_O3,O3 vacancy,octahedral,2,13;9,5.35951765,-11.5045,-16.86401765,0.0,0.0,0.0
vacancy_O3,O3 vacancy,octahedral,2,13;9,5.35951765,-11.4874,-16.846917649999998,0.0,0.0,0.0
vacancy_O3,O3 vacancy,octahedral,2,13;9,5.35951765,-11.4704,-16.82991765,0.0,0.0,0.0
vacancy_O3,O3 vacancy,octahedral,2,13;9,5.35951765,-11.4533,-16.81281765,0.0,0.0,0.0
vacancy_O3,O3 vacancy,octahedral,2,13;9,5.35951765,-11.4363,-16.79581765,0.0,0.0,0.0
vacancy_O3,O3 vacancy,octahedral,2,13;9,5.35951765,-11.4192,-16.77871765,0.0,0.0,0.0
vacancy_O3,O3 vacancy,octahedral,2,13;9,5.35951765,-11.4022,-16.76171765,0.0,0.0,0.0
vacancy_O3,O3 vacancy,octahedral,2,13;9,5.35951765,-11.3851,-16.74461765,0.0,0.0,0.0
vacancy_O3,O3 vacancy,octahedral,2,13;9,5.35951765,-11.3681,-16.72761765,0.0,0.0,0.0
vacancy_O3,O3 vacancy,octahedral,2,13;9,5.35951765,-11.351,-16.71051765,0.0,0.0,0.0
vacancy_O3,O3 vacancy,octahedral,2,13;9,5.35951765,-11.334,-16.69351765,0.0,0.0,0.0
vacancy_O3,O3 vacancy,octahedral,2,13;9,5.35951765,-11.3169,-16.67641765,0.0,0.0,0.0
vacancy_O3,O3 vacancy,octahedral,2,13;9,5.35951765,-11.2999,-16.659417649999998,0.0,0.0,0.0
vacancy_O3,O3 vacancy,octahedral,2,13;9,5.35951765,-11.2828,-16.64231765,0.0,0.0,0.0
vacancy_O3,O3 vacancy,octahedral,2,13;9,5.35951765,-11.2658,-16.62531765,0.0,0.0,0.0
vacancy_O3,O3 vacancy,octahedral,2,13;9,5.35951765,-11.2487,-16.60821765,0.0,0.0,0.0
vacancy_O3,O3 vacancy,octahedral,2,13;9,5.35951765,-11.2317,-16.59121765,0.0,0.0,0.0
vacancy_O3,O3 vacancy,octahedral,2,13;9,5.35951765,-11.2146,-16.57411765,0.0,0.0,0.0
vacancy_O3,O3 vacancy,octahedral,2,13;9,5.35951765,-11.1976,-16.55711765,0.0,0.0,0.0
vacancy_O3,O3 vacancy,octahedral,2,13;9,5.35951765,-11.1805,-16.54001765,0.0,0.0,0.0
vacancy_O3,O3 vacancy,octahedral,2,13;9,5.35951765,-11.1634,-16.52291765,0.0,0.0,0.0
vacancy_O3,O3 vacancy,octahedral,2,13;9,5.35951765,-11.1464,-16.50591765,0.0,0.0,0.0
vacancy_O3,O3 vacancy,octahedral,2,13;9,5.35951765,-11.1293,-16.48881765,0.0,0.0,0.0
vacancy_O3,O3 vacancy,octahedral,2,13;9,5.35951765,-11.1123,-16.47181765,0.0,0.0,0.0
vacancy_O3,O3 vacancy,octahedral,2,13;9,5.35951765,-11.0952,-16.45471765,0.0,0.0,0.0
vacancy_O3,O3 vacancy,octahedral,2,13;9,5.35951765,-11.0782,-16.43771765,0.0,0.0,0.0
vacancy_O3,O3 vacancy,octahedral,2,13;9,5.35951765,-11.0611,-16.42061765,0.0,0.0,0.0
vacancy_O3,O3 vacancy,octahedral,2,13;9,5.35951765,-11.0441,-16.40361765,0.0,0.0,0.0
vacancy_O3,O3 vacancy,octahedral,2,13;9,5.35951765,-11.027,-16.38651765,0.0,0.0,0.0
vacancy_O3,O3 vacancy,octahedral,2,13;9,5.35951765,-11.01,-16.36951765,0.0,0.0,0.0
vacancy_O3,O3 vacancy,octahedral,2,13;9,5.35951765,-10.9929,-16.35241765,0.0,0.0,0.0
vacancy_O3,O3 vacancy,octahedral,2,13;9,5.35951765,-10.9759,-16.33541765,0.0,0.0,0.0
vacancy_O3,O3 vacancy,octahedral,2,13;9,5.35951765,-10.9588,-16.31831765,0.0,0.0,0.0
vacancy_O3,O3 vacancy,octahedral,2,13;9,5.35951765,-10.9418,-16.30131765,0.0,0.0,0.0
vacancy_O3,O3 vacancy,octahedral,2,13;9,5.35951765,-10.9247,-16.28421765,0.0,0.0,0.0
vacancy_O3,O3 vacancy,octahedral,2,13;9,5.35951765,-10.9077,-16.26721765,0.0,0.0,0.0
vacancy_O3,O3 vacancy,octahedral,2,13;9,5.35951765,-10.8906,-16.25011765,0.0,0.0,0.0
vacancy_O3,O3 vacancy,octahedral,2,13;9,5.35951765,-10.8736,-16.23311765,0.0,0.0,0.0
vacancy_O3,O3 vacancy,octahedral,2,13;9,5.35951765,-10.8565,-16.21601765,0.0,0.0,0.0
vacancy_O3,O3 vacancy,octahedral,2,13;9,5.35951765,-10.8395,-16.19901765,0.0,0.0,0.0
vacancy_O3,O3 vacancy,octahedral,2,13;9,5.35951765,-10.8224,-16.18191765,0.0,0.0,0.0
vacancy_O3,O3 vacancy,octahedral,2,13;9,5.35951765,-10.8054,-16.16491765,0.0,0.0,0.0
vacancy_O3,O3 vacancy,octahedral,2,13;9,5.35951765,-10.7883,-16.14781765,0.0,0.0,0.0
vacancy_O3,O3 vacancy,octahedral,2,13;9,5.35951765,-10.7713,-16.13081765,0.0,0.0,0.0
vacancy_O3,O3 vacancy,octahedral,2,13;9,5.35951765,-10.7542,-16.11371765,0.0,0.0,0.0
vacancy_O3,O3 vacancy,octahedral,2,13;9,5.35951765,-10.7372,-16.09671765,0.0,0.0,0.0
vacancy_O3,O3 vacancy,octahedral,2,13;9,5.35951765,-10.7201,-16.07961765,0.0,0.0,0.0
vacancy_O3,O3 vacancy,octahedral,2,13;9,5.35951765,-10.7031,-16.06261765,0.0,0.0,0.0
vacancy_O3,O3 vacancy,octahedral,2,13;9,5.35951765,-10.686,-16.04551765,0.0,0.0,0.0
vacancy_O3,O3 vacancy,octahedral,2,13;9,5.35951765,-10.669,-16.02851765,0.0,0.0,0.0
vacancy_O3,O3 vacancy,octahedral,2,13;9,5.35951765,-10.6519,-16.01141765,0.0,0.0,0.0
vacancy_O3,O3 vacancy,octahedral,2,13;9,5.35951765,-10.6349,-15.994417649999999,0.0,0.0,0.0
vacancy_O3,O3 vacancy,octahedral,2,13;9,5.35951765,-10.6178,-15.97731765,0.0,0.0,0.0
vacancy_O3,O3 vacancy,octahedral,2,13;9,5.35951765,-10.6007,-15.96021765,0.0,0.0,0.0
vacancy_O3,O3 vacancy,octahedral,2,13;9,5.35951765,-10.5837,-15.943217650000001,0.0,0.0,0.0
vacancy_O3,O3 vacancy,octahedral,2,13;9,5.35951765,-10.5666,-15.926117649999998,0.0,0.0,0.0
vacancy_O3,O3 vacancy,octahedral,2,13;9,5.35951765,-10.5496,-15.909117649999999,0.0,0.0,0.0
vacancy_O3,O3 vacancy,octahedral,2,13;9,5.35951765,-10.5325,-15.89201765,0.0,0.0,0.0
vacancy_O3,O3 vacancy,octahedral,2,13;9,5.35951765,-10.5155,-15.87501765,0.0,0.0,0.0
vacancy_O3,O3 vacancy,octahedral,2,13;9,5.35951765,-10.4984,-15.857917650000001,0.0,0.0,0.0
vacancy_O3,O3 vacancy,octahedral,2,13;9,5.35951765,-10.4814,-15.840917650000002,0.0,0.0,0.0
vacancy_O3,O3 vacancy,octahedral,2,13;9,5.35951765,-10.4643,-15.823817649999999,0.0,0.0,0.0
vacancy_O3,O3 vacancy,octahedral,2,13;9,5.35951765,-10.4473,-15.80681765,0.0,0.0,0.0
vacancy_O3,O3 vacancy,octahedral,2,13;9,5.35951765,-10.4302,-15.78971765,0.0,0.0,0.0
vacancy_O3,O3 vacancy,octahedral,2,13;9,5.35951765,-10.4132,-15.77271765,0.0,0.0,0.0
vacancy_O3,O3 vacancy,octahedral,2,13;9,5.35951765,-10.3961,-15.755617650000001,0.0,0.0,0.0
vacancy_O3,O3 vacancy,octahedral,2,13;9,5.35951765,-10.3791,-15.738617649999998,0.0,0.0,0.0
vacancy_O3,O3 vacancy,octahedral,2,13;9,5.35951765,-10.362,-15.72151765,0.0,0.0,0.0
vacancy_O3,O3 vacancy,octahedral,2,13;9,5.35951765,-10.345,-15.70451765,0.0,0.0,0.0
vacancy_O3,O3 vacancy,octahedral,2,13;9,5.35951765,-10.3279,-15.68741765,0.0,0.0,0.0
vacancy_O3,O3 vacancy,octahedral,2,13;9,5.35951765,-10.3109,-15.670417650000001,0.0,0.0,0.0
vacancy_O3,O3 vacancy,octahedral,2,13;9,5.35951765,-10.2938,-15.653317649999998,0.0,0.0,0.0
vacancy_O3,O3 vacancy,octahedral,2,13;9,5.35951765,-10.2768,-15.636317649999999,0.0,0.0,0.0
vacancy_O3,O3 vacancy,octahedral,2,13;9,5.35951765,-10.2597,-15.61921765,0.0,0.0,0.0
vacancy_O3,O3 vacancy,octahedral,2,13;9,5.35951765,-10.2427,-15.60221765,0.0,0.0,0.0
vacancy_O3,O3 vacancy,octahedral,2,13;9,5.35951765,-10.2256,-15.58511765,0.0,0.0,0.0
vacancy_O3,O3 vacancy,octahedral,2,13;9,5.35951765,-10.2086,-15.568117650000001,0.0,0.0,0.0
vacancy_O3,O3 vacancy,octahedral,2,13;9,5.35951765,-10.1915,-15.551017649999999,0.0,0.0,0.0
vacancy_O3,O3 vacancy,octahedral,2,13;9,5.35951765,-10.1745,-15.53401765,0.0,0.0,0.0
vacancy_O3,O3 vacancy,octahedral,2,13;9,5.35951765,-10.1574,-15.51691765,0.0,0.0,0.0
vacancy_O3,O3 vacancy,octahedral,2,13;9,5.35951765,-10.1404,-15.49991765,0.0,0.0,0.0
vacancy_O3,O3 vacancy,octahedral,2,13;9,5.35951765,-10.1233,-15.482817650000001,0.0,0.0,0.0
vacancy_O3,O3 vacancy,octahedral,2,13;9,5.35951765,-10.1063,-15.465817649999998,0.0,0.0,0.0
vacancy_O3,O3 vacancy,octahedral,2,13;9,5.35951765,-10.0892,-15.448717649999999,0.0,0.0,0.0
vacancy_O3,O3 vacancy,octahedral,2,13;9,5.35951765,-10.0721,-15.43161765,0.0,0.0,0.0
vacancy_O3,O3 vacancy,octahedral,2,13;9,5.35951765,-10.0551,-15.41461765,0.0,0.0,0.0
vacancy_O3,O3 vacancy,octahedral,2,13;9,5.35951765,-10.038,-15.397517650000001,0.0,0.0,0.0
vacancy_O3,O3 vacancy,octahedral,2,13;9,5.35951765,-10.021,-15.380517650000002,0.0,0.0,0.0
vacancy_O3,O3 vacancy,octahedral,2,13;9,5.35951765,-10.0039,-15.363417649999999,0.0,0.0,0.0
vacancy_O3,O3 vacancy,octahedral,2,13;9,5.35951765,-9.9869,-15.34641765,0.0,0.0,0.0
vacancy_O3,O3 vacancy,octahedral,2,13;9,5.35951765,-9.9698,-15.32931765,0.0,0.0,0.0
vacancy_O3,O3 vacancy,octahedral,2,13;9,5.35951765,-9.9528,-15.31231765,0.0,0.0,0.0
vacancy_O3,O3 vacancy,octahedral,2,13;9,5.35951765,-9.9357,-15.295217650000001,0.0,0.0,0.0
vacancy_O3,O3 vacancy,octahedral,2,13;9,5.35951765,-9.9187,-15.278217649999998,0.0,0.0,0.0
vacancy_O3,O3 vacancy,octahedral,2,13;9,5.35951765,-9.9016,-15.26111765,0.0,0.0,0.0
vacancy_O3,O3 vacancy,octahedral,2,13;9,5.35951765,-9.8846,-15.24411765,0.0,0.0,0.0
vacancy_O3,O3 vacancy,octahedral,2,13;9,5.35951765,-9.8675,-15.22701765,0.0,0.0,0.0
vacancy_O3,O3 vacancy,octahedral,2,13;9,5.35951765,-9.8505,-15.210017650000001,0.0,0.0,0.0
vacancy_O3,O3 vacancy,octahedral,2,13;9,5.35951765,-9.8334,-15.192917649999998,0.0,0.0,0.0
vacancy_O3,O3 vacancy,octahedral,2,13;9,5.35951765,-9.8164,-15.175917649999999,0.0,0.0,0.0
vacancy_O3,O3 vacancy,octahedral,2,13;9,5.35951765,-9.7993,-15.15881765,0.0,0.0,0.0
vacancy_O3,O3 vacancy,octahedral,2,13;9,5.35951765,-9.7823,-15.14181765,0.0,0.0,0.0
vacancy_O3,O3 vacancy,octahedral,2,13;9,5.35951765,-9.7652,-15.124717650000001,0.0,0.0,0.0
vacancy_O3,O3 vacancy,octahedral,2,13;9,5.35951765,-9.7482,-15.107717650000001,0.0,0.0,0.0
vacancy_O3,O3 vacancy,octahedral,2,13;9,5.35951765,-9.7311,-15.090617649999999,0.0,0.0,0.0
vacancy_O3,O3 vacancy,octahedral,2,13;9,5.35951765,-9.7141,-15.07361765,0.0,0.0,0.0
vacancy_O3,O3 vacancy,octahedral,2,13;9,5.35951765,-9.697,-15.05651765,0.0,0.0,0.0
vacancy_O3,O3 vacancy,octahedral,2,13;9,5.35951765,-9.68,-15.03951765,0.0,0.0,0.0
vacancy_O3,O3 vacancy,octahedral,2,13;9,5.35951765,-9.6629,-15.022417650000001,0.0,0.0,0.0
vacancy_O3,O3 vacancy,octahedral,2,13;9,5.35951765,-9.6459,-15.005417649999998,0.0,0.0,0.0
vacancy_O3,O3 vacancy,octahedral,2,13;9,5.35951765,-9.6288,-14.988317649999999,0.0,0.0,0.0
vacancy_O3,O3 vacancy,octahedral,2,13;9,5.35951765,-9.6118,-14.97131765,0.0,0.0,0.0
vacancy_O3,O3 vacancy,octahedral,2,13;9,5.35951765,-9.5947,-14.95421765,0.0,0.0,0.0001
vacancy_O3,O3 vacancy,octahedral,2,13;9,5.35951765,-9.5777,-14.937217650000001,0.0,0.0,0.0005
vacancy_O3,O3 vacancy,octahedral,2,13;9,5.35951765,-9.5606,-14.920117650000002,0.0,0.0,0.00145
vacancy_O3,O3 vacancy,octahedral,2,13;9,5.35951765,-9.5435,-14.903017649999999,0.0,0.0,0.00345
vacancy_O3,O3 vacancy,octahedral,2,13;9,5.35951765,-9.5265,-14.88601765,0.0,0.0,0.008400000000000001
vacancy_O3,O3 vacancy,octahedral,2,13;9,5.35951765,-9.5094,-14.86891765,0.0,0.0,0.0187
vacancy_O3,O3 vacancy,octahedral,2,13;9,5.35951765,-9.4924,-14.85191765,0.0,0.0,0.03965
vacancy_O3,O3 vacancy,octahedral,2,13;9,5.35951765,-9.4753,-14.834817650000002,0.0,0.0,0.08015
vacancy_O3,O3 vacancy,octahedral,2,13;9,5.35951765,-9.4583,-14.817817649999999,0.0,0.0,0.15475
vacancy_O3,O3 vacancy,octahedral,2,13;9,5.35951765,-9.4412,-14.80071765,0.0001,0.0001,0.2852
vacancy_O3,O3 vacancy,octahedral,2,13;9,5.35951765,-9.4242,-14.78371765,0.0002,0.0001,0.5032000000000001
vacancy_O3,O3 vacancy,octahedral,2,13;9,5.35951765,-9.4071,-14.76661765,0.0003,0.00025,0.8509
vacancy_O3,O3 vacancy,octahedral,2,13;9,5.35951765,-9.3901,-14.749617650000001,0.0005,0.00039999999999999996,1.3816000000000002
vacancy_O3,O3 vacancy,octahedral,2,13;9,5.35951765,-9.373,-14.732517649999998,0.0009,0.0007000000000000001,2.1571
vacancy_O3,O3 vacancy,octahedral,2,13;9,5.35951765,-9.356,-14.715517649999999,0.0014,0.001,3.2424999999999997
vacancy_O3,O3 vacancy,octahedral,2,13;9,5.35951765,-9.3389,-14.69841765,0.0021,0.0014,4.69735
vacancy_O3,O3 vacancy,octahedral,2,13;9,5.35951765,-9.3219,-14.68141765,0.003,0.0018499999999999999,6.562150000000001
vacancy_O3,O3 vacancy,octahedral,2,13;9,5.35951765,-9.3048,-14.664317650000001,0.0042,0.0024,8.844249999999999
vacancy_O3,O3 vacancy,octahedral,2,13;9,5.35951765,-9.2878,-14.647317650000002,0.0056,0.0030499999999999998,11.503
vacancy_O3,O3 vacancy,octahedral,2,13;9,5.35951765,-9.2707,-14.630217649999999,0.0071,0.0038000000000000004,14.4409
vacancy_O3,O3 vacancy,octahedral,2,13;9,5.35951765,-9.2537,-14.61321765,0.0086,0.00465,17.5047
vacancy_O3,O3 vacancy,octahedral,2,13;9,5.35951765,-9.2366,-14.59611765,0.01005,0.005649999999999999,20.49855
vacancy_O3,O3 vacancy,octahedral,2,13;9,5.35951765,-9.2196,-14.57911765,0.0113,0.006500000000000001,23.211
vacancy_O3,O3 vacancy,octahedral,2,13;9,5.35951765,-9.2025,-14.562017650000001,0.0123,0.0072,25.44645
vacancy_O3,O3 vacancy,octahedral,2,13;9,5.35951765,-9.1855,-14.545017649999998,0.0129,0.008,27.05825
vacancy_O3,O3 vacancy,octahedral,2,13;9,5.35951765,-9.1684,-14.52791765,0.0133,0.0086,27.96935
vacancy_O3,O3 vacancy,octahedral,2,13;9,5.35951765,-9.1514,-14.51091765,0.01335,0.00895,28.17945
vacancy_O3,O3 vacancy,octahedral,2,13;9,5.35951765,-9.1343,-14.49381765,0.0132,0.0091,27.754550000000002
vacancy_O3,O3 vacancy,octahedral,2,13;9,5.35951765,-9.1173,-14.476817650000001,0.0129,0.0092,26.80625
vacancy_O3,O3 vacancy,octahedral,2,13;9,5.35951765,-9.1002,-14.459717649999998,0.0125,0.0091,25.465400000000002
vacancy_O3,O3 vacancy,octahedral,2,13;9,5.35951765,-9.0832,-14.442717649999999,0.0122,0.00885,23.8594
vacancy_O3,O3 vacancy,octahedral,2,13;9,5.35951765,-9.0661,-14.42561765,0.01185,0.0086,22.097499999999997
vacancy_O3,O3 vacancy,octahedral,2,13;9,5.35951765,-9.0491,-14.40861765,0.0116,0.0085,20.26425
vacancy_O3,O3 vacancy,octahedral,2,13;9,5.35951765,-9.032,-14.39151765,0.0115,0.0083,18.42105
vacancy_O3,O3 vacancy,octahedral,2,13;9,5.35951765,-9.015,-14.374517650000001,0.01145,0.008400000000000001,16.6111
vacancy_O3,O3 vacancy,octahedral,2,13;9,5.35951765,-8.9979,-14.357417649999999,0.01145,0.0085,14.8652
vacancy_O3,O3 vacancy,octahedral,2,13;9,5.35951765,-8.9808,-14.34031765,0.0115,0.0088,13.206949999999999
vacancy_O3,O3 vacancy,octahedral,2,13;9,5.35951765,-8.9638,-14.32331765,0.01145,0.0091,11.654900000000001
vacancy_O3,O3 vacancy,octahedral,2,13;9,5.35951765,-8.9467,-14.30621765,0.0114,0.00935,10.22375
vacancy_O3,O3 vacancy,octahedral,2,13;9,5.35951765,-8.9297,-14.289217650000001,0.0113,0.0097,8.924199999999999
vacancy_O3,O3 vacancy,octahedral,2,13;9,5.35951765,-8.9126,-14.272117649999998,0.0112,0.01005,7.7612
vacancy_O3,O3 vacancy,octahedral,2,13;9,5.35951765,-8.8956,-14.255117649999999,0.0111,0.0103,6.7345
vacancy_O3,O3 vacancy,octahedral,2,13;9,5.35951765,-8.8785,-14.23801765,0.0111,0.01055,5.83775
vacancy_O3,O3 vacancy,octahedral,2,13;9,5.35951765,-8.8615,-14.22101765,0.011,0.01085,5.0601
vacancy_O3,O3 vacancy,octahedral,2,13;9,5.35951765,-8.8444,-14.203917650000001,0.0111,0.011,4.38785
vacancy_O3,O3 vacancy,octahedral,2,13;9,5.35951765,-8.8274,-14.186917650000002,0.0113,0.011349999999999999,3.8076499999999998
vacancy_O3,O3 vacancy,octahedral,2,13;9,5.35951765,-8.8103,-14.169817649999999,0.0116,0.011699999999999999,3.3075499999999995
vacancy_O3,O3 vacancy,octahedral,2,13;9,5.35951765,-8.7933,-14.15281765,0.012,0.012,2.8781499999999998
vacancy_O3,O3 vacancy,octahedral,2,13;9,5.35951765,-8.7762,-14.13571765,0.0125,0.012299999999999998,2.51295
vacancy_O3,O3 vacancy,octahedral,2,13;9,5.35951765,-8.7592,-14.11871765,0.0131,0.0127,2.2069
vacancy_O3,O3 vacancy,octahedral,2,13;9,5.35951765,-8.7421,-14.101617650000001,0.0136,0.0132,1.9552999999999998
vacancy_O3,O3 vacancy,octahedral,2,13;9,5.35951765,-8.7251,-14.084617649999998,0.0141,0.013600000000000001,1.75225
vacancy_O3,O3 vacancy,octahedral,2,13;9,5.35951765,-8.708,-14.06751765,0.0145,0.0139,1.59145
vacancy_O3,O3 vacancy,octahedral,2,13;9,5.35951765,-8.691,-14.05051765,0.0147,0.013999999999999999,1.46505
vacancy_O3,O3 vacancy,octahedral,2,13;9,5.35951765,-8.6739,-14.03341765,0.0148,0.014049999999999998,1.36605
vacancy_O3,O3 vacancy,octahedral,2,13;9,5.35951765,-8.6569,-14.016417650000001,0.0148,0.0138,1.2877999999999998
vacancy_O3,O3 vacancy,octahedral,2,13;9,5.35951765,-8.6398,-13.999317649999998,0.0146,0.0136,1.2256
vacancy_O3,O3 vacancy,octahedral,2,13;9,5.35951765,-8.6228,-13.982317649999999,0.0144,0.0132,1.17685
vacancy_O3,O3 vacancy,octahedral,2,13;9,5.35951765,-8.6057,-13.96521765,0.0142,0.01285,1.1404
vacancy_O3,O3 vacancy,octahedral,2,13;9,5.35951765,-8.5887,-13.94821765,0.0141,0.01255,1.11715
vacancy_O3,O3 vacancy,octahedral,2,13;9,5.35951765,-8.5716,-13.931117650000001,0.014,0.01235,1.1084
vacancy_O3,O3 vacancy,octahedral,2,13;9,5.35951765,-8.5546,-13.914117650000001,0.01405,0.01225,1.11615
vacancy_O3,O3 vacancy,octahedral,2,13;9,5.35951765,-8.5375,-13.897017649999999,0.0142,0.01245,1.1418
vacancy_O3,O3 vacancy,octahedral,2,13;9,5.35951765,-8.5205,-13.88001765,0.01455,0.012900000000000002,1.1856
vacancy_O3,O3 vacancy,octahedral,2,13;9,5.35951765,-8.5034,-13.86291765,0.015,0.01335,1.2458
vacancy_O3,O3 vacancy,octahedral,2,13;9,5.35951765,-8.4864,-13.84591765,0.0155,0.01405,1.31855
vacancy_O3,O3 vacancy,octahedral,2,13;9,5.35951765,-8.4693,-13.828817650000001,0.016,0.014849999999999999,1.39705
vacancy_O3,O3 vacancy,octahedral,2,13;9,5.35951765,-8.4522,-13.811717649999999,0.01645,0.0156,1.4734
vacancy_O3,O3 vacancy,octahedral,2,13;9,5.35951765,-8.4352,-13.794717649999999,0.01675,0.016149999999999998,1.5389499999999998
vacancy_O3,O3 vacancy,octahedral,2,13;9,5.35951765,-8.4181,-13.77761765,0.0168,0.0166,1.5861
vacancy_O3,O3 vacancy,octahedral,2,13;9,5.35951765,-8.4011,-13.76061765,0.0166,0.0166,1.6097
vacancy_O3,O3 vacancy,octahedral,2,13;9,5.35951765,-8.384,-13.743517650000001,0.016,0.016399999999999998,1.6078000000000001
vacancy_O3,O3 vacancy,octahedral,2,13;9,5.35951765,-8.367,-13.726517650000002,0.0152,0.01575,1.5813000000000001
vacancy_O3,O3 vacancy,octahedral,2,13;9,5.35951765,-8.3499,-13.709417649999999,0.0142,0.0149,1.5341
vacancy_O3,O3 vacancy,octahedral,2,13;9,5.35951765,-8.3329,-13.69241765,0.0132,0.013949999999999999,1.4715
vacancy_O3,O3 vacancy,octahedral,2,13;9,5.35951765,-8.3158,-13.67531765,0.0121,0.013000000000000001,1.39935
vacancy_O3,O3 vacancy,octahedral,2,13;9,5.35951765,-8.2988,-13.65831765,0.0111,0.011899999999999999,1.3230499999999998
vacancy_O3,O3 vacancy,octahedral,2,13;9,5.35951765,-8.2817,-13.641217650000002,0.0102,0.0109,1.2476
vacancy_O3,O3 vacancy,octahedral,2,13;9,5.35951765,-8.2647,-13.624217649999999,0.0095,0.01015,1.17635
vacancy_O3,O3 vacancy,octahedral,2,13;9,5.35951765,-8.2476,-13.60711765,0.009,0.00945,1.112
vacancy_O3,O3 vacancy,octahedral,2,13;9,5.35951765,-8.2306,-13.59011765,0.0087,0.009000000000000001,1.0559500000000002
vacancy_O3,O3 vacancy,octahedral,2,13;9,5.35951765,-8.2135,-13.57301765,0.0086,0.0087,1.0083
vacancy_O3,O3 vacancy,octahedral,2,13;9,5.35951765,-8.1965,-13.556017650000001,0.0086,0.0084,0.96855
vacancy_O3,O3 vacancy,octahedral,2,13;9,5.35951765,-8.1794,-13.538917649999998,0.0087,0.00825,0.9352
vacancy_O3,O3 vacancy,octahedral,2,13;9,5.35951765,-8.1624,-13.521917649999999,0.00885,0.0081,0.90615
vacancy_O3,O3 vacancy,octahedral,2,13;9,5.35951765,-8.1453,-13.50481765,0.009,0.008,0.8791
vacancy_O3,O3 vacancy,octahedral,2,13;9,5.35951765,-8.1283,-13.48781765,0.0091,0.00805,0.85185
vacancy_O3,O3 vacancy,octahedral,2,13;9,5.35951765,-8.1112,-13.470717650000001,0.009,0.0079,0.8223
vacancy_O3,O3 vacancy,octahedral,2,13;9,5.35951765,-8.0942,-13.453717650000002,0.0088,0.00775,0.7890499999999998
vacancy_O3,O3 vacancy,octahedral,2,13;9,5.35951765,-8.0771,-13.436617649999999,0.0084,0.00745,0.7513000000000001
vacancy_O3,O3 vacancy,octahedral,2,13;9,5.35951765,-8.0601,-13.41961765,0.0079,0.0071,0.7092499999999999
vacancy_O3,O3 vacancy,octahedral,2,13;9,5.35951765,-8.043,-13.40251765,0.0072,0.00675,0.6637
vacancy_O3,O3 vacancy,octahedral,2,13;9,5.35951765,-8.026,-13.38551765,0.0065,0.0063999999999999994,0.61555
vacancy_O3,O3 vacancy,octahedral,2,13;9,5.35951765,-8.0089,-13.368417650000001,0.0058,0.00595,0.5664
vacancy_O3,O3 vacancy,octahedral,2,13;9,5.35951765,-7.9919,-13.35141765,0.0051,0.005599999999999999,0.51715
vacancy_O3,O3 vacancy,octahedral,2,13;9,5.35951765,-7.9748,-13.33431765,0.0045,0.0052,0.4686
vacancy_O3,O3 vacancy,octahedral,2,13;9,5.35951765,-7.9578,-13.31731765,0.0039,0.00465,0.4209
vacancy_O3,O3 vacancy,octahedral,2,13;9,5.35951765,-7.9407,-13.30021765,0.0033,0.00425,0.37424999999999997
vacancy_O3,O3 vacancy,octahedral,2,13;9,5.35951765,-7.9237,-13.283217650000001,0.0028,0.0038000000000000004,0.32855
vacancy_O3,O3 vacancy,octahedral,2,13;9,5.35951765,-7.9066,-13.26611765,0.0024,0.0032500000000000003,0.28415
vacancy_O3,O3 vacancy,octahedral,2,13;9,5.35951765,-7.8895,-13.249017649999999,0.0019,0.0029,0.24135
vacancy_O3,O3 vacancy,octahedral,2,13;9,5.35951765,-7.8725,-13.23201765,0.0016,0.00245,0.20120000000000002
vacancy_O3,O3 vacancy,octahedral,2,13;9,5.35951765,-7.8554,-13.21491765,0.0012,0.0020499999999999997,0.1644
vacancy_O3,O3 vacancy,octahedral,2,13;9,5.35951765,-7.8384,-13.19791765,0.001,0.00165,0.1317
vacancy_O3,O3 vacancy,octahedral,2,13;9,5.35951765,-7.8213,-13.18081765,0.0007,0.0013,0.1035
vacancy_O3,O3 vacancy,octahedral,2,13;9,5.35951765,-7.8043,-13.163817649999999,0.0005,0.001,0.0799
vacancy_O3,O3 vacancy,octahedral,2,13;9,5.35951765,-7.7872,-13.14671765,0.0004,0.00085,0.0606
vacancy_O3,O3 vacancy,octahedral,2,13;9,5.35951765,-7.7702,-13.12971765,0.0003,0.0006000000000000001,0.04535
vacancy_O3,O3 vacancy,octahedral,2,13;9,5.35951765,-7.7531,-13.11261765,0.0002,0.0005,0.033100000000000004
vacancy_O3,O3 vacancy,octahedral,2,13;9,5.35951765,-7.7361,-13.095617650000001,0.0001,0.00035000000000000005,0.0238
vacancy_O3,O3 vacancy,octahedral,2,13;9,5.35951765,-7.719,-13.07851765,0.0001,0.00015000000000000001,0.01675
vacancy_O3,O3 vacancy,octahedral,2,13;9,5.35951765,-7.702,-13.061517649999999,0.0,0.00015000000000000001,0.011449999999999998
vacancy_O3,O3 vacancy,octahedral,2,13;9,5.35951765,-7.6849,-13.04441765,0.0,5e-05,0.0076
vacancy_O3,O3 vacancy,octahedral,2,13;9,5.35951765,-7.6679,-13.02741765,0.0,0.0,0.00485
vacancy_O3,O3 vacancy,octahedral,2,13;9,5.35951765,-7.6508,-13.010317650000001,0.0,0.0,0.0029499999999999995
vacancy_O3,O3 vacancy,octahedral,2,13;9,5.35951765,-7.6338,-12.99331765,0.0,0.0,0.00175
vacancy_O3,O3 vacancy,octahedral,2,13;9,5.35951765,-7.6167,-12.976217649999999,0.0,0.0,0.0009
vacancy_O3,O3 vacancy,octahedral,2,13;9,5.35951765,-7.5997,-12.95921765,0.0,0.0,0.0005
vacancy_O3,O3 vacancy,octahedral,2,13;9,5.35951765,-7.5826,-12.94211765,0.0,0.0,0.00030000000000000003
vacancy_O3,O3 vacancy,octahedral,2,13;9,5.35951765,-7.5656,-12.92511765,0.0,0.0,0.0001
vacancy_O3,O3 vacancy,octahedral,2,13;9,5.35951765,-7.5485,-12.90801765,0.0,0.0,0.0
vacancy_O3,O3 vacancy,octahedral,2,13;9,5.35951765,-7.5315,-12.89101765,0.0,0.0,0.0
vacancy_O3,O3 vacancy,octahedral,2,13;9,5.35951765,-7.5144,-12.87391765,0.0,0.0,0.0
vacancy_O3,O3 vacancy,octahedral,2,13;9,5.35951765,-7.4974,-12.85691765,0.0,0.0,0.0
vacancy_O3,O3 vacancy,octahedral,2,13;9,5.35951765,-7.4803,-12.83981765,0.0,0.0,0.0
vacancy_O3,O3 vacancy,octahedral,2,13;9,5.35951765,-7.4633,-12.822817650000001,0.0,0.0,0.0
vacancy_O3,O3 vacancy,octahedral,2,13;9,5.35951765,-7.4462,-12.80571765,0.0,0.0,0.0
vacancy_O3,O3 vacancy,octahedral,2,13;9,5.35951765,-7.4292,-12.788717649999999,0.0,0.0,0.0
vacancy_O3,O3 vacancy,octahedral,2,13;9,5.35951765,-7.4121,-12.77161765,0.0,0.0,0.0
vacancy_O3,O3 vacancy,octahedral,2,13;9,5.35951765,-7.3951,-12.75461765,0.0,0.0,0.0
vacancy_O3,O3 vacancy,octahedral,2,13;9,5.35951765,-7.378,-12.737517650000001,0.0,0.0,0.0
vacancy_O3,O3 vacancy,octahedral,2,13;9,5.35951765,-7.3609,-12.72041765,0.0,0.0,0.0
vacancy_O3,O3 vacancy,octahedral,2,13;9,5.35951765,-7.3439,-12.703417649999999,0.0,0.0,0.0
vacancy_O3,O3 vacancy,octahedral,2,13;9,5.35951765,-7.3268,-12.68631765,0.0,0.0,0.0
vacancy_O3,O3 vacancy,octahedral,2,13;9,5.35951765,-7.3098,-12.66931765,0.0,0.0,0.0
vacancy_O3,O3 vacancy,octahedral,2,13;9,5.35951765,-7.2927,-12.65221765,0.0,0.0,0.0
vacancy_O3,O3 vacancy,octahedral,2,13;9,5.35951765,-7.2757,-12.63521765,0.0,0.0,0.0
vacancy_O3,O3 vacancy,octahedral,2,13;9,5.35951765,-7.2586,-12.61811765,0.0,0.0,0.0
vacancy_O3,O3 vacancy,octahedral,2,13;9,5.35951765,-7.2416,-12.601117649999999,0.0,0.0,0.0
vacancy_O3,O3 vacancy,octahedral,2,13;9,5.35951765,-7.2245,-12.58401765,0.0,0.0,0.0
vacancy_O3,O3 vacancy,octahedral,2,13;9,5.35951765,-7.2075,-12.56701765,0.0,0.0,0.0
vacancy_O3,O3 vacancy,octahedral,2,13;9,5.35951765,-7.1904,-12.549917650000001,0.0,0.0,0.0
vacancy_O3,O3 vacancy,octahedral,2,13;9,5.35951765,-7.1734,-12.53291765,0.0,0.0,0.0
vacancy_O3,O3 vacancy,octahedral,2,13;9,5.35951765,-7.1563,-12.515817649999999,0.0,0.0,0.0
vacancy_O3,O3 vacancy,octahedral,2,13;9,5.35951765,-7.1393,-12.49881765,0.0,0.0,0.0
vacancy_O3,O3 vacancy,octahedral,2,13;9,5.35951765,-7.1222,-12.48171765,0.0,0.0,0.0
vacancy_O3,O3 vacancy,octahedral,2,13;9,5.35951765,-7.1052,-12.46471765,0.0,0.0,0.0
vacancy_O3,O3 vacancy,octahedral,2,13;9,5.35951765,-7.0881,-12.44761765,0.0,0.0,0.0
vacancy_O3,O3 vacancy,octahedral,2,13;9,5.35951765,-7.0711,-12.43061765,0.0,0.0,0.0
vacancy_O3,O3 vacancy,octahedral,2,13;9,5.35951765,-7.054,-12.41351765,0.0,0.0,0.0
vacancy_O3,O3 vacancy,octahedral,2,13;9,5.35951765,-7.037,-12.39651765,0.0,0.0,0.0
vacancy_O3,O3 vacancy,octahedral,2,13;9,5.35951765,-7.0199,-12.37941765,0.0,0.0,0.0
vacancy_O3,O3 vacancy,octahedral,2,13;9,5.35951765,-7.0029,-12.362417650000001,0.0,0.0,0.0
vacancy_O3,O3 vacancy,octahedral,2,13;9,5.35951765,-6.9858,-12.34531765,0.0,0.0,0.0
vacancy_O3,O3 vacancy,octahedral,2,13;9,5.35951765,-6.9688,-12.328317649999999,0.0,0.0,0.0
vacancy_O3,O3 vacancy,octahedral,2,13;9,5.35951765,-6.9517,-12.31121765,0.0,0.0,0.0
vacancy_O3,O3 vacancy,octahedral,2,13;9,5.35951765,-6.9347,-12.29421765,0.0,0.0,0.0
vacancy_O3,O3 vacancy,octahedral,2,13;9,5.35951765,-6.9176,-12.277117650000001,0.0,0.0,0.0
vacancy_O3,O3 vacancy,octahedral,2,13;9,5.35951765,-6.9006,-12.26011765,0.0,0.0,0.0
vacancy_O3,O3 vacancy,octahedral,2,13;9,5.35951765,-6.8835,-12.243017649999999,0.0,0.0,0.0
vacancy_O3,O3 vacancy,octahedral,2,13;9,5.35951765,-6.8665,-12.22601765,0.0,0.0,0.0
vacancy_O3,O3 vacancy,octahedral,2,13;9,5.35951765,-6.8494,-12.20891765,0.0,0.0,0.0
vacancy_O3,O3 vacancy,octahedral,2,13;9,5.35951765,-6.8324,-12.19191765,0.0,0.0,0.0
vacancy_O3,O3 vacancy,octahedral,2,13;9,5.35951765,-6.8153,-12.17481765,0.0,0.0,0.0
vacancy_O3,O3 vacancy,octahedral,2,13;9,5.35951765,-6.7982,-12.157717649999999,0.0,0.0,0.0
vacancy_O3,O3 vacancy,octahedral,2,13;9,5.35951765,-6.7812,-12.14071765,0.0,0.0,0.0
vacancy_O3,O3 vacancy,octahedral,2,13;9,5.35951765,-6.7641,-12.12361765,0.0,0.0,0.0
vacancy_O3,O3 vacancy,octahedral,2,13;9,5.35951765,-6.7471,-12.10661765,0.0,0.0,0.0
vacancy_O3,O3 vacancy,octahedral,2,13;9,5.35951765,-6.73,-12.089517650000001,0.0,0.0,0.0
vacancy_O3,O3 vacancy,octahedral,2,13;9,5.35951765,-6.713,-12.07251765,0.0,0.0,0.0
vacancy_O3,O3 vacancy,octahedral,2,13;9,5.35951765,-6.6959,-12.055417649999999,0.0,0.0,0.0
vacancy_O3,O3 vacancy,octahedral,2,13;9,5.35951765,-6.6789,-12.03841765,0.0,0.0,0.0
vacancy_O3,O3 vacancy,octahedral,2,13;9,5.35951765,-6.6618,-12.02131765,0.0,0.0,0.0
vacancy_O3,O3 vacancy,octahedral,2,13;9,5.35951765,-6.6448,-12.00431765,0.0,0.0,0.0
vacancy_O3,O3 vacancy,octahedral,2,13;9,5.35951765,-6.6277,-11.98721765,0.0,0.0,0.0
vacancy_O3,O3 vacancy,octahedral,2,13;9,5.35951765,-6.6107,-11.970217649999999,0.0,0.0,0.0
vacancy_O3,O3 vacancy,octahedral,2,13;9,5.35951765,-6.5936,-11.95311765,0.0,0.0,0.0
vacancy_O3,O3 vacancy,octahedral,2,13;9,5.35951765,-6.5766,-11.93611765,0.0,0.0,0.0
vacancy_O3,O3 vacancy,octahedral,2,13;9,5.35951765,-6.5595,-11.91901765,0.0,0.0,0.0
vacancy_O3,O3 vacancy,octahedral,2,13;9,5.35951765,-6.5425,-11.902017650000001,0.0,0.0,0.0
vacancy_O3,O3 vacancy,octahedral,2,13;9,5.35951765,-6.5254,-11.88491765,0.0,0.0,0.0
vacancy_O3,O3 vacancy,octahedral,2,13;9,5.35951765,-6.5084,-11.867917649999999,0.0,0.0,0.0
vacancy_O3,O3 vacancy,octahedral,2,13;9,5.35951765,-6.4913,-11.85081765,0.0,0.0,0.0
vacancy_O3,O3 vacancy,octahedral,2,13;9,5.35951765,-6.4743,-11.83381765,0.0,0.0,0.0
vacancy_O3,O3 vacancy,octahedral,2,13;9,5.35951765,-6.4572,-11.816717650000001,0.0,0.0,0.0
vacancy_O3,O3 vacancy,octahedral,2,13;9,5.35951765,-6.4402,-11.79971765,0.0,0.0,0.0
vacancy_O3,O3 vacancy,octahedral,2,13;9,5.35951765,-6.4231,-11.782617649999999,0.0,0.0,0.0
vacancy_O3,O3 vacancy,octahedral,2,13;9,5.35951765,-6.4061,-11.76561765,0.0,0.0,0.0
vacancy_O3,O3 vacancy,octahedral,2,13;9,5.35951765,-6.389,-11.74851765,0.0,0.0,0.0
vacancy_O3,O3 vacancy,octahedral,2,13;9,5.35951765,-6.372,-11.73151765,0.0,0.0,0.0
vacancy_O3,O3 vacancy,octahedral,2,13;9,5.35951765,-6.3549,-11.71441765,0.0,0.0,0.0
vacancy_O3,O3 vacancy,octahedral,2,13;9,5.35951765,-6.3379,-11.69741765,0.0,0.0,0.0
vacancy_O3,O3 vacancy,octahedral,2,13;9,5.35951765,-6.3208,-11.68031765,0.0,0.0,0.0
vacancy_O3,O3 vacancy,octahedral,2,13;9,5.35951765,-6.3038,-11.66331765,0.0,0.0,0.0
vacancy_O3,O3 vacancy,octahedral,2,13;9,5.35951765,-6.2867,-11.64621765,0.0,0.0,0.0
vacancy_O3,O3 vacancy,octahedral,2,13;9,5.35951765,-6.2696,-11.62911765,0.0,0.0,0.0
vacancy_O3,O3 vacancy,octahedral,2,13;9,5.35951765,-6.2526,-11.61211765,0.0,0.0,0.0
vacancy_O3,O3 vacancy,octahedral,2,13;9,5.35951765,-6.2355,-11.595017649999999,0.0,0.0,0.0
vacancy_O3,O3 vacancy,octahedral,2,13;9,5.35951765,-6.2185,-11.57801765,0.0,0.0,0.0
vacancy_O3,O3 vacancy,octahedral,2,13;9,5.35951765,-6.2014,-11.56091765,0.0,0.0,0.0
vacancy_O3,O3 vacancy,octahedral,2,13;9,5.35951765,-6.1844,-11.543917650000001,0.0,0.0,0.0
vacancy_O3,O3 vacancy,octahedral,2,13;9,5.35951765,-6.1673,-11.52681765,0.0,0.0,0.0
vacancy_O3,O3 vacancy,octahedral,2,13;9,5.35951765,-6.1503,-11.509817649999999,0.0,0.0,0.0
vacancy_O3,O3 vacancy,octahedral,2,13;9,5.35951765,-6.1332,-11.49271765,0.0,0.0,0.0
vacancy_O3,O3 vacancy,octahedral,2,13;9,5.35951765,-6.1162,-11.47571765,0.0,0.0,0.0
vacancy_O3,O3 vacancy,octahedral,2,13;9,5.35951765,-6.0991,-11.45861765,0.0,0.0,0.0
vacancy_O3,O3 vacancy,octahedral,2,13;9,5.35951765,-6.0821,-11.44161765,0.0,0.0,0.0
vacancy_O3,O3 vacancy,octahedral,2,13;9,5.35951765,-6.065,-11.42451765,0.0,0.0,0.0
vacancy_O3,O3 vacancy,octahedral,2,13;9,5.35951765,-6.048,-11.407517649999999,0.0,0.0,0.0
vacancy_O3,O3 vacancy,octahedral,2,13;9,5.35951765,-6.0309,-11.39041765,0.0,0.0,0.0
vacancy_O3,O3 vacancy,octahedral,2,13;9,5.35951765,-6.0139,-11.37341765,0.0,0.0,0.0
vacancy_O3,O3 vacancy,octahedral,2,13;9,5.35951765,-5.9968,-11.356317650000001,0.0,0.0,0.0
vacancy_O3,O3 vacancy,octahedral,2,13;9,5.35951765,-5.9798,-11.33931765,0.0,0.0,0.0
vacancy_O3,O3 vacancy,octahedral,2,13;9,5.35951765,-5.9627,-11.322217649999999,0.0,0.0,0.0
vacancy_O3,O3 vacancy,octahedral,2,13;9,5.35951765,-5.9457,-11.30521765,0.0,0.0,0.0
vacancy_O3,O3 vacancy,octahedral,2,13;9,5.35951765,-5.9286,-11.28811765,0.0,0.0,0.0
vacancy_O3,O3 vacancy,octahedral,2,13;9,5.35951765,-5.9116,-11.27111765,0.0,0.0,0.0
vacancy_O3,O3 vacancy,octahedral,2,13;9,5.35951765,-5.8945,-11.25401765,0.0,0.0,0.0
vacancy_O3,O3 vacancy,octahedral,2,13;9,5.35951765,-5.8775,-11.23701765,0.0,0.0,0.0
vacancy_O3,O3 vacancy,octahedral,2,13;9,5.35951765,-5.8604,-11.21991765,0.0,0.0,0.0
vacancy_O3,O3 vacancy,octahedral,2,13;9,5.35951765,-5.8434,-11.20291765,0.0,0.0,0.0
vacancy_O3,O3 vacancy,octahedral,2,13;9,5.35951765,-5.8263,-11.18581765,0.0,0.0,0.0
vacancy_O3,O3 vacancy,octahedral,2,13;9,5.35951765,-5.8093,-11.168817650000001,0.0,0.0,0.0
vacancy_O3,O3 vacancy,octahedral,2,13;9,5.35951765,-5.7922,-11.15171765,0.0,0.0,0.0
vacancy_O3,O3 vacancy,octahedral,2,13;9,5.35951765,-5.7752,-11.134717649999999,0.0,0.0,0.0
vacancy_O3,O3 vacancy,octahedral,2,13;9,5.35951765,-5.7581,-11.11761765,0.0,0.0,0.0
vacancy_O3,O3 vacancy,octahedral,2,13;9,5.35951765,-5.7411,-11.10061765,0.0,0.0,0.0
vacancy_O3,O3 vacancy,octahedral,2,13;9,5.35951765,-5.724,-11.083517650000001,0.0,0.0,0.0
vacancy_O3,O3 vacancy,octahedral,2,13;9,5.35951765,-5.7069,-11.06641765,0.0,0.0,0.0
vacancy_O3,O3 vacancy,octahedral,2,13;9,5.35951765,-5.6899,-11.049417649999999,0.0,0.0,0.0
vacancy_O3,O3 vacancy,octahedral,2,13;9,5.35951765,-5.6728,-11.03231765,0.0,0.0,0.0
vacancy_O3,O3 vacancy,octahedral,2,13;9,5.35951765,-5.6558,-11.01531765,0.0,0.0,0.0
vacancy_O3,O3 vacancy,octahedral,2,13;9,5.35951765,-5.6387,-10.99821765,0.0,0.0,0.0
vacancy_O3,O3 vacancy,octahedral,2,13;9,5.35951765,-5.6217,-10.98121765,0.0,0.0,0.0
vacancy_O3,O3 vacancy,octahedral,2,13;9,5.35951765,-5.6046,-10.964117649999999,0.0,0.0,0.0
vacancy_O3,O3 vacancy,octahedral,2,13;9,5.35951765,-5.5876,-10.94711765,0.0,0.0,0.0
vacancy_O3,O3 vacancy,octahedral,2,13;9,5.35951765,-5.5705,-10.93001765,0.0,0.0,0.0
vacancy_O3,O3 vacancy,octahedral,2,13;9,5.35951765,-5.5535,-10.91301765,0.0,0.0,0.0
vacancy_O3,O3 vacancy,octahedral,2,13;9,5.35951765,-5.5364,-10.895917650000001,0.0,0.0,0.0
vacancy_O3,O3 vacancy,octahedral,2,13;9,5.35951765,-5.5194,-10.87891765,0.0,0.0,0.0
vacancy_O3,O3 vacancy,octahedral,2,13;9,5.35951765,-5.5023,-10.861817649999999,0.0,0.0,0.0
vacancy_O3,O3 vacancy,octahedral,2,13;9,5.35951765,-5.4853,-10.84481765,0.0,0.0,0.0
vacancy_O3,O3 vacancy,octahedral,2,13;9,5.35951765,-5.4682,-10.82771765,0.0,0.0,0.0
vacancy_O3,O3 vacancy,octahedral,2,13;9,5.35951765,-5.4512,-10.81071765,0.0,0.0,0.0
vacancy_O3,O3 vacancy,octahedral,2,13;9,5.35951765,-5.4341,-10.79361765,0.0,0.0,0.0
vacancy_O3,O3 vacancy,octahedral,2,13;9,5.35951765,-5.4171,-10.776617649999999,0.0,0.0,0.0
vacancy_O3,O3 vacancy,octahedral,2,13;9,5.35951765,-5.4,-10.75951765,0.0,0.0,0.0
vacancy_O3,O3 vacancy,octahedral,2,13;9,5.35951765,-5.383,-10.74251765,0.0,0.0,0.0
vacancy_O3,O3 vacancy,octahedral,2,13;9,5.35951765,-5.3659,-10.72541765,0.0,0.0,0.0
vacancy_O3,O3 vacancy,octahedral,2,13;9,5.35951765,-5.3489,-10.708417650000001,0.0,0.0,0.0
vacancy_O3,O3 vacancy,octahedral,2,13;9,5.35951765,-5.3318,-10.69131765,0.0,0.0,0.0
vacancy_O3,O3 vacancy,octahedral,2,13;9,5.35951765,-5.3148,-10.674317649999999,0.0,0.0,0.0
vacancy_O3,O3 vacancy,octahedral,2,13;9,5.35951765,-5.2977,-10.65721765,0.0,0.0,0.0
vacancy_O3,O3 vacancy,octahedral,2,13;9,5.35951765,-5.2807,-10.64021765,0.0,0.0,0.0
vacancy_O3,O3 vacancy,octahedral,2,13;9,5.35951765,-5.2636,-10.623117650000001,0.0,0.0,0.0
vacancy_O3,O3 vacancy,octahedral,2,13;9,5.35951765,-5.2466,-10.60611765,0.0,0.0,0.0
vacancy_O3,O3 vacancy,octahedral,2,13;9,5.35951765,-5.2295,-10.589017649999999,0.0,0.0,0.0
vacancy_O3,O3 vacancy,octahedral,2,13;9,5.35951765,-5.2125,-10.57201765,0.0,0.0,0.0
vacancy_O3,O3 vacancy,octahedral,2,13;9,5.35951765,-5.1954,-10.55491765,0.0,0.0,0.0
vacancy_O3,O3 vacancy,octahedral,2,13;9,5.35951765,-5.1783,-10.537817650000001,0.0,0.0,0.0
vacancy_O3,O3 vacancy,octahedral,2,13;9,5.35951765,-5.1613,-10.52081765,0.0,0.0,0.0
vacancy_O3,O3 vacancy,octahedral,2,13;9,5.35951765,-5.1442,-10.503717649999999,0.0,0.0,0.0
vacancy_O3,O3 vacancy,octahedral,2,13;9,5.35951765,-5.1272,-10.48671765,0.0,0.0,0.0
vacancy_O3,O3 vacancy,octahedral,2,13;9,5.35951765,-5.1101,-10.46961765,0.0,0.0,0.0
vacancy_O3,O3 vacancy,octahedral,2,13;9,5.35951765,-5.0931,-10.45261765,0.0,0.0,0.0
vacancy_O3,O3 vacancy,octahedral,2,13;9,5.35951765,-5.076,-10.43551765,0.0,0.0,0.0
vacancy_O3,O3 vacancy,octahedral,2,13;9,5.35951765,-5.059,-10.41851765,0.0,0.0,0.0
vacancy_O3,O3 vacancy,octahedral,2,13;9,5.35951765,-5.0419,-10.401417649999999,0.0,0.0,0.0
vacancy_O3,O3 vacancy,octahedral,2,13;9,5.35951765,-5.0249,-10.38441765,0.0,0.0,0.0
vacancy_O3,O3 vacancy,octahedral,2,13;9,5.35951765,-5.0078,-10.36731765,0.0,0.0,0.0
vacancy_O3,O3 vacancy,octahedral,2,13;9,5.35951765,-4.9908,-10.350317650000001,0.0,0.0,0.0
vacancy_O3,O3 vacancy,octahedral,2,13;9,5.35951765,-4.9737,-10.33321765,0.0,0.0,0.0
vacancy_O3,O3 vacancy,octahedral,2,13;9,5.35951765,-4.9567,-10.316217649999999,0.0,0.0,0.0
vacancy_O3,O3 vacancy,octahedral,2,13;9,5.35951765,-4.9396,-10.29911765,0.0,0.0,0.0
vacancy_O3,O3 vacancy,octahedral,2,13;9,5.35951765,-4.9226,-10.28211765,0.0,0.0,0.0
vacancy_O3,O3 vacancy,octahedral,2,13;9,5.35951765,-4.9055,-10.26501765,0.0,0.0,0.0
vacancy_O3,O3 vacancy,octahedral,2,13;9,5.35951765,-4.8885,-10.24801765,0.0,0.0,0.0
vacancy_O3,O3 vacancy,octahedral,2,13;9,5.35951765,-4.8714,-10.23091765,0.0,0.0,0.0
vacancy_O3,O3 vacancy,octahedral,2,13;9,5.35951765,-4.8544,-10.213917649999999,0.0,0.0,0.0
vacancy_O3,O3 vacancy,octahedral,2,13;9,5.35951765,-4.8373,-10.19681765,0.0,0.0,0.0
vacancy_O3,O3 vacancy,octahedral,2,13;9,5.35951765,-4.8203,-10.17981765,0.0,0.0,0.0
vacancy_O3,O3 vacancy,octahedral,2,13;9,5.35951765,-4.8032,-10.162717650000001,0.0,0.0,0.0
vacancy_O3,O3 vacancy,octahedral,2,13;9,5.35951765,-4.7862,-10.14571765,0.0,0.0,0.0
vacancy_O3,O3 vacancy,octahedral,2,13;9,5.35951765,-4.7691,-10.128617649999999,0.0,0.0,0.0
vacancy_O3,O3 vacancy,octahedral,2,13;9,5.35951765,-4.7521,-10.11161765,0.0,0.0,0.0
vacancy_O3,O3 vacancy,octahedral,2,13;9,5.35951765,-4.735,-10.09451765,0.0,0.0,0.0
vacancy_O3,O3 vacancy,octahedral,2,13;9,5.35951765,-4.718,-10.07751765,0.0,0.0,0.0
vacancy_O3,O3 vacancy,octahedral,2,13;9,5.35951765,-4.7009,-10.06041765,0.0,0.0,0.0
vacancy_O3,O3 vacancy,octahedral,2,13;9,5.35951765,-4.6839,-10.04341765,0.0,0.0,0.0
vacancy_O3,O3 vacancy,octahedral,2,13;9,5.35951765,-4.6668,-10.02631765,0.0,0.0,0.0
vacancy_O3,O3 vacancy,octahedral,2,13;9,5.35951765,-4.6498,-10.00931765,0.0,0.0,0.0
vacancy_O3,O3 vacancy,octahedral,2,13;9,5.35951765,-4.6327,-9.99221765,0.0,0.0,0.0
vacancy_O3,O3 vacancy,octahedral,2,13;9,5.35951765,-4.6156,-9.97511765,0.0,0.0,0.0
vacancy_O3,O3 vacancy,octahedral,2,13;9,5.35951765,-4.5986,-9.95811765,0.0,0.0,0.0
vacancy_O3,O3 vacancy,octahedral,2,13;9,5.35951765,-4.5815,-9.94101765,0.0,0.0,0.0
vacancy_O3,O3 vacancy,octahedral,2,13;9,5.35951765,-4.5645,-9.92401765,0.0,0.0,0.0
vacancy_O3,O3 vacancy,octahedral,2,13;9,5.35951765,-4.5474,-9.90691765,0.0,0.0,0.0
vacancy_O3,O3 vacancy,octahedral,2,13;9,5.35951765,-4.5304,-9.889917650000001,0.0,0.0,0.0
vacancy_O3,O3 vacancy,octahedral,2,13;9,5.35951765,-4.5133,-9.87281765,0.0,0.0,0.0
vacancy_O3,O3 vacancy,octahedral,2,13;9,5.35951765,-4.4963,-9.855817649999999,0.0,0.0,0.0
vacancy_O3,O3 vacancy,octahedral,2,13;9,5.35951765,-4.4792,-9.83871765,0.0,0.0,0.0
vacancy_O3,O3 vacancy,octahedral,2,13;9,5.35951765,-4.4622,-9.82171765,0.0,0.0,0.0
vacancy_O3,O3 vacancy,octahedral,2,13;9,5.35951765,-4.4451,-9.80461765,0.0,0.0,0.0
vacancy_O3,O3 vacancy,octahedral,2,13;9,5.35951765,-4.4281,-9.78761765,0.0,0.0,0.0
vacancy_O3,O3 vacancy,octahedral,2,13;9,5.35951765,-4.411,-9.770517649999999,0.0,0.0,0.0
vacancy_O3,O3 vacancy,octahedral,2,13;9,5.35951765,-4.394,-9.75351765,0.0,0.0,0.0
vacancy_O3,O3 vacancy,octahedral,2,13;9,5.35951765,-4.3769,-9.73641765,0.0,0.0,0.0
vacancy_O3,O3 vacancy,octahedral,2,13;9,5.35951765,-4.3599,-9.71941765,0.0,0.0,0.0
vacancy_O3,O3 vacancy,octahedral,2,13;9,5.35951765,-4.3428,-9.702317650000001,0.0,0.0,0.0
vacancy_O3,O3 vacancy,octahedral,2,13;9,5.35951765,-4.3258,-9.68531765,0.0,0.0,0.0
vacancy_O3,O3 vacancy,octahedral,2,13;9,5.35951765,-4.3087,-9.668217649999999,0.0,0.0,0.0
vacancy_O3,O3 vacancy,octahedral,2,13;9,5.35951765,-4.2917,-9.65121765,0.0,0.0,0.0
vacancy_O3,O3 vacancy,octahedral,2,13;9,5.35951765,-4.2746,-9.63411765,0.0,0.0,0.0
vacancy_O3,O3 vacancy,octahedral,2,13;9,5.35951765,-4.2576,-9.61711765,0.0,0.0,0.0
vacancy_O3,O3 vacancy,octahedral,2,13;9,5.35951765,-4.2405,-9.60001765,0.0,0.0,0.0
vacancy_O3,O3 vacancy,octahedral,2,13;9,5.35951765,-4.2235,-9.583017649999999,0.0,0.0,0.0
vacancy_O3,O3 vacancy,octahedral,2,13;9,5.35951765,-4.2064,-9.56591765,0.0,0.0,0.0
vacancy_O3,O3 vacancy,octahedral,2,13;9,5.35951765,-4.1894,-9.54891765,0.0,0.0,0.0
vacancy_O3,O3 vacancy,octahedral,2,13;9,5.35951765,-4.1723,-9.53181765,0.0,0.0,0.0
vacancy_O3,O3 vacancy,octahedral,2,13;9,5.35951765,-4.1553,-9.514817650000001,0.0,0.0,0.0
vacancy_O3,O3 vacancy,octahedral,2,13;9,5.35951765,-4.1382,-9.49771765,0.0,0.0,0.0
vacancy_O3,O3 vacancy,octahedral,2,13;9,5.35951765,-4.1212,-9.480717649999999,0.0,0.0,0.0
vacancy_O3,O3 vacancy,octahedral,2,13;9,5.35951765,-4.1041,-9.46361765,0.0,0.0,0.0
vacancy_O3,O3 vacancy,octahedral,2,13;9,5.35951765,-4.087,-9.44651765,0.0,0.0,0.0
vacancy_O3,O3 vacancy,octahedral,2,13;9,5.35951765,-4.07,-9.429517650000001,0.0,0.0,0.0
vacancy_O3,O3 vacancy,octahedral,2,13;9,5.35951765,-4.0529,-9.41241765,0.0,0.0,0.0
vacancy_O3,O3 vacancy,octahedral,2,13;9,5.35951765,-4.0359,-9.395417649999999,0.0,0.0,0.0
vacancy_O3,O3 vacancy,octahedral,2,13;9,5.35951765,-4.0188,-9.37831765,0.0,0.0,0.0
vacancy_O3,O3 vacancy,octahedral,2,13;9,5.35951765,-4.0018,-9.36131765,0.0,0.0,0.0
vacancy_O3,O3 vacancy,octahedral,2,13;9,5.35951765,-3.9847,-9.344217650000001,0.0,0.0,0.0
vacancy_O3,O3 vacancy,octahedral,2,13;9,5.35951765,-3.9677,-9.32721765,0.0,0.0,0.0
vacancy_O3,O3 vacancy,octahedral,2,13;9,5.35951765,-3.9506,-9.31011765,0.0,0.0,0.0
vacancy_O3,O3 vacancy,octahedral,2,13;9,5.35951765,-3.9336,-9.29311765,0.0,0.0,0.0
vacancy_O3,O3 vacancy,octahedral,2,13;9,5.35951765,-3.9165,-9.27601765,0.0,0.0,0.0
vacancy_O3,O3 vacancy,octahedral,2,13;9,5.35951765,-3.8995,-9.25901765,0.0,0.0,0.0
vacancy_O3,O3 vacancy,octahedral,2,13;9,5.35951765,-3.8824,-9.24191765,0.0,0.0,0.0
vacancy_O3,O3 vacancy,octahedral,2,13;9,5.35951765,-3.8654,-9.22491765,0.0,0.0,0.0
vacancy_O3,O3 vacancy,octahedral,2,13;9,5.35951765,-3.8483,-9.207817649999999,0.0,0.0,0.0
vacancy_O3,O3 vacancy,octahedral,2,13;9,5.35951765,-3.8313,-9.19081765,0.0,0.0,0.0
vacancy_O3,O3 vacancy,octahedral,2,13;9,5.35951765,-3.8142,-9.17371765,0.0,0.0,0.0
vacancy_O3,O3 vacancy,octahedral,2,13;9,5.35951765,-3.7972,-9.156717650000001,0.0,0.0,0.0
vacancy_O3,O3 vacancy,octahedral,2,13;9,5.35951765,-3.7801,-9.13961765,0.0,0.0,0.0
vacancy_O3,O3 vacancy,octahedral,2,13;9,5.35951765,-3.7631,-9.12261765,0.0,0.0,0.0
vacancy_O3,O3 vacancy,octahedral,2,13;9,5.35951765,-3.746,-9.10551765,0.0,0.0,0.0
vacancy_O3,O3 vacancy,octahedral,2,13;9,5.35951765,-3.729,-9.08851765,0.0,0.0,0.0
vacancy_O3,O3 vacancy,octahedral,2,13;9,5.35951765,-3.7119,-9.07141765,0.0,0.0,0.0
vacancy_O3,O3 vacancy,octahedral,2,13;9,5.35951765,-3.6949,-9.05441765,0.0,0.0,0.0
vacancy_O3,O3 vacancy,octahedral,2,13;9,5.35951765,-3.6778,-9.03731765,0.0,0.0,0.0
vacancy_O3,O3 vacancy,octahedral,2,13;9,5.35951765,-3.6608,-9.020317649999999,0.0,0.0,0.0
vacancy_O3,O3 vacancy,octahedral,2,13;9,5.35951765,-3.6437,-9.00321765,0.0,0.0,0.0
vacancy_O3,O3 vacancy,octahedral,2,13;9,5.35951765,-3.6267,-8.98621765,0.0,0.0,0.0
vacancy_O3,O3 vacancy,octahedral,2,13;9,5.35951765,-3.6096,-8.96911765,0.0,0.0,0.0
vacancy_O3,O3 vacancy,octahedral,2,13;9,5.35951765,-3.5926,-8.95211765,0.0,0.0,0.0
vacancy_O3,O3 vacancy,octahedral,2,13;9,5.35951765,-3.5755,-8.935017649999999,0.0,0.0,0.0
vacancy_O3,O3 vacancy,octahedral,2,13;9,5.35951765,-3.5585,-8.91801765,0.0,0.0,0.0
vacancy_O3,O3 vacancy,octahedral,2,13;9,5.35951765,-3.5414,-8.90091765,0.0,0.0,0.0
vacancy_O3,O3 vacancy,octahedral,2,13;9,5.35951765,-3.5243,-8.883817650000001,0.0,0.0,0.0
vacancy_O3,O3 vacancy,octahedral,2,13;9,5.35951765,-3.5073,-8.86681765,0.0,0.0,0.0
vacancy_O3,O3 vacancy,octahedral,2,13;9,5.35951765,-3.4902,-8.84971765,0.0,0.0,0.0
vacancy_O3,O3 vacancy,octahedral,2,13;9,5.35951765,-3.4732,-8.83271765,0.0,0.0,0.0
vacancy_O3,O3 vacancy,octahedral,2,13;9,5.35951765,-3.4561,-8.81561765,0.0001,0.0,0.0
vacancy_O3,O3 vacancy,octahedral,2,13;9,5.35951765,-3.4391,-8.79861765,0.0001,0.0,0.0
vacancy_O3,O3 vacancy,octahedral,2,13;9,5.35951765,-3.422,-8.78151765,0.0002,0.0,0.0
vacancy_O3,O3 vacancy,octahedral,2,13;9,5.35951765,-3.405,-8.76451765,0.0004,0.0,5e-05
vacancy_O3,O3 vacancy,octahedral,2,13;9,5.35951765,-3.3879,-8.74741765,0.0008,0.0,0.0002
vacancy_O3,O3 vacancy,octahedral,2,13;9,5.35951765,-3.3709,-8.73041765,0.0015,0.0,0.00035000000000000005
vacancy_O3,O3 vacancy,octahedral,2,13;9,5.35951765,-3.3538,-8.71331765,0.0026,5e-05,0.0005
vacancy_O3,O3 vacancy,octahedral,2,13;9,5.35951765,-3.3368,-8.696317650000001,0.0043,0.0002,0.0007999999999999999
vacancy_O3,O3 vacancy,octahedral,2,13;9,5.35951765,-3.3197,-8.67921765,0.007,0.00030000000000000003,0.0012000000000000001
vacancy_O3,O3 vacancy,octahedral,2,13;9,5.35951765,-3.3027,-8.66221765,0.011,0.0004,0.0018000000000000002
vacancy_O3,O3 vacancy,octahedral,2,13;9,5.35951765,-3.2856,-8.64511765,0.0165,0.0006000000000000001,0.0025
vacancy_O3,O3 vacancy,octahedral,2,13;9,5.35951765,-3.2686,-8.62811765,0.0238,0.0008500000000000001,0.0034000000000000002
vacancy_O3,O3 vacancy,octahedral,2,13;9,5.35951765,-3.2515,-8.61101765,0.033049999999999996,0.00115,0.0043
vacancy_O3,O3 vacancy,octahedral,2,13;9,5.35951765,-3.2345,-8.59401765,0.04405,0.0014500000000000001,0.005549999999999999
vacancy_O3,O3 vacancy,octahedral,2,13;9,5.35951765,-3.2174,-8.57691765,0.056400000000000006,0.0019,0.006699999999999999
vacancy_O3,O3 vacancy,octahedral,2,13;9,5.35951765,-3.2004,-8.55991765,0.0696,0.0023,0.008
vacancy_O3,O3 vacancy,octahedral,2,13;9,5.35951765,-3.1833,-8.54281765,0.0829,0.0026500000000000004,0.00925
vacancy_O3,O3 vacancy,octahedral,2,13;9,5.35951765,-3.1663,-8.52581765,0.0959,0.0031000000000000003,0.01035
vacancy_O3,O3 vacancy,octahedral,2,13;9,5.35951765,-3.1492,-8.50871765,0.10825,0.0035499999999999998,0.0114
vacancy_O3,O3 vacancy,octahedral,2,13;9,5.35951765,-3.1322,-8.49171765,0.1202,0.004,0.012450000000000001
vacancy_O3,O3 vacancy,octahedral,2,13;9,5.35951765,-3.1151,-8.474617649999999,0.13219999999999998,0.004399999999999999,0.01335
vacancy_O3,O3 vacancy,octahedral,2,13;9,5.35951765,-3.0981,-8.45761765,0.1452,0.005,0.0144
vacancy_O3,O3 vacancy,octahedral,2,13;9,5.35951765,-3.081,-8.44051765,0.15994999999999998,0.0056,0.0155
vacancy_O3,O3 vacancy,octahedral,2,13;9,5.35951765,-3.064,-8.42351765,0.1769,0.00625,0.01685
vacancy_O3,O3 vacancy,octahedral,2,13;9,5.35951765,-3.0469,-8.40641765,0.196,0.006999999999999999,0.018349999999999998
vacancy_O3,O3 vacancy,octahedral,2,13;9,5.35951765,-3.0299,-8.38941765,0.21694999999999998,0.007949999999999999,0.0201
vacancy_O3,O3 vacancy,octahedral,2,13;9,5.35951765,-3.0128,-8.37231765,0.23895,0.0087,0.021900000000000003
vacancy_O3,O3 vacancy,octahedral,2,13;9,5.35951765,-2.9957,-8.35521765,0.2612,0.0098,0.02375
vacancy_O3,O3 vacancy,octahedral,2,13;9,5.35951765,-2.9787,-8.33821765,0.2828,0.01065,0.0254
vacancy_O3,O3 vacancy,octahedral,2,13;9,5.35951765,-2.9616,-8.32111765,0.30295000000000005,0.0115,0.0268
vacancy_O3,O3 vacancy,octahedral,2,13;9,5.35951765,-2.9446,-8.30411765,0.321,0.01245,0.028
vacancy_O3,O3 vacancy,octahedral,2,13;9,5.35951765,-2.9275,-8.28701765,0.33625,0.013349999999999999,0.028650000000000002
vacancy_O3,O3 vacancy,octahedral,2,13;9,5.35951765,-2.9105,-8.27001765,0.3479,0.01425,0.0291
vacancy_O3,O3 vacancy,octahedral,2,13;9,5.35951765,-2.8934,-8.25291765,0.3552,0.01505,0.0291
vacancy_O3,O3 vacancy,octahedral,2,13;9,5.35951765,-2.8764,-8.23591765,0.35755,0.015899999999999997,0.0289
vacancy_O3,O3 vacancy,octahedral,2,13;9,5.35951765,-2.8593,-8.21881765,0.35465,0.0167,0.02835
vacancy_O3,O3 vacancy,octahedral,2,13;9,5.35951765,-2.8423,-8.201817649999999,0.3468,0.0174,0.02775
vacancy_O3,O3 vacancy,octahedral,2,13;9,5.35951765,-2.8252,-8.18471765,0.33485,0.018099999999999998,0.026799999999999997
vacancy_O3,O3 vacancy,octahedral,2,13;9,5.35951765,-2.8082,-8.16771765,0.3204,0.01875,0.025750000000000002
vacancy_O3,O3 vacancy,octahedral,2,13;9,5.35951765,-2.7911,-8.150617650000001,0.30535,0.01935,0.024800000000000003
vacancy_O3,O3 vacancy,octahedral,2,13;9,5.35951765,-2.7741,-8.13361765,0.29185,0.019950000000000002,0.023849999999999996
vacancy_O3,O3 vacancy,octahedral,2,13;9,5.35951765,-2.757,-8.11651765,0.28175,0.02055,0.022949999999999998
vacancy_O3,O3 vacancy,octahedral,2,13;9,5.35951765,-2.74,-8.09951765,0.27649999999999997,0.021249999999999998,0.02225
vacancy_O3,O3 vacancy,octahedral,2,13;9,5.35951765,-2.7229,-8.08241765,0.27665,0.022,0.02175
vacancy_O3,O3 vacancy,octahedral,2,13;9,5.35951765,-2.7059,-8.06541765,0.28205,0.022850000000000002,0.02135
vacancy_O3,O3 vacancy,octahedral,2,13;9,5.35951765,-2.6888,-8.04831765,0.29185000000000005,0.02385,0.021249999999999998
vacancy_O3,O3 vacancy,octahedral,2,13;9,5.35951765,-2.6718,-8.03131765,0.3048,0.02485,0.0214
vacancy_O3,O3 vacancy,octahedral,2,13;9,5.35951765,-2.6547,-8.014217649999999,0.31925,0.02615,0.02185
vacancy_O3,O3 vacancy,octahedral,2,13;9,5.35951765,-2.6377,-7.99721765,0.3336,0.0274,0.0223
vacancy_O3,O3 vacancy,octahedral,2,13;9,5.35951765,-2.6206,-7.98011765,0.34635,0.028950000000000004,0.023
vacancy_O3,O3 vacancy,octahedral,2,13;9,5.35951765,-2.6036,-7.96311765,0.35635,0.03055,0.023850000000000003
vacancy_O3,O3 vacancy,octahedral,2,13;9,5.35951765,-2.5865,-7.94601765,0.3627,0.0322,0.024550000000000002
vacancy_O3,O3 vacancy,octahedral,2,13;9,5.35951765,-2.5695,-7.9290176500000005,0.36505,0.0338,0.025349999999999998
vacancy_O3,O3 vacancy,octahedral,2,13;9,5.35951765,-2.5524,-7.9119176499999995,0.36335,0.035500000000000004,0.02595
vacancy_O3,O3 vacancy,octahedral,2,13;9,5.35951765,-2.5354,-7.89491765,0.3581,0.037099999999999994,0.0264
vacancy_O3,O3 vacancy,octahedral,2,13;9,5.35951765,-2.5183,-7.87781765,0.35005,0.038450000000000005,0.026749999999999996
vacancy_O3,O3 vacancy,octahedral,2,13;9,5.35951765,-2.5013,-7.8608176499999995,0.34004999999999996,0.03975,0.02695
vacancy_O3,O3 vacancy,octahedral,2,13;9,5.35951765,-2.4842,-7.84371765,0.32889999999999997,0.0409,0.02695
vacancy_O3,O3 vacancy,octahedral,2,13;9,5.35951765,-2.4672,-7.82671765,0.31755,0.042,0.02705
vacancy_O3,O3 vacancy,octahedral,2,13;9,5.35951765,-2.4501,-7.80961765,0.3065,0.043149999999999994,0.02735
vacancy_O3,O3 vacancy,octahedral,2,13;9,5.35951765,-2.433,-7.79251765,0.2964,0.044300000000000006,0.027800000000000002
vacancy_O3,O3 vacancy,octahedral,2,13;9,5.35951765,-2.416,-7.775517649999999,0.2878,0.04575,0.0284
vacancy_O3,O3 vacancy,octahedral,2,13;9,5.35951765,-2.3989,-7.75841765,0.28105,0.047299999999999995,0.029400000000000003
vacancy_O3,O3 vacancy,octahedral,2,13;9,5.35951765,-2.3819,-7.74141765,0.27625,0.049,0.03065
vacancy_O3,O3 vacancy,octahedral,2,13;9,5.35951765,-2.3648,-7.72431765,0.27325,0.05105,0.03215
vacancy_O3,O3 vacancy,octahedral,2,13;9,5.35951765,-2.3478,-7.70731765,0.27149999999999996,0.0529,0.03375
vacancy_O3,O3 vacancy,octahedral,2,13;9,5.35951765,-2.3307,-7.69021765,0.27015,0.05485,0.03545
vacancy_O3,O3 vacancy,octahedral,2,13;9,5.35951765,-2.3137,-7.67321765,0.2682,0.05655,0.0369
vacancy_O3,O3 vacancy,octahedral,2,13;9,5.35951765,-2.2966,-7.6561176500000006,0.26495,0.057800000000000004,0.0382
vacancy_O3,O3 vacancy,octahedral,2,13;9,5.35951765,-2.2796,-7.639117649999999,0.25995,0.05865,0.0392
vacancy_O3,O3 vacancy,octahedral,2,13;9,5.35951765,-2.2625,-7.62201765,0.25339999999999996,0.058949999999999995,0.039850000000000003
vacancy_O3,O3 vacancy,octahedral,2,13;9,5.35951765,-2.2455,-7.60501765,0.2457,0.0587,0.039900000000000005
vacancy_O3,O3 vacancy,octahedral,2,13;9,5.35951765,-2.2284,-7.58791765,0.2378,0.057999999999999996,0.039650000000000005
vacancy_O3,O3 vacancy,octahedral,2,13;9,5.35951765,-2.2114,-7.57091765,0.23045,0.056850000000000005,0.03905
vacancy_O3,O3 vacancy,octahedral,2,13;9,5.35951765,-2.1943,-7.55381765,0.22444999999999998,0.0554,0.0379
vacancy_O3,O3 vacancy,octahedral,2,13;9,5.35951765,-2.1773,-7.53681765,0.2202,0.05375,0.036500000000000005
vacancy_O3,O3 vacancy,octahedral,2,13;9,5.35951765,-2.1602,-7.5197176500000005,0.21794999999999998,0.052149999999999995,0.03495
vacancy_O3,O3 vacancy,octahedral,2,13;9,5.35951765,-2.1432,-7.50271765,0.2176,0.05055,0.0334
vacancy_O3,O3 vacancy,octahedral,2,13;9,5.35951765,-2.1261,-7.48561765,0.21885,0.04925,0.03195
vacancy_O3,O3 vacancy,octahedral,2,13;9,5.35951765,-2.1091,-7.4686176500000006,0.22125,0.048299999999999996,0.0305
vacancy_O3,O3 vacancy,octahedral,2,13;9,5.35951765,-2.092,-7.4515176499999995,0.22415000000000002,0.0476,0.0296
vacancy_O3,O3 vacancy,octahedral,2,13;9,5.35951765,-2.075,-7.43451765,0.2268,0.0472,0.0287
vacancy_O3,O3 vacancy,octahedral,2,13;9,5.35951765,-2.0579,-7.41741765,0.2286,0.0471,0.028
vacancy_O3,O3 vacancy,octahedral,2,13;9,5.35951765,-2.0409,-7.40041765,0.22899999999999998,0.04715,0.027549999999999998
vacancy_O3,O3 vacancy,octahedral,2,13;9,5.35951765,-2.0238,-7.38331765,0.2277,0.04735,0.0272
vacancy_O3,O3 vacancy,octahedral,2,13;9,5.35951765,-2.0068,-7.36631765,0.22475,0.0475,0.02695
vacancy_O3,O3 vacancy,octahedral,2,13;9,5.35951765,-1.9897,-7.34921765,0.2207,0.0477,0.0269
vacancy_O3,O3 vacancy,octahedral,2,13;9,5.35951765,-1.9727,-7.33221765,0.21625,0.0479,0.0269
vacancy_O3,O3 vacancy,octahedral,2,13;9,5.35951765,-1.9556,-7.3151176499999995,0.2123,0.048,0.027
vacancy_O3,O3 vacancy,octahedral,2,13;9,5.35951765,-1.9386,-7.29811765,0.2097,0.04795,0.027000000000000003
vacancy_O3,O3 vacancy,octahedral,2,13;9,5.35951765,-1.9215,-7.28101765,0.2089,0.04785,0.027
vacancy_O3,O3 vacancy,octahedral,2,13;9,5.35951765,-1.9044,-7.26391765,0.20989999999999998,0.04745,0.0271
vacancy_O3,O3 vacancy,octahedral,2,13;9,5.35951765,-1.8874,-7.24691765,0.21234999999999998,0.04685,0.02695
vacancy_O3,O3 vacancy,octahedral,2,13;9,5.35951765,-1.8703,-7.22981765,0.21545,0.046,0.0266
vacancy_O3,O3 vacancy,octahedral,2,13;9,5.35951765,-1.8533,-7.21281765,0.2184,0.044899999999999995,0.0262
vacancy_O3,O3 vacancy,octahedral,2,13;9,5.35951765,-1.8362,-7.19571765,0.2203,0.0437,0.0254
vacancy_O3,O3 vacancy,octahedral,2,13;9,5.35951765,-1.8192,-7.178717649999999,0.22085,0.04235,0.0246
vacancy_O3,O3 vacancy,octahedral,2,13;9,5.35951765,-1.8021,-7.16161765,0.2197,0.040999999999999995,0.0237
vacancy_O3,O3 vacancy,octahedral,2,13;9,5.35951765,-1.7851,-7.14461765,0.217,0.04,0.0228
vacancy_O3,O3 vacancy,octahedral,2,13;9,5.35951765,-1.768,-7.12751765,0.21300000000000002,0.039150000000000004,0.02205
vacancy_O3,O3 vacancy,octahedral,2,13;9,5.35951765,-1.751,-7.11051765,0.20795000000000002,0.038599999999999995,0.021449999999999997
vacancy_O3,O3 vacancy,octahedral,2,13;9,5.35951765,-1.7339,-7.09341765,0.20215,0.038400000000000004,0.0208
vacancy_O3,O3 vacancy,octahedral,2,13;9,5.35951765,-1.7169,-7.07641765,0.19569999999999999,0.0385,0.0204
vacancy_O3,O3 vacancy,octahedral,2,13;9,5.35951765,-1.6998,-7.05931765,0.18869999999999998,0.03895,0.02025
vacancy_O3,O3 vacancy,octahedral,2,13;9,5.35951765,-1.6828,-7.04231765,0.1812,0.0398,0.020200000000000003
vacancy_O3,O3 vacancy,octahedral,2,13;9,5.35951765,-1.6657,-7.02521765,0.1731,0.04075,0.020050000000000005
vacancy_O3,O3 vacancy,octahedral,2,13;9,5.35951765,-1.6487,-7.00821765,0.16455,0.041999999999999996,0.02015
vacancy_O3,O3 vacancy,octahedral,2,13;9,5.35951765,-1.6316,-6.99111765,0.1558,0.04325,0.019999999999999997
vacancy_O3,O3 vacancy,octahedral,2,13;9,5.35951765,-1.6146,-6.97411765,0.1472,0.044700000000000004,0.019999999999999997
vacancy_O3,O3 vacancy,octahedral,2,13;9,5.35951765,-1.5975,-6.95701765,0.1392,0.046200000000000005,0.01995
vacancy_O3,O3 vacancy,octahedral,2,13;9,5.35951765,-1.5805,-6.94001765,0.13235,0.047850000000000004,0.0201
vacancy_O3,O3 vacancy,octahedral,2,13;9,5.35951765,-1.5634,-6.92291765,0.12705,0.049699999999999994,0.0201
vacancy_O3,O3 vacancy,octahedral,2,13;9,5.35951765,-1.5464,-6.90591765,0.12345,0.05165,0.0204
vacancy_O3,O3 vacancy,octahedral,2,13;9,5.35951765,-1.5293,-6.88881765,0.1215,0.0538,0.0209
vacancy_O3,O3 vacancy,octahedral,2,13;9,5.35951765,-1.5123,-6.87181765,0.12090000000000001,0.05595,0.0213
vacancy_O3,O3 vacancy,octahedral,2,13;9,5.35951765,-1.4952,-6.8547176499999996,0.12104999999999999,0.0581,0.02195
vacancy_O3,O3 vacancy,octahedral,2,13;9,5.35951765,-1.4782,-6.83771765,0.12129999999999999,0.05985,0.0225
vacancy_O3,O3 vacancy,octahedral,2,13;9,5.35951765,-1.4611,-6.82061765,0.1211,0.06115,0.02275
vacancy_O3,O3 vacancy,octahedral,2,13;9,5.35951765,-1.4441,-6.80361765,0.12015,0.06185,0.02285
vacancy_O3,O3 vacancy,octahedral,2,13;9,5.35951765,-1.427,-6.78651765,0.11825,0.062,0.022850000000000002
vacancy_O3,O3 vacancy,octahedral,2,13;9,5.35951765,-1.41,-6.76951765,0.1158,0.06205,0.02255
vacancy_O3,O3 vacancy,octahedral,2,13;9,5.35951765,-1.3929,-6.75241765,0.11324999999999999,0.062,0.022099999999999998
vacancy_O3,O3 vacancy,octahedral,2,13;9,5.35951765,-1.3759,-6.73541765,0.11115,0.0625,0.02155
vacancy_O3,O3 vacancy,octahedral,2,13;9,5.35951765,-1.3588,-6.7183176499999995,0.10994999999999999,0.06365000000000001,0.020999999999999998
vacancy_O3,O3 vacancy,octahedral,2,13;9,5.35951765,-1.3417,-6.70121765,0.10980000000000001,0.06570000000000001,0.02075
vacancy_O3,O3 vacancy,octahedral,2,13;9,5.35951765,-1.3247,-6.68421765,0.11075,0.0685,0.02035
vacancy_O3,O3 vacancy,octahedral,2,13;9,5.35951765,-1.3076,-6.66711765,0.1123,0.07170000000000001,0.0202
vacancy_O3,O3 vacancy,octahedral,2,13;9,5.35951765,-1.2906,-6.65011765,0.11399999999999999,0.0748,0.02005
vacancy_O3,O3 vacancy,octahedral,2,13;9,5.35951765,-1.2735,-6.63301765,0.1154,0.0775,0.0199
vacancy_O3,O3 vacancy,octahedral,2,13;9,5.35951765,-1.2565,-6.61601765,0.11605,0.07930000000000001,0.01965
vacancy_O3,O3 vacancy,octahedral,2,13;9,5.35951765,-1.2394,-6.59891765,0.1157,0.08025,0.0192
vacancy_O3,O3 vacancy,octahedral,2,13;9,5.35951765,-1.2224,-6.581917649999999,0.11424999999999999,0.08024999999999999,0.01885
vacancy_O3,O3 vacancy,octahedral,2,13;9,5.35951765,-1.2053,-6.56481765,0.1118,0.07944999999999999,0.0184
vacancy_O3,O3 vacancy,octahedral,2,13;9,5.35951765,-1.1883,-6.54781765,0.10845,0.07835,0.0178
vacancy_O3,O3 vacancy,octahedral,2,13;9,5.35951765,-1.1712,-6.53071765,0.10435,0.077,0.01725
vacancy_O3,O3 vacancy,octahedral,2,13;9,5.35951765,-1.1542,-6.51371765,0.0996,0.0756,0.016900000000000002
vacancy_O3,O3 vacancy,octahedral,2,13;9,5.35951765,-1.1371,-6.49661765,0.09434999999999999,0.07445,0.016300000000000002
vacancy_O3,O3 vacancy,octahedral,2,13;9,5.35951765,-1.1201,-6.47961765,0.0886,0.07345,0.015899999999999997
vacancy_O3,O3 vacancy,octahedral,2,13;9,5.35951765,-1.103,-6.46251765,0.0826,0.07264999999999999,0.015799999999999998
vacancy_O3,O3 vacancy,octahedral,2,13;9,5.35951765,-1.086,-6.44551765,0.0764,0.0721,0.0157
vacancy_O3,O3 vacancy,octahedral,2,13;9,5.35951765,-1.0689,-6.42841765,0.07025,0.0719,0.0158
vacancy_O3,O3 vacancy,octahedral,2,13;9,5.35951765,-1.0519,-6.41141765,0.06440000000000001,0.07195,0.016
vacancy_O3,O3 vacancy,octahedral,2,13;9,5.35951765,-1.0348,-6.39431765,0.058899999999999994,0.07255,0.0166
vacancy_O3,O3 vacancy,octahedral,2,13;9,5.35951765,-1.0178,-6.37731765,0.054150000000000004,0.0738,0.0174
vacancy_O3,O3 vacancy,octahedral,2,13;9,5.35951765,-1.0007,-6.36021765,0.0503,0.0755,0.0185
vacancy_O3,O3 vacancy,octahedral,2,13;9,5.35951765,-0.9837,-6.34321765,0.04725,0.078,0.01965
vacancy_O3,O3 vacancy,octahedral,2,13;9,5.35951765,-0.9666,-6.32611765,0.0453,0.08095,0.0211
vacancy_O3,O3 vacancy,octahedral,2,13;9,5.35951765,-0.9496,-6.30911765,0.04435,0.08415,0.022699999999999998
vacancy_O3,O3 vacancy,octahedral,2,13;9,5.35951765,-0.9325,-6.29201765,0.04425,0.08760000000000001,0.0241
vacancy_O3,O3 vacancy,octahedral,2,13;9,5.35951765,-0.9155,-6.27501765,0.0448,0.09054999999999999,0.0254
vacancy_O3,O3 vacancy,octahedral,2,13;9,5.35951765,-0.8984,-6.2579176499999996,0.0458,0.09305,0.026549999999999997
vacancy_O3,O3 vacancy,octahedral,2,13;9,5.35951765,-0.8814,-6.24091765,0.0469,0.0948,0.02735
vacancy_O3,O3 vacancy,octahedral,2,13;9,5.35951765,-0.8643,-6.22381765,0.04795,0.09555,0.0276
vacancy_O3,O3 vacancy,octahedral,2,13;9,5.35951765,-0.8473,-6.20681765,0.04875,0.0954,0.027700000000000002
vacancy_O3,O3 vacancy,octahedral,2,13;9,5.35951765,-0.8302,-6.18971765,0.049350000000000005,0.0947,0.02745
vacancy_O3,O3 vacancy,octahedral,2,13;9,5.35951765,-0.8131,-6.17261765,0.0499,0.0935,0.0269
vacancy_O3,O3 vacancy,octahedral,2,13;9,5.35951765,-0.7961,-6.15561765,0.050449999999999995,0.09235,0.02635
vacancy_O3,O3 vacancy,octahedral,2,13;9,5.35951765,-0.779,-6.13851765,0.0512,0.09154999999999999,0.0257
vacancy_O3,O3 vacancy,octahedral,2,13;9,5.35951765,-0.762,-6.1215176499999995,0.052199999999999996,0.09154999999999999,0.0251
vacancy_O3,O3 vacancy,octahedral,2,13;9,5.35951765,-0.7449,-6.10441765,0.0536,0.09240000000000001,0.0247
vacancy_O3,O3 vacancy,octahedral,2,13;9,5.35951765,-0.7279,-6.08741765,0.0553,0.09435,0.0246
vacancy_O3,O3 vacancy,octahedral,2,13;9,5.35951765,-0.7108,-6.07031765,0.05745,0.09735,0.0247
vacancy_O3,O3 vacancy,octahedral,2,13;9,5.35951765,-0.6938,-6.05331765,0.05985,0.1015,0.025050000000000003
vacancy_O3,O3 vacancy,octahedral,2,13;9,5.35951765,-0.6767,-6.03621765,0.06245,0.10650000000000001,0.02575
vacancy_O3,O3 vacancy,octahedral,2,13;9,5.35951765,-0.6597,-6.01921765,0.06520000000000001,0.11215,0.0266
vacancy_O3,O3 vacancy,octahedral,2,13;9,5.35951765,-0.6426,-6.00211765,0.06785,0.1179,0.02765
vacancy_O3,O3 vacancy,octahedral,2,13;9,5.35951765,-0.6256,-5.98511765,0.07014999999999999,0.12334999999999999,0.0288
vacancy_O3,O3 vacancy,octahedral,2,13;9,5.35951765,-0.6085,-5.96801765,0.07185,0.12789999999999999,0.0297
vacancy_O3,O3 vacancy,octahedral,2,13;9,5.35951765,-0.5915,-5.95101765,0.0726,0.13140000000000002,0.030600000000000002
vacancy_O3,O3 vacancy,octahedral,2,13;9,5.35951765,-0.5744,-5.93391765,0.07239999999999999,0.13340000000000002,0.031200000000000002
vacancy_O3,O3 vacancy,octahedral,2,13;9,5.35951765,-0.5574,-5.91691765,0.07095,0.134,0.0314
vacancy_O3,O3 vacancy,octahedral,2,13;9,5.35951765,-0.5403,-5.89981765,0.06835,0.13355,0.031450000000000006
vacancy_O3,O3 vacancy,octahedral,2,13;9,5.35951765,-0.5233,-5.88281765,0.06495000000000001,0.1323,0.0312
vacancy_O3,O3 vacancy,octahedral,2,13;9,5.35951765,-0.5062,-5.86571765,0.06085,0.1308,0.031
vacancy_O3,O3 vacancy,octahedral,2,13;9,5.35951765,-0.4892,-5.84871765,0.0564,0.12935,0.03065
vacancy_O3,O3 vacancy,octahedral,2,13;9,5.35951765,-0.4721,-5.83161765,0.0518,0.12825,0.030449999999999998
vacancy_O3,O3 vacancy,octahedral,2,13;9,5.35951765,-0.4551,-5.81461765,0.0473,0.1275,0.0305
vacancy_O3,O3 vacancy,octahedral,2,13;9,5.35951765,-0.438,-5.79751765,0.0431,0.12714999999999999,0.030699999999999998
vacancy_O3,O3 vacancy,octahedral,2,13;9,5.35951765,-0.421,-5.78051765,0.03925,0.1269,0.03105
vacancy_O3,O3 vacancy,octahedral,2,13;9,5.35951765,-0.4039,-5.76341765,0.03585,0.1267,0.03155
vacancy_O3,O3 vacancy,octahedral,2,13;9,5.35951765,-0.3869,-5.74641765,0.03285,0.12635,0.0322
vacancy_O3,O3 vacancy,octahedral,2,13;9,5.35951765,-0.3698,-5.72931765,0.0305,0.12585000000000002,0.03275
vacancy_O3,O3 vacancy,octahedral,2,13;9,5.35951765,-0.3528,-5.71231765,0.0286,0.1254,0.033299999999999996
vacancy_O3,O3 vacancy,octahedral,2,13;9,5.35951765,-0.3357,-5.69521765,0.02725,0.12499999999999999,0.0338
vacancy_O3,O3 vacancy,octahedral,2,13;9,5.35951765,-0.3187,-5.67821765,0.02645,0.125,0.0344
vacancy_O3,O3 vacancy,octahedral,2,13;9,5.35951765,-0.3016,-5.66111765,0.02615,0.12569999999999998,0.03495
vacancy_O3,O3 vacancy,octahedral,2,13;9,5.35951765,-0.2846,-5.64411765,0.02635,0.1273,0.0356
vacancy_O3,O3 vacancy,octahedral,2,13;9,5.35951765,-0.2675,-5.62701765,0.02695,0.12969999999999998,0.0361
vacancy_O3,O3 vacancy,octahedral,2,13;9,5.35951765,-0.2504,-5.60991765,0.0278,0.1331,0.036750000000000005
vacancy_O3,O3 vacancy,octahedral,2,13;9,5.35951765,-0.2334,-5.5929176499999995,0.0289,0.13715,0.03755
vacancy_O3,O3 vacancy,octahedral,2,13;9,5.35951765,-0.2163,-5.57581765,0.03,0.1419,0.0381
vacancy_O3,O3 vacancy,octahedral,2,13;9,5.35951765,-0.1993,-5.55881765,0.031100000000000003,0.1465,0.038900000000000004
vacancy_O3,O3 vacancy,octahedral,2,13;9,5.35951765,-0.1822,-5.54171765,0.032,0.15089999999999998,0.03955
vacancy_O3,O3 vacancy,octahedral,2,13;9,5.35951765,-0.1652,-5.5247176499999995,0.0327,0.15460000000000002,0.04015
vacancy_O3,O3 vacancy,octahedral,2,13;9,5.35951765,-0.1481,-5.50761765,0.0332,0.1573,0.0405
vacancy_O3,O3 vacancy,octahedral,2,13;9,5.35951765,-0.1311,-5.49061765,0.03345,0.1587,0.04065
vacancy_O3,O3 vacancy,octahedral,2,13;9,5.35951765,-0.114,-5.47351765,0.033549999999999996,0.15889999999999999,0.040749999999999995
vacancy_O3,O3 vacancy,octahedral,2,13;9,5.35951765,-0.097,-5.45651765,0.033549999999999996,0.15810000000000002,0.0408
vacancy_O3,O3 vacancy,octahedral,2,13;9,5.35951765,-0.0799,-5.43941765,0.03345,0.1567,0.0408
vacancy_O3,O3 vacancy,octahedral,2,13;9,5.35951765,-0.0629,-5.42241765,0.03345,0.15489999999999998,0.040749999999999995
vacancy_O3,O3 vacancy,octahedral,2,13;9,5.35951765,-0.0458,-5.40531765,0.0334,0.1533,0.0408
vacancy_O3,O3 vacancy,octahedral,2,13;9,5.35951765,-0.0288,-5.38831765,0.0335,0.1522,0.040999999999999995
vacancy_O3,O3 vacancy,octahedral,2,13;9,5.35951765,-0.0117,-5.37121765,0.033549999999999996,0.1518,0.04139999999999999
vacancy_O3,O3 vacancy,octahedral,2,13;9,5.35951765,0.0053,-5.35421765,0.03375,0.15205000000000002,0.04185
vacancy_O3,O3 vacancy,octahedral,2,13;9,5.35951765,0.0224,-5.33711765,0.03395,0.15315,0.0424
vacancy_O3,O3 vacancy,octahedral,2,13;9,5.35951765,0.0394,-5.32011765,0.03405,0.15494999999999998,0.0431
vacancy_O3,O3 vacancy,octahedral,2,13;9,5.35951765,0.0565,-5.30301765,0.03415,0.15715,0.0437
vacancy_O3,O3 vacancy,octahedral,2,13;9,5.35951765,0.0735,-5.28601765,0.03405,0.15985,0.04425
vacancy_O3,O3 vacancy,octahedral,2,13;9,5.35951765,0.0906,-5.26891765,0.0339,0.1626,0.0448
vacancy_O3,O3 vacancy,octahedral,2,13;9,5.35951765,0.1076,-5.25191765,0.0335,0.16545,0.045149999999999996
vacancy_O3,O3 vacancy,octahedral,2,13;9,5.35951765,0.1247,-5.23481765,0.033100000000000004,0.16799999999999998,0.0454
vacancy_O3,O3 vacancy,octahedral,2,13;9,5.35951765,0.1417,-5.21781765,0.03265,0.17035,0.045399999999999996
vacancy_O3,O3 vacancy,octahedral,2,13;9,5.35951765,0.1588,-5.20071765,0.032100000000000004,0.17215,0.045
vacancy_O3,O3 vacancy,octahedral,2,13;9,5.35951765,0.1758,-5.18371765,0.0316,0.1735,0.044599999999999994
vacancy_O3,O3 vacancy,octahedral,2,13;9,5.35951765,0.1929,-5.16661765,0.031150000000000004,0.17435,0.043800000000000006
vacancy_O3,O3 vacancy,octahedral,2,13;9,5.35951765,0.2099,-5.14961765,0.030699999999999998,0.1747,0.04305
vacancy_O3,O3 vacancy,octahedral,2,13;9,5.35951765,0.227,-5.13251765,0.0303,0.17479999999999998,0.04225
vacancy_O3,O3 vacancy,octahedral,2,13;9,5.35951765,0.244,-5.11551765,0.03,0.175,0.04125
vacancy_O3,O3 vacancy,octahedral,2,13;9,5.35951765,0.2611,-5.09841765,0.02985,0.17535,0.04055
vacancy_O3,O3 vacancy,octahedral,2,13;9,5.35951765,0.2782,-5.08131765,0.0299,0.1764,0.040049999999999995
vacancy_O3,O3 vacancy,octahedral,2,13;9,5.35951765,0.2952,-5.06431765,0.030199999999999998,0.17815,0.039749999999999994
vacancy_O3,O3 vacancy,octahedral,2,13;9,5.35951765,0.3123,-5.04721765,0.0309,0.18055,0.03975
vacancy_O3,O3 vacancy,octahedral,2,13;9,5.35951765,0.3293,-5.03021765,0.031950000000000006,0.1835,0.040150000000000005
vacancy_O3,O3 vacancy,octahedral,2,13;9,5.35951765,0.3464,-5.01311765,0.0334,0.1867,0.04075
vacancy_O3,O3 vacancy,octahedral,2,13;9,5.35951765,0.3634,-4.9961176499999995,0.0353,0.1896,0.041350000000000005
vacancy_O3,O3 vacancy,octahedral,2,13;9,5.35951765,0.3805,-4.97901765,0.03745,0.19155,0.04215
vacancy_O3,O3 vacancy,octahedral,2,13;9,5.35951765,0.3975,-4.96201765,0.03975,0.19195,0.042749999999999996
vacancy_O3,O3 vacancy,octahedral,2,13;9,5.35951765,0.4146,-4.94491765,0.0421,0.1905,0.0432
vacancy_O3,O3 vacancy,octahedral,2,13;9,5.35951765,0.4316,-4.9279176499999995,0.04435,0.18724999999999997,0.04335
vacancy_O3,O3 vacancy,octahedral,2,13;9,5.35951765,0.4487,-4.91081765,0.04625,0.18205,0.0432
vacancy_O3,O3 vacancy,octahedral,2,13;9,5.35951765,0.4657,-4.89381765,0.04765,0.17585,0.0429
vacancy_O3,O3 vacancy,octahedral,2,13;9,5.35951765,0.4828,-4.87671765,0.04865,0.1692,0.042550000000000004
vacancy_O3,O3 vacancy,octahedral,2,13;9,5.35951765,0.4998,-4.85971765,0.049,0.16294999999999998,0.04215
vacancy_O3,O3 vacancy,octahedral,2,13;9,5.35951765,0.5169,-4.84261765,0.048799999999999996,0.15785,0.04195
vacancy_O3,O3 vacancy,octahedral,2,13;9,5.35951765,0.5339,-4.82561765,0.0482,0.1542,0.04155
vacancy_O3,O3 vacancy,octahedral,2,13;9,5.35951765,0.551,-4.80851765,0.047299999999999995,0.15209999999999999,0.041550000000000004
vacancy_O3,O3 vacancy,octahedral,2,13;9,5.35951765,0.568,-4.79151765,0.04605,0.1513,0.04155
vacancy_O3,O3 vacancy,octahedral,2,13;9,5.35951765,0.5851,-4.77441765,0.0446,0.15125,0.0418
vacancy_O3,O3 vacancy,octahedral,2,13;9,5.35951765,0.6021,-4.75741765,0.043,0.15175,0.0419
vacancy_O3,O3 vacancy,octahedral,2,13;9,5.35951765,0.6192,-4.74031765,0.0414,0.1521,0.042050000000000004
vacancy_O3,O3 vacancy,octahedral,2,13;9,5.35951765,0.6362,-4.72331765,0.03975,0.15205,0.0422
vacancy_O3,O3 vacancy,octahedral,2,13;9,5.35951765,0.6533,-4.70621765,0.0382,0.15139999999999998,0.0421
vacancy_O3,O3 vacancy,octahedral,2,13;9,5.35951765,0.6703,-4.68921765,0.03665,0.15030000000000002,0.041749999999999995
vacancy_O3,O3 vacancy,octahedral,2,13;9,5.35951765,0.6874,-4.67211765,0.0351,0.1487,0.04164999999999999
vacancy_O3,O3 vacancy,octahedral,2,13;9,5.35951765,0.7044,-4.65511765,0.0336,0.147,0.04115
vacancy_O3,O3 vacancy,octahedral,2,13;9,5.35951765,0.7215,-4.63801765,0.032100000000000004,0.14505,0.04075
vacancy_O3,O3 vacancy,octahedral,2,13;9,5.35951765,0.7385,-4.62101765,0.030600000000000002,0.14325000000000002,0.040249999999999994
vacancy_O3,O3 vacancy,octahedral,2,13;9,5.35951765,0.7556,-4.60391765,0.029150000000000002,0.14155,0.03975
vacancy_O3,O3 vacancy,octahedral,2,13;9,5.35951765,0.7726,-4.58691765,0.0277,0.14005,0.039349999999999996
vacancy_O3,O3 vacancy,octahedral,2,13;9,5.35951765,0.7897,-4.56981765,0.02635,0.13905,0.039150000000000004
vacancy_O3,O3 vacancy,octahedral,2,13;9,5.35951765,0.8067,-4.55281765,0.0253,0.1385,0.039
vacancy_O3,O3 vacancy,octahedral,2,13;9,5.35951765,0.8238,-4.53571765,0.0245,0.1386,0.039099999999999996
vacancy_O3,O3 vacancy,octahedral,2,13;9,5.35951765,0.8409,-4.5186176499999995,0.024100000000000003,0.13929999999999998,0.039349999999999996
vacancy_O3,O3 vacancy,octahedral,2,13;9,5.35951765,0.8579,-4.50161765,0.024,0.14065,0.0399
vacancy_O3,O3 vacancy,octahedral,2,13;9,5.35951765,0.875,-4.48451765,0.0242,0.14245,0.04055
vacancy_O3,O3 vacancy,octahedral,2,13;9,5.35951765,0.892,-4.46751765,0.024550000000000002,0.14454999999999998,0.041249999999999995
vacancy_O3,O3 vacancy,octahedral,2,13;9,5.35951765,0.9091,-4.45041765,0.0249,0.14695000000000003,0.04195
vacancy_O3,O3 vacancy,octahedral,2,13;9,5.35951765,0.9261,-4.43341765,0.0253,0.1491,0.0426
vacancy_O3,O3 vacancy,octahedral,2,13;9,5.35951765,0.9432,-4.41631765,0.025500000000000002,0.1513,0.0432
vacancy_O3,O3 vacancy,octahedral,2,13;9,5.35951765,0.9602,-4.3993176499999995,0.02555,0.1533,0.0437
vacancy_O3,O3 vacancy,octahedral,2,13;9,5.35951765,0.9773,-4.38221765,0.025500000000000002,0.155,0.044149999999999995
vacancy_O3,O3 vacancy,octahedral,2,13;9,5.35951765,0.9943,-4.36521765,0.02535,0.15655,0.0446
vacancy_O3,O3 vacancy,octahedral,2,13;9,5.35951765,1.0114,-4.34811765,0.0252,0.1578,0.044950000000000004
vacancy_O3,O3 vacancy,octahedral,2,13;9,5.35951765,1.0284,-4.3311176499999995,0.02515,0.15889999999999999,0.04555000000000001
vacancy_O3,O3 vacancy,octahedral,2,13;9,5.35951765,1.0455,-4.31401765,0.0252,0.16,0.046
vacancy_O3,O3 vacancy,octahedral,2,13;9,5.35951765,1.0625,-4.29701765,0.0254,0.1609,0.0466
vacancy_O3,O3 vacancy,octahedral,2,13;9,5.35951765,1.0796,-4.27991765,0.0257,0.1616,0.0475
vacancy_O3,O3 vacancy,octahedral,2,13;9,5.35951765,1.0966,-4.26291765,0.026099999999999998,0.1619,0.04835
vacancy_O3,O3 vacancy,octahedral,2,13;9,5.35951765,1.1137,-4.24581765,0.0266,0.16165,0.04945
vacancy_O3,O3 vacancy,octahedral,2,13;9,5.35951765,1.1307,-4.22881765,0.027000000000000003,0.1607,0.05045
vacancy_O3,O3 vacancy,octahedral,2,13;9,5.35951765,1.1478,-4.21171765,0.02735,0.1587,0.05135
vacancy_O3,O3 vacancy,octahedral,2,13;9,5.35951765,1.1648,-4.194717649999999,0.027549999999999998,0.15565,0.052250000000000005
vacancy_O3,O3 vacancy,octahedral,2,13;9,5.35951765,1.1819,-4.17761765,0.02765,0.15155,0.0528
vacancy_O3,O3 vacancy,octahedral,2,13;9,5.35951765,1.1989,-4.16061765,0.027549999999999998,0.1464,0.053349999999999995
vacancy_O3,O3 vacancy,octahedral,2,13;9,5.35951765,1.216,-4.14351765,0.0274,0.14045,0.05345
vacancy_O3,O3 vacancy,octahedral,2,13;9,5.35951765,1.233,-4.12651765,0.02725,0.13419999999999999,0.05360000000000001
vacancy_O3,O3 vacancy,octahedral,2,13;9,5.35951765,1.2501,-4.10941765,0.0271,0.12805,0.0538
vacancy_O3,O3 vacancy,octahedral,2,13;9,5.35951765,1.2671,-4.09241765,0.0271,0.1224,0.054150000000000004
vacancy_O3,O3 vacancy,octahedral,2,13;9,5.35951765,1.2842,-4.07531765,0.027200000000000002,0.1177,0.05450000000000001
vacancy_O3,O3 vacancy,octahedral,2,13;9,5.35951765,1.3012,-4.05831765,0.02735,0.11405,0.0553
vacancy_O3,O3 vacancy,octahedral,2,13;9,5.35951765,1.3183,-4.04121765,0.027549999999999998,0.1117,0.05645
vacancy_O3,O3 vacancy,octahedral,2,13;9,5.35951765,1.3353,-4.02421765,0.02775,0.1106,0.057999999999999996
vacancy_O3,O3 vacancy,octahedral,2,13;9,5.35951765,1.3524,-4.00711765,0.0279,0.1106,0.05985
vacancy_O3,O3 vacancy,octahedral,2,13;9,5.35951765,1.3695,-3.99001765,0.02795,0.11135,0.0621
vacancy_O3,O3 vacancy,octahedral,2,13;9,5.35951765,1.3865,-3.97301765,0.0279,0.1124,0.06470000000000001
vacancy_O3,O3 vacancy,octahedral,2,13;9,5.35951765,1.4036,-3.95591765,0.027700000000000002,0.11374999999999999,0.06714999999999999
vacancy_O3,O3 vacancy,octahedral,2,13;9,5.35951765,1.4206,-3.9389176499999996,0.027299999999999998,0.1149,0.06964999999999999
vacancy_O3,O3 vacancy,octahedral,2,13;9,5.35951765,1.4377,-3.92181765,0.0267,0.11560000000000001,0.07185
vacancy_O3,O3 vacancy,octahedral,2,13;9,5.35951765,1.4547,-3.90481765,0.0259,0.1159,0.07350000000000001
vacancy_O3,O3 vacancy,octahedral,2,13;9,5.35951765,1.4718,-3.88771765,0.024849999999999997,0.1157,0.07455
vacancy_O3,O3 vacancy,octahedral,2,13;9,5.35951765,1.4888,-3.87071765,0.023649999999999997,0.11515,0.07500000000000001
vacancy_O3,O3 vacancy,octahedral,2,13;9,5.35951765,1.5059,-3.85361765,0.022350000000000002,0.1142,0.07485
vacancy_O3,O3 vacancy,octahedral,2,13;9,5.35951765,1.5229,-3.83661765,0.02105,0.11309999999999999,0.0743
vacancy_O3,O3 vacancy,octahedral,2,13;9,5.35951765,1.54,-3.81951765,0.01985,0.11195,0.07350000000000001
vacancy_O3,O3 vacancy,octahedral,2,13;9,5.35951765,1.557,-3.80251765,0.018799999999999997,0.11085,0.07245000000000001
vacancy_O3,O3 vacancy,octahedral,2,13;9,5.35951765,1.5741,-3.78541765,0.01785,0.10969999999999999,0.07160000000000001
vacancy_O3,O3 vacancy,octahedral,2,13;9,5.35951765,1.5911,-3.76841765,0.017099999999999997,0.1087,0.0708
vacancy_O3,O3 vacancy,octahedral,2,13;9,5.35951765,1.6082,-3.75131765,0.01645,0.1077,0.07014999999999999
vacancy_O3,O3 vacancy,octahedral,2,13;9,5.35951765,1.6252,-3.73431765,0.015899999999999997,0.10655,0.0695
vacancy_O3,O3 vacancy,octahedral,2,13;9,5.35951765,1.6423,-3.71721765,0.015349999999999999,0.10519999999999999,0.0691
vacancy_O3,O3 vacancy,octahedral,2,13;9,5.35951765,1.6593,-3.70021765,0.01485,0.10364999999999999,0.0689
vacancy_O3,O3 vacancy,octahedral,2,13;9,5.35951765,1.6764,-3.68311765,0.0143,0.10189999999999999,0.0687
vacancy_O3,O3 vacancy,octahedral,2,13;9,5.35951765,1.6934,-3.66611765,0.0138,0.1,0.0686
vacancy_O3,O3 vacancy,octahedral,2,13;9,5.35951765,1.7105,-3.6490176500000002,0.013399999999999999,0.09795,0.06865
vacancy_O3,O3 vacancy,octahedral,2,13;9,5.35951765,1.7275,-3.63201765,0.01295,0.0958,0.0686
vacancy_O3,O3 vacancy,octahedral,2,13;9,5.35951765,1.7446,-3.6149176499999998,0.01265,0.0935,0.06864999999999999
vacancy_O3,O3 vacancy,octahedral,2,13;9,5.35951765,1.7616,-3.59791765,0.01235,0.09125,0.06845000000000001
vacancy_O3,O3 vacancy,octahedral,2,13;9,5.35951765,1.7787,-3.58081765,0.0121,0.0888,0.0682
vacancy_O3,O3 vacancy,octahedral,2,13;9,5.35951765,1.7957,-3.56381765,0.011949999999999999,0.08625,0.06770000000000001
vacancy_O3,O3 vacancy,octahedral,2,13;9,5.35951765,1.8128,-3.5467176499999997,0.0118,0.08345,0.0669
vacancy_O3,O3 vacancy,octahedral,2,13;9,5.35951765,1.8298,-3.52971765,0.0117,0.0806,0.06555
vacancy_O3,O3 vacancy,octahedral,2,13;9,5.35951765,1.8469,-3.51261765,0.0116,0.0776,0.06385
vacancy_O3,O3 vacancy,octahedral,2,13;9,5.35951765,1.8639,-3.49561765,0.0116,0.0748,0.06215
vacancy_O3,O3 vacancy,octahedral,2,13;9,5.35951765,1.881,-3.4785176499999997,0.0117,0.07225000000000001,0.06035
vacancy_O3,O3 vacancy,octahedral,2,13;9,5.35951765,1.898,-3.4615176500000002,0.01185,0.0701,0.05865
vacancy_O3,O3 vacancy,octahedral,2,13;9,5.35951765,1.9151,-3.44441765,0.012050000000000002,0.06849999999999999,0.057150000000000006
vacancy_O3,O3 vacancy,octahedral,2,13;9,5.35951765,1.9322,-3.42731765,0.01225,0.06745,0.0562
vacancy_O3,O3 vacancy,octahedral,2,13;9,5.35951765,1.9492,-3.4103176499999996,0.01245,0.06709999999999999,0.055650000000000005
vacancy_O3,O3 vacancy,octahedral,2,13;9,5.35951765,1.9663,-3.39321765,0.01255,0.0673,0.05565
vacancy_O3,O3 vacancy,octahedral,2,13;9,5.35951765,1.9833,-3.37621765,0.01255,0.06805,0.0563
vacancy_O3,O3 vacancy,octahedral,2,13;9,5.35951765,2.0004,-3.35911765,0.0125,0.06945,0.057550000000000004
vacancy_O3,O3 vacancy,octahedral,2,13;9,5.35951765,2.0174,-3.34211765,0.01235,0.0712,0.0595
vacancy_O3,O3 vacancy,octahedral,2,13;9,5.35951765,2.0345,-3.32501765,0.0121,0.07344999999999999,0.0622
vacancy_O3,O3 vacancy,octahedral,2,13;9,5.35951765,2.0515,-3.30801765,0.01185,0.07615,0.06585
vacancy_O3,O3 vacancy,octahedral,2,13;9,5.35951765,2.0686,-3.29091765,0.01155,0.07915,0.0703
vacancy_O3,O3 vacancy,octahedral,2,13;9,5.35951765,2.0856,-3.27391765,0.01125,0.0822,0.07555
vacancy_O3,O3 vacancy,octahedral,2,13;9,5.35951765,2.1027,-3.25681765,0.01095,0.08515,0.0818
vacancy_O3,O3 vacancy,octahedral,2,13;9,5.35951765,2.1197,-3.23981765,0.01065,0.08789999999999999,0.08875
vacancy_O3,O3 vacancy,octahedral,2,13;9,5.35951765,2.1368,-3.22271765,0.0104,0.0901,0.09634999999999999
vacancy_O3,O3 vacancy,octahedral,2,13;9,5.35951765,2.1538,-3.20571765,0.01015,0.0916,0.10414999999999999
vacancy_O3,O3 vacancy,octahedral,2,13;9,5.35951765,2.1709,-3.18861765,0.009899999999999999,0.09240000000000001,0.11205
vacancy_O3,O3 vacancy,octahedral,2,13;9,5.35951765,2.1879,-3.17161765,0.0098,0.09240000000000001,0.1195
vacancy_O3,O3 vacancy,octahedral,2,13;9,5.35951765,2.205,-3.15451765,0.009600000000000001,0.09165000000000001,0.12624999999999997
vacancy_O3,O3 vacancy,octahedral,2,13;9,5.35951765,2.222,-3.13751765,0.00955,0.09029999999999999,0.13215
vacancy_O3,O3 vacancy,octahedral,2,13;9,5.35951765,2.2391,-3.12041765,0.0095,0.0883,0.1372
vacancy_O3,O3 vacancy,octahedral,2,13;9,5.35951765,2.2561,-3.10341765,0.00945,0.08610000000000001,0.14129999999999998
vacancy_O3,O3 vacancy,octahedral,2,13;9,5.35951765,2.2732,-3.08631765,0.009399999999999999,0.08374999999999999,0.14455
vacancy_O3,O3 vacancy,octahedral,2,13;9,5.35951765,2.2902,-3.06931765,0.0095,0.08135,0.14695
vacancy_O3,O3 vacancy,octahedral,2,13;9,5.35951765,2.3073,-3.05221765,0.00955,0.07915,0.1485
vacancy_O3,O3 vacancy,octahedral,2,13;9,5.35951765,2.3243,-3.03521765,0.0097,0.0771,0.1491
vacancy_O3,O3 vacancy,octahedral,2,13;9,5.35951765,2.3414,-3.0181176499999998,0.0098,0.07525000000000001,0.14884999999999998
vacancy_O3,O3 vacancy,octahedral,2,13;9,5.35951765,2.3584,-3.00111765,0.01005,0.07335,0.14750000000000002
vacancy_O3,O3 vacancy,octahedral,2,13;9,5.35951765,2.3755,-2.9840176499999997,0.0102,0.07145,0.14479999999999998
vacancy_O3,O3 vacancy,octahedral,2,13;9,5.35951765,2.3925,-2.96701765,0.01035,0.06965,0.1416
vacancy_O3,O3 vacancy,octahedral,2,13;9,5.35951765,2.4096,-2.9499176499999997,0.0104,0.0678,0.13774999999999998
vacancy_O3,O3 vacancy,octahedral,2,13;9,5.35951765,2.4266,-2.93291765,0.010450000000000001,0.066,0.13390000000000002
vacancy_O3,O3 vacancy,octahedral,2,13;9,5.35951765,2.4437,-2.9158176499999997,0.010499999999999999,0.06445000000000001,0.1306
vacancy_O3,O3 vacancy,octahedral,2,13;9,5.35951765,2.4608,-2.89871765,0.010450000000000001,0.06309999999999999,0.12819999999999998
vacancy_O3,O3 vacancy,octahedral,2,13;9,5.35951765,2.4778,-2.88171765,0.0104,0.06215,0.12705
vacancy_O3,O3 vacancy,octahedral,2,13;9,5.35951765,2.4949,-2.86461765,0.0103,0.0615,0.12705
vacancy_O3,O3 vacancy,octahedral,2,13;9,5.35951765,2.5119,-2.84761765,0.01015,0.061250000000000006,0.12805
vacancy_O3,O3 vacancy,octahedral,2,13;9,5.35951765,2.529,-2.83051765,0.01,0.06085,0.12974999999999998
vacancy_O3,O3 vacancy,octahedral,2,13;9,5.35951765,2.546,-2.81351765,0.0098,0.06045,0.1315
vacancy_O3,O3 vacancy,octahedral,2,13;9,5.35951765,2.5631,-2.79641765,0.0095,0.059800000000000006,0.13315
vacancy_O3,O3 vacancy,octahedral,2,13;9,5.35951765,2.5801,-2.77941765,0.0092,0.058800000000000005,0.13435000000000002
vacancy_O3,O3 vacancy,octahedral,2,13;9,5.35951765,2.5972,-2.76231765,0.00885,0.057499999999999996,0.135
vacancy_O3,O3 vacancy,octahedral,2,13;9,5.35951765,2.6142,-2.74531765,0.0085,0.0558,0.13479999999999998
vacancy_O3,O3 vacancy,octahedral,2,13;9,5.35951765,2.6313,-2.72821765,0.008150000000000001,0.0538,0.13415
vacancy_O3,O3 vacancy,octahedral,2,13;9,5.35951765,2.6483,-2.71121765,0.00785,0.0516,0.13295
vacancy_O3,O3 vacancy,octahedral,2,13;9,5.35951765,2.6654,-2.69411765,0.0076,0.0494,0.13145
vacancy_O3,O3 vacancy,octahedral,2,13;9,5.35951765,2.6824,-2.67711765,0.0075,0.04725,0.12990000000000002
vacancy_O3,O3 vacancy,octahedral,2,13;9,5.35951765,2.6995,-2.66001765,0.0074,0.04505,0.12815000000000001
vacancy_O3,O3 vacancy,octahedral,2,13;9,5.35951765,2.7165,-2.64301765,0.0074,0.04305,0.12624999999999997
vacancy_O3,O3 vacancy,octahedral,2,13;9,5.35951765,2.7336,-2.62591765,0.0074,0.0411,0.12425
vacancy_O3,O3 vacancy,octahedral,2,13;9,5.35951765,2.7506,-2.60891765,0.00745,0.03925,0.12225
vacancy_O3,O3 vacancy,octahedral,2,13;9,5.35951765,2.7677,-2.59181765,0.00745,0.037500000000000006,0.1199
vacancy_O3,O3 vacancy,octahedral,2,13;9,5.35951765,2.7847,-2.57481765,0.0074,0.036000000000000004,0.1173
vacancy_O3,O3 vacancy,octahedral,2,13;9,5.35951765,2.8018,-2.55771765,0.007350000000000001,0.03455,0.11435
vacancy_O3,O3 vacancy,octahedral,2,13;9,5.35951765,2.8188,-2.54071765,0.0072499999999999995,0.03335,0.1114
vacancy_O3,O3 vacancy,octahedral,2,13;9,5.35951765,2.8359,-2.52361765,0.00715,0.03215,0.10790000000000002
vacancy_O3,O3 vacancy,octahedral,2,13;9,5.35951765,2.8529,-2.50661765,0.007050000000000001,0.03125,0.10435
vacancy_O3,O3 vacancy,octahedral,2,13;9,5.35951765,2.87,-2.48951765,0.00695,0.0304,0.10055
vacancy_O3,O3 vacancy,octahedral,2,13;9,5.35951765,2.887,-2.47251765,0.00685,0.02965,0.09684999999999999
vacancy_O3,O3 vacancy,octahedral,2,13;9,5.35951765,2.9041,-2.45541765,0.00685,0.028999999999999998,0.0929
vacancy_O3,O3 vacancy,octahedral,2,13;9,5.35951765,2.9211,-2.43841765,0.0069,0.028499999999999998,0.08915000000000001
vacancy_O3,O3 vacancy,octahedral,2,13;9,5.35951765,2.9382,-2.4213176499999998,0.00695,0.027999999999999997,0.0857
vacancy_O3,O3 vacancy,octahedral,2,13;9,5.35951765,2.9552,-2.40431765,0.007,0.02765,0.08235
vacancy_O3,O3 vacancy,octahedral,2,13;9,5.35951765,2.9723,-2.3872176499999997,0.007050000000000001,0.0273,0.07944999999999999
vacancy_O3,O3 vacancy,octahedral,2,13;9,5.35951765,2.9894,-2.37011765,0.0071,0.026949999999999998,0.07680000000000001
vacancy_O3,O3 vacancy,octahedral,2,13;9,5.35951765,3.0064,-2.3531176499999997,0.0071,0.0266,0.0745
vacancy_O3,O3 vacancy,octahedral,2,13;9,5.35951765,3.0235,-2.33601765,0.0071,0.02625,0.0724
vacancy_O3,O3 vacancy,octahedral,2,13;9,5.35951765,3.0405,-2.3190176499999997,0.007,0.025750000000000002,0.07055
vacancy_O3,O3 vacancy,octahedral,2,13;9,5.35951765,3.0576,-2.30191765,0.0069,0.0252,0.06885
vacancy_O3,O3 vacancy,octahedral,2,13;9,5.35951765,3.0746,-2.2849176499999997,0.0068,0.0245,0.06725
vacancy_O3,O3 vacancy,octahedral,2,13;9,5.35951765,3.0917,-2.26781765,0.00665,0.023850000000000003,0.06570000000000001
vacancy_O3,O3 vacancy,octahedral,2,13;9,5.35951765,3.1087,-2.25081765,0.0066,0.023,0.06425
vacancy_O3,O3 vacancy,octahedral,2,13;9,5.35951765,3.1258,-2.23371765,0.0065,0.0223,0.06264999999999998
vacancy_O3,O3 vacancy,octahedral,2,13;9,5.35951765,3.1428,-2.21671765,0.0065,0.021400000000000002,0.06105
vacancy_O3,O3 vacancy,octahedral,2,13;9,5.35951765,3.1599,-2.19961765,0.0065,0.02055,0.059300000000000005
vacancy_O3,O3 vacancy,octahedral,2,13;9,5.35951765,3.1769,-2.18261765,0.00645,0.0196,0.057050000000000003
vacancy_O3,O3 vacancy,octahedral,2,13;9,5.35951765,3.194,-2.16551765,0.0064,0.01865,0.0546
vacancy_O3,O3 vacancy,octahedral,2,13;9,5.35951765,3.211,-2.14851765,0.0064,0.01765,0.0519
vacancy_O3,O3 vacancy,octahedral,2,13;9,5.35951765,3.2281,-2.13141765,0.00635,0.016550000000000002,0.048999999999999995
vacancy_O3,O3 vacancy,octahedral,2,13;9,5.35951765,3.2451,-2.11441765,0.0063,0.0155,0.045700000000000005
vacancy_O3,O3 vacancy,octahedral,2,13;9,5.35951765,3.2622,-2.09731765,0.0061,0.01455,0.04240000000000001
vacancy_O3,O3 vacancy,octahedral,2,13;9,5.35951765,3.2792,-2.08031765,0.006,0.013600000000000001,0.03895
vacancy_O3,O3 vacancy,octahedral,2,13;9,5.35951765,3.2963,-2.06321765,0.0058,0.0127,0.03555
vacancy_O3,O3 vacancy,octahedral,2,13;9,5.35951765,3.3133,-2.04621765,0.0055,0.011800000000000001,0.03225
vacancy_O3,O3 vacancy,octahedral,2,13;9,5.35951765,3.3304,-2.02911765,0.0052,0.011049999999999999,0.02885
vacancy_O3,O3 vacancy,octahedral,2,13;9,5.35951765,3.3474,-2.01211765,0.0049,0.0102,0.025800000000000003
vacancy_O3,O3 vacancy,octahedral,2,13;9,5.35951765,3.3645,-1.9950176499999999,0.0046,0.00945,0.02275
vacancy_O3,O3 vacancy,octahedral,2,13;9,5.35951765,3.3815,-1.97801765,0.0043,0.008799999999999999,0.020050000000000002
vacancy_O3,O3 vacancy,octahedral,2,13;9,5.35951765,3.3986,-1.9609176499999998,0.004,0.00815,0.017700000000000004
vacancy_O3,O3 vacancy,octahedral,2,13;9,5.35951765,3.4156,-1.94391765,0.0037,0.0076,0.0158
vacancy_O3,O3 vacancy,octahedral,2,13;9,5.35951765,3.4327,-1.9268176499999998,0.0035,0.0072,0.0143
vacancy_O3,O3 vacancy,octahedral,2,13;9,5.35951765,3.4497,-1.90981765,0.0033,0.007000000000000001,0.013250000000000001
vacancy_O3,O3 vacancy,octahedral,2,13;9,5.35951765,3.4668,-1.8927176499999998,0.0032,0.0068000000000000005,0.0126
vacancy_O3,O3 vacancy,octahedral,2,13;9,5.35951765,3.4838,-1.87571765,0.0031,0.006699999999999999,0.01235
vacancy_O3,O3 vacancy,octahedral,2,13;9,5.35951765,3.5009,-1.8586176499999998,0.003,0.006699999999999999,0.01255
vacancy_O3,O3 vacancy,octahedral,2,13;9,5.35951765,3.5179,-1.8416176499999999,0.003,0.006699999999999999,0.0128
vacancy_O3,O3 vacancy,octahedral,2,13;9,5.35951765,3.535,-1.8245176499999998,0.0029,0.00665,0.01335
vacancy_O3,O3 vacancy,octahedral,2,13;9,5.35951765,3.5521,-1.80741765,0.0029,0.006699999999999999,0.0138
vacancy_O3,O3 vacancy,octahedral,2,13;9,5.35951765,3.5691,-1.7904176499999997,0.0028,0.00665,0.014299999999999998
vacancy_O3,O3 vacancy,octahedral,2,13;9,5.35951765,3.5862,-1.77331765,0.0027,0.006500000000000001,0.01485
vacancy_O3,O3 vacancy,octahedral,2,13;9,5.35951765,3.6032,-1.7563176499999997,0.0026,0.00635,0.01515
vacancy_O3,O3 vacancy,octahedral,2,13;9,5.35951765,3.6203,-1.73921765,0.0024,0.0060999999999999995,0.015300000000000001
vacancy_O3,O3 vacancy,octahedral,2,13;9,5.35951765,3.6373,-1.7222176499999997,0.0022,0.00585,0.01515
vacancy_O3,O3 vacancy,octahedral,2,13;9,5.35951765,3.6544,-1.70511765,0.002,0.005549999999999999,0.014750000000000003
vacancy_O3,O3 vacancy,octahedral,2,13;9,5.35951765,3.6714,-1.6881176499999997,0.0018,0.00515,0.0141
vacancy_O3,O3 vacancy,octahedral,2,13;9,5.35951765,3.6885,-1.67101765,0.0015,0.0047,0.0133
vacancy_O3,O3 vacancy,octahedral,2,13;9,5.35951765,3.7055,-1.6540176500000001,0.0013,0.0042,0.0121
vacancy_O3,O3 vacancy,octahedral,2,13;9,5.35951765,3.7226,-1.63691765,0.001,0.0037,0.011
vacancy_O3,O3 vacancy,octahedral,2,13;9,5.35951765,3.7396,-1.61991765,0.0008,0.0033,0.009649999999999999
vacancy_O3,O3 vacancy,octahedral,2,13;9,5.35951765,3.7567,-1.60281765,0.0007,0.0027,0.00815
vacancy_O3,O3 vacancy,octahedral,2,13;9,5.35951765,3.7737,-1.58581765,0.0005,0.0021999999999999997,0.0068000000000000005
vacancy_O3,O3 vacancy,octahedral,2,13;9,5.35951765,3.7908,-1.56871765,0.0004,0.00165,0.0054
vacancy_O3,O3 vacancy,octahedral,2,13;9,5.35951765,3.8078,-1.55171765,0.0003,0.0012500000000000002,0.0042
vacancy_O3,O3 vacancy,octahedral,2,13;9,5.35951765,3.8249,-1.53461765,0.0002,0.00095,0.003
vacancy_O3,O3 vacancy,octahedral,2,13;9,5.35951765,3.8419,-1.51761765,0.0001,0.0006000000000000001,0.0021999999999999997
vacancy_O3,O3 vacancy,octahedral,2,13;9,5.35951765,3.859,-1.50051765,0.0001,0.0004,0.0015
vacancy_O3,O3 vacancy,octahedral,2,13;9,5.35951765,3.876,-1.48351765,0.0,0.00025,0.0009
vacancy_O3,O3 vacancy,octahedral,2,13;9,5.35951765,3.8931,-1.46641765,0.0,0.0001,0.0006000000000000001
vacancy_O3,O3 vacancy,octahedral,2,13;9,5.35951765,3.9101,-1.44941765,0.0,0.0,0.00035000000000000005
vacancy_O3,O3 vacancy,octahedral,2,13;9,5.35951765,3.9272,-1.4323176499999999,0.0,0.0,0.00015000000000000001
vacancy_O3,O3 vacancy,octahedral,2,13;9,5.35951765,3.9442,-1.41531765,0.0,0.0,0.0001
vacancy_O3,O3 vacancy,octahedral,2,13;9,5.35951765,3.9613,-1.3982176499999999,0.0,0.0,0.0
vacancy_O3,O3 vacancy,octahedral,2,13;9,5.35951765,3.9783,-1.38121765,0.0,0.0,0.0
vacancy_O3,O3 vacancy,octahedral,2,13;9,5.35951765,3.9954,-1.3641176499999998,0.0,0.0,0.0
vacancy_O3,O3 vacancy,octahedral,2,13;9,5.35951765,4.0124,-1.3471176499999995,0.0,0.0,0.0
vacancy_O3,O3 vacancy,octahedral,2,13;9,5.35951765,4.0295,-1.3300176500000003,0.0,0.0,0.0
vacancy_O3,O3 vacancy,octahedral,2,13;9,5.35951765,4.0465,-1.31301765,0.0,0.0,0.0
vacancy_O3,O3 vacancy,octahedral,2,13;9,5.35951765,4.0636,-1.2959176499999998,0.0,0.0,0.0
vacancy_O3,O3 vacancy,octahedral,2,13;9,5.35951765,4.0807,-1.2788176499999997,0.0,0.0,0.0
vacancy_O3,O3 vacancy,octahedral,2,13;9,5.35951765,4.0977,-1.2618176500000002,0.0001,0.0,0.0
vacancy_O3,O3 vacancy,octahedral,2,13;9,5.35951765,4.1148,-1.2447176500000001,0.0001,0.00015000000000000001,5e-05
vacancy_O3,O3 vacancy,octahedral,2,13;9,5.35951765,4.1318,-1.2277176499999998,0.0003,0.00030000000000000003,0.00015000000000000001
vacancy_O3,O3 vacancy,octahedral,2,13;9,5.35951765,4.1489,-1.2106176499999997,0.0004,0.0005,0.00030000000000000003
vacancy_O3,O3 vacancy,octahedral,2,13;9,5.35951765,4.1659,-1.1936176500000002,0.0007,0.0007,0.0005
vacancy_O3,O3 vacancy,octahedral,2,13;9,5.35951765,4.183,-1.17651765,0.001,0.00105,0.0006000000000000001
vacancy_O3,O3 vacancy,octahedral,2,13;9,5.35951765,4.2,-1.1595176499999997,0.0015,0.0015999999999999999,0.0009
vacancy_O3,O3 vacancy,octahedral,2,13;9,5.35951765,4.2171,-1.1424176499999996,0.002,0.0021,0.0012000000000000001
vacancy_O3,O3 vacancy,octahedral,2,13;9,5.35951765,4.2341,-1.1254176500000002,0.0025,0.0027,0.00155
vacancy_O3,O3 vacancy,octahedral,2,13;9,5.35951765,4.2512,-1.10831765,0.0031,0.0031999999999999997,0.0018999999999999998
vacancy_O3,O3 vacancy,octahedral,2,13;9,5.35951765,4.2682,-1.0913176499999997,0.0036,0.0039,0.0023
vacancy_O3,O3 vacancy,octahedral,2,13;9,5.35951765,4.2853,-1.0742176499999996,0.0042,0.0046,0.0027
vacancy_O3,O3 vacancy,octahedral,2,13;9,5.35951765,4.3023,-1.0572176500000001,0.0048,0.0053,0.00315
vacancy_O3,O3 vacancy,octahedral,2,13;9,5.35951765,4.3194,-1.04011765,0.0056,0.006500000000000001,0.00375
vacancy_O3,O3 vacancy,octahedral,2,13;9,5.35951765,4.3364,-1.0231176499999997,0.0067,0.0081,0.00475
vacancy_O3,O3 vacancy,octahedral,2,13;9,5.35951765,4.3535,-1.0060176499999995,0.0084,0.01045,0.00605
vacancy_O3,O3 vacancy,octahedral,2,13;9,5.35951765,4.3705,-0.9890176500000001,0.0107,0.0138,0.0079
vacancy_O3,O3 vacancy,octahedral,2,13;9,5.35951765,4.3876,-0.97191765,0.0139,0.0183,0.0104
vacancy_O3,O3 vacancy,octahedral,2,13;9,5.35951765,4.4046,-0.9549176499999996,0.018,0.02395,0.0137
vacancy_O3,O3 vacancy,octahedral,2,13;9,5.35951765,4.4217,-0.9378176499999995,0.0228,0.03075,0.0175
vacancy_O3,O3 vacancy,octahedral,2,13;9,5.35951765,4.4387,-0.92081765,0.0281,0.03825,0.021699999999999997
vacancy_O3,O3 vacancy,octahedral,2,13;9,5.35951765,4.4558,-0.9037176499999999,0.0337,0.0461,0.02615
vacancy_O3,O3 vacancy,octahedral,2,13;9,5.35951765,4.4728,-0.8867176499999996,0.0392,0.0541,0.030600000000000002
vacancy_O3,O3 vacancy,octahedral,2,13;9,5.35951765,4.4899,-0.8696176500000004,0.0443,0.06155,0.034949999999999995
vacancy_O3,O3 vacancy,octahedral,2,13;9,5.35951765,4.5069,-0.85261765,0.0487,0.06814999999999999,0.03875
vacancy_O3,O3 vacancy,octahedral,2,13;9,5.35951765,4.524,-0.8355176499999999,0.0521,0.0735,0.04185
vacancy_O3,O3 vacancy,octahedral,2,13;9,5.35951765,4.541,-0.8185176499999995,0.05445,0.0773,0.0441
vacancy_O3,O3 vacancy,octahedral,2,13;9,5.35951765,4.5581,-0.8014176500000003,0.0555,0.0795,0.04535
vacancy_O3,O3 vacancy,octahedral,2,13;9,5.35951765,4.5751,-0.78441765,0.0552,0.07970000000000001,0.0456
vacancy_O3,O3 vacancy,octahedral,2,13;9,5.35951765,4.5922,-0.7673176499999999,0.0536,0.0781,0.044700000000000004
vacancy_O3,O3 vacancy,octahedral,2,13;9,5.35951765,4.6092,-0.7503176499999995,0.0508,0.07479999999999999,0.04305
vacancy_O3,O3 vacancy,octahedral,2,13;9,5.35951765,4.6263,-0.7332176500000003,0.04725,0.07050000000000001,0.040799999999999996
vacancy_O3,O3 vacancy,octahedral,2,13;9,5.35951765,4.6434,-0.7161176500000002,0.04335,0.06584999999999999,0.038349999999999995
vacancy_O3,O3 vacancy,octahedral,2,13;9,5.35951765,4.6604,-0.6991176499999998,0.0397,0.0619,0.0364
vacancy_O3,O3 vacancy,octahedral,2,13;9,5.35951765,4.6775,-0.6820176499999997,0.0368,0.05935,0.0353
vacancy_O3,O3 vacancy,octahedral,2,13;9,5.35951765,4.6945,-0.6650176500000002,0.0352,0.058949999999999995,0.03565
vacancy_O3,O3 vacancy,octahedral,2,13;9,5.35951765,4.7116,-0.6479176500000001,0.03485,0.060649999999999996,0.03705
vacancy_O3,O3 vacancy,octahedral,2,13;9,5.35951765,4.7286,-0.6309176499999998,0.0358,0.06445000000000001,0.0398
vacancy_O3,O3 vacancy,octahedral,2,13;9,5.35951765,4.7457,-0.6138176499999997,0.03755,0.06945,0.04335
vacancy_O3,O3 vacancy,octahedral,2,13;9,5.35951765,4.7627,-0.5968176500000002,0.03955,0.07475000000000001,0.047
vacancy_O3,O3 vacancy,octahedral,2,13;9,5.35951765,4.7798,-0.5797176500000001,0.0412,0.0794,0.0502
vacancy_O3,O3 vacancy,octahedral,2,13;9,5.35951765,4.7968,-0.5627176499999997,0.042050000000000004,0.0825,0.0524
vacancy_O3,O3 vacancy,octahedral,2,13;9,5.35951765,4.8139,-0.5456176499999996,0.04185,0.0837,0.0534
vacancy_O3,O3 vacancy,octahedral,2,13;9,5.35951765,4.8309,-0.5286176500000002,0.04045,0.08265,0.0529
vacancy_O3,O3 vacancy,octahedral,2,13;9,5.35951765,4.848,-0.51151765,0.03805,0.0796,0.05135000000000001
vacancy_O3,O3 vacancy,octahedral,2,13;9,5.35951765,4.865,-0.4945176499999997,0.03485,0.075,0.04865
vacancy_O3,O3 vacancy,octahedral,2,13;9,5.35951765,4.8821,-0.4774176499999996,0.031149999999999997,0.06915,0.045200000000000004
vacancy_O3,O3 vacancy,octahedral,2,13;9,5.35951765,4.8991,-0.4604176500000001,0.02725,0.0627,0.0411
vacancy_O3,O3 vacancy,octahedral,2,13;9,5.35951765,4.9162,-0.44331765,0.0234,0.055650000000000005,0.036750000000000005
vacancy_O3,O3 vacancy,octahedral,2,13;9,5.35951765,4.9332,-0.42631764999999966,0.01975,0.0484,0.032150000000000005
vacancy_O3,O3 vacancy,octahedral,2,13;9,5.35951765,4.9503,-0.40921764999999954,0.0163,0.04115,0.027450000000000002
vacancy_O3,O3 vacancy,octahedral,2,13;9,5.35951765,4.9673,-0.3922176500000001,0.01315,0.0339,0.02275
vacancy_O3,O3 vacancy,octahedral,2,13;9,5.35951765,4.9844,-0.37511764999999997,0.0103,0.027049999999999998,0.01825
vacancy_O3,O3 vacancy,octahedral,2,13;9,5.35951765,5.0014,-0.3581176499999996,0.0078,0.020749999999999998,0.01395
vacancy_O3,O3 vacancy,octahedral,2,13;9,5.35951765,5.0185,-0.3410176499999995,0.0056500000000000005,0.015300000000000001,0.0103
vacancy_O3,O3 vacancy,octahedral,2,13;9,5.35951765,5.0355,-0.32401765000000005,0.00395,0.01065,0.00725
vacancy_O3,O3 vacancy,octahedral,2,13;9,5.35951765,5.0526,-0.30691764999999993,0.0026,0.0072,0.00485
vacancy_O3,O3 vacancy,octahedral,2,13;9,5.35951765,5.0696,-0.2899176499999996,0.0017,0.00455,0.0031000000000000003
vacancy_O3,O3 vacancy,octahedral,2,13;9,5.35951765,5.0867,-0.27281764999999947,0.001,0.0027,0.0018
vacancy_O3,O3 vacancy,octahedral,2,13;9,5.35951765,5.1037,-0.25581765,0.0006,0.00155,0.0011
vacancy_O3,O3 vacancy,octahedral,2,13;9,5.35951765,5.1208,-0.2387176499999999,0.0003,0.00085,0.0006000000000000001
vacancy_O3,O3 vacancy,octahedral,2,13;9,5.35951765,5.1378,-0.22171764999999954,0.0002,0.00039999999999999996,0.0002
vacancy_O3,O3 vacancy,octahedral,2,13;9,5.35951765,5.1549,-0.20461765000000032,0.0001,0.00015000000000000001,0.0001
vacancy_O3,O3 vacancy,octahedral,2,13;9,5.35951765,5.172,-0.1875176500000002,0.0,0.0001,5e-05
vacancy_O3,O3 vacancy,octahedral,2,13;9,5.35951765,5.189,-0.17051764999999985,0.0,0.0,0.0
vacancy_O3,O3 vacancy,octahedral,2,13;9,5.35951765,5.2061,-0.15341764999999974,0.0,0.0,0.0
vacancy_O3,O3 vacancy,octahedral,2,13;9,5.35951765,5.2231,-0.13641765000000028,0.0,0.0,0.0
vacancy_O3,O3 vacancy,octahedral,2,13;9,5.35951765,5.2402,-0.11931765000000016,0.0,0.0,0.0
vacancy_O3,O3 vacancy,octahedral,2,13;9,5.35951765,5.2572,-0.10231764999999982,0.0,0.0,0.0
vacancy_O3,O3 vacancy,octahedral,2,13;9,5.35951765,5.2743,-0.0852176499999997,0.0,0.0,0.0
vacancy_O3,O3 vacancy,octahedral,2,13;9,5.35951765,5.2913,-0.06821765000000024,0.0,0.0,0.0
vacancy_O3,O3 vacancy,octahedral,2,13;9,5.35951765,5.3084,-0.051117650000000125,0.0,0.0,0.0
vacancy_O3,O3 vacancy,octahedral,2,13;9,5.35951765,5.3254,-0.03411764999999978,0.0,0.0,0.0
vacancy_O3,O3 vacancy,octahedral,2,13;9,5.35951765,5.3425,-0.017017649999999662,0.0,0.0,0.0
vacancy_O3,O3 vacancy,octahedral,2,13;9,5.35951765,5.3595,-1.7650000000202226e-05,0.0,0.0,0.0
vacancy_O3,O3 vacancy,octahedral,2,13;9,5.35951765,5.3766,0.017082349999999913,0.0,0.0,0.0
vacancy_O3,O3 vacancy,octahedral,2,13;9,5.35951765,5.3936,0.03408235000000026,0.0,0.0,0.0
vacancy_O3,O3 vacancy,octahedral,2,13;9,5.35951765,5.4107,0.051182350000000376,0.0,0.0,0.0
vacancy_O3,O3 vacancy,octahedral,2,13;9,5.35951765,5.4277,0.06818234999999984,0.0,0.0,0.0
vacancy_O3,O3 vacancy,octahedral,2,13;9,5.35951765,5.4448,0.08528234999999995,0.0,0.0,0.0
vacancy_O3,O3 vacancy,octahedral,2,13;9,5.35951765,5.4618,0.1022823500000003,0.0,0.0,0.0
vacancy_O3,O3 vacancy,octahedral,2,13;9,5.35951765,5.4789,0.11938235000000041,0.0,0.0,0.0
vacancy_O3,O3 vacancy,octahedral,2,13;9,5.35951765,5.4959,0.13638234999999987,0.0,0.0,0.0
vacancy_O3,O3 vacancy,octahedral,2,13;9,5.35951765,5.513,0.15348235,0.0,0.0,0.0
vacancy_O3,O3 vacancy,octahedral,2,13;9,5.35951765,5.53,0.17048235000000034,0.0,0.0,0.0
vacancy_O3,O3 vacancy,octahedral,2,13;9,5.35951765,5.5471,0.18758235000000045,0.0,0.0,0.0
vacancy_O3,O3 vacancy,octahedral,2,13;9,5.35951765,5.5641,0.2045823499999999,0.0,0.0,0.0
vacancy_O3,O3 vacancy,octahedral,2,13;9,5.35951765,5.5812,0.22168235000000003,0.0,0.0,0.0
vacancy_O3,O3 vacancy,octahedral,2,13;9,5.35951765,5.5982,0.23868235000000038,0.0,0.0,0.0
vacancy_O3,O3 vacancy,octahedral,2,13;9,5.35951765,5.6153,0.2557823500000005,0.0,0.0,0.0
vacancy_O3,O3 vacancy,octahedral,2,13;9,5.35951765,5.6323,0.27278234999999995,0.0,0.0,0.0
vacancy_O3,O3 vacancy,octahedral,2,13;9,5.35951765,5.6494,0.28988235000000007,0.0,0.0,0.0
vacancy_O3,O3 vacancy,octahedral,2,13;9,5.35951765,5.6664,0.3068823500000004,0.0,0.0,0.0
vacancy_O3,O3 vacancy,octahedral,2,13;9,5.35951765,5.6835,0.32398235000000053,0.0,0.0,0.0
vacancy_O3,O3 vacancy,octahedral,2,13;9,5.35951765,5.7005,0.34098235,0.0,0.0,0.0
vacancy_O3,O3 vacancy,octahedral,2,13;9,5.35951765,5.7176,0.3580823500000001,0.0,0.0,0.0
vacancy_O3,O3 vacancy,octahedral,2,13;9,5.35951765,5.7347,0.3751823500000002,0.0,0.0,0.0
vacancy_O3,O3 vacancy,octahedral,2,13;9,5.35951765,5.7517,0.3921823499999997,0.0,0.0,0.0
vacancy_O3,O3 vacancy,octahedral,2,13;9,5.35951765,5.7688,0.4092823499999998,0.0,0.0,0.0
vacancy_O3,O3 vacancy,octahedral,2,13;9,5.35951765,5.7858,0.42628235000000014,0.0,0.0,0.0
vacancy_O3,O3 vacancy,octahedral,2,13;9,5.35951765,5.8029,0.44338235000000026,0.0,0.0,0.0
vacancy_O3,O3 vacancy,octahedral,2,13;9,5.35951765,5.8199,0.4603823499999997,0.0,0.0,0.0
vacancy_O3,O3 vacancy,octahedral,2,13;9,5.35951765,5.837,0.47748234999999983,0.0,0.0,0.0
vacancy_O3,O3 vacancy,octahedral,2,13;9,5.35951765,5.854,0.4944823500000002,0.0,0.0,0.0
vacancy_O3,O3 vacancy,octahedral,2,13;9,5.35951765,5.8711,0.5115823500000003,0.0,0.0,0.0
vacancy_O3,O3 vacancy,octahedral,2,13;9,5.35951765,5.8881,0.5285823499999998,0.0,0.0,0.0
vacancy_O3,O3 vacancy,octahedral,2,13;9,5.35951765,5.9052,0.5456823499999999,0.0,0.0,0.0
vacancy_O3,O3 vacancy,octahedral,2,13;9,5.35951765,5.9222,0.5626823500000002,0.0,0.0,0.0
vacancy_O3,O3 vacancy,octahedral,2,13;9,5.35951765,5.9393,0.5797823500000003,0.0,0.0,0.0
vacancy_O3,O3 vacancy,octahedral,2,13;9,5.35951765,5.9563,0.5967823499999998,0.0,0.0,0.0
vacancy_O3,O3 vacancy,octahedral,2,13;9,5.35951765,5.9734,0.6138823499999999,0.0,0.0,0.0
vacancy_O3,O3 vacancy,octahedral,2,13;9,5.35951765,5.9904,0.6308823500000003,0.0,0.0,0.0
vacancy_O3,O3 vacancy,octahedral,2,13;9,5.35951765,6.0075,0.6479823500000004,0.0,0.0,0.0
vacancy_O3,O3 vacancy,octahedral,2,13;9,5.35951765,6.0245,0.6649823499999998,0.0,0.0,0.0
vacancy_O3,O3 vacancy,octahedral,2,13;9,5.35951765,6.0416,0.68208235,0.0,0.0,0.0
vacancy_O3,O3 vacancy,octahedral,2,13;9,5.35951765,6.0586,0.6990823500000003,0.0,0.0,0.0
vacancy_O3,O3 vacancy,octahedral,2,13;9,5.35951765,6.0757,0.7161823500000004,0.0,0.0,0.0
vacancy_O3,O3 vacancy,octahedral,2,13;9,5.35951765,6.0927,0.7331823499999999,0.0,0.0,0.0
vacancy_O3,O3 vacancy,octahedral,2,13;9,5.35951765,6.1098,0.75028235,0.0,0.0,0.0
vacancy_O3,O3 vacancy,octahedral,2,13;9,5.35951765,6.1268,0.7672823500000003,0.0,0.0,0.0
vacancy_O3,O3 vacancy,octahedral,2,13;9,5.35951765,6.1439,0.7843823500000005,0.0,0.0,0.0
vacancy_O3,O3 vacancy,octahedral,2,13;9,5.35951765,6.1609,0.8013823499999999,0.0,0.0,0.0
vacancy_O3,O3 vacancy,octahedral,2,13;9,5.35951765,6.178,0.81848235,0.0,0.0,0.0
vacancy_O3,O3 vacancy,octahedral,2,13;9,5.35951765,6.195,0.8354823500000004,0.0,0.0,0.0
vacancy_O3,O3 vacancy,octahedral,2,13;9,5.35951765,6.2121,0.8525823500000005,0.0,0.0,0.0
vacancy_O3,O3 vacancy,octahedral,2,13;9,5.35951765,6.2291,0.86958235,0.0,0.0001,0.0
vacancy_O3,O3 vacancy,octahedral,2,13;9,5.35951765,6.2462,0.8866823500000001,0.0,0.0001,0.0
vacancy_O3,O3 vacancy,octahedral,2,13;9,5.35951765,6.2633,0.9037823500000002,0.0,0.00025,0.0
vacancy_O3,O3 vacancy,octahedral,2,13;9,5.35951765,6.2803,0.9207823500000005,0.0,0.00030000000000000003,0.0
vacancy_O3,O3 vacancy,octahedral,2,13;9,5.35951765,6.2974,0.9378823499999998,0.0,0.00055,0.0
vacancy_O3,O3 vacancy,octahedral,2,13;9,5.35951765,6.3144,0.9548823500000001,0.0001,0.0007000000000000001,0.0001
vacancy_O3,O3 vacancy,octahedral,2,13;9,5.35951765,6.3315,0.9719823500000002,0.0001,0.0009,0.0002
vacancy_O3,O3 vacancy,octahedral,2,13;9,5.35951765,6.3485,0.9889823499999997,0.0001,0.0011,0.0002
vacancy_O3,O3 vacancy,octahedral,2,13;9,5.35951765,6.3656,1.0060823499999998,0.0001,0.0013,0.0002
vacancy_O3,O3 vacancy,octahedral,2,13;9,5.35951765,6.3826,1.0230823500000001,0.0002,0.00145,0.0002
vacancy_O3,O3 vacancy,octahedral,2,13;9,5.35951765,6.3997,1.0401823500000003,0.0002,0.0016,0.00025
vacancy_O3,O3 vacancy,octahedral,2,13;9,5.35951765,6.4167,1.0571823499999997,0.0002,0.0016,0.00025
vacancy_O3,O3 vacancy,octahedral,2,13;9,5.35951765,6.4338,1.0742823499999998,0.0003,0.00145,0.0002
vacancy_O3,O3 vacancy,octahedral,2,13;9,5.35951765,6.4508,1.0912823500000002,0.0004,0.00135,0.0002
vacancy_O3,O3 vacancy,octahedral,2,13;9,5.35951765,6.4679,1.1083823500000003,0.0006,0.00135,0.0002
vacancy_O3,O3 vacancy,octahedral,2,13;9,5.35951765,6.4849,1.1253823499999998,0.0008,0.00125,0.0002
vacancy_O3,O3 vacancy,octahedral,2,13;9,5.35951765,6.502,1.1424823499999999,0.0012,0.00135,0.0002
vacancy_O3,O3 vacancy,octahedral,2,13;9,5.35951765,6.519,1.1594823500000002,0.0017,0.0015999999999999999,0.00025
vacancy_O3,O3 vacancy,octahedral,2,13;9,5.35951765,6.5361,1.1765823500000003,0.0022,0.0019500000000000001,0.00035000000000000005
vacancy_O3,O3 vacancy,octahedral,2,13;9,5.35951765,6.5531,1.1935823499999998,0.00285,0.0024000000000000002,0.00045
vacancy_O3,O3 vacancy,octahedral,2,13;9,5.35951765,6.5702,1.21068235,0.0034,0.00285,0.0005
vacancy_O3,O3 vacancy,octahedral,2,13;9,5.35951765,6.5872,1.2276823500000003,0.004,0.0033,0.00065
vacancy_O3,O3 vacancy,octahedral,2,13;9,5.35951765,6.6043,1.2447823500000004,0.0044,0.0038499999999999997,0.0007
vacancy_O3,O3 vacancy,octahedral,2,13;9,5.35951765,6.6213,1.2617823499999998,0.00465,0.00425,0.0007999999999999999
vacancy_O3,O3 vacancy,octahedral,2,13;9,5.35951765,6.6384,1.27888235,0.0048,0.00455,0.0007999999999999999
vacancy_O3,O3 vacancy,octahedral,2,13;9,5.35951765,6.6554,1.2958823500000003,0.0049,0.0048000000000000004,0.0009
vacancy_O3,O3 vacancy,octahedral,2,13;9,5.35951765,6.6725,1.3129823500000004,0.0049,0.0049,0.00095
vacancy_O3,O3 vacancy,octahedral,2,13;9,5.35951765,6.6895,1.3299823499999999,0.005,0.0049499999999999995,0.001
vacancy_O3,O3 vacancy,octahedral,2,13;9,5.35951765,6.7066,1.34708235,0.0051,0.004999999999999999,0.0010500000000000002
vacancy_O3,O3 vacancy,octahedral,2,13;9,5.35951765,6.7236,1.3640823500000003,0.005350000000000001,0.0049499999999999995,0.0010500000000000002
vacancy_O3,O3 vacancy,octahedral,2,13;9,5.35951765,6.7407,1.3811823500000004,0.00565,0.005,0.0011
vacancy_O3,O3 vacancy,octahedral,2,13;9,5.35951765,6.7577,1.39818235,0.0060999999999999995,0.005,0.00115
vacancy_O3,O3 vacancy,octahedral,2,13;9,5.35951765,6.7748,1.41528235,0.00675,0.0049499999999999995,0.00115
vacancy_O3,O3 vacancy,octahedral,2,13;9,5.35951765,6.7918,1.4322823500000004,0.007600000000000001,0.005,0.0012000000000000001
vacancy_O3,O3 vacancy,octahedral,2,13;9,5.35951765,6.8089,1.4493823500000005,0.00875,0.00505,0.00135
vacancy_O3,O3 vacancy,octahedral,2,13;9,5.35951765,6.826,1.4664823499999997,0.01015,0.0052,0.0014000000000000002
vacancy_O3,O3 vacancy,octahedral,2,13;9,5.35951765,6.843,1.48348235,0.0118,0.00535,0.0015
vacancy_O3,O3 vacancy,octahedral,2,13;9,5.35951765,6.8601,1.5005823500000002,0.0137,0.005549999999999999,0.0015500000000000002
vacancy_O3,O3 vacancy,octahedral,2,13;9,5.35951765,6.8771,1.5175823500000005,0.0155,0.005899999999999999,0.00165
vacancy_O3,O3 vacancy,octahedral,2,13;9,5.35951765,6.8942,1.5346823499999998,0.017050000000000003,0.00605,0.00165
vacancy_O3,O3 vacancy,octahedral,2,13;9,5.35951765,6.9112,1.55168235,0.0182,0.00625,0.0017000000000000001
vacancy_O3,O3 vacancy,octahedral,2,13;9,5.35951765,6.9283,1.5687823500000002,0.0188,0.00625,0.0017000000000000001
vacancy_O3,O3 vacancy,octahedral,2,13;9,5.35951765,6.9453,1.5857823499999997,0.0187,0.00615,0.0017000000000000001
vacancy_O3,O3 vacancy,octahedral,2,13;9,5.35951765,6.9624,1.6028823499999998,0.018099999999999998,0.0059,0.00165
vacancy_O3,O3 vacancy,octahedral,2,13;9,5.35951765,6.9794,1.6198823500000001,0.0171,0.005549999999999999,0.0015500000000000002
vacancy_O3,O3 vacancy,octahedral,2,13;9,5.35951765,6.9965,1.6369823500000003,0.01595,0.00515,0.0014000000000000002
vacancy_O3,O3 vacancy,octahedral,2,13;9,5.35951765,7.0135,1.6539823499999997,0.01485,0.004750000000000001,0.00125
vacancy_O3,O3 vacancy,octahedral,2,13;9,5.35951765,7.0306,1.6710823499999998,0.0139,0.00425,0.0012000000000000001
vacancy_O3,O3 vacancy,octahedral,2,13;9,5.35951765,7.0476,1.6880823500000002,0.01315,0.0039,0.0010500000000000002
vacancy_O3,O3 vacancy,octahedral,2,13;9,5.35951765,7.0647,1.7051823500000003,0.01255,0.0036,0.0009500000000000001
vacancy_O3,O3 vacancy,octahedral,2,13;9,5.35951765,7.0817,1.7221823499999998,0.0121,0.0034000000000000002,0.0009000000000000001
vacancy_O3,O3 vacancy,octahedral,2,13;9,5.35951765,7.0988,1.7392823499999999,0.01165,0.0031999999999999997,0.0008500000000000001
vacancy_O3,O3 vacancy,octahedral,2,13;9,5.35951765,7.1158,1.7562823500000002,0.011349999999999999,0.00305,0.0008
vacancy_O3,O3 vacancy,octahedral,2,13;9,5.35951765,7.1329,1.7733823500000003,0.01115,0.00285,0.00075
vacancy_O3,O3 vacancy,octahedral,2,13;9,5.35951765,7.1499,1.7903823499999998,0.0112,0.00285,0.00075
vacancy_O3,O3 vacancy,octahedral,2,13;9,5.35951765,7.167,1.80748235,0.01165,0.00285,0.0007000000000000001
vacancy_O3,O3 vacancy,octahedral,2,13;9,5.35951765,7.184,1.8244823500000003,0.012750000000000001,0.003,0.0008500000000000001
vacancy_O3,O3 vacancy,octahedral,2,13;9,5.35951765,7.2011,1.8415823500000004,0.01465,0.00335,0.0009000000000000001
vacancy_O3,O3 vacancy,octahedral,2,13;9,5.35951765,7.2181,1.8585823499999998,0.0177,0.004,0.00115
vacancy_O3,O3 vacancy,octahedral,2,13;9,5.35951765,7.2352,1.87568235,0.02225,0.0048000000000000004,0.0015500000000000002
vacancy_O3,O3 vacancy,octahedral,2,13;9,5.35951765,7.2522,1.8926823500000003,0.028749999999999998,0.00625,0.002
vacancy_O3,O3 vacancy,octahedral,2,13;9,5.35951765,7.2693,1.9097823500000004,0.0377,0.0083,0.0026
vacancy_O3,O3 vacancy,octahedral,2,13;9,5.35951765,7.2863,1.9267823499999999,0.04985,0.011099999999999999,0.0035
vacancy_O3,O3 vacancy,octahedral,2,13;9,5.35951765,7.3034,1.94388235,0.0658,0.015000000000000001,0.0045000000000000005
vacancy_O3,O3 vacancy,octahedral,2,13;9,5.35951765,7.3204,1.9608823500000003,0.0862,0.0201,0.005900000000000001
vacancy_O3,O3 vacancy,octahedral,2,13;9,5.35951765,7.3375,1.9779823500000004,0.11135,0.026549999999999997,0.00755
vacancy_O3,O3 vacancy,octahedral,2,13;9,5.35951765,7.3546,1.9950823499999997,0.1411,0.0342,0.0095
vacancy_O3,O3 vacancy,octahedral,2,13;9,5.35951765,7.3716,2.01208235,0.17455,0.04290000000000001,0.011549999999999998
vacancy_O3,O3 vacancy,octahedral,2,13;9,5.35951765,7.3887,2.02918235,0.20989999999999998,0.05205,0.0138
vacancy_O3,O3 vacancy,octahedral,2,13;9,5.35951765,7.4057,2.0461823500000005,0.2446,0.060899999999999996,0.0159
vacancy_O3,O3 vacancy,octahedral,2,13;9,5.35951765,7.4228,2.0632823499999997,0.27545,0.06855,0.017849999999999998
vacancy_O3,O3 vacancy,octahedral,2,13;9,5.35951765,7.4398,2.08028235,0.29955,0.07415000000000001,0.019250000000000003
vacancy_O3,O3 vacancy,octahedral,2,13;9,5.35951765,7.4569,2.09738235,0.3143,0.0771,0.02015
vacancy_O3,O3 vacancy,octahedral,2,13;9,5.35951765,7.4739,2.1143823500000005,0.31865,0.0771,0.02035
vacancy_O3,O3 vacancy,octahedral,2,13;9,5.35951765,7.491,2.1314823499999997,0.31315,0.0744,0.0199
vacancy_O3,O3 vacancy,octahedral,2,13;9,5.35951765,7.508,2.14848235,0.2995,0.0696,0.01915
vacancy_O3,O3 vacancy,octahedral,2,13;9,5.35951765,7.5251,2.16558235,0.28049999999999997,0.06340000000000001,0.018000000000000002
vacancy_O3,O3 vacancy,octahedral,2,13;9,5.35951765,7.5421,2.1825823499999997,0.259,0.0569,0.0166
vacancy_O3,O3 vacancy,octahedral,2,13;9,5.35951765,7.5592,2.19968235,0.23735,0.0506,0.015300000000000001
vacancy_O3,O3 vacancy,octahedral,2,13;9,5.35951765,7.5762,2.21668235,0.2169,0.04495,0.01405
vacancy_O3,O3 vacancy,octahedral,2,13;9,5.35951765,7.5933,2.2337823500000002,0.19805,0.04015,0.01295
vacancy_O3,O3 vacancy,octahedral,2,13;9,5.35951765,7.6103,2.2507823499999997,0.18065,0.036199999999999996,0.01185
vacancy_O3,O3 vacancy,octahedral,2,13;9,5.35951765,7.6274,2.26788235,0.1642,0.033,0.0109
vacancy_O3,O3 vacancy,octahedral,2,13;9,5.35951765,7.6444,2.28488235,0.1487,0.030449999999999998,0.00995
vacancy_O3,O3 vacancy,octahedral,2,13;9,5.35951765,7.6615,2.3019823500000003,0.13485,0.028650000000000002,0.009049999999999999
vacancy_O3,O3 vacancy,octahedral,2,13;9,5.35951765,7.6785,2.3189823499999997,0.1237,0.0277,0.008199999999999999
vacancy_O3,O3 vacancy,octahedral,2,13;9,5.35951765,7.6956,2.33608235,0.11685,0.02815,0.0078
vacancy_O3,O3 vacancy,octahedral,2,13;9,5.35951765,7.7126,2.35308235,0.11549999999999999,0.029949999999999997,0.0076999999999999985
vacancy_O3,O3 vacancy,octahedral,2,13;9,5.35951765,7.7297,2.3701823500000003,0.12035,0.0334,0.00795
vacancy_O3,O3 vacancy,octahedral,2,13;9,5.35951765,7.7467,2.38718235,0.13125,0.0385,0.008650000000000001
vacancy_O3,O3 vacancy,octahedral,2,13;9,5.35951765,7.7638,2.40428235,0.1472,0.04475,0.00955
vacancy_O3,O3 vacancy,octahedral,2,13;9,5.35951765,7.7808,2.4212823500000002,0.16649999999999998,0.05165,0.0108
vacancy_O3,O3 vacancy,octahedral,2,13;9,5.35951765,7.7979,2.4383823500000004,0.187,0.058699999999999995,0.012199999999999999
vacancy_O3,O3 vacancy,octahedral,2,13;9,5.35951765,7.8149,2.45538235,0.2067,0.06520000000000001,0.013400000000000002
vacancy_O3,O3 vacancy,octahedral,2,13;9,5.35951765,7.832,2.47248235,0.22385,0.07075000000000001,0.014450000000000001
vacancy_O3,O3 vacancy,octahedral,2,13;9,5.35951765,7.849,2.4894823500000003,0.2374,0.0749,0.015349999999999999
vacancy_O3,O3 vacancy,octahedral,2,13;9,5.35951765,7.8661,2.5065823500000004,0.2468,0.07755000000000001,0.01595
vacancy_O3,O3 vacancy,octahedral,2,13;9,5.35951765,7.8831,2.52358235,0.25215,0.07885,0.016300000000000002
vacancy_O3,O3 vacancy,octahedral,2,13;9,5.35951765,7.9002,2.54068235,0.2536,0.0787,0.01635
vacancy_O3,O3 vacancy,octahedral,2,13;9,5.35951765,7.9173,2.55778235,0.2517,0.07750000000000001,0.01625
vacancy_O3,O3 vacancy,octahedral,2,13;9,5.35951765,7.9343,2.5747823500000004,0.24695,0.0754,0.015799999999999998
vacancy_O3,O3 vacancy,octahedral,2,13;9,5.35951765,7.9514,2.5918823499999997,0.2398,0.07255,0.0152
vacancy_O3,O3 vacancy,octahedral,2,13;9,5.35951765,7.9684,2.60888235,0.23085,0.06915,0.014450000000000001
vacancy_O3,O3 vacancy,octahedral,2,13;9,5.35951765,7.9855,2.62598235,0.22055,0.06535,0.013649999999999999
vacancy_O3,O3 vacancy,octahedral,2,13;9,5.35951765,8.0025,2.6429823499999996,0.20965,0.06155,0.012750000000000001
vacancy_O3,O3 vacancy,octahedral,2,13;9,5.35951765,8.0196,2.6600823500000006,0.19895000000000002,0.057999999999999996,0.012
vacancy_O3,O3 vacancy,octahedral,2,13;9,5.35951765,8.0366,2.67708235,0.1892,0.05505,0.01125
vacancy_O3,O3 vacancy,octahedral,2,13;9,5.35951765,8.0537,2.6941823499999993,0.1814,0.0529,0.01065
vacancy_O3,O3 vacancy,octahedral,2,13;9,5.35951765,8.0707,2.7111823500000005,0.17635,0.0518,0.010450000000000001
vacancy_O3,O3 vacancy,octahedral,2,13;9,5.35951765,8.0878,2.7282823499999997,0.175,0.0518,0.0104
vacancy_O3,O3 vacancy,octahedral,2,13;9,5.35951765,8.1048,2.745282349999999,0.17785,0.05305,0.0106
vacancy_O3,O3 vacancy,octahedral,2,13;9,5.35951765,8.1219,2.76238235,0.185,0.05545,0.01115
vacancy_O3,O3 vacancy,octahedral,2,13;9,5.35951765,8.1389,2.7793823499999997,0.19605,0.05875,0.01175
vacancy_O3,O3 vacancy,octahedral,2,13;9,5.35951765,8.156,2.7964823500000007,0.2095,0.0625,0.01265
vacancy_O3,O3 vacancy,octahedral,2,13;9,5.35951765,8.173,2.81348235,0.2235,0.06625,0.01345
vacancy_O3,O3 vacancy,octahedral,2,13;9,5.35951765,8.1901,2.8305823499999994,0.23565,0.06945,0.01395
vacancy_O3,O3 vacancy,octahedral,2,13;9,5.35951765,8.2071,2.8475823500000006,0.24365,0.07139999999999999,0.0144
vacancy_O3,O3 vacancy,octahedral,2,13;9,5.35951765,8.2242,2.86468235,0.2457,0.07189999999999999,0.0145
vacancy_O3,O3 vacancy,octahedral,2,13;9,5.35951765,8.2412,2.8816823499999993,0.24085,0.0705,0.0142
vacancy_O3,O3 vacancy,octahedral,2,13;9,5.35951765,8.2583,2.8987823500000003,0.22920000000000001,0.0675,0.013649999999999999
vacancy_O3,O3 vacancy,octahedral,2,13;9,5.35951765,8.2753,2.9157823499999997,0.21215,0.0631,0.012799999999999999
vacancy_O3,O3 vacancy,octahedral,2,13;9,5.35951765,8.2924,2.9328823500000007,0.19225,0.057999999999999996,0.011799999999999998
vacancy_O3,O3 vacancy,octahedral,2,13;9,5.35951765,8.3094,2.94988235,0.1726,0.05315,0.0109
vacancy_O3,O3 vacancy,octahedral,2,13;9,5.35951765,8.3265,2.9669823499999994,0.15675,0.0493,0.01025
vacancy_O3,O3 vacancy,octahedral,2,13;9,5.35951765,8.3435,2.9839823500000007,0.14785,0.0475,0.01
vacancy_O3,O3 vacancy,octahedral,2,13;9,5.35951765,8.3606,3.00108235,0.14839999999999998,0.048350000000000004,0.010400000000000001
vacancy_O3,O3 vacancy,octahedral,2,13;9,5.35951765,8.3776,3.0180823499999994,0.15965000000000001,0.052199999999999996,0.01145
vacancy_O3,O3 vacancy,octahedral,2,13;9,5.35951765,8.3947,3.0351823500000004,0.18125,0.05895,0.0132
vacancy_O3,O3 vacancy,octahedral,2,13;9,5.35951765,8.4117,3.05218235,0.21155000000000002,0.06815,0.015300000000000001
vacancy_O3,O3 vacancy,octahedral,2,13;9,5.35951765,8.4288,3.069282350000001,0.24765,0.07874999999999999,0.0179
vacancy_O3,O3 vacancy,octahedral,2,13;9,5.35951765,8.4459,3.08638235,0.2858,0.0895,0.0205
vacancy_O3,O3 vacancy,octahedral,2,13;9,5.35951765,8.4629,3.1033823499999995,0.32220000000000004,0.09945,0.0229
vacancy_O3,O3 vacancy,octahedral,2,13;9,5.35951765,8.48,3.1204823500000005,0.35340000000000005,0.10775,0.0248
vacancy_O3,O3 vacancy,octahedral,2,13;9,5.35951765,8.497,3.13748235,0.37685,0.11355,0.026250000000000002
vacancy_O3,O3 vacancy,octahedral,2,13;9,5.35951765,8.5141,3.154582349999999,0.39070000000000005,0.11660000000000001,0.027050000000000005
vacancy_O3,O3 vacancy,octahedral,2,13;9,5.35951765,8.5311,3.1715823500000004,0.3942,0.1168,0.027050000000000005
vacancy_O3,O3 vacancy,octahedral,2,13;9,5.35951765,8.5482,3.1886823499999997,0.38744999999999996,0.1144,0.0264
vacancy_O3,O3 vacancy,octahedral,2,13;9,5.35951765,8.5652,3.205682350000001,0.37155,0.10980000000000001,0.0253
vacancy_O3,O3 vacancy,octahedral,2,13;9,5.35951765,8.5823,3.22278235,0.34850000000000003,0.1037,0.023600000000000003
vacancy_O3,O3 vacancy,octahedral,2,13;9,5.35951765,8.5993,3.2397823499999996,0.32120000000000004,0.0969,0.02185
vacancy_O3,O3 vacancy,octahedral,2,13;9,5.35951765,8.6164,3.2568823500000006,0.2932,0.09040000000000001,0.02005
vacancy_O3,O3 vacancy,octahedral,2,13;9,5.35951765,8.6334,3.27388235,0.26854999999999996,0.08499999999999999,0.0185
vacancy_O3,O3 vacancy,octahedral,2,13;9,5.35951765,8.6505,3.2909823499999993,0.25085,0.0813,0.01745
vacancy_O3,O3 vacancy,octahedral,2,13;9,5.35951765,8.6675,3.3079823500000005,0.2432,0.0799,0.017099999999999997
vacancy_O3,O3 vacancy,octahedral,2,13;9,5.35951765,8.6846,3.3250823499999997,0.24735000000000001,0.08075,0.0174
vacancy_O3,O3 vacancy,octahedral,2,13;9,5.35951765,8.7016,3.342082349999999,0.26345,0.08385000000000001,0.018349999999999998
vacancy_O3,O3 vacancy,octahedral,2,13;9,5.35951765,8.7187,3.35918235,0.28964999999999996,0.0884,0.019850000000000003
vacancy_O3,O3 vacancy,octahedral,2,13;9,5.35951765,8.7357,3.3761823499999997,0.32220000000000004,0.09384999999999999,0.02175
vacancy_O3,O3 vacancy,octahedral,2,13;9,5.35951765,8.7528,3.3932823500000007,0.3558,0.09925,0.0236
vacancy_O3,O3 vacancy,octahedral,2,13;9,5.35951765,8.7698,3.41028235,0.3845,0.1036,0.025300000000000003
vacancy_O3,O3 vacancy,octahedral,2,13;9,5.35951765,8.7869,3.4273823499999994,0.4027,0.1061,0.026300000000000004
vacancy_O3,O3 vacancy,octahedral,2,13;9,5.35951765,8.8039,3.4443823500000006,0.4062,0.10615,0.0264
vacancy_O3,O3 vacancy,octahedral,2,13;9,5.35951765,8.821,3.46148235,0.39344999999999997,0.10355,0.0256
vacancy_O3,O3 vacancy,octahedral,2,13;9,5.35951765,8.838,3.4784823499999993,0.36534999999999995,0.09839999999999999,0.024050000000000002
vacancy_O3,O3 vacancy,octahedral,2,13;9,5.35951765,8.8551,3.4955823500000003,0.32535000000000003,0.0912,0.021700000000000004
vacancy_O3,O3 vacancy,octahedral,2,13;9,5.35951765,8.8721,3.5125823499999997,0.2783,0.08274999999999999,0.019200000000000002
vacancy_O3,O3 vacancy,octahedral,2,13;9,5.35951765,8.8892,3.5296823500000007,0.2294,0.07385,0.0163
vacancy_O3,O3 vacancy,octahedral,2,13;9,5.35951765,8.9062,3.54668235,0.18325000000000002,0.06534999999999999,0.013749999999999998
vacancy_O3,O3 vacancy,octahedral,2,13;9,5.35951765,8.9233,3.5637823499999994,0.14285,0.057800000000000004,0.0116
vacancy_O3,O3 vacancy,octahedral,2,13;9,5.35951765,8.9403,3.5807823500000007,0.1101,0.0514,0.0098
vacancy_O3,O3 vacancy,octahedral,2,13;9,5.35951765,8.9574,3.59788235,0.08515,0.04635,0.008549999999999999
vacancy_O3,O3 vacancy,octahedral,2,13;9,5.35951765,8.9744,3.6148823499999994,0.0673,0.0424,0.007549999999999999
vacancy_O3,O3 vacancy,octahedral,2,13;9,5.35951765,8.9915,3.6319823500000004,0.05525,0.0395,0.00695
vacancy_O3,O3 vacancy,octahedral,2,13;9,5.35951765,9.0086,3.6490823499999996,0.0476,0.0374,0.0063999999999999994
vacancy_O3,O3 vacancy,octahedral,2,13;9,5.35951765,9.0256,3.666082350000001,0.0431,0.036000000000000004,0.006149999999999999
vacancy_O3,O3 vacancy,octahedral,2,13;9,5.35951765,9.0427,3.68318235,0.04075,0.03515,0.0059499999999999996
vacancy_O3,O3 vacancy,octahedral,2,13;9,5.35951765,9.0597,3.7001823499999995,0.04,0.035,0.0058
vacancy_O3,O3 vacancy,octahedral,2,13;9,5.35951765,9.0768,3.7172823500000005,0.04055,0.035750000000000004,0.00595
vacancy_O3,O3 vacancy,octahedral,2,13;9,5.35951765,9.0938,3.73428235,0.042300000000000004,0.0374,0.0061
vacancy_O3,O3 vacancy,octahedral,2,13;9,5.35951765,9.1109,3.751382350000001,0.04525,0.03995,0.0066
vacancy_O3,O3 vacancy,octahedral,2,13;9,5.35951765,9.1279,3.7683823500000004,0.04925,0.04335,0.0071
vacancy_O3,O3 vacancy,octahedral,2,13;9,5.35951765,9.145,3.7854823499999997,0.053849999999999995,0.047200000000000006,0.007600000000000001
vacancy_O3,O3 vacancy,octahedral,2,13;9,5.35951765,9.162,3.802482350000001,0.0586,0.051100000000000007,0.00835
vacancy_O3,O3 vacancy,octahedral,2,13;9,5.35951765,9.1791,3.81958235,0.0629,0.054849999999999996,0.00895
vacancy_O3,O3 vacancy,octahedral,2,13;9,5.35951765,9.1961,3.8365823499999996,0.06620000000000001,0.0579,0.0095
vacancy_O3,O3 vacancy,octahedral,2,13;9,5.35951765,9.2132,3.8536823500000006,0.0681,0.06015,0.009850000000000001
vacancy_O3,O3 vacancy,octahedral,2,13;9,5.35951765,9.2302,3.87068235,0.06855,0.06175,0.01015
vacancy_O3,O3 vacancy,octahedral,2,13;9,5.35951765,9.2473,3.8877823499999993,0.0677,0.06265,0.01025
vacancy_O3,O3 vacancy,octahedral,2,13;9,5.35951765,9.2643,3.9047823500000005,0.06595,0.06315,0.0102
vacancy_O3,O3 vacancy,octahedral,2,13;9,5.35951765,9.2814,3.9218823499999997,0.06365000000000001,0.06325,0.01015
vacancy_O3,O3 vacancy,octahedral,2,13;9,5.35951765,9.2984,3.938882350000001,0.0613,0.06309999999999999,0.01005
vacancy_O3,O3 vacancy,octahedral,2,13;9,5.35951765,9.3155,3.95598235,0.059149999999999994,0.0627,0.010100000000000001
vacancy_O3,O3 vacancy,octahedral,2,13;9,5.35951765,9.3325,3.9729823499999997,0.057499999999999996,0.062,0.010150000000000001
vacancy_O3,O3 vacancy,octahedral,2,13;9,5.35951765,9.3496,3.9900823500000007,0.05655,0.061,0.01015
vacancy_O3,O3 vacancy,octahedral,2,13;9,5.35951765,9.3666,4.00708235,0.0563,0.059649999999999995,0.010349999999999998
vacancy_O3,O3 vacancy,octahedral,2,13;9,5.35951765,9.3837,4.024182349999999,0.05695,0.05835,0.01055
vacancy_O3,O3 vacancy,octahedral,2,13;9,5.35951765,9.4007,4.041182350000001,0.0584,0.0572,0.0109
vacancy_O3,O3 vacancy,octahedral,2,13;9,5.35951765,9.4178,4.05828235,0.06075,0.05645,0.0111
vacancy_O3,O3 vacancy,octahedral,2,13;9,5.35951765,9.4348,4.075282349999999,0.0639,0.05605,0.011449999999999998
vacancy_O3,O3 vacancy,octahedral,2,13;9,5.35951765,9.4519,4.09238235,0.0678,0.056,0.011800000000000001
vacancy_O3,O3 vacancy,octahedral,2,13;9,5.35951765,9.4689,4.10938235,0.0722,0.0563,0.012
vacancy_O3,O3 vacancy,octahedral,2,13;9,5.35951765,9.486,4.126482350000001,0.07705000000000001,0.057,0.012049999999999998
vacancy_O3,O3 vacancy,octahedral,2,13;9,5.35951765,9.503,4.14348235,0.0823,0.05775,0.01225
vacancy_O3,O3 vacancy,octahedral,2,13;9,5.35951765,9.5201,4.160582349999999,0.0879,0.059,0.01235
vacancy_O3,O3 vacancy,octahedral,2,13;9,5.35951765,9.5372,4.17768235,0.0938,0.06055,0.012549999999999999
vacancy_O3,O3 vacancy,octahedral,2,13;9,5.35951765,9.5542,4.19468235,0.09995,0.06275,0.01295
vacancy_O3,O3 vacancy,octahedral,2,13;9,5.35951765,9.5713,4.211782350000001,0.10644999999999999,0.0655,0.0133
vacancy_O3,O3 vacancy,octahedral,2,13;9,5.35951765,9.5883,4.22878235,0.1129,0.0688,0.013749999999999998
vacancy_O3,O3 vacancy,octahedral,2,13;9,5.35951765,9.6054,4.24588235,0.119,0.0726,0.01435
vacancy_O3,O3 vacancy,octahedral,2,13;9,5.35951765,9.6224,4.262882350000001,0.12425,0.0764,0.0149
vacancy_O3,O3 vacancy,octahedral,2,13;9,5.35951765,9.6395,4.27998235,0.12815,0.07985,0.015300000000000001
vacancy_O3,O3 vacancy,octahedral,2,13;9,5.35951765,9.6565,4.2969823499999995,0.13025,0.0826,0.015550000000000001
vacancy_O3,O3 vacancy,octahedral,2,13;9,5.35951765,9.6736,4.3140823500000005,0.13025,0.0844,0.01575
vacancy_O3,O3 vacancy,octahedral,2,13;9,5.35951765,9.6906,4.33108235,0.1282,0.08474999999999999,0.0158
vacancy_O3,O3 vacancy,octahedral,2,13;9,5.35951765,9.7077,4.348182350000001,0.1243,0.08395000000000001,0.015550000000000001
vacancy_O3,O3 vacancy,octahedral,2,13;9,5.35951765,9.7247,4.36518235,0.11915,0.08174999999999999,0.015250000000000001
vacancy_O3,O3 vacancy,octahedral,2,13;9,5.35951765,9.7418,4.38228235,0.11335,0.07855,0.01485
vacancy_O3,O3 vacancy,octahedral,2,13;9,5.35951765,9.7588,4.399282350000001,0.10765,0.0749,0.014400000000000001
vacancy_O3,O3 vacancy,octahedral,2,13;9,5.35951765,9.7759,4.41638235,0.1026,0.0709,0.01395
vacancy_O3,O3 vacancy,octahedral,2,13;9,5.35951765,9.7929,4.43338235,0.09855,0.06695000000000001,0.0135
vacancy_O3,O3 vacancy,octahedral,2,13;9,5.35951765,9.81,4.450482350000001,0.09570000000000001,0.06359999999999999,0.01325
vacancy_O3,O3 vacancy,octahedral,2,13;9,5.35951765,9.827,4.46748235,0.094,0.06075,0.013000000000000001
vacancy_O3,O3 vacancy,octahedral,2,13;9,5.35951765,9.8441,4.484582349999999,0.09315,0.0586,0.0128
vacancy_O3,O3 vacancy,octahedral,2,13;9,5.35951765,9.8611,4.5015823500000005,0.0929,0.05695,0.0129
vacancy_O3,O3 vacancy,octahedral,2,13;9,5.35951765,9.8782,4.51868235,0.09290000000000001,0.05585,0.01295
vacancy_O3,O3 vacancy,octahedral,2,13;9,5.35951765,9.8952,4.535682350000001,0.09295,0.05525,0.012900000000000002
vacancy_O3,O3 vacancy,octahedral,2,13;9,5.35951765,9.9123,4.55278235,0.09295,0.0548,0.013
vacancy_O3,O3 vacancy,octahedral,2,13;9,5.35951765,9.9293,4.56978235,0.0928,0.0546,0.01295
vacancy_O3,O3 vacancy,octahedral,2,13;9,5.35951765,9.9464,4.586882350000001,0.09275,0.054599999999999996,0.01295
vacancy_O3,O3 vacancy,octahedral,2,13;9,5.35951765,9.9634,4.60388235,0.093,0.054900000000000004,0.0129
vacancy_O3,O3 vacancy,octahedral,2,13;9,5.35951765,9.9805,4.620982349999999,0.09365000000000001,0.05545,0.0131
vacancy_O3,O3 vacancy,octahedral,2,13;9,5.35951765,9.9975,4.637982350000001,0.09484999999999999,0.0563,0.0131
vacancy_O3,O3 vacancy,octahedral,2,13;9,5.35951765,10.0146,4.65508235,0.09665,0.0576,0.013349999999999999
vacancy_O3,O3 vacancy,octahedral,2,13;9,5.35951765,10.0316,4.672082349999999,0.09895000000000001,0.059199999999999996,0.01375
vacancy_O3,O3 vacancy,octahedral,2,13;9,5.35951765,10.0487,4.68918235,0.10155,0.06115,0.01415
vacancy_O3,O3 vacancy,octahedral,2,13;9,5.35951765,10.0657,4.70618235,0.10415,0.06315,0.014599999999999998
vacancy_O3,O3 vacancy,octahedral,2,13;9,5.35951765,10.0828,4.723282350000001,0.1064,0.06525,0.015099999999999999
vacancy_O3,O3 vacancy,octahedral,2,13;9,5.35951765,10.0999,4.74038235,0.10785,0.067,0.015449999999999998
vacancy_O3,O3 vacancy,octahedral,2,13;9,5.35951765,10.1169,4.757382349999999,0.10844999999999999,0.06839999999999999,0.01575
vacancy_O3,O3 vacancy,octahedral,2,13;9,5.35951765,10.134,4.77448235,0.10795,0.06885,0.0159
vacancy_O3,O3 vacancy,octahedral,2,13;9,5.35951765,10.151,4.79148235,0.1065,0.06870000000000001,0.0158
vacancy_O3,O3 vacancy,octahedral,2,13;9,5.35951765,10.1681,4.808582350000001,0.10435,0.0675,0.015700000000000002
vacancy_O3,O3 vacancy,octahedral,2,13;9,5.35951765,10.1851,4.82558235,0.10175000000000001,0.06584999999999999,0.01565
vacancy_O3,O3 vacancy,octahedral,2,13;9,5.35951765,10.2022,4.84268235,0.09925,0.06385,0.01545
vacancy_O3,O3 vacancy,octahedral,2,13;9,5.35951765,10.2192,4.859682350000001,0.097,0.061799999999999994,0.015349999999999999
vacancy_O3,O3 vacancy,octahedral,2,13;9,5.35951765,10.2363,4.87678235,0.09525,0.06025,0.0153
vacancy_O3,O3 vacancy,octahedral,2,13;9,5.35951765,10.2533,4.8937823499999995,0.09409999999999999,0.0592,0.015549999999999998
vacancy_O3,O3 vacancy,octahedral,2,13;9,5.35951765,10.2704,4.9108823500000005,0.09335,0.05875,0.015649999999999997
vacancy_O3,O3 vacancy,octahedral,2,13;9,5.35951765,10.2874,4.92788235,0.09285,0.05885,0.01575
vacancy_O3,O3 vacancy,octahedral,2,13;9,5.35951765,10.3045,4.944982350000001,0.09240000000000001,0.059550000000000006,0.01585
vacancy_O3,O3 vacancy,octahedral,2,13;9,5.35951765,10.3215,4.96198235,0.09185,0.06055,0.015799999999999998
vacancy_O3,O3 vacancy,octahedral,2,13;9,5.35951765,10.3386,4.97908235,0.0911,0.061700000000000005,0.0157
vacancy_O3,O3 vacancy,octahedral,2,13;9,5.35951765,10.3556,4.996082350000001,0.0905,0.063,0.01545
vacancy_O3,O3 vacancy,octahedral,2,13;9,5.35951765,10.3727,5.01318235,0.0902,0.06434999999999999,0.01525
vacancy_O3,O3 vacancy,octahedral,2,13;9,5.35951765,10.3897,5.03018235,0.09040000000000001,0.0659,0.015
vacancy_O3,O3 vacancy,octahedral,2,13;9,5.35951765,10.4068,5.047282350000001,0.09129999999999999,0.0673,0.0148
vacancy_O3,O3 vacancy,octahedral,2,13;9,5.35951765,10.4238,5.06428235,0.09285,0.06875,0.01465
vacancy_O3,O3 vacancy,octahedral,2,13;9,5.35951765,10.4409,5.081382349999999,0.0948,0.07005,0.014499999999999999
vacancy_O3,O3 vacancy,octahedral,2,13;9,5.35951765,10.4579,5.0983823500000005,0.09695000000000001,0.07105,0.014450000000000001
vacancy_O3,O3 vacancy,octahedral,2,13;9,5.35951765,10.475,5.11548235,0.09875,0.07169999999999999,0.014350000000000002
vacancy_O3,O3 vacancy,octahedral,2,13;9,5.35951765,10.492,5.132482350000001,0.09989999999999999,0.07205,0.01425
vacancy_O3,O3 vacancy,octahedral,2,13;9,5.35951765,10.5091,5.14958235,0.10014999999999999,0.07214999999999999,0.013999999999999999
vacancy_O3,O3 vacancy,octahedral,2,13;9,5.35951765,10.5261,5.16658235,0.0993,0.07205,0.013600000000000001
vacancy_O3,O3 vacancy,octahedral,2,13;9,5.35951765,10.5432,5.183682350000001,0.09755,0.07195,0.0132
vacancy_O3,O3 vacancy,octahedral,2,13;9,5.35951765,10.5602,5.20068235,0.09484999999999999,0.07170000000000001,0.012750000000000001
vacancy_O3,O3 vacancy,octahedral,2,13;9,5.35951765,10.5773,5.217782349999999,0.09154999999999999,0.07175000000000001,0.01225
vacancy_O3,O3 vacancy,octahedral,2,13;9,5.35951765,10.5943,5.234782350000001,0.08785000000000001,0.07189999999999999,0.0118
vacancy_O3,O3 vacancy,octahedral,2,13;9,5.35951765,10.6114,5.25188235,0.084,0.0723,0.01145
vacancy_O3,O3 vacancy,octahedral,2,13;9,5.35951765,10.6285,5.268982350000001,0.08024999999999999,0.0732,0.01115
vacancy_O3,O3 vacancy,octahedral,2,13;9,5.35951765,10.6455,5.28598235,0.07675000000000001,0.0746,0.010950000000000001
vacancy_O3,O3 vacancy,octahedral,2,13;9,5.35951765,10.6626,5.3030823499999995,0.0736,0.0765,0.01105
vacancy_O3,O3 vacancy,octahedral,2,13;9,5.35951765,10.6796,5.320082350000001,0.07089999999999999,0.07894999999999999,0.01115
vacancy_O3,O3 vacancy,octahedral,2,13;9,5.35951765,10.6967,5.33718235,0.06865,0.0819,0.01145
vacancy_O3,O3 vacancy,octahedral,2,13;9,5.35951765,10.7137,5.354182349999999,0.06685,0.085,0.01185
vacancy_O3,O3 vacancy,octahedral,2,13;9,5.35951765,10.7308,5.37128235,0.0655,0.088,0.01245
vacancy_O3,O3 vacancy,octahedral,2,13;9,5.35951765,10.7478,5.38828235,0.06455,0.0908,0.01275
vacancy_O3,O3 vacancy,octahedral,2,13;9,5.35951765,10.7649,5.405382350000001,0.0642,0.0932,0.013150000000000002
vacancy_O3,O3 vacancy,octahedral,2,13;9,5.35951765,10.7819,5.42238235,0.0644,0.09515,0.01355
vacancy_O3,O3 vacancy,octahedral,2,13;9,5.35951765,10.799,5.43948235,0.06520000000000001,0.09665000000000001,0.0137
vacancy_O3,O3 vacancy,octahedral,2,13;9,5.35951765,10.816,5.456482350000001,0.06665,0.09765,0.01395
vacancy_O3,O3 vacancy,octahedral,2,13;9,5.35951765,10.8331,5.47358235,0.06864999999999999,0.0986,0.0142
vacancy_O3,O3 vacancy,octahedral,2,13;9,5.35951765,10.8501,5.4905823499999995,0.0711,0.09905,0.014450000000000001
vacancy_O3,O3 vacancy,octahedral,2,13;9,5.35951765,10.8672,5.5076823500000005,0.07385,0.09935,0.0148
vacancy_O3,O3 vacancy,octahedral,2,13;9,5.35951765,10.8842,5.52468235,0.07675000000000001,0.09924999999999999,0.01515
vacancy_O3,O3 vacancy,octahedral,2,13;9,5.35951765,10.9013,5.541782350000001,0.0797,0.09875,0.01565
vacancy_O3,O3 vacancy,octahedral,2,13;9,5.35951765,10.9183,5.55878235,0.08255000000000001,0.09805,0.0161
vacancy_O3,O3 vacancy,octahedral,2,13;9,5.35951765,10.9354,5.57588235,0.08525,0.0969,0.016649999999999998
vacancy_O3,O3 vacancy,octahedral,2,13;9,5.35951765,10.9524,5.592882350000001,0.0877,0.0957,0.01705
vacancy_O3,O3 vacancy,octahedral,2,13;9,5.35951765,10.9695,5.60998235,0.08975,0.0944,0.01725
vacancy_O3,O3 vacancy,octahedral,2,13;9,5.35951765,10.9865,5.62698235,0.09145,0.0933,0.0174
vacancy_O3,O3 vacancy,octahedral,2,13;9,5.35951765,11.0036,5.644082350000001,0.09265,0.0925,0.01745
vacancy_O3,O3 vacancy,octahedral,2,13;9,5.35951765,11.0206,5.66108235,0.09355,0.09235000000000002,0.01735
vacancy_O3,O3 vacancy,octahedral,2,13;9,5.35951765,11.0377,5.678182349999999,0.09415,0.09309999999999999,0.01715
vacancy_O3,O3 vacancy,octahedral,2,13;9,5.35951765,11.0547,5.6951823500000005,0.09455,0.09485,0.0169
vacancy_O3,O3 vacancy,octahedral,2,13;9,5.35951765,11.0718,5.71228235,0.095,0.0978,0.016599999999999997
vacancy_O3,O3 vacancy,octahedral,2,13;9,5.35951765,11.0888,5.729282350000001,0.09555,0.10189999999999999,0.01645
vacancy_O3,O3 vacancy,octahedral,2,13;9,5.35951765,11.1059,5.74638235,0.09625,0.1072,0.01645
vacancy_O3,O3 vacancy,octahedral,2,13;9,5.35951765,11.1229,5.76338235,0.09715,0.11335,0.0165
vacancy_O3,O3 vacancy,octahedral,2,13;9,5.35951765,11.14,5.780482350000001,0.0983,0.12000000000000001,0.016550000000000002
vacancy_O3,O3 vacancy,octahedral,2,13;9,5.35951765,11.157,5.79748235,0.09955,0.12685000000000002,0.0167
vacancy_O3,O3 vacancy,octahedral,2,13;9,5.35951765,11.1741,5.814582349999999,0.101,0.13324999999999998,0.017050000000000003
vacancy_O3,O3 vacancy,octahedral,2,13;9,5.35951765,11.1912,5.83168235,0.10245,0.13890000000000002,0.01735
vacancy_O3,O3 vacancy,octahedral,2,13;9,5.35951765,11.2082,5.84868235,0.10385,0.14315,0.01755
vacancy_O3,O3 vacancy,octahedral,2,13;9,5.35951765,11.2253,5.865782350000001,0.1049,0.14585,0.0177
vacancy_O3,O3 vacancy,octahedral,2,13;9,5.35951765,11.2423,5.88278235,0.1054,0.1467,0.017750000000000002
vacancy_O3,O3 vacancy,octahedral,2,13;9,5.35951765,11.2594,5.8998823499999995,0.10515,0.14565,0.01765
vacancy_O3,O3 vacancy,octahedral,2,13;9,5.35951765,11.2764,5.916882350000001,0.10405,0.14305,0.017300000000000003
vacancy_O3,O3 vacancy,octahedral,2,13;9,5.35951765,11.2935,5.93398235,0.1023,0.13905,0.016649999999999998
vacancy_O3,O3 vacancy,octahedral,2,13;9,5.35951765,11.3105,5.950982349999999,0.10014999999999999,0.1345,0.0162
vacancy_O3,O3 vacancy,octahedral,2,13;9,5.35951765,11.3276,5.96808235,0.0984,0.13,0.0155
vacancy_O3,O3 vacancy,octahedral,2,13;9,5.35951765,11.3446,5.98508235,0.09770000000000001,0.1263,0.014950000000000001
vacancy_O3,O3 vacancy,octahedral,2,13;9,5.35951765,11.3617,6.002182350000001,0.09865,0.124,0.014499999999999999
vacancy_O3,O3 vacancy,octahedral,2,13;9,5.35951765,11.3787,6.01918235,0.1016,0.12355000000000001,0.01435
vacancy_O3,O3 vacancy,octahedral,2,13;9,5.35951765,11.3958,6.03628235,0.10655,0.1249,0.01445
vacancy_O3,O3 vacancy,octahedral,2,13;9,5.35951765,11.4128,6.053282350000001,0.1129,0.1277,0.01475
vacancy_O3,O3 vacancy,octahedral,2,13;9,5.35951765,11.4299,6.07038235,0.11965,0.1315,0.015099999999999999
vacancy_O3,O3 vacancy,octahedral,2,13;9,5.35951765,11.4469,6.0873823499999995,0.1257,0.1356,0.015700000000000002
vacancy_O3,O3 vacancy,octahedral,2,13;9,5.35951765,11.464,6.1044823500000005,0.12990000000000002,0.13935,0.01625
vacancy_O3,O3 vacancy,octahedral,2,13;9,5.35951765,11.481,6.12148235,0.1316,0.1422,0.01675
vacancy_O3,O3 vacancy,octahedral,2,13;9,5.35951765,11.4981,6.138582350000001,0.1305,0.14395,0.01705
vacancy_O3,O3 vacancy,octahedral,2,13;9,5.35951765,11.5151,6.15558235,0.1269,0.14465,0.0173
vacancy_O3,O3 vacancy,octahedral,2,13;9,5.35951765,11.5322,6.17268235,0.12154999999999999,0.14439999999999997,0.0173
vacancy_O3,O3 vacancy,octahedral,2,13;9,5.35951765,11.5492,6.189682350000001,0.1154,0.14350000000000002,0.017150000000000002
vacancy_O3,O3 vacancy,octahedral,2,13;9,5.35951765,11.5663,6.20678235,0.10930000000000001,0.14215,0.0168
vacancy_O3,O3 vacancy,octahedral,2,13;9,5.35951765,11.5833,6.22378235,0.10414999999999999,0.14034999999999997,0.01645
vacancy_O3,O3 vacancy,octahedral,2,13;9,5.35951765,11.6004,6.240882350000001,0.10035,0.1381,0.01595
vacancy_O3,O3 vacancy,octahedral,2,13;9,5.35951765,11.6174,6.25788235,0.09795000000000001,0.1352,0.01545
vacancy_O3,O3 vacancy,octahedral,2,13;9,5.35951765,11.6345,6.274982349999999,0.09684999999999999,0.13175,0.014700000000000001
vacancy_O3,O3 vacancy,octahedral,2,13;9,5.35951765,11.6515,6.2919823500000005,0.09670000000000001,0.1278,0.01405
vacancy_O3,O3 vacancy,octahedral,2,13;9,5.35951765,11.6686,6.30908235,0.09684999999999999,0.12345,0.0133
vacancy_O3,O3 vacancy,octahedral,2,13;9,5.35951765,11.6856,6.326082350000001,0.0969,0.11915,0.01255
vacancy_O3,O3 vacancy,octahedral,2,13;9,5.35951765,11.7027,6.34318235,0.0964,0.11524999999999999,0.011949999999999999
vacancy_O3,O3 vacancy,octahedral,2,13;9,5.35951765,11.7198,6.360282349999999,0.095,0.11205,0.01115
vacancy_O3,O3 vacancy,octahedral,2,13;9,5.35951765,11.7368,6.377282350000001,0.0928,0.1099,0.01065
vacancy_O3,O3 vacancy,octahedral,2,13;9,5.35951765,11.7539,6.39438235,0.08995,0.10919999999999999,0.0103
vacancy_O3,O3 vacancy,octahedral,2,13;9,5.35951765,11.7709,6.411382349999999,0.08705,0.1099,0.009949999999999999
vacancy_O3,O3 vacancy,octahedral,2,13;9,5.35951765,11.788,6.42848235,0.08505,0.1123,0.009649999999999999
vacancy_O3,O3 vacancy,octahedral,2,13;9,5.35951765,11.805,6.44548235,0.0849,0.11655,0.009500000000000001
vacancy_O3,O3 vacancy,octahedral,2,13;9,5.35951765,11.8221,6.462582350000001,0.08795,0.1231,0.009600000000000001
vacancy_O3,O3 vacancy,octahedral,2,13;9,5.35951765,11.8391,6.47958235,0.09525,0.13205,0.0097
vacancy_O3,O3 vacancy,octahedral,2,13;9,5.35951765,11.8562,6.4966823499999995,0.10755,0.1437,0.00995
vacancy_O3,O3 vacancy,octahedral,2,13;9,5.35951765,11.8732,6.513682350000001,0.1248,0.15785,0.01035
vacancy_O3,O3 vacancy,octahedral,2,13;9,5.35951765,11.8903,6.53078235,0.14600000000000002,0.17370000000000002,0.0108
vacancy_O3,O3 vacancy,octahedral,2,13;9,5.35951765,11.9073,6.547782349999999,0.1692,0.1898,0.0114
vacancy_O3,O3 vacancy,octahedral,2,13;9,5.35951765,11.9244,6.56488235,0.19165,0.2046,0.011949999999999999
vacancy_O3,O3 vacancy,octahedral,2,13;9,5.35951765,11.9414,6.58188235,0.21050000000000002,0.216,0.0126
vacancy_O3,O3 vacancy,octahedral,2,13;9,5.35951765,11.9585,6.598982350000001,0.22344999999999998,0.2228,0.0129
vacancy_O3,O3 vacancy,octahedral,2,13;9,5.35951765,11.9755,6.61598235,0.22904999999999998,0.22444999999999998,0.013349999999999999
vacancy_O3,O3 vacancy,octahedral,2,13;9,5.35951765,11.9926,6.63308235,0.22735,0.22149999999999997,0.0136
vacancy_O3,O3 vacancy,octahedral,2,13;9,5.35951765,12.0096,6.650082350000001,0.21960000000000002,0.2154,0.01395
vacancy_O3,O3 vacancy,octahedral,2,13;9,5.35951765,12.0267,6.66718235,0.20795000000000002,0.20825,0.01405
vacancy_O3,O3 vacancy,octahedral,2,13;9,5.35951765,12.0437,6.6841823499999995,0.19490000000000002,0.202,0.014249999999999999
vacancy_O3,O3 vacancy,octahedral,2,13;9,5.35951765,12.0608,6.7012823500000005,0.18259999999999998,0.19805,0.01465
vacancy_O3,O3 vacancy,octahedral,2,13;9,5.35951765,12.0778,6.71828235,0.1727,0.1975,0.015000000000000001
vacancy_O3,O3 vacancy,octahedral,2,13;9,5.35951765,12.0949,6.735382350000001,0.1659,0.20025,0.0155
vacancy_O3,O3 vacancy,octahedral,2,13;9,5.35951765,12.1119,6.75238235,0.16205,0.20575000000000002,0.016050000000000002
vacancy_O3,O3 vacancy,octahedral,2,13;9,5.35951765,12.129,6.76948235,0.16055,0.2129,0.0167
vacancy_O3,O3 vacancy,octahedral,2,13;9,5.35951765,12.146,6.786482350000001,0.16025,0.22065,0.0174
vacancy_O3,O3 vacancy,octahedral,2,13;9,5.35951765,12.1631,6.80358235,0.16010000000000002,0.22804999999999997,0.017849999999999998
vacancy_O3,O3 vacancy,octahedral,2,13;9,5.35951765,12.1801,6.82058235,0.15910000000000002,0.2343,0.01845
vacancy_O3,O3 vacancy,octahedral,2,13;9,5.35951765,12.1972,6.837682350000001,0.15655,0.23904999999999998,0.01885
vacancy_O3,O3 vacancy,octahedral,2,13;9,5.35951765,12.2142,6.85468235,0.1521,0.2422,0.0192
vacancy_O3,O3 vacancy,octahedral,2,13;9,5.35951765,12.2313,6.871782349999999,0.1459,0.24375,0.019450000000000002
vacancy_O3,O3 vacancy,octahedral,2,13;9,5.35951765,12.2483,6.8887823500000005,0.13825,0.24405,0.01965
vacancy_O3,O3 vacancy,octahedral,2,13;9,5.35951765,12.2654,6.90588235,0.12969999999999998,0.2435,0.019799999999999998
vacancy_O3,O3 vacancy,octahedral,2,13;9,5.35951765,12.2825,6.922982350000001,0.12085,0.24235,0.0199
vacancy_O3,O3 vacancy,octahedral,2,13;9,5.35951765,12.2995,6.93998235,0.11224999999999999,0.2407,0.019799999999999998
vacancy_O3,O3 vacancy,octahedral,2,13;9,5.35951765,12.3166,6.957082349999999,0.1045,0.2387,0.0199
vacancy_O3,O3 vacancy,octahedral,2,13;9,5.35951765,12.3336,6.974082350000001,0.09784999999999999,0.2365,0.019799999999999998
vacancy_O3,O3 vacancy,octahedral,2,13;9,5.35951765,12.3507,6.99118235,0.09265000000000001,0.23375,0.019799999999999998
vacancy_O3,O3 vacancy,octahedral,2,13;9,5.35951765,12.3677,7.008182349999999,0.089,0.23075,0.0198
vacancy_O3,O3 vacancy,octahedral,2,13;9,5.35951765,12.3848,7.02528235,0.08695,0.2274,0.0199
vacancy_O3,O3 vacancy,octahedral,2,13;9,5.35951765,12.4018,7.04228235,0.0863,0.2241,0.0199
vacancy_O3,O3 vacancy,octahedral,2,13;9,5.35951765,12.4189,7.059382350000001,0.087,0.2211,0.02
vacancy_O3,O3 vacancy,octahedral,2,13;9,5.35951765,12.4359,7.07638235,0.08875,0.21864999999999998,0.0203
vacancy_O3,O3 vacancy,octahedral,2,13;9,5.35951765,12.453,7.0934823499999995,0.09125,0.2169,0.0206
vacancy_O3,O3 vacancy,octahedral,2,13;9,5.35951765,12.47,7.110482350000001,0.09425,0.21555000000000002,0.020949999999999996
vacancy_O3,O3 vacancy,octahedral,2,13;9,5.35951765,12.4871,7.12758235,0.0973,0.21425,0.02125
vacancy_O3,O3 vacancy,octahedral,2,13;9,5.35951765,12.5041,7.144582349999999,0.1,0.21255,0.0214
vacancy_O3,O3 vacancy,octahedral,2,13;9,5.35951765,12.5212,7.16168235,0.1021,0.21005000000000001,0.02155
vacancy_O3,O3 vacancy,octahedral,2,13;9,5.35951765,12.5382,7.17868235,0.10339999999999999,0.20645,0.0216
vacancy_O3,O3 vacancy,octahedral,2,13;9,5.35951765,12.5553,7.195782350000001,0.1037,0.20190000000000002,0.0213
vacancy_O3,O3 vacancy,octahedral,2,13;9,5.35951765,12.5723,7.21278235,0.1031,0.19655,0.02095
vacancy_O3,O3 vacancy,octahedral,2,13;9,5.35951765,12.5894,7.22988235,0.10165,0.1909,0.0206
vacancy_O3,O3 vacancy,octahedral,2,13;9,5.35951765,12.6064,7.246882350000001,0.0996,0.1854,0.020200000000000003
vacancy_O3,O3 vacancy,octahedral,2,13;9,5.35951765,12.6235,7.26398235,0.09720000000000001,0.18045,0.0198
vacancy_O3,O3 vacancy,octahedral,2,13;9,5.35951765,12.6405,7.2809823499999995,0.0948,0.17675,0.0194
vacancy_O3,O3 vacancy,octahedral,2,13;9,5.35951765,12.6576,7.2980823500000005,0.09255,0.1745,0.01915
vacancy_O3,O3 vacancy,octahedral,2,13;9,5.35951765,12.6746,7.31508235,0.09079999999999999,0.174,0.019
vacancy_O3,O3 vacancy,octahedral,2,13;9,5.35951765,12.6917,7.332182350000001,0.08975,0.17545,0.0191
vacancy_O3,O3 vacancy,octahedral,2,13;9,5.35951765,12.7087,7.34918235,0.08954999999999999,0.17885,0.0195
vacancy_O3,O3 vacancy,octahedral,2,13;9,5.35951765,12.7258,7.36628235,0.09004999999999999,0.18384999999999999,0.02005
vacancy_O3,O3 vacancy,octahedral,2,13;9,5.35951765,12.7428,7.383282350000001,0.0911,0.19019999999999998,0.02085
vacancy_O3,O3 vacancy,octahedral,2,13;9,5.35951765,12.7599,7.40038235,0.0924,0.1969,0.021699999999999997
vacancy_O3,O3 vacancy,octahedral,2,13;9,5.35951765,12.7769,7.41738235,0.0935,0.20340000000000003,0.0225
vacancy_O3,O3 vacancy,octahedral,2,13;9,5.35951765,12.794,7.434482350000001,0.094,0.209,0.02305
vacancy_O3,O3 vacancy,octahedral,2,13;9,5.35951765,12.8111,7.45158235,0.09355,0.21259999999999998,0.0234
vacancy_O3,O3 vacancy,octahedral,2,13;9,5.35951765,12.8281,7.468582349999999,0.09195,0.21384999999999998,0.023399999999999997
vacancy_O3,O3 vacancy,octahedral,2,13;9,5.35951765,12.8452,7.48568235,0.08929999999999999,0.2124,0.02305
vacancy_O3,O3 vacancy,octahedral,2,13;9,5.35951765,12.8622,7.50268235,0.0859,0.20865,0.02255
vacancy_O3,O3 vacancy,octahedral,2,13;9,5.35951765,12.8793,7.519782350000001,0.08205,0.20295000000000002,0.02175
vacancy_O3,O3 vacancy,octahedral,2,13;9,5.35951765,12.8963,7.53678235,0.07819999999999999,0.19615,0.02105
vacancy_O3,O3 vacancy,octahedral,2,13;9,5.35951765,12.9134,7.553882349999999,0.07469999999999999,0.18905,0.0202
vacancy_O3,O3 vacancy,octahedral,2,13;9,5.35951765,12.9304,7.570882350000001,0.07185,0.1824,0.0195
vacancy_O3,O3 vacancy,octahedral,2,13;9,5.35951765,12.9475,7.58798235,0.06965,0.17665,0.01895
vacancy_O3,O3 vacancy,octahedral,2,13;9,5.35951765,12.9645,7.604982349999999,0.0681,0.17225,0.01845
vacancy_O3,O3 vacancy,octahedral,2,13;9,5.35951765,12.9816,7.62208235,0.067,0.16910000000000003,0.01825
vacancy_O3,O3 vacancy,octahedral,2,13;9,5.35951765,12.9986,7.63908235,0.06620000000000001,0.16705,0.018
vacancy_O3,O3 vacancy,octahedral,2,13;9,5.35951765,13.0157,7.656182350000001,0.06555,0.1659,0.01785
vacancy_O3,O3 vacancy,octahedral,2,13;9,5.35951765,13.0327,7.67318235,0.06505,0.1654,0.0176
vacancy_O3,O3 vacancy,octahedral,2,13;9,5.35951765,13.0498,7.6902823499999995,0.06470000000000001,0.1653,0.01745
vacancy_O3,O3 vacancy,octahedral,2,13;9,5.35951765,13.0668,7.707282350000001,0.06459999999999999,0.16570000000000001,0.0172
vacancy_O3,O3 vacancy,octahedral,2,13;9,5.35951765,13.0839,7.72438235,0.06495000000000001,0.16670000000000001,0.01715
vacancy_O3,O3 vacancy,octahedral,2,13;9,5.35951765,13.1009,7.741382349999999,0.06575,0.1684,0.01695
vacancy_O3,O3 vacancy,octahedral,2,13;9,5.35951765,13.118,7.75848235,0.06725,0.1708,0.0169
vacancy_O3,O3 vacancy,octahedral,2,13;9,5.35951765,13.135,7.77548235,0.06925,0.17395,0.01695
vacancy_O3,O3 vacancy,octahedral,2,13;9,5.35951765,13.1521,7.792582350000001,0.07164999999999999,0.1777,0.017050000000000003
vacancy_O3,O3 vacancy,octahedral,2,13;9,5.35951765,13.1691,7.80958235,0.07435,0.1818,0.017349999999999997
vacancy_O3,O3 vacancy,octahedral,2,13;9,5.35951765,13.1862,7.82668235,0.077,0.18564999999999998,0.0178
vacancy_O3,O3 vacancy,octahedral,2,13;9,5.35951765,13.2032,7.843682350000001,0.0795,0.1892,0.0182
vacancy_O3,O3 vacancy,octahedral,2,13;9,5.35951765,13.2203,7.86078235,0.08165,0.19195,0.018750000000000003
vacancy_O3,O3 vacancy,octahedral,2,13;9,5.35951765,13.2373,7.8777823499999995,0.08335000000000001,0.194,0.01925
vacancy_O3,O3 vacancy,octahedral,2,13;9,5.35951765,13.2544,7.8948823500000005,0.08465,0.19515,0.019899999999999998
vacancy_O3,O3 vacancy,octahedral,2,13;9,5.35951765,13.2714,7.91188235,0.08565,0.19545,0.0205
vacancy_O3,O3 vacancy,octahedral,2,13;9,5.35951765,13.2885,7.928982350000001,0.0865,0.1954,0.0211
vacancy_O3,O3 vacancy,octahedral,2,13;9,5.35951765,13.3055,7.94598235,0.0874,0.1951,0.02185
vacancy_O3,O3 vacancy,octahedral,2,13;9,5.35951765,13.3226,7.96308235,0.0885,0.19495,0.0224
vacancy_O3,O3 vacancy,octahedral,2,13;9,5.35951765,13.3396,7.980082350000001,0.08975,0.19495,0.023
vacancy_O3,O3 vacancy,octahedral,2,13;9,5.35951765,13.3567,7.99718235,0.09115000000000001,0.1951,0.023350000000000003
vacancy_O3,O3 vacancy,octahedral,2,13;9,5.35951765,13.3738,8.014282349999998,0.09245,0.1953,0.023799999999999998
vacancy_O3,O3 vacancy,octahedral,2,13;9,5.35951765,13.3908,8.031282350000001,0.09325,0.19535,0.0241
vacancy_O3,O3 vacancy,octahedral,2,13;9,5.35951765,13.4079,8.04838235,0.09334999999999999,0.1948,0.024349999999999997
vacancy_O3,O3 vacancy,octahedral,2,13;9,5.35951765,13.4249,8.06538235,0.0923,0.1939,0.024399999999999998
vacancy_O3,O3 vacancy,octahedral,2,13;9,5.35951765,13.442,8.08248235,0.0901,0.1923,0.024399999999999998
vacancy_O3,O3 vacancy,octahedral,2,13;9,5.35951765,13.459,8.099482349999999,0.0868,0.1901,0.02435
vacancy_O3,O3 vacancy,octahedral,2,13;9,5.35951765,13.4761,8.116582350000002,0.08255,0.18765,0.0241
vacancy_O3,O3 vacancy,octahedral,2,13;9,5.35951765,13.4931,8.133582350000001,0.07780000000000001,0.1851,0.02395
vacancy_O3,O3 vacancy,octahedral,2,13;9,5.35951765,13.5102,8.15068235,0.07295,0.18285,0.02355
vacancy_O3,O3 vacancy,octahedral,2,13;9,5.35951765,13.5272,8.16768235,0.06845,0.18119999999999997,0.0232
vacancy_O3,O3 vacancy,octahedral,2,13;9,5.35951765,13.5443,8.184782349999999,0.06459999999999999,0.18050000000000002,0.0228
vacancy_O3,O3 vacancy,octahedral,2,13;9,5.35951765,13.5613,8.201782349999998,0.061649999999999996,0.18095,0.0224
vacancy_O3,O3 vacancy,octahedral,2,13;9,5.35951765,13.5784,8.218882350000001,0.05955,0.18269999999999997,0.022
vacancy_O3,O3 vacancy,octahedral,2,13;9,5.35951765,13.5954,8.23588235,0.05835,0.1857,0.0215
vacancy_O3,O3 vacancy,octahedral,2,13;9,5.35951765,13.6125,8.25298235,0.057800000000000004,0.18945,0.0211
vacancy_O3,O3 vacancy,octahedral,2,13;9,5.35951765,13.6295,8.26998235,0.057800000000000004,0.19355,0.0208
vacancy_O3,O3 vacancy,octahedral,2,13;9,5.35951765,13.6466,8.287082349999999,0.0581,0.19745000000000001,0.0206
vacancy_O3,O3 vacancy,octahedral,2,13;9,5.35951765,13.6636,8.304082350000002,0.0586,0.2006,0.02035
vacancy_O3,O3 vacancy,octahedral,2,13;9,5.35951765,13.6807,8.32118235,0.05915,0.20255,0.0201
vacancy_O3,O3 vacancy,octahedral,2,13;9,5.35951765,13.6977,8.33818235,0.05955,0.20265,0.01985
vacancy_O3,O3 vacancy,octahedral,2,13;9,5.35951765,13.7148,8.35528235,0.0596,0.20095000000000002,0.01935
vacancy_O3,O3 vacancy,octahedral,2,13;9,5.35951765,13.7318,8.372282349999999,0.0592,0.19720000000000001,0.01885
vacancy_O3,O3 vacancy,octahedral,2,13;9,5.35951765,13.7489,8.389382350000002,0.058249999999999996,0.19180000000000003,0.018250000000000002
vacancy_O3,O3 vacancy,octahedral,2,13;9,5.35951765,13.7659,8.406382350000001,0.05685,0.1852,0.017550000000000003
vacancy_O3,O3 vacancy,octahedral,2,13;9,5.35951765,13.783,8.42348235,0.055099999999999996,0.1779,0.016849999999999997
vacancy_O3,O3 vacancy,octahedral,2,13;9,5.35951765,13.8,8.44048235,0.05335,0.1706,0.0162
vacancy_O3,O3 vacancy,octahedral,2,13;9,5.35951765,13.8171,8.45758235,0.05165,0.16375,0.015649999999999997
vacancy_O3,O3 vacancy,octahedral,2,13;9,5.35951765,13.8341,8.474582349999999,0.05025,0.1575,0.01515
vacancy_O3,O3 vacancy,octahedral,2,13;9,5.35951765,13.8512,8.491682350000001,0.049100000000000005,0.1521,0.014849999999999999
vacancy_O3,O3 vacancy,octahedral,2,13;9,5.35951765,13.8682,8.50868235,0.0481,0.14739999999999998,0.01445
vacancy_O3,O3 vacancy,octahedral,2,13;9,5.35951765,13.8853,8.52578235,0.0471,0.14350000000000002,0.0142
vacancy_O3,O3 vacancy,octahedral,2,13;9,5.35951765,13.9024,8.54288235,0.045899999999999996,0.1407,0.01385
vacancy_O3,O3 vacancy,octahedral,2,13;9,5.35951765,13.9194,8.559882349999999,0.04445,0.13924999999999998,0.013649999999999999
vacancy_O3,O3 vacancy,octahedral,2,13;9,5.35951765,13.9365,8.576982350000002,0.0428,0.1399,0.0136
vacancy_O3,O3 vacancy,octahedral,2,13;9,5.35951765,13.9535,8.593982350000001,0.0412,0.14300000000000002,0.01355
vacancy_O3,O3 vacancy,octahedral,2,13;9,5.35951765,13.9706,8.61108235,0.0399,0.14915,0.0138
vacancy_O3,O3 vacancy,octahedral,2,13;9,5.35951765,13.9876,8.62808235,0.039150000000000004,0.15860000000000002,0.014299999999999998
vacancy_O3,O3 vacancy,octahedral,2,13;9,5.35951765,14.0047,8.645182349999999,0.03905,0.1709,0.014849999999999999
vacancy_O3,O3 vacancy,octahedral,2,13;9,5.35951765,14.0217,8.662182349999998,0.03975,0.1856,0.0157
vacancy_O3,O3 vacancy,octahedral,2,13;9,5.35951765,14.0388,8.679282350000001,0.0411,0.20185,0.0166
vacancy_O3,O3 vacancy,octahedral,2,13;9,5.35951765,14.0558,8.69628235,0.043050000000000005,0.21885,0.0176
vacancy_O3,O3 vacancy,octahedral,2,13;9,5.35951765,14.0729,8.71338235,0.045450000000000004,0.23620000000000002,0.01865
vacancy_O3,O3 vacancy,octahedral,2,13;9,5.35951765,14.0899,8.73038235,0.0482,0.25365000000000004,0.019549999999999998
vacancy_O3,O3 vacancy,octahedral,2,13;9,5.35951765,14.107,8.747482349999999,0.0513,0.2714,0.020499999999999997
vacancy_O3,O3 vacancy,octahedral,2,13;9,5.35951765,14.124,8.764482350000002,0.05475,0.2899,0.021449999999999997
vacancy_O3,O3 vacancy,octahedral,2,13;9,5.35951765,14.1411,8.78158235,0.05835,0.309,0.022400000000000003
vacancy_O3,O3 vacancy,octahedral,2,13;9,5.35951765,14.1581,8.79858235,0.062,0.32814999999999994,0.0235
vacancy_O3,O3 vacancy,octahedral,2,13;9,5.35951765,14.1752,8.81568235,0.06534999999999999,0.34595,0.024599999999999997
vacancy_O3,O3 vacancy,octahedral,2,13;9,5.35951765,14.1922,8.832682349999999,0.06805,0.3607,0.0256
vacancy_O3,O3 vacancy,octahedral,2,13;9,5.35951765,14.2093,8.849782350000002,0.0698,0.37095,0.026600000000000002
vacancy_O3,O3 vacancy,octahedral,2,13;9,5.35951765,14.2263,8.866782350000001,0.07045,0.37585,0.0275
vacancy_O3,O3 vacancy,octahedral,2,13;9,5.35951765,14.2434,8.88388235,0.0701,0.3754,0.0283
vacancy_O3,O3 vacancy,octahedral,2,13;9,5.35951765,14.2604,8.90088235,0.069,0.3712,0.0291
vacancy_O3,O3 vacancy,octahedral,2,13;9,5.35951765,14.2775,8.917982349999999,0.06755,0.36545,0.03
vacancy_O3,O3 vacancy,octahedral,2,13;9,5.35951765,14.2945,8.934982349999999,0.06605,0.3604,0.031100000000000003
vacancy_O3,O3 vacancy,octahedral,2,13;9,5.35951765,14.3116,8.952082350000001,0.06475,0.35785,0.0324
vacancy_O3,O3 vacancy,octahedral,2,13;9,5.35951765,14.3286,8.96908235,0.06375,0.35835,0.03405
vacancy_O3,O3 vacancy,octahedral,2,13;9,5.35951765,14.3457,8.98618235,0.06295,0.36175,0.03585
vacancy_O3,O3 vacancy,octahedral,2,13;9,5.35951765,14.3627,9.00318235,0.062,0.36645,0.0378
vacancy_O3,O3 vacancy,octahedral,2,13;9,5.35951765,14.3798,9.020282349999999,0.06075,0.37085,0.0397
vacancy_O3,O3 vacancy,octahedral,2,13;9,5.35951765,14.3968,9.037282350000002,0.05895,0.3733,0.0412
vacancy_O3,O3 vacancy,octahedral,2,13;9,5.35951765,14.4139,9.054382350000001,0.05655,0.3724,0.04235
vacancy_O3,O3 vacancy,octahedral,2,13;9,5.35951765,14.431,9.07148235,0.05355,0.36755000000000004,0.0429
vacancy_O3,O3 vacancy,octahedral,2,13;9,5.35951765,14.448,9.08848235,0.0501,0.3587,0.042749999999999996
vacancy_O3,O3 vacancy,octahedral,2,13;9,5.35951765,14.4651,9.105582349999999,0.04635,0.34635000000000005,0.0419
vacancy_O3,O3 vacancy,octahedral,2,13;9,5.35951765,14.4821,9.122582350000002,0.042499999999999996,0.33155,0.0405
vacancy_O3,O3 vacancy,octahedral,2,13;9,5.35951765,14.4992,9.139682350000001,0.03875,0.3156,0.0387
vacancy_O3,O3 vacancy,octahedral,2,13;9,5.35951765,14.5162,9.15668235,0.035250000000000004,0.29975,0.036699999999999997
vacancy_O3,O3 vacancy,octahedral,2,13;9,5.35951765,14.5333,9.17378235,0.03225,0.28554999999999997,0.03465
vacancy_O3,O3 vacancy,octahedral,2,13;9,5.35951765,14.5503,9.19078235,0.02965,0.27395,0.033
vacancy_O3,O3 vacancy,octahedral,2,13;9,5.35951765,14.5674,9.207882349999998,0.027700000000000002,0.2656,0.03155
vacancy_O3,O3 vacancy,octahedral,2,13;9,5.35951765,14.5844,9.224882350000001,0.0263,0.26105,0.03055
vacancy_O3,O3 vacancy,octahedral,2,13;9,5.35951765,14.6015,9.24198235,0.025500000000000002,0.25985,0.03005
vacancy_O3,O3 vacancy,octahedral,2,13;9,5.35951765,14.6185,9.25898235,0.0251,0.26144999999999996,0.029949999999999997
vacancy_O3,O3 vacancy,octahedral,2,13;9,5.35951765,14.6356,9.27608235,0.025050000000000003,0.26505,0.030149999999999996
vacancy_O3,O3 vacancy,octahedral,2,13;9,5.35951765,14.6526,9.293082349999999,0.02525,0.26975,0.03055
vacancy_O3,O3 vacancy,octahedral,2,13;9,5.35951765,14.6697,9.310182350000002,0.025599999999999998,0.27449999999999997,0.031100000000000003
vacancy_O3,O3 vacancy,octahedral,2,13;9,5.35951765,14.6867,9.327182350000001,0.02595,0.2784,0.0317
vacancy_O3,O3 vacancy,octahedral,2,13;9,5.35951765,14.7038,9.34428235,0.026250000000000002,0.28085,0.0324
vacancy_O3,O3 vacancy,octahedral,2,13;9,5.35951765,14.7208,9.36128235,0.0264,0.2815,0.033049999999999996
vacancy_O3,O3 vacancy,octahedral,2,13;9,5.35951765,14.7379,9.378382349999999,0.02645,0.28005,0.03375
vacancy_O3,O3 vacancy,octahedral,2,13;9,5.35951765,14.7549,9.395382349999998,0.0263,0.27640000000000003,0.034350000000000006
vacancy_O3,O3 vacancy,octahedral,2,13;9,5.35951765,14.772,9.412482350000001,0.02605,0.271,0.035
vacancy_O3,O3 vacancy,octahedral,2,13;9,5.35951765,14.789,9.42948235,0.025750000000000002,0.26415,0.035750000000000004
vacancy_O3,O3 vacancy,octahedral,2,13;9,5.35951765,14.8061,9.44658235,0.02555,0.2564,0.036449999999999996
vacancy_O3,O3 vacancy,octahedral,2,13;9,5.35951765,14.8231,9.46358235,0.02545,0.2487,0.037099999999999994
vacancy_O3,O3 vacancy,octahedral,2,13;9,5.35951765,14.8402,9.480682349999999,0.0256,0.24160000000000004,0.03795
vacancy_O3,O3 vacancy,octahedral,2,13;9,5.35951765,14.8572,9.497682350000002,0.026000000000000002,0.23625000000000002,0.0388
vacancy_O3,O3 vacancy,octahedral,2,13;9,5.35951765,14.8743,9.51478235,0.02685,0.2333,0.03985
vacancy_O3,O3 vacancy,octahedral,2,13;9,5.35951765,14.8913,9.53178235,0.02795,0.23335,0.04095
vacancy_O3,O3 vacancy,octahedral,2,13;9,5.35951765,14.9084,9.54888235,0.029400000000000003,0.23675,0.042050000000000004
vacancy_O3,O3 vacancy,octahedral,2,13;9,5.35951765,14.9254,9.565882349999999,0.03105,0.24355,0.043199999999999995
vacancy_O3,O3 vacancy,octahedral,2,13;9,5.35951765,14.9425,9.582982350000002,0.0327,0.25295,0.04425
vacancy_O3,O3 vacancy,octahedral,2,13;9,5.35951765,14.9595,9.599982350000001,0.03425,0.26435,0.0451
vacancy_O3,O3 vacancy,octahedral,2,13;9,5.35951765,14.9766,9.61708235,0.0354,0.27665,0.0456
vacancy_O3,O3 vacancy,octahedral,2,13;9,5.35951765,14.9937,9.63418235,0.03605,0.2887,0.04585
vacancy_O3,O3 vacancy,octahedral,2,13;9,5.35951765,15.0107,9.65118235,0.036000000000000004,0.29969999999999997,0.0458
vacancy_O3,O3 vacancy,octahedral,2,13;9,5.35951765,15.0278,9.668282349999998,0.0354,0.30915000000000004,0.0454
vacancy_O3,O3 vacancy,octahedral,2,13;9,5.35951765,15.0448,9.685282350000001,0.03425,0.3166,0.0448
vacancy_O3,O3 vacancy,octahedral,2,13;9,5.35951765,15.0619,9.70238235,0.032799999999999996,0.32235,0.04435
vacancy_O3,O3 vacancy,octahedral,2,13;9,5.35951765,15.0789,9.71938235,0.0311,0.3267,0.04375
vacancy_O3,O3 vacancy,octahedral,2,13;9,5.35951765,15.096,9.73648235,0.02935,0.32985000000000003,0.04355
vacancy_O3,O3 vacancy,octahedral,2,13;9,5.35951765,15.113,9.753482349999999,0.027700000000000002,0.33190000000000003,0.043449999999999996
vacancy_O3,O3 vacancy,octahedral,2,13;9,5.35951765,15.1301,9.770582350000002,0.0262,0.33275,0.04355
vacancy_O3,O3 vacancy,octahedral,2,13;9,5.35951765,15.1471,9.787582350000001,0.024800000000000003,0.33204999999999996,0.04375
vacancy_O3,O3 vacancy,octahedral,2,13;9,5.35951765,15.1642,9.80468235,0.02355,0.3296,0.0438
vacancy_O3,O3 vacancy,octahedral,2,13;9,5.35951765,15.1812,9.82168235,0.02245,0.3251,0.0437
vacancy_O3,O3 vacancy,octahedral,2,13;9,5.35951765,15.1983,9.838782349999999,0.021400000000000002,0.31855,0.043300000000000005
vacancy_O3,O3 vacancy,octahedral,2,13;9,5.35951765,15.2153,9.855782349999998,0.0204,0.31020000000000003,0.0426
vacancy_O3,O3 vacancy,octahedral,2,13;9,5.35951765,15.2324,9.872882350000001,0.0195,0.3005,0.04175
vacancy_O3,O3 vacancy,octahedral,2,13;9,5.35951765,15.2494,9.88988235,0.01875,0.2901,0.0406
vacancy_O3,O3 vacancy,octahedral,2,13;9,5.35951765,15.2665,9.90698235,0.01805,0.27955,0.039150000000000004
vacancy_O3,O3 vacancy,octahedral,2,13;9,5.35951765,15.2835,9.92398235,0.01745,0.26949999999999996,0.0377
vacancy_O3,O3 vacancy,octahedral,2,13;9,5.35951765,15.3006,9.941082349999999,0.017050000000000003,0.26,0.0363
vacancy_O3,O3 vacancy,octahedral,2,13;9,5.35951765,15.3176,9.958082350000002,0.0167,0.25165,0.0349
vacancy_O3,O3 vacancy,octahedral,2,13;9,5.35951765,15.3347,9.97518235,0.01645,0.2444,0.03365
vacancy_O3,O3 vacancy,octahedral,2,13;9,5.35951765,15.3517,9.99218235,0.01625,0.23809999999999998,0.0325
vacancy_O3,O3 vacancy,octahedral,2,13;9,5.35951765,15.3688,10.00928235,0.016050000000000002,0.2326,0.03155
vacancy_O3,O3 vacancy,octahedral,2,13;9,5.35951765,15.3858,10.026282349999999,0.0159,0.22785,0.0307
vacancy_O3,O3 vacancy,octahedral,2,13;9,5.35951765,15.4029,10.043382350000002,0.01575,0.2233,0.03
vacancy_O3,O3 vacancy,octahedral,2,13;9,5.35951765,15.4199,10.060382350000001,0.015600000000000001,0.21875,0.02935
vacancy_O3,O3 vacancy,octahedral,2,13;9,5.35951765,15.437,10.07748235,0.0154,0.2135,0.028900000000000002
vacancy_O3,O3 vacancy,octahedral,2,13;9,5.35951765,15.454,10.09448235,0.015099999999999999,0.20729999999999998,0.02825
vacancy_O3,O3 vacancy,octahedral,2,13;9,5.35951765,15.4711,10.111582349999999,0.0149,0.19985000000000003,0.0277
vacancy_O3,O3 vacancy,octahedral,2,13;9,5.35951765,15.4881,10.128582349999999,0.0146,0.19135,0.0271
vacancy_O3,O3 vacancy,octahedral,2,13;9,5.35951765,15.5052,10.145682350000001,0.01435,0.182,0.026550000000000004
vacancy_O3,O3 vacancy,octahedral,2,13;9,5.35951765,15.5223,10.16278235,0.0141,0.1722,0.0259
vacancy_O3,O3 vacancy,octahedral,2,13;9,5.35951765,15.5393,10.17978235,0.01385,0.16265000000000002,0.02525
vacancy_O3,O3 vacancy,octahedral,2,13;9,5.35951765,15.5564,10.19688235,0.013649999999999999,0.15355000000000002,0.0247
vacancy_O3,O3 vacancy,octahedral,2,13;9,5.35951765,15.5734,10.213882349999999,0.0133,0.14505,0.02395
vacancy_O3,O3 vacancy,octahedral,2,13;9,5.35951765,15.5905,10.230982350000001,0.01295,0.13705,0.02315
vacancy_O3,O3 vacancy,octahedral,2,13;9,5.35951765,15.6075,10.247982350000001,0.0124,0.12905,0.0222
vacancy_O3,O3 vacancy,octahedral,2,13;9,5.35951765,15.6246,10.26508235,0.0116,0.1207,0.02115
vacancy_O3,O3 vacancy,octahedral,2,13;9,5.35951765,15.6416,10.28208235,0.01075,0.11175,0.01965
vacancy_O3,O3 vacancy,octahedral,2,13;9,5.35951765,15.6587,10.299182349999999,0.009649999999999999,0.10205,0.0182
vacancy_O3,O3 vacancy,octahedral,2,13;9,5.35951765,15.6757,10.316182350000002,0.0085,0.09175,0.01635
vacancy_O3,O3 vacancy,octahedral,2,13;9,5.35951765,15.6928,10.333282350000001,0.0072499999999999995,0.0812,0.014649999999999998
vacancy_O3,O3 vacancy,octahedral,2,13;9,5.35951765,15.7098,10.35028235,0.00615,0.0709,0.012799999999999999
vacancy_O3,O3 vacancy,octahedral,2,13;9,5.35951765,15.7269,10.36738235,0.00515,0.06130000000000001,0.011099999999999999
vacancy_O3,O3 vacancy,octahedral,2,13;9,5.35951765,15.7439,10.38438235,0.00425,0.05265,0.00955
vacancy_O3,O3 vacancy,octahedral,2,13;9,5.35951765,15.761,10.401482349999998,0.0036,0.045200000000000004,0.00815
vacancy_O3,O3 vacancy,octahedral,2,13;9,5.35951765,15.778,10.418482350000001,0.003,0.03895,0.006900000000000001
vacancy_O3,O3 vacancy,octahedral,2,13;9,5.35951765,15.7951,10.43558235,0.0026,0.03375,0.005899999999999999
vacancy_O3,O3 vacancy,octahedral,2,13;9,5.35951765,15.8121,10.45258235,0.00225,0.0293,0.0052
vacancy_O3,O3 vacancy,octahedral,2,13;9,5.35951765,15.8292,10.46968235,0.00195,0.025500000000000002,0.0046
vacancy_O3,O3 vacancy,octahedral,2,13;9,5.35951765,15.8462,10.486682349999999,0.00165,0.02215,0.00395
vacancy_O3,O3 vacancy,octahedral,2,13;9,5.35951765,15.8633,10.503782350000002,0.0014,0.01885,0.0034000000000000002
vacancy_O3,O3 vacancy,octahedral,2,13;9,5.35951765,15.8803,10.520782350000001,0.00115,0.0158,0.00295
vacancy_O3,O3 vacancy,octahedral,2,13;9,5.35951765,15.8974,10.53788235,0.0009499999999999999,0.012849999999999999,0.0025
vacancy_O3,O3 vacancy,octahedral,2,13;9,5.35951765,15.9144,10.55488235,0.0007,0.01015,0.002
vacancy_O3,O3 vacancy,octahedral,2,13;9,5.35951765,15.9315,10.571982349999999,0.00055,0.00775,0.0015
vacancy_O3,O3 vacancy,octahedral,2,13;9,5.35951765,15.9485,10.588982349999998,0.00039999999999999996,0.0056500000000000005,0.001
vacancy_O3,O3 vacancy,octahedral,2,13;9,5.35951765,15.9656,10.606082350000001,0.00025,0.004,0.0008500000000000001
vacancy_O3,O3 vacancy,octahedral,2,13;9,5.35951765,15.9826,10.62308235,0.00019999999999999998,0.0027500000000000003,0.0006000000000000001
vacancy_O3,O3 vacancy,octahedral,2,13;9,5.35951765,15.9997,10.64018235,0.00015000000000000001,0.0018,0.00030000000000000003
vacancy_O3,O3 vacancy,octahedral,2,13;9,5.35951765,16.0167,10.65718235,5e-05,0.0010500000000000002,0.0002
vacancy_O3,O3 vacancy,octahedral,2,13;9,5.35951765,16.0338,10.674282349999999,5e-05,0.0006000000000000001,0.0001
vacancy_O3,O3 vacancy,octahedral,2,13;9,5.35951765,16.0508,10.691282349999998,0.0,0.00035,0.0
vacancy_O3,O3 vacancy,octahedral,2,13;9,5.35951765,16.0679,10.70838235,0.0,0.00015000000000000001,0.0
vacancy_O3,O3 vacancy,octahedral,2,13;9,5.35951765,16.085,10.72548235,0.0,5e-05,0.0
vacancy_O3,O3 vacancy,octahedral,2,13;9,5.35951765,16.102,10.74248235,0.0,0.0,0.0
vacancy_O3,O3 vacancy,octahedral,2,13;9,5.35951765,16.1191,10.759582349999999,0.0,0.0,0.0
vacancy_O3,O3 vacancy,octahedral,2,13;9,5.35951765,16.1361,10.776582349999998,0.0,0.0,0.0
vacancy_O3,O3 vacancy,octahedral,2,13;9,5.35951765,16.1532,10.793682349999997,0.0,0.0,0.0
vacancy_O3,O3 vacancy,octahedral,2,13;9,5.35951765,16.1702,10.81068235,0.0,0.0,0.0
vacancy_O3,O3 vacancy,octahedral,2,13;9,5.35951765,16.1873,10.82778235,0.0,0.0,0.0
vacancy_O3,O3 vacancy,octahedral,2,13;9,5.35951765,16.2043,10.84478235,0.0,0.0,0.0
vacancy_O3,O3 vacancy,octahedral,2,13;9,5.35951765,16.2214,10.861882349999998,0.0,0.0,0.0
vacancy_O3,O3 vacancy,octahedral,2,13;9,5.35951765,16.2384,10.878882349999998,0.0,0.0,0.0
vacancy_O3,O3 vacancy,octahedral,2,13;9,5.35951765,16.2555,10.89598235,0.0,0.0,0.0
vacancy_O3,O3 vacancy,octahedral,2,13;9,5.35951765,16.2725,10.91298235,0.0,0.0,0.0
vacancy_O3,O3 vacancy,octahedral,2,13;9,5.35951765,16.2896,10.93008235,0.0,0.0,0.0
vacancy_O3,O3 vacancy,octahedral,2,13;9,5.35951765,16.3066,10.947082349999999,0.0,0.0,0.0
vacancy_O3,O3 vacancy,octahedral,2,13;9,5.35951765,16.3237,10.964182349999998,0.0,0.0,0.0
vacancy_O3,O3 vacancy,octahedral,2,13;9,5.35951765,16.3407,10.981182349999997,0.0,0.0,0.0
vacancy_O3,O3 vacancy,octahedral,2,13;9,5.35951765,16.3578,10.99828235,0.0,0.0,0.0
vacancy_O3,O3 vacancy,octahedral,2,13;9,5.35951765,16.3748,11.01528235,0.0,0.0,0.0
vacancy_O3,O3 vacancy,octahedral,2,13;9,5.35951765,16.3919,11.032382349999999,0.0,0.0,0.0
vacancy_O3,O3 vacancy,octahedral,2,13;9,5.35951765,16.4089,11.049382349999998,0.0,0.0,0.0
vacancy_O3,O3 vacancy,octahedral,2,13;9,5.35951765,16.426,11.066482349999998,0.0,0.0,0.0
vacancy_O3,O3 vacancy,octahedral,2,13;9,5.35951765,16.443,11.08348235,0.0,0.0,0.0
vacancy_O3,O3 vacancy,octahedral,2,13;9,5.35951765,16.4601,11.10058235,0.0,0.0,0.0
vacancy_O3,O3 vacancy,octahedral,2,13;9,5.35951765,16.4771,11.11758235,0.0,0.0,0.0
vacancy_O3,O3 vacancy,octahedral,2,13;9,5.35951765,16.4942,11.134682349999999,0.0,0.0,0.0
vacancy_O3,O3 vacancy,octahedral,2,13;9,5.35951765,16.5112,11.151682349999998,0.0,0.0,0.0
vacancy_O3,O3 vacancy,octahedral,2,13;9,5.35951765,16.5283,11.16878235,0.0,0.0,0.0
vacancy_O3,O3 vacancy,octahedral,2,13;9,5.35951765,16.5453,11.18578235,0.0,0.0,0.0
vacancy_O3,O3 vacancy,octahedral,2,13;9,5.35951765,16.5624,11.20288235,0.0,0.0,0.0
vacancy_O3,O3 vacancy,octahedral,2,13;9,5.35951765,16.5794,11.219882349999999,0.0,0.0,0.0
vacancy_O3,O3 vacancy,octahedral,2,13;9,5.35951765,16.5965,11.236982349999998,0.0,0.0,0.0
vacancy_O3,O3 vacancy,octahedral,2,13;9,5.35951765,16.6136,11.254082350000001,0.0,0.0,0.0
vacancy_O3,O3 vacancy,octahedral,2,13;9,5.35951765,16.6306,11.27108235,0.0,0.0,0.0
vacancy_O3,O3 vacancy,octahedral,2,13;9,5.35951765,16.6477,11.28818235,0.0,0.0,0.0
vacancy_O3,O3 vacancy,octahedral,2,13;9,5.35951765,16.6647,11.305182349999999,0.0,0.0,0.0
vacancy_O3,O3 vacancy,octahedral,2,13;9,5.35951765,16.6818,11.322282349999998,0.0,0.0,0.0
vacancy_O3,O3 vacancy,octahedral,2,13;9,5.35951765,16.6988,11.339282349999998,0.0,0.0,0.0
vacancy_O3,O3 vacancy,octahedral,2,13;9,5.35951765,16.7159,11.35638235,0.0,0.0,0.0
vacancy_O3,O3 vacancy,octahedral,2,13;9,5.35951765,16.7329,11.37338235,0.0,0.0,0.0
vacancy_O3,O3 vacancy,octahedral,2,13;9,5.35951765,16.75,11.39048235,0.0,0.0,0.0
vacancy_O3,O3 vacancy,octahedral,2,13;9,5.35951765,16.767,11.407482349999999,0.0,0.0,0.0
vacancy_O3,O3 vacancy,octahedral,2,13;9,5.35951765,16.7841,11.424582349999998,0.0,0.0,0.0
vacancy_O3,O3 vacancy,octahedral,2,13;9,5.35951765,16.8011,11.441582350000001,0.0,0.0,0.0
vacancy_O3,O3 vacancy,octahedral,2,13;9,5.35951765,16.8182,11.45868235,0.0,0.0,0.0
vacancy_O3,O3 vacancy,octahedral,2,13;9,5.35951765,16.8352,11.47568235,0.0,0.0,0.0
vacancy_O3,O3 vacancy,octahedral,2,13;9,5.35951765,16.8523,11.492782349999999,0.0,0.0,0.0
vacancy_O3,O3 vacancy,octahedral,2,13;9,5.35951765,16.8693,11.509782349999998,0.0,0.0,0.0
vacancy_O3,O3 vacancy,octahedral,2,13;9,5.35951765,16.8864,11.526882349999998,0.0,0.0,0.0
vacancy_O3,O3 vacancy,octahedral,2,13;9,5.35951765,16.9034,11.54388235,0.0,0.0,0.0
vacancy_O3,O3 vacancy,octahedral,2,13;9,5.35951765,16.9205,11.56098235,0.0,0.0,0.0
vacancy_O3,O3 vacancy,octahedral,2,13;9,5.35951765,16.9375,11.57798235,0.0,0.0,0.0
vacancy_O3,O3 vacancy,octahedral,2,13;9,5.35951765,16.9546,11.595082349999998,0.0,0.0,0.0
vacancy_O3,O3 vacancy,octahedral,2,13;9,5.35951765,16.9716,11.612082349999998,0.0,0.0,0.0
vacancy_O3,O3 vacancy,octahedral,2,13;9,5.35951765,16.9887,11.62918235,0.0,0.0,0.0
vacancy_O3,O3 vacancy,octahedral,2,13;9,5.35951765,17.0057,11.64618235,0.0,0.0,0.0
vacancy_O3,O3 vacancy,octahedral,2,13;9,5.35951765,17.0228,11.66328235,0.0,0.0,0.0
vacancy_O3,O3 vacancy,octahedral,2,13;9,5.35951765,17.0398,11.680282349999999,0.0,0.0,0.0
vacancy_O3,O3 vacancy,octahedral,2,13;9,5.35951765,17.0569,11.697382349999998,0.0,0.0,0.0
vacancy_O3,O3 vacancy,octahedral,2,13;9,5.35951765,17.0739,11.714382349999998,0.0,0.0,0.0
vacancy_O3,O3 vacancy,octahedral,2,13;9,5.35951765,17.091,11.73148235,0.0,0.0,0.0
vacancy_O3,O3 vacancy,octahedral,2,13;9,5.35951765,17.108,11.74848235,0.0,0.0,0.0
vacancy_O3,O3 vacancy,octahedral,2,13;9,5.35951765,17.1251,11.765582349999999,0.0,0.0,0.0
vacancy_O3,O3 vacancy,octahedral,2,13;9,5.35951765,17.1421,11.782582349999998,0.0,0.0,0.0
vacancy_O3,O3 vacancy,octahedral,2,13;9,5.35951765,17.1592,11.799682349999998,0.0,0.0,0.0
vacancy_O3,O3 vacancy,octahedral,2,13;9,5.35951765,17.1763,11.81678235,0.0,0.0,0.0
vacancy_O3,O3 vacancy,octahedral,2,13;9,5.35951765,17.1933,11.83378235,0.0,0.0,0.0
vacancy_O3,O3 vacancy,octahedral,2,13;9,5.35951765,17.2104,11.85088235,0.0,0.0,0.0
vacancy_O3,O3 vacancy,octahedral,2,13;9,5.35951765,17.2274,11.867882349999999,0.0,0.0,0.0
vacancy_O3,O3 vacancy,octahedral,2,13;9,5.35951765,17.2445,11.884982349999998,0.0,0.0,0.0
vacancy_O3,O3 vacancy,octahedral,2,13;9,5.35951765,17.2615,11.90198235,0.0,0.0,0.0
vacancy_O3,O3 vacancy,octahedral,2,13;9,5.35951765,17.2786,11.91908235,0.0,0.0,0.0
vacancy_O3,O3 vacancy,octahedral,2,13;9,5.35951765,17.2956,11.93608235,0.0,0.0,0.0
vacancy_O3,O3 vacancy,octahedral,2,13;9,5.35951765,17.3127,11.953182349999999,0.0,0.0,0.0
vacancy_O3,O3 vacancy,octahedral,2,13;9,5.35951765,17.3297,11.970182349999998,0.0,0.0,0.0
vacancy_O3,O3 vacancy,octahedral,2,13;9,5.35951765,17.3468,11.987282350000001,0.0,0.0,0.0
vacancy_O3,O3 vacancy,octahedral,2,13;9,5.35951765,17.3638,12.00428235,0.0,0.0,0.0
vacancy_O3,O3 vacancy,octahedral,2,13;9,5.35951765,17.3809,12.02138235,0.0,0.0,0.0
vacancy_O3,O3 vacancy,octahedral,2,13;9,5.35951765,17.3979,12.03838235,0.0,0.0,0.0
vacancy_O3,O3 vacancy,octahedral,2,13;9,5.35951765,17.415,12.055482349999998,0.0,0.0,0.0
vacancy_O3,O3 vacancy,octahedral,2,13;9,5.35951765,17.432,12.072482349999998,0.0,0.0,0.0
